track_id,zip_path,title,artist,genre
2,fma_small/000/000002.mp3,Food,AWOL,Hip-Hop
5,fma_small/000/000005.mp3,This World,AWOL,Hip-Hop
10,fma_small/000/000010.mp3,Freeway,Kurt Vile,Pop
140,fma_small/000/000140.mp3,Queen Of The Wires,Alec K. Redfearn & the Eyesores,Folk
141,fma_small/000/000141.mp3,Ohio,Alec K. Redfearn & the Eyesores,Folk
148,fma_small/000/000148.mp3,Blackout 2,Contradiction,Experimental
182,fma_small/000/000182.mp3,Jules Lost His Jewels,Ariel Pink's Haunted Graffiti,Rock
190,fma_small/000/000190.mp3,Castle Of Stars,Ed Askew,Folk
193,fma_small/000/000193.mp3,Here With You,Ed Askew,Folk
194,fma_small/000/000194.mp3,All I want to Do,Ed Askew,Folk
197,fma_small/000/000197.mp3,Piano 2,Ed Askew,Folk
200,fma_small/000/000200.mp3,Baby Come Home,Ed Askew,Folk
203,fma_small/000/000203.mp3,Song For R,Ed Askew,Folk
204,fma_small/000/000204.mp3,My Dream,Ed Askew,Folk
207,fma_small/000/000207.mp3,Piano 3,Ed Askew,Folk
210,fma_small/000/000210.mp3,In the French Court,Ed Askew,Folk
211,fma_small/000/000211.mp3,In America,Ed Askew,Folk
212,fma_small/000/000212.mp3,When I Arive,Ed Askew,Folk
213,fma_small/000/000213.mp3,Boute,Au,Pop
255,fma_small/000/000255.mp3,We Want to be Old,Bird Names,Rock
256,fma_small/000/000256.mp3,Toggle,Black Elk,Rock
368,fma_small/000/000368.mp3,Vampires,Blah Blah Blah,Rock
424,fma_small/000/000424.mp3,The Ambient Honky,Brian Joseph Davis,Experimental
459,fma_small/000/000459.mp3,Machines and Muscles,CAVE,Rock
534,fma_small/000/000534.mp3,I Can See You,Charles Manson,Folk
540,fma_small/000/000540.mp3,The Black Pirate,Charles Manson,Folk
546,fma_small/000/000546.mp3,If You Have No One,Charles Manson,Folk
574,fma_small/000/000574.mp3,Caliente Queen,Clockcleaner,Rock
602,fma_small/000/000602.mp3,Disappearing,Dora Bleu,Folk
615,fma_small/000/000615.mp3,"Immaterial, side A",EKG,Experimental
620,fma_small/000/000620.mp3,Arabesque,Ed Askew,Folk
621,fma_small/000/000621.mp3,Blue Eyed Baby,Ed Askew,Folk
625,fma_small/000/000625.mp3,Climbing To The Top,Ed Askew,Folk
666,fma_small/000/000666.mp3,Heat,Explode Into Colors,International
667,fma_small/000/000667.mp3,Sharpen The Knife,Explode Into Colors,International
676,fma_small/000/000676.mp3,The Tension,Fanatic,Hip-Hop
690,fma_small/000/000690.mp3,Cataclysm,Flying Luttenbachers,Rock
694,fma_small/000/000694.mp3,Planet Say (featuring Faust),Food For Animals,Hip-Hop
695,fma_small/000/000695.mp3,Elephants,Food For Animals,Hip-Hop
704,fma_small/000/000704.mp3,Mano De Dios,Fósforo,International
705,fma_small/000/000705.mp3,Tio Cocodrilo,Fósforo,International
706,fma_small/000/000706.mp3,Esto Es Califas,Fósforo,International
707,fma_small/000/000707.mp3,Cochabamba,Fósforo,International
708,fma_small/000/000708.mp3,Desconocido,Fósforo,International
709,fma_small/000/000709.mp3,Cumbia De Obama,Fósforo,International
714,fma_small/000/000714.mp3,Circle Moon,Fursaxa,Folk
715,fma_small/000/000715.mp3,Kokopelli,Fursaxa,Folk
716,fma_small/000/000716.mp3,Saxalainen,Fursaxa,Folk
718,fma_small/000/000718.mp3,Song Of The Spindle Berry,Fursaxa,Folk
777,fma_small/000/000777.mp3,Relaxing,Glove Compartment,Rock
814,fma_small/000/000814.mp3,Motion Passings,Hall Of Fame,Folk
821,fma_small/000/000821.mp3,Sir,Hecuba,Pop
822,fma_small/000/000822.mp3,Tom & Jerry,Hecuba,Pop
825,fma_small/000/000825.mp3,Death March,Here Comes A Big Black Cloud!!,Rock
853,fma_small/000/000853.mp3,Welsinsni Melodyi,Hutzl Ukranian Ensemble,International
890,fma_small/000/000890.mp3,Softly Tomorrow,Ilyas Ahmed,Folk
892,fma_small/000/000892.mp3,Phantom Sky,Ilyas Ahmed,Folk
897,fma_small/000/000897.mp3,02,Infinite Body,Experimental
993,fma_small/000/000993.mp3,Or So I've Been Told,Jad Fair and Jason Willett,Rock
995,fma_small/000/000995.mp3,No Good Deed Goes Unpunished,Kevin Shields,Experimental
997,fma_small/000/000997.mp3,Nothing's Ever Ending,Kevin Shields,Experimental
998,fma_small/000/000998.mp3,Apparently,Kevin Shields,Experimental
1039,fma_small/001/001039.mp3,13 Monsters,Lightning Bolt,Rock
1040,fma_small/001/001040.mp3,Dracula Mountain,Lightning Bolt,Rock
1066,fma_small/001/001066.mp3,Helicopter de Cristal,Lucky Dragons,Experimental
1069,fma_small/001/001069.mp3,Un Lagrima en la Discoteca,Lucky Dragons,Experimental
1073,fma_small/001/001073.mp3,Onda Tocadisco,Lucky Dragons,Experimental
1075,fma_small/001/001075.mp3,Painful Corazon,Lucky Dragons,Experimental
1082,fma_small/001/001082.mp3,Nam Nhi-tu,M. Nguyen Van Minh-Con,International
1083,fma_small/001/001083.mp3,Feasting on Energy,Magic Lantern,Experimental
1087,fma_small/001/001087.mp3,Tell The Police The Truth,Mahjongg,Rock
1102,fma_small/001/001102.mp3,Rare Vodka from the Fourteenth Century,Mary Halvorson and Weasel Walter,Rock
1193,fma_small/001/001193.mp3,Wooly Mammoth's Absence,Mount Eerie,Folk
1195,fma_small/001/001195.mp3,With My Hands Out,Mount Eerie,Folk
1196,fma_small/001/001196.mp3,2 Blonde Braids,Mount Eerie,Folk
1197,fma_small/001/001197.mp3,My Burning,Mount Eerie,Folk
1249,fma_small/001/001249.mp3,"""Cleanse Bath"" 10"" Metal Laquer",Nautical Almanac,Experimental
1259,fma_small/001/001259.mp3,Rolling In The Green,Nautical Almanac,Experimental
1270,fma_small/001/001270.mp3,Cocksuckerbastardmotherfucker,Necropolis,Rock
1276,fma_small/001/001276.mp3,Richard Nixon Died Today,Negativland,Experimental
1277,fma_small/001/001277.mp3,No Business,Negativland,Experimental
1278,fma_small/001/001278.mp3,Downloading,Negativland,Experimental
1417,fma_small/001/001417.mp3,Guns of Thunder,Pierced Arrows,Rock
1427,fma_small/001/001427.mp3,I Feel Evils,Plastic Crimewave Sound,Rock
1443,fma_small/001/001443.mp3,Time Fist,Pocahaunted,Experimental
1482,fma_small/001/001482.mp3,Reindeer Dance,Rainbro,Electronic
1510,fma_small/001/001510.mp3,Zombie,Ric Royer &amp; G. Lucas Crane,Experimental
1544,fma_small/001/001544.mp3,Song of The Stations,Samara Lubelski,Folk
1642,fma_small/001/001642.mp3,Hrz,So Cow,Pop
1644,fma_small/001/001644.mp3,Outskirts,So Cow,Pop
1649,fma_small/001/001649.mp3,Inis Meain,So Cow,Pop
1661,fma_small/001/001661.mp3,Only Fools and Horses Theme,So Cow,Pop
1663,fma_small/001/001663.mp3,So High,Softboiled Eggies,Pop
1666,fma_small/001/001666.mp3,She Fell Through the Trees,Softboiled Eggies,Pop
1673,fma_small/001/001673.mp3,Track 07,Solemn Man,Experimental
1680,fma_small/001/001680.mp3,Bashraf Salama,The Sounds of Taraab,International
1681,fma_small/001/001681.mp3,Daka Kozi Manowe,The Sounds of Taraab,International
1682,fma_small/001/001682.mp3,Nie Zama Nie Sema,The Sounds of Taraab,International
1683,fma_small/001/001683.mp3,Mapenzi Matamu,The Sounds of Taraab,International
1684,fma_small/001/001684.mp3,Mahaba Wa Taka Nini,The Sounds of Taraab,International
1685,fma_small/001/001685.mp3,Eni Wana Damu,The Sounds of Taraab,International
1686,fma_small/001/001686.mp3,Rufiji,The Sounds of Taraab,International
1687,fma_small/001/001687.mp3,"Lala, Mpenzi Lala",The Sounds of Taraab,International
1688,fma_small/001/001688.mp3,Sishituki,The Sounds of Taraab,International
1689,fma_small/001/001689.mp3,Unalo,The Sounds of Taraab,International
1701,fma_small/001/001701.mp3,Clouds,Spires That in the Sunset Rise,Folk
1702,fma_small/001/001702.mp3,Java Pop,Spires That in the Sunset Rise,Folk
1703,fma_small/001/001703.mp3,Equus Haar,Spires That in the Sunset Rise,Folk
1704,fma_small/001/001704.mp3,Morning Song,Spires That in the Sunset Rise,Folk
1706,fma_small/001/001706.mp3,In the Pineys,Strapping Fieldhands,Rock
1720,fma_small/001/001720.mp3,Harken Sunshine,Sun Araw,Rock
1732,fma_small/001/001732.mp3,Black Jerusalem,Teeth Mountain,Experimental
1733,fma_small/001/001733.mp3,Keinsein,Teeth Mountain,Experimental
1735,fma_small/001/001735.mp3,Ghost Science,Teeth Mountain,Experimental
1736,fma_small/001/001736.mp3,Soft Beast,Teeth Mountain,Experimental
1883,fma_small/001/001883.mp3,I Do What I Do,The Yolks,Rock
1891,fma_small/001/001891.mp3,Kids In Cars,Thee Oh Sees,Rock
1893,fma_small/001/001893.mp3,Memories,Tommy Jay,Folk
1924,fma_small/001/001924.mp3,Calling For You,The Twin Atlas,Folk
1925,fma_small/001/001925.mp3,Happy At The Wheel,The Twin Atlas,Folk
1929,fma_small/001/001929.mp3,Buzz Chant,U.S. Girls,Experimental
1930,fma_small/001/001930.mp3,So Thereby...and furthermore...thus henceforth...Mono,Upsilon Acrux,Rock
2012,fma_small/002/002012.mp3,The White Mice,White Mice,Experimental
2096,fma_small/002/002096.mp3,title unknown,Grouper,Experimental
2097,fma_small/002/002097.mp3,My Sweet Miasma,Hall Of Fame,Folk
2099,fma_small/002/002099.mp3,....like bacon sundays,luc,Pop
3263,fma_small/003/003263.mp3,A Date,Ai Aso,Folk
3264,fma_small/003/003264.mp3,Tee Te Te,Ai Aso,Folk
3265,fma_small/003/003265.mp3,Lavender,Ai Aso,Folk
3266,fma_small/003/003266.mp3,Land,Ai Aso,Folk
3270,fma_small/003/003270.mp3,Song for Obol,Arborea,Folk
3271,fma_small/003/003271.mp3,Beirut,Arborea,Folk
3272,fma_small/003/003272.mp3,Seadrift,Arborea,Folk
3273,fma_small/003/003273.mp3,Redbird,Arborea,Folk
3274,fma_small/003/003274.mp3,Forewarned,Arborea,Folk
3492,fma_small/003/003492.mp3,On The Wings,Citay,Rock
3532,fma_small/003/003532.mp3,Heaven Is Human,Cryptacize,Pop
3533,fma_small/003/003533.mp3,New Spell,Cryptacize,Pop
3534,fma_small/003/003534.mp3,Cosmic Sing-a-long,Cryptacize,Pop
3535,fma_small/003/003535.mp3,No Coins,Cryptacize,Pop
3537,fma_small/003/003537.mp3,We'll Never Dream Again,Cryptacize,Pop
3538,fma_small/003/003538.mp3,Say You Will,Cryptacize,Pop
3573,fma_small/003/003573.mp3,Piggled,Dan Deacon,Electronic
3598,fma_small/003/003598.mp3,Little Eyes,Ed Askew,Folk
3624,fma_small/003/003624.mp3,Days of Summer,Fallen Leaves,Rock
3707,fma_small/003/003707.mp3,Stable the Spuds,Gary Higgins,Folk
3708,fma_small/003/003708.mp3,Thicker Than A Smokey,Gary Higgins,Folk
3720,fma_small/003/003720.mp3,Walking on the Water,Indian Jewelry,Rock
3721,fma_small/003/003721.mp3,Pow Wow,Indian Jewelry,Rock
3722,fma_small/003/003722.mp3,Swans,Indian Jewelry,Rock
3724,fma_small/003/003724.mp3,Temporary Famine Ship,Indian Jewelry,Rock
3725,fma_small/003/003725.mp3,West Alabama,Indian Jewelry,Rock
3761,fma_small/003/003761.mp3,Improv,Kinski,Rock
3762,fma_small/003/003762.mp3,Snowy Parts of Scandinavia,Kinski,Rock
3763,fma_small/003/003763.mp3,Shelley Winters Overdrive,Kinski,Rock
3765,fma_small/003/003765.mp3,Waves of Second Guessing,Kinski,Rock
3766,fma_small/003/003766.mp3,Rhode Island Freakout,Kinski,Rock
3775,fma_small/003/003775.mp3,Cumbia Infierno,La Troba Kung-Fu,International
3776,fma_small/003/003776.mp3,La Canco de Lladre,La Troba Kung-Fu,International
3777,fma_small/003/003777.mp3,Volant,La Troba Kung-Fu,International
3778,fma_small/003/003778.mp3,Calor Calor,La Troba Kung-Fu,International
3779,fma_small/003/003779.mp3,Rock Rumba,La Troba Kung-Fu,International
3832,fma_small/003/003832.mp3,Bedoin Song,Lior,Folk
3833,fma_small/003/003833.mp3,Track 01,Lightning Bolt,Rock
3840,fma_small/003/003840.mp3,Track 08,Lightning Bolt,Rock
3880,fma_small/003/003880.mp3,Crawling,Mary Halvorson and Jessica Pavone,Folk
3895,fma_small/003/003895.mp3,Invitita and de Cingheri from Transylvania,MetroFolk,International
3896,fma_small/003/003896.mp3,Gypsy Csardas and Men's Dances from Kalotaszeg,MetroFolk,International
3904,fma_small/003/003904.mp3,Sometimes,Michael Chapman,Folk
3905,fma_small/003/003905.mp3,Twisted Road,Michael Chapman,Folk
3906,fma_small/003/003906.mp3,Sometimes,Michael Chapman,Folk
3908,fma_small/003/003908.mp3,Caddo Lake,Michael Chapman,Folk
3909,fma_small/003/003909.mp3,Dewbury Road / That Time of Night,Michael Chapman,Folk
3910,fma_small/003/003910.mp3,Kodak Ghosts,Michael Chapman,Folk
3911,fma_small/003/003911.mp3,Dust Devils,Michael Chapman,Folk
3912,fma_small/003/003912.mp3,Fahey's Flag,Michael Chapman,Folk
3913,fma_small/003/003913.mp3,Memhpis in Winter,Michael Chapman,Folk
3920,fma_small/003/003920.mp3,Fragrant Rota,Michael Holt,Folk
3921,fma_small/003/003921.mp3,Hiawatha's Lullaby,Michael Holt,Folk
3950,fma_small/003/003950.mp3,Click Click Bang Bang,Miss Derringer,Rock
4013,fma_small/004/004013.mp3,Ravens,Nalle,Folk
4017,fma_small/004/004017.mp3,New Roots,Nalle,Folk
4022,fma_small/004/004022.mp3,Can't Tell No One,Negative Approach,Rock
4037,fma_small/004/004037.mp3,Oh! Mighty Engine,Neil Halstead,Folk
4066,fma_small/004/004066.mp3,Soleade,Peter Walker,Folk
4067,fma_small/004/004067.mp3,Por Rosa,Peter Walker,Folk
4068,fma_small/004/004068.mp3,Alegrias Variation,Peter Walker,Folk
4069,fma_small/004/004069.mp3,Tune on Karen Dalton's Guitar,Peter Walker,Folk
4070,fma_small/004/004070.mp3,Nuevos Ojos,Pistolera,International
4071,fma_small/004/004071.mp3,Mentirosas,Pistolera,International
4072,fma_small/004/004072.mp3,Tatuaje,Pistolera,International
4073,fma_small/004/004073.mp3,Policia,Pistolera,International
4074,fma_small/004/004074.mp3,Vieja,Pistolera,International
4075,fma_small/004/004075.mp3,Un Momento,Pistolera,International
4076,fma_small/004/004076.mp3,No te Olvidare,Pistolera,International
4077,fma_small/004/004077.mp3,Algo Pa que te Olvides,Pistolera,International
4078,fma_small/004/004078.mp3,No Suspires,Pistolera,International
4079,fma_small/004/004079.mp3,Extranjero,Pistolera,International
4080,fma_small/004/004080.mp3,Cazador,Pistolera,International
4091,fma_small/004/004091.mp3,1864,Polka Madre,International
4092,fma_small/004/004092.mp3,Nina Olga Vodka,Polka Madre,International
4093,fma_small/004/004093.mp3,Amsterdam,Polka Madre,International
4094,fma_small/004/004094.mp3,Vida Propia,Polka Madre,International
4095,fma_small/004/004095.mp3,Funeral Brahms,Polka Madre,International
4096,fma_small/004/004096.mp3,La Fin Du Monde,Polka Madre,International
4097,fma_small/004/004097.mp3,Clammy Hands,Polka Madre,International
4098,fma_small/004/004098.mp3,Russo Trap,Polka Madre,International
4099,fma_small/004/004099.mp3,Stalin's Head,Polka Madre,International
4100,fma_small/004/004100.mp3,Gitanas Mojadas,Polka Madre,International
4101,fma_small/004/004101.mp3,Karjalainen Tanssi,Polka Madre,International
4102,fma_small/004/004102.mp3,Herasinkuoleena,Polka Madre,International
4103,fma_small/004/004103.mp3,Circo Del Siglo,Polka Madre,International
4108,fma_small/004/004108.mp3,New Wave Hippies,Psychedelic Horseshit,Rock
4232,fma_small/004/004232.mp3,Bowmazan Ya Mahaba  Bi Kidude song ,The Sounds of Taraab,International
4233,fma_small/004/004233.mp3,Interview,The Sounds of Taraab,International
4234,fma_small/004/004234.mp3,Mapenzi Matamu,The Sounds of Taraab,International
4235,fma_small/004/004235.mp3,Kanilemaza  Ikhwani Safaa,The Sounds of Taraab,International
4236,fma_small/004/004236.mp3,Enyi Wana Damu  Sharmila and Black Star Orchestra,The Sounds of Taraab,International
4239,fma_small/004/004239.mp3,Shishituki,The Sounds of Taraab,International
4450,fma_small/004/004450.mp3,Adventures of Castle One,Twi the Humble Feather,Folk
4507,fma_small/004/004507.mp3,Mon Amant de St. Jean,Yan Yalego,International
4508,fma_small/004/004508.mp3,Five Foot Two,Yan Yalego,International
4509,fma_small/004/004509.mp3,Haricots,Yan Yalego,International
4510,fma_small/004/004510.mp3,no title,Yan Yalego,International
4511,fma_small/004/004511.mp3,Petit 'n Mwen,Yan Yalego,International
4519,fma_small/004/004519.mp3,Golden,High Places,Electronic
4520,fma_small/004/004520.mp3,From Stardust to Sentience,High Places,Electronic
4521,fma_small/004/004521.mp3,Namer,High Places,Electronic
4522,fma_small/004/004522.mp3,Oceanus,High Places,Electronic
4682,fma_small/004/004682.mp3,Asylum (Permanent Underclass),Dälek,Hip-Hop
4684,fma_small/004/004684.mp3,Eyes to Form Shadows,Dälek,Hip-Hop
4685,fma_small/004/004685.mp3,Ever Somber,Dälek,Hip-Hop
4688,fma_small/004/004688.mp3,Culture for Dollars,Dälek,Hip-Hop
4777,fma_small/004/004777.mp3,Firecracker,Half Japanese,Rock
4778,fma_small/004/004778.mp3,Too Much Fun,Half Japanese,Rock
4779,fma_small/004/004779.mp3,Secret Admirer,Half Japanese,Rock
4780,fma_small/004/004780.mp3,Too Much Adrenaline,Half Japanese,Rock
4781,fma_small/004/004781.mp3,No Big Deal,Half Japanese,Rock
4782,fma_small/004/004782.mp3,Thing With a Hook,Half Japanese,Rock
4784,fma_small/004/004784.mp3,Rosemary's Baby,Half Japanese,Rock
4785,fma_small/004/004785.mp3,I Know How It Feels...Bad,Half Japanese,Rock
4786,fma_small/004/004786.mp3,"1,000,000 Kisses",Half Japanese,Rock
4787,fma_small/004/004787.mp3,Nicole Told Me,Half Japanese,Rock
4788,fma_small/004/004788.mp3,Fire To Burn,Half Japanese,Rock
4799,fma_small/004/004799.mp3,I've Got a Love,Harvey Milk,Rock
4835,fma_small/004/004835.mp3,Steak,Peelander-Z,Rock
4836,fma_small/004/004836.mp3,Panda Punk Tongue,Peelander-Z,Rock
4838,fma_small/004/004838.mp3,Punk Rock,Peelander-Z,Rock
4846,fma_small/004/004846.mp3,Bistoon,Mamak Khadem,International
4848,fma_small/004/004848.mp3,(introduction),Mamak Khadem,International
4849,fma_small/004/004849.mp3,Avareh,Mamak Khadem,International
5006,fma_small/005/005006.mp3,"So Long, Silver Lining",New Bomb Turks,Rock
5156,fma_small/005/005156.mp3,Circles,Peter Biedermann,Folk
5157,fma_small/005/005157.mp3,Copenhagen,Peter Biedermann,Folk
5158,fma_small/005/005158.mp3,Running,Peter Biedermann,Folk
5159,fma_small/005/005159.mp3,Christiania,Peter Biedermann,Folk
5169,fma_small/005/005169.mp3,The Uncommon Man,Peter Biedermann,Folk
5170,fma_small/005/005170.mp3,Labyrinth,Peter Biedermann,Folk
5171,fma_small/005/005171.mp3,Cover Up,Peter Biedermann,Folk
5191,fma_small/005/005191.mp3,Say What You Feel,caUSE co-MOTION,Pop
5264,fma_small/005/005264.mp3,Classical Homicide,Dälek,Hip-Hop
5268,fma_small/005/005268.mp3,3 Rocks Blessed,Dälek,Hip-Hop
5376,fma_small/005/005376.mp3,The Clouds,Mary Halvorson and Jessica Pavone,Folk
5381,fma_small/005/005381.mp3,Hartford,Mary Halvorson and Jessica Pavone,Folk
5521,fma_small/005/005521.mp3,alone now,The Apartment,Experimental
5879,fma_small/005/005879.mp3,Rock and Tree,Bob Wiseman,Folk
5936,fma_small/005/005936.mp3,Traveling,Susanna,Folk
5940,fma_small/005/005940.mp3,When It Rains,Howard Fishman,Folk
6329,fma_small/006/006329.mp3,Krivo Kopanitsa Horo,Sheqer,International
6330,fma_small/006/006330.mp3,Nie Zama Nie Sema,The Sounds of Taraab,International
6331,fma_small/006/006331.mp3,track 1,Kavala Brass Band,International
6332,fma_small/006/006332.mp3,Taso's Hasapiko,Raya Brass Band,International
6333,fma_small/006/006333.mp3,track 01,Scott Wilson & Efendi,International
6342,fma_small/006/006342.mp3,Doulab Nahawand Murassaa,Zikrayat,International
6354,fma_small/006/006354.mp3,Daka Koz,The Sounds of Taraab,International
6357,fma_small/006/006357.mp3,Zaharoula,Raya Brass Band,International
6358,fma_small/006/006358.mp3,track 2,Kavala Brass Band,International
6360,fma_small/006/006360.mp3,Sabah Sabah Seyredelim Yaliyi,Orkestra Keyif,International
6363,fma_small/006/006363.mp3,track 02,Scott Wilson & Efendi,International
6366,fma_small/006/006366.mp3,Taheya,Zikrayat,International
6367,fma_small/006/006367.mp3,"Manowe, Mahaba Wa Takanini, Mapenz",The Sounds of Taraab,International
6368,fma_small/006/006368.mp3,track 3,Kavala Brass Band,International
6370,fma_small/006/006370.mp3,Leventikos,Raya Brass Band,International
6372,fma_small/006/006372.mp3,track 03,Scott Wilson & Efendi,International
6373,fma_small/006/006373.mp3,Semseyemin Ucu Kare with Oud Solo by Haig Manoukian,Orkestra Keyif,International
6376,fma_small/006/006376.mp3,track 4,Kavala Brass Band,International
6379,fma_small/006/006379.mp3,Matamu Choz,The Sounds of Taraab,International
6380,fma_small/006/006380.mp3,track 04,Scott Wilson & Efendi,International
6381,fma_small/006/006381.mp3,Kateva Lenko,Raya Brass Band,International
6382,fma_small/006/006382.mp3,Svadbeni Cocek,Sheqer,International
6383,fma_small/006/006383.mp3,Telegrafin Tellerine,Orkestra Keyif,International
6385,fma_small/006/006385.mp3,track 05,Scott Wilson & Efendi,International
6387,fma_small/006/006387.mp3,Karsilamas Hrysodaktili,Raya Brass Band,International
6389,fma_small/006/006389.mp3,Kwala Ulala Huez,The Sounds of Taraab,International
6390,fma_small/006/006390.mp3,track 5,Kavala Brass Band,International
6393,fma_small/006/006393.mp3,Rumor,Zikrayat,International
6394,fma_small/006/006394.mp3,Bufchansko,Sheqer,International
6396,fma_small/006/006396.mp3,Sarki,Sheqer,International
6406,fma_small/006/006406.mp3,The Hungry Stones,MV + EE,Folk
6407,fma_small/006/006407.mp3,Huna Cosm,MV + EE,Folk
6439,fma_small/006/006439.mp3,Crossover,EPMD,Hip-Hop
6440,fma_small/006/006440.mp3,Rampage,EPMD,Hip-Hop
6442,fma_small/006/006442.mp3,Richter Scale,EPMD,Hip-Hop
6443,fma_small/006/006443.mp3,Music,EPMD,Hip-Hop
6448,fma_small/006/006448.mp3,Please Listen To My Demo,EPMD,Hip-Hop
6459,fma_small/006/006459.mp3,Ma Alli Wu Ultillu,Zikrayat,International
6461,fma_small/006/006461.mp3,Florida Rain,Matt Bauer,Folk
6463,fma_small/006/006463.mp3,Are You the One?,Matt Bauer,Folk
6467,fma_small/006/006467.mp3,As She Came Out of  the Water,Matt Bauer,Folk
6469,fma_small/006/006469.mp3,Derya'da Deryaliklar,Orkestra Keyif,International
6517,fma_small/006/006517.mp3,Stars,Sakura Madams,Rock
6519,fma_small/006/006519.mp3,Somebody To Love,Sakura Madams,Rock
6603,fma_small/006/006603.mp3,The Woods,Height With Friends,Hip-Hop
6605,fma_small/006/006605.mp3,Bad Weather,Height With Friends,Hip-Hop
6606,fma_small/006/006606.mp3,Smash Your Eyes,Height With Friends,Hip-Hop
6607,fma_small/006/006607.mp3,The World,Height With Friends,Hip-Hop
6608,fma_small/006/006608.mp3,Cavalcade Lagoons,Height With Friends,Hip-Hop
6609,fma_small/006/006609.mp3,2009,Height With Friends,Hip-Hop
6610,fma_small/006/006610.mp3,Clack Struck Twelve,Height With Friends,Hip-Hop
6611,fma_small/006/006611.mp3,Escape Tune,Height With Friends,Hip-Hop
6674,fma_small/006/006674.mp3,Introduction: (Re)percussions,Jarrod Fowler,Experimental
6675,fma_small/006/006675.mp3,The End of Senseless Beating,Jarrod Fowler,Experimental
6677,fma_small/006/006677.mp3,Index,Jarrod Fowler,Experimental
6679,fma_small/006/006679.mp3,Different Strokes for Different Folks,Jarrod Fowler,Experimental
6680,fma_small/006/006680.mp3,Sound of the City:  A Musician is Being Beaten,Jarrod Fowler,Experimental
6684,fma_small/006/006684.mp3,Preface,Jarrod Fowler,Experimental
6762,fma_small/006/006762.mp3,Western States,Matt Bauer,Folk
6776,fma_small/006/006776.mp3,Abflussbestattung / Verrat Am Metal,Japanische Kampfhorspiele,Rock
6778,fma_small/006/006778.mp3,Dresscode,Japanische Kampfhorspiele,Rock
6779,fma_small/006/006779.mp3,Castle By the Sea,Cath and Phil Tyler,Folk
6782,fma_small/006/006782.mp3,Sunshine,Cath and Phil Tyler,Folk
6783,fma_small/006/006783.mp3,Fisherman's Girl,Cath and Phil Tyler,Folk
6788,fma_small/006/006788.mp3,Tokugiri Star,Peelander-Z,Rock
6802,fma_small/006/006802.mp3,Spanish Civil War Tribute,Watcha Clan,International
6803,fma_small/006/006803.mp3,Balkan Qoulou,Watcha Clan,International
6854,fma_small/006/006854.mp3,Lost in Your,Lior,Folk
6855,fma_small/006/006855.mp3,This Old Love,Lior,Folk
6856,fma_small/006/006856.mp3,Autumn Flow,Lior,Folk
6857,fma_small/006/006857.mp3,Drone Trailer,MV + EE and Willie Lane,Folk
7011,fma_small/007/007011.mp3,in sleepy electricity,junior85,Electronic
7373,fma_small/007/007373.mp3,heartbreaker,Lucky Dragons,Experimental
7374,fma_small/007/007374.mp3,new homes,Lucky Dragons,Experimental
7375,fma_small/007/007375.mp3,cherchez le dragon,Lucky Dragons,Experimental
7376,fma_small/007/007376.mp3,about peter,Lucky Dragons,Experimental
7377,fma_small/007/007377.mp3,with new trees,Lucky Dragons,Experimental
7378,fma_small/007/007378.mp3,resurrect dead on planet jupiter,Lucky Dragons,Experimental
7379,fma_small/007/007379.mp3,it's hard to fall asleep,Lucky Dragons,Experimental
7381,fma_small/007/007381.mp3,i'd play at the rotunda,Lucky Dragons,Experimental
7383,fma_small/007/007383.mp3,i hear horrible music,Lucky Dragons,Experimental
7385,fma_small/007/007385.mp3,my imaginary scary home,Lucky Dragons,Experimental
7386,fma_small/007/007386.mp3,its hard to wake up,Lucky Dragons,Experimental
7388,fma_small/007/007388.mp3,girlworld (3 in a bed mix),Lucky Dragons,Experimental
7391,fma_small/007/007391.mp3,all these wires between us,Lucky Dragons,Experimental
7393,fma_small/007/007393.mp3,leaving things as they are,Lucky Dragons,Experimental
7481,fma_small/007/007481.mp3,Seeing You Out,BrokeMC,Hip-Hop
7482,fma_small/007/007482.mp3,Seeing Things Intro,BrokeMC,Hip-Hop
7483,fma_small/007/007483.mp3,Doom Days,BrokeMC,Hip-Hop
7487,fma_small/007/007487.mp3,The Robot's Heel,BrokeMC,Hip-Hop
7488,fma_small/007/007488.mp3,The Discovery,BrokeMC,Hip-Hop
7489,fma_small/007/007489.mp3,Too Much to deal with,BrokeMC,Hip-Hop
7490,fma_small/007/007490.mp3,Follow That,BrokeMC,Hip-Hop
7491,fma_small/007/007491.mp3,broke Pimpin,BrokeMC,Hip-Hop
7492,fma_small/007/007492.mp3,In the Dark,BrokeMC,Hip-Hop
7495,fma_small/007/007495.mp3,Soft South Africans,Homosexuals,Rock
7526,fma_small/007/007526.mp3,Easy on the Eyes,Monk Turner,Pop
7527,fma_small/007/007527.mp3,With You,Monk Turner,Pop
7528,fma_small/007/007528.mp3,Game,Monk Turner,Pop
7529,fma_small/007/007529.mp3,Seeking,Monk Turner,Pop
7548,fma_small/007/007548.mp3,First Movement,Z'EV,Experimental
7554,fma_small/007/007554.mp3,Seventh Movement,Z'EV,Experimental
7709,fma_small/007/007709.mp3,Deep At Sea,Mia Doi Todd,Folk
7710,fma_small/007/007710.mp3,What If We Do,Mia Doi Todd,Folk
7711,fma_small/007/007711.mp3,The Way,Mia Doi Todd,Folk
7712,fma_small/007/007712.mp3,My Room Is White,Mia Doi Todd,Folk
7713,fma_small/007/007713.mp3,I gave you my home,Mia Doi Todd,Folk
7872,fma_small/007/007872.mp3,Saved,Boss Hog,Rock
8056,fma_small/008/008056.mp3,Get It While You Can,The Dirtbombs,Rock
8208,fma_small/008/008208.mp3,Rocket USA,Alan Vega & Oneida,Rock
8256,fma_small/008/008256.mp3,Sugar In My Coffin,Curtis Eller,Folk
8259,fma_small/008/008259.mp3,Always Sugar for the Horses,Curtis Eller,Folk
8261,fma_small/008/008261.mp3,Black Diamond,Curtis Eller,Folk
8345,fma_small/008/008345.mp3,Walter,Walter,Experimental
8357,fma_small/008/008357.mp3,Promocja Belkot radio commercial,Free Matter for the Blind,Experimental
8363,fma_small/008/008363.mp3,"Outside of fashion boutique, Xian, China",Free Matter for the Blind,Experimental
8372,fma_small/008/008372.mp3,variations on Foreigners,Dirty White Boy,Experimental
8416,fma_small/008/008416.mp3,Track 33,Taal,Experimental
9152,fma_small/009/009152.mp3,1991,dj smallcock,Experimental
9155,fma_small/009/009155.mp3,Tossypot,Peeled Hearts Paste,Experimental
9307,fma_small/009/009307.mp3,Racing Past the Zenith,Kitty Kadoogal,Experimental
9476,fma_small/009/009476.mp3,Plight Of The Bumblebee,A Kombi,Experimental
9477,fma_small/009/009477.mp3,Colour Me Your Colour,Justice Yeldham,Experimental
9491,fma_small/009/009491.mp3,Rape Me,Toxic Lipstick,Rock
9505,fma_small/009/009505.mp3,168 Toronto 260305,Justice Yeldham,Experimental
9511,fma_small/009/009511.mp3,Message From the Law,Sic Alps,Rock
9512,fma_small/009/009512.mp3,Eywat Setenafegagn,Getatchew Mekuria &amp; The Ex &amp; Guests,International
9513,fma_small/009/009513.mp3,Cold Water,Old Time Relijun,Rock
9550,fma_small/009/009550.mp3,Slippershell,Kristin Hersh,Rock
9553,fma_small/009/009553.mp3,Morning Birds,Kristin Hersh,Rock
9555,fma_small/009/009555.mp3,Krait,Kristin Hersh,Rock
9557,fma_small/009/009557.mp3,Moan,Kristin Hersh,Rock
9559,fma_small/009/009559.mp3,Mississippi Kite,Kristin Hersh,Rock
9560,fma_small/009/009560.mp3,Fortune,Kristin Hersh,Rock
9678,fma_small/009/009678.mp3,Riboflavin Horror,Volvox,Experimental
9721,fma_small/009/009721.mp3,Track 01,Justice Yeldham,Experimental
9846,fma_small/009/009846.mp3,Computer Music/Post-Fordism,Mattin,Experimental
9887,fma_small/009/009887.mp3,All I Ever Wanted,Meg Baird,Folk
9888,fma_small/009/009888.mp3,Cross,James Blackshaw,Folk
9918,fma_small/009/009918.mp3,Scorpion Whip,Sissy Spacek,Experimental
9962,fma_small/009/009962.mp3,Amour,Avec Noir,Rock
10186,fma_small/010/010186.mp3,Love To C You Dance (Premixed),Dubyouth Soundsystem,International
10192,fma_small/010/010192.mp3,Fucking Exotic Bitches,The Professional Savage,Hip-Hop
10250,fma_small/010/010250.mp3,Tree Symphony,JayDee,Instrumental
10374,fma_small/010/010374.mp3,Into the Fog,Sodadosa,Experimental
10375,fma_small/010/010375.mp3,Torturing Mantra,Sodadosa,Experimental
10376,fma_small/010/010376.mp3,Low Nightmare,Sodadosa,Experimental
10377,fma_small/010/010377.mp3,Abandoned,Sodadosa,Experimental
10381,fma_small/010/010381.mp3,Baron in the Trees,Big Blood,Folk
10382,fma_small/010/010382.mp3,New Dish Rag,Big Blood,Folk
10383,fma_small/010/010383.mp3,Graceless Lady,Big Blood,Folk
10384,fma_small/010/010384.mp3,Blood Mumble,Big Blood,Folk
10385,fma_small/010/010385.mp3,Curee,Big Blood,Folk
10386,fma_small/010/010386.mp3,The Birds &amp; The Herds,Big Blood,Folk
10387,fma_small/010/010387.mp3,Tease it Like a Cop,Big Blood,Folk
10388,fma_small/010/010388.mp3,Night Lighter,Big Blood,Folk
10389,fma_small/010/010389.mp3,Terrapin (oh! syd),Big Blood,Folk
10435,fma_small/010/010435.mp3,Paku Paku,Funky Terrorist,Experimental
10438,fma_small/010/010438.mp3,Little Lepers,Big Blood,Folk
10439,fma_small/010/010439.mp3,In The Light Of The Moon,Big Blood,Folk
10440,fma_small/010/010440.mp3,No Gravity Blues,Big Blood,Folk
10441,fma_small/010/010441.mp3,In The Shade,Big Blood,Folk
10442,fma_small/010/010442.mp3,Something Brighter Than The News,Big Blood,Folk
10443,fma_small/010/010443.mp3,Beast (1 Beast),Big Blood,Folk
10444,fma_small/010/010444.mp3,Restless Purity,Big Blood,Folk
10447,fma_small/010/010447.mp3,Low Gravity Blues,Big Blood,Folk
10458,fma_small/010/010458.mp3,Highway,Uke of Spaces Corners,Folk
10480,fma_small/010/010480.mp3,Adversaries &amp; Enemies,Big Blood,Folk
10481,fma_small/010/010481.mp3,Spit Shine,Big Blood,Folk
10485,fma_small/010/010485.mp3,Song For Baltimore,Big Blood,Folk
10521,fma_small/010/010521.mp3,boys boys boys,Sabrina,Experimental
10527,fma_small/010/010527.mp3,r u serious,Funky Terrorist,Experimental
10535,fma_small/010/010535.mp3,azaria vs the spaceman,Scratch My Nose,Experimental
10541,fma_small/010/010541.mp3,.,Sports bra,Experimental
10575,fma_small/010/010575.mp3,Premonitions: The Fantasy,Bobb Trimble,Folk
10577,fma_small/010/010577.mp3,One Mile From Heaven (short version),Bobb Trimble,Folk
10668,fma_small/010/010668.mp3,"999,999",Nine Inch Nails,Rock
10669,fma_small/010/010669.mp3,"1,000,000",Nine Inch Nails,Rock
10670,fma_small/010/010670.mp3,Letting You,Nine Inch Nails,Rock
10671,fma_small/010/010671.mp3,Discipline,Nine Inch Nails,Rock
10672,fma_small/010/010672.mp3,Echoplex,Nine Inch Nails,Rock
10673,fma_small/010/010673.mp3,Head Down,Nine Inch Nails,Rock
10674,fma_small/010/010674.mp3,Lights in the Sky,Nine Inch Nails,Rock
10675,fma_small/010/010675.mp3,Corona Radiata,Nine Inch Nails,Rock
10676,fma_small/010/010676.mp3,The Four of Us are Dying,Nine Inch Nails,Rock
10677,fma_small/010/010677.mp3,Demon Seed,Nine Inch Nails,Rock
10678,fma_small/010/010678.mp3,Glory Daze,Big Blood,Folk
10679,fma_small/010/010679.mp3,The Rise Of Quinnisa Rose,Big Blood,Folk
10682,fma_small/010/010682.mp3,She Said Nothing,Big Blood,Folk
10684,fma_small/010/010684.mp3,Don't Trust The Ruin,Big Blood,Folk
10693,fma_small/010/010693.mp3,6.6.05,BOPD,Hip-Hop
10694,fma_small/010/010694.mp3,aint no thing,BOPD,Hip-Hop
10695,fma_small/010/010695.mp3,2.17.05,BOPD,Hip-Hop
10696,fma_small/010/010696.mp3,2.18.05 dai,BOPD,Hip-Hop
10697,fma_small/010/010697.mp3,1.26 beat1,BOPD,Hip-Hop
10698,fma_small/010/010698.mp3,2.12.05 elevator,BOPD,Hip-Hop
10699,fma_small/010/010699.mp3,2.2.05,BOPD,Hip-Hop
10805,fma_small/010/010805.mp3,Super Nude,Lesbian Afternoon,Pop
10806,fma_small/010/010806.mp3,Glowing Pavements,Lesbian Afternoon,Pop
10807,fma_small/010/010807.mp3,Three Owls Teahaus,Lesbian Afternoon,Pop
10808,fma_small/010/010808.mp3,Wind Up The Hypnotist,Lesbian Afternoon,Pop
10809,fma_small/010/010809.mp3,Pass That Joint,Lesbian Afternoon,Pop
10810,fma_small/010/010810.mp3,Under The Sunset,Lesbian Afternoon,Pop
10983,fma_small/010/010983.mp3,Track 02,Justice Yeldham,Experimental
10992,fma_small/010/010992.mp3,The Grove Is Hotter Than An Ocean's Oven,Big Blood,Folk
10993,fma_small/010/010993.mp3,Oh Country (Skin &amp; Bones),Big Blood,Folk
11019,fma_small/011/011019.mp3,Mirror Friends,Lucky Dragons,Experimental
11020,fma_small/011/011020.mp3,Morning Ritual,Lucky Dragons,Experimental
11059,fma_small/011/011059.mp3,Vitamin C,Big Blood,Folk
11198,fma_small/011/011198.mp3,Together We Will Wait,Black Band Coal Company,Pop
11199,fma_small/011/011199.mp3,Love Is An Eternal Lie,The Sleeping Tree,Pop
11200,fma_small/011/011200.mp3,Berlin Lights (Finistere),March Rosetta,Pop
11204,fma_small/011/011204.mp3,Steppin' In,Audible Intelligence,Hip-Hop
11206,fma_small/011/011206.mp3,Elles,Music Komite,Electronic
11234,fma_small/011/011234.mp3,290504 beirut,Justice Yeldham,Experimental
11237,fma_small/011/011237.mp3,270104 berlin,Justice Yeldham,Experimental
11239,fma_small/011/011239.mp3,hamar 261005,Justice Yeldham,Experimental
11242,fma_small/011/011242.mp3,280405 seoul,Justice Yeldham,Experimental
11261,fma_small/011/011261.mp3,India,Mira Cook,Pop
11262,fma_small/011/011262.mp3,Wataridori 2,Cornelius,Electronic
11264,fma_small/011/011264.mp3,My Fair Lady,David Byrne,Rock
11268,fma_small/011/011268.mp3,Fake French,Le Tigre,Rock
11298,fma_small/011/011298.mp3,Now Get Busy,Beastie Boys,Hip-Hop
11299,fma_small/011/011299.mp3,No Meaning No (feat. Fine Arts Militia),Chuck D,Hip-Hop
11306,fma_small/011/011306.mp3,Inspiration,Abunai!,Rock
11333,fma_small/011/011333.mp3,Instrumental,Gen Ken Montgomery,Experimental
11334,fma_small/011/011334.mp3,Instrumental,Gen Ken Montgomery,Experimental
11503,fma_small/011/011503.mp3,All Operations,Big Blood,Folk
11504,fma_small/011/011504.mp3,A Friendly Noose,Big Blood,Folk
11505,fma_small/011/011505.mp3,A Quiet Lousy Roar,Big Blood,Folk
11508,fma_small/011/011508.mp3,Under The Concourse,Big Blood,Folk
11544,fma_small/011/011544.mp3,Radiation,The Lost Demension,Experimental
11638,fma_small/011/011638.mp3,Romantic Neck Tattoo,Embarker,Instrumental
11671,fma_small/011/011671.mp3,Abre La Ventana,Cordero,International
11672,fma_small/011/011672.mp3,(intro),Cordero,International
11673,fma_small/011/011673.mp3,El Arco Iris,Cordero,International
11674,fma_small/011/011674.mp3,(chat w/ Rob Weisberg),Cordero,International
11675,fma_small/011/011675.mp3,La Sombra,Cordero,International
11677,fma_small/011/011677.mp3,Quique,Cordero,International
11679,fma_small/011/011679.mp3,Ruleta Rusa,Cordero,International
11681,fma_small/011/011681.mp3,Heart In Me,Cordero,International
11682,fma_small/011/011682.mp3,(chat w/ Rob Weisberg),Cordero,International
11683,fma_small/011/011683.mp3,Matadora,Cordero,International
11763,fma_small/011/011763.mp3,"Press Play Instrumental     {6th Sense, A Pinks, Emilio Rojas, Skyzoo}",6th Sense,Hip-Hop
11764,fma_small/011/011764.mp3,28 Chasing 1988 Instrumental     {Adele &amp; 6th Sense}.mp3,6th Sense,Hip-Hop
11765,fma_small/011/011765.mp3,Just Fine Instrumental     {Wildabeast},6th Sense,Hip-Hop
11766,fma_small/011/011766.mp3,Beyon My Instrumental     {6th Sense},6th Sense,Hip-Hop
11767,fma_small/011/011767.mp3,Let's Do It Instrumental     {6th Sense},6th Sense,Hip-Hop
11768,fma_small/011/011768.mp3,The Itis Instrumental     {Black ELement},6th Sense,Hip-Hop
11769,fma_small/011/011769.mp3,Fallen Shadows Instrumental     {Viva La Hova},6th Sense,Hip-Hop
11770,fma_small/011/011770.mp3,Future Music Instrumental     {6th Sense},6th Sense,Hip-Hop
11771,fma_small/011/011771.mp3,D'Evils 2008 Instrumental     {Talib Kweli},6th Sense,Hip-Hop
11772,fma_small/011/011772.mp3,Ignite The People (Like Obama) Instrumental     {6th Sense},6th Sense,Hip-Hop
11773,fma_small/011/011773.mp3,05 Too Complex Instrumental     {6th Sense & The Kid Daytona}.mp3,6th Sense,Hip-Hop
11774,fma_small/011/011774.mp3,"Hippie Robot Instrumental     {6th Sense, Wildabeast, Jelani, Scheme}",6th Sense,Hip-Hop
11775,fma_small/011/011775.mp3,We Don't Stop Instrumental     {6th Sense},6th Sense,Hip-Hop
11776,fma_small/011/011776.mp3,"The Proposal Instrumental     {Jelani, 6th Sense, Wildabeast}",6th Sense,Hip-Hop
11777,fma_small/011/011777.mp3,Never Change For The Fame Instrumental     {Wildabeast},6th Sense,Hip-Hop
11778,fma_small/011/011778.mp3,...Both Nice Instrumental     {Both Nice},6th Sense,Hip-Hop
11779,fma_small/011/011779.mp3,Entourage (Oh Yeah!) Instrumental     {6th Sense},6th Sense,Hip-Hop
11780,fma_small/011/011780.mp3,What Kinda Instrumental     {Both Nice},6th Sense,Hip-Hop
11781,fma_small/011/011781.mp3,Love Lockdown Instrumental     {6th Sense},6th Sense,Hip-Hop
11782,fma_small/011/011782.mp3,Acapella,6th Sense,Hip-Hop
11783,fma_small/011/011783.mp3,Hey Young World Instrumental     {6th Sense},6th Sense,Hip-Hop
11784,fma_small/011/011784.mp3,Do What It Do Instrumental     {6th Sense},6th Sense,Hip-Hop
11785,fma_small/011/011785.mp3,AM Set Instrumental     {Both Nice},6th Sense,Hip-Hop
11786,fma_small/011/011786.mp3,4AM Instrumental     {Wildabeast},6th Sense,Hip-Hop
11787,fma_small/011/011787.mp3,Release Instrumental     {Wildabeast},6th Sense,Hip-Hop
11788,fma_small/011/011788.mp3,"2-0-0-9 Instrumental     {The Kid Daytona, 6th Sense, Outasight, Harlem's Cash}",6th Sense,Hip-Hop
11789,fma_small/011/011789.mp3,Ate Ten Instrumental     {Both Nice},6th Sense,Hip-Hop
11790,fma_small/011/011790.mp3,Just Got Chopped (Crack) Instrumental     {Old Money},6th Sense,Hip-Hop
11791,fma_small/011/011791.mp3,"The Cuchifritos Groove Instrumental     {Wildabeast, 6th Sense, Jelani}",6th Sense,Hip-Hop
11792,fma_small/011/011792.mp3,I Won't Let You Fall Instrumental     {6th Sense},6th Sense,Hip-Hop
11793,fma_small/011/011793.mp3,What You Talkin Bout Instrumental     {Mekka Don},6th Sense,Hip-Hop
11794,fma_small/011/011794.mp3,Give A What Instrumental     {6th Sense},6th Sense,Hip-Hop
11795,fma_small/011/011795.mp3,Stakes Is High Instrumental     {U-N-I},6th Sense,Hip-Hop
11803,fma_small/011/011803.mp3,D'Evils 2008,Talib Kweli,Hip-Hop
11818,fma_small/011/011818.mp3,Future Music,It's Notherground Music!!,Hip-Hop
11839,fma_small/011/011839.mp3,Belief feat. John Mayer,6th Sense &amp; Mick Boogie,Hip-Hop
11861,fma_small/011/011861.mp3,Nike Boots Freestyle,6th Sense &amp; Mick Boogie,Hip-Hop
11862,fma_small/011/011862.mp3,05 A-Trak &amp; Lupe Fiasco feat. 6th Sense - Me &amp; My Sneakers.mp3,6th Sense &amp; Mick Boogie,Hip-Hop
11867,fma_small/011/011867.mp3,Team USA (prod. Just Blaze),6th Sense &amp; Mick Boogie,Hip-Hop
11868,fma_small/011/011868.mp3,Classic Freestyle,6th Sense &amp; Mick Boogie,Hip-Hop
11916,fma_small/011/011916.mp3,comedi humaine,WatFatMan,Hip-Hop
11917,fma_small/011/011917.mp3,court metrage,WatFatMan,Hip-Hop
11918,fma_small/011/011918.mp3,deprecie,WatFatMan,Hip-Hop
11919,fma_small/011/011919.mp3,galerie de portraits,WatFatMan,Hip-Hop
11920,fma_small/011/011920.mp3,Ofura,WatFatMan,Hip-Hop
11921,fma_small/011/011921.mp3,l'air du temps live,WatFatMan,Hip-Hop
11922,fma_small/011/011922.mp3,galerie de portraits remix,WatFatMan,Hip-Hop
11933,fma_small/011/011933.mp3,Tell Me What I Want,Isolated Atoms,Rock
11937,fma_small/011/011937.mp3,Wir können auch anders,DavidBowman,Pop
11942,fma_small/011/011942.mp3,Rage Against Death,Stouffi The Stouves,Electronic
11946,fma_small/011/011946.mp3,The Star Spangled Banner,vosotros,Experimental
11947,fma_small/011/011947.mp3,Yankee Doodle,Dream Kids,Experimental
11951,fma_small/011/011951.mp3,Taps - America The Beautiful (Medley),Obi Best,Experimental
12045,fma_small/012/012045.mp3,The WInds House,Big Blood,Folk
12046,fma_small/012/012046.mp3,Well Water,Big Blood,Folk
12047,fma_small/012/012047.mp3,Comin' Home Pt. I,Big Blood,Folk
12048,fma_small/012/012048.mp3,She Sells Sanctuary,Big Blood,Folk
12049,fma_small/012/012049.mp3,"On a Sunday, Years After",Big Blood,Folk
12050,fma_small/012/012050.mp3,Echohead,Big Blood,Folk
12051,fma_small/012/012051.mp3,Comin' Home Pt. II,Big Blood,Folk
12052,fma_small/012/012052.mp3,Breath in a Seed,Big Blood,Folk
12053,fma_small/012/012053.mp3,Land Upon Mud II,Big Blood,Folk
12058,fma_small/012/012058.mp3,Land Upon Mud I,Big Blood,Folk
12059,fma_small/012/012059.mp3,Brotha-o-Brotha-o-,Big Blood,Folk
12060,fma_small/012/012060.mp3,Heart of Glass,Big Blood,Folk
12061,fma_small/012/012061.mp3,Do Insects Sleep?,Big Blood,Folk
12062,fma_small/012/012062.mp3,Sleepin' Time,Big Blood,Folk
12064,fma_small/012/012064.mp3,Beatle Bones 'N' Smokin' Stones,Big Blood,Folk
12065,fma_small/012/012065.mp3,So Old Again,Big Blood,Folk
12066,fma_small/012/012066.mp3,Apes &amp; History (Swimmin in Paper),Big Blood,Folk
12067,fma_small/012/012067.mp3,For Four Beating Lungs,Big Blood,Folk
12109,fma_small/012/012109.mp3,The Mysticism of my Fucking Sound,Preggy Peggy &amp; The Lazy Babymakers,International
12146,fma_small/012/012146.mp3,Kokoro (I Fall To Pieces),The Slants,Pop
12147,fma_small/012/012147.mp3,Capture Me Burning,The Slants,Pop
12173,fma_small/012/012173.mp3,Mit der Schaufel aufs Ei,Coehn und Foehrb,Hip-Hop
12174,fma_small/012/012174.mp3,Ode To Charles,Professor Kliq,Hip-Hop
12179,fma_small/012/012179.mp3,U Fine,Garmisch,Pop
12188,fma_small/012/012188.mp3,Gimme,Christine,Pop
12189,fma_small/012/012189.mp3,Ultraviolence,Mr. Moods,Electronic
12346,fma_small/012/012346.mp3,The Lion King,Grey Gersten &amp; G. Lucas Crane,Experimental
12348,fma_small/012/012348.mp3,Fools With Tools,Koonda Holaa,Folk
12349,fma_small/012/012349.mp3,Knickers to the Right,Koonda Holaa,Folk
12350,fma_small/012/012350.mp3,It's Not Like You (Always),Koonda Holaa,Folk
12351,fma_small/012/012351.mp3,Gadget,Koonda Holaa,Folk
12352,fma_small/012/012352.mp3,Try To Find Me,Koonda Holaa,Folk
12353,fma_small/012/012353.mp3,10 Acres of the Finest Sand,Koonda Holaa,Folk
12355,fma_small/012/012355.mp3,God Forsaken Town,Koonda Holaa,Folk
12376,fma_small/012/012376.mp3,"Good Morning, Bubblegum",The Harvey Girls,Pop
12387,fma_small/012/012387.mp3,Spherical Hearts (Trondheim Remix),Norton,Pop
12390,fma_small/012/012390.mp3,Varal,Pipo Pegoraro,Pop
12394,fma_small/012/012394.mp3,Is It Too Late For Us All?,MUTE,Hip-Hop
12481,fma_small/012/012481.mp3,Haystack (A.P.),Big Blood,Folk
12482,fma_small/012/012482.mp3,She Said Nothing II,Big Blood,Folk
12484,fma_small/012/012484.mp3,Frost Farm,Big Blood,Folk
12485,fma_small/012/012485.mp3,Got Wings?,Big Blood,Folk
12486,fma_small/012/012486.mp3,I'm So Glad,Big Blood,Folk
12487,fma_small/012/012487.mp3,So Po Swing,Big Blood,Folk
12488,fma_small/012/012488.mp3,Moon Perfume,Big Blood,Folk
12489,fma_small/012/012489.mp3,'Preese 'Preese,Big Blood,Folk
12490,fma_small/012/012490.mp3,I've Been A Baby All My Life (I Hope You Don't Expect A Man),Big Blood,Folk
12508,fma_small/012/012508.mp3,Satie (First Gnossienne),Big Blood,Folk
12513,fma_small/012/012513.mp3,My Last Days As A Fish,Big Blood,Folk
12514,fma_small/012/012514.mp3,Indang Pariman,Big Blood,Folk
12518,fma_small/012/012518.mp3,When you walk,Pipo Pegoraro,Pop
12521,fma_small/012/012521.mp3,Never Get Out,Brad Sucks,Rock
12526,fma_small/012/012526.mp3,Time (Reprise) (Closing Credits),Virtu-oso,Hip-Hop
12527,fma_small/012/012527.mp3,Solid Ground,Poxfil,Pop
12530,fma_small/012/012530.mp3,Stalker,You Are My Everything,Pop
12531,fma_small/012/012531.mp3,Que Le Hip-Hop Renaisse,Empathik,Hip-Hop
12532,fma_small/012/012532.mp3,Sweet Man Like Me,Nils Hoffmann,Pop
12537,fma_small/012/012537.mp3,Maree Lunaire,Smoking After,Pop
12551,fma_small/012/012551.mp3,I Don't Want To Live On The Moon,Georgia,Pop
12552,fma_small/012/012552.mp3,They're On The Moon Right Now,FortyOne,Pop
12654,fma_small/012/012654.mp3,People Should Get More Aware,Bird Names,Pop
12690,fma_small/012/012690.mp3,L'Anchoïade,Bo Marley + Disrupt + Volfoniq,International
12691,fma_small/012/012691.mp3,La Tapenade,Bo Marley + Disrupt + Volfoniq,International
12692,fma_small/012/012692.mp3,La Brandade,Bo Marley + Disrupt + Volfoniq,International
12737,fma_small/012/012737.mp3,Om Mane Padme Hum,Prince Rama,Experimental
12985,fma_small/012/012985.mp3,Barleycorn and Toblerone,Nick Jaina,Folk
12986,fma_small/012/012986.mp3,I Will Swallow The Sea,Nick Jaina,Folk
13191,fma_small/013/013191.mp3,Outside To Play,Emily In Love,Pop
13197,fma_small/013/013197.mp3,Different Day,First,Pop
13199,fma_small/013/013199.mp3,No Mas,Tha Silent Partner,Hip-Hop
13201,fma_small/013/013201.mp3,Moy Moy Moy,Ghostown,Hip-Hop
13218,fma_small/013/013218.mp3,Perdon,Sebastian Kramer,Pop
13220,fma_small/013/013220.mp3,Horse On A Rock,Chapi Chapo &amp; Les Petites Musiques de Pluie,Pop
13325,fma_small/013/013325.mp3,Methylchloroisothiazolinone,Josh Woodward,Rock
13328,fma_small/013/013328.mp3,Street Wild Lover,Morad Stars,Pop
13362,fma_small/013/013362.mp3,All The Working Girls,Mabafu,Pop
13378,fma_small/013/013378.mp3,I Wish,Peter Fox Simon,Pop
13474,fma_small/013/013474.mp3,Then,Black Era,Electronic
13537,fma_small/013/013537.mp3,Maru Kiray,Abdoulaye Alhassane Touré,International
13538,fma_small/013/013538.mp3,Kurbu,Abdoulaye Alhassane Touré,International
13539,fma_small/013/013539.mp3,Waina Bibiyo,Abdoulaye Alhassane Touré,International
13540,fma_small/013/013540.mp3,Tamala,Abdoulaye Alhassane Touré,International
13556,fma_small/013/013556.mp3,Let Me Go,STEEP,Rock
13561,fma_small/013/013561.mp3,The Dao of Sun Zoo,Sun Zoo,Hip-Hop
13562,fma_small/013/013562.mp3,It's Not Jazzz,Maniax Memori,Electronic
13566,fma_small/013/013566.mp3,New Pirates (featuring DJ HDL),Sun Zoo,Hip-Hop
13571,fma_small/013/013571.mp3,Pour Petite Tete,L'Onomatopeur,Electronic
13578,fma_small/013/013578.mp3,Milk,Big City Orchestra,Experimental
13591,fma_small/013/013591.mp3,Johnny Marr,Ghostown,Hip-Hop
13596,fma_small/013/013596.mp3,Insane,b-Shake,Rock
13666,fma_small/013/013666.mp3,Seven Faces of Him,M.A.Z.C.A.,Rock
13668,fma_small/013/013668.mp3,No Time For Lookin' Back,This One,Electronic
13670,fma_small/013/013670.mp3,Nada P Flojos,Raflesia,Hip-Hop
13706,fma_small/013/013706.mp3,Love Crime (Qwertypak Venom Remix),Goto80,Electronic
13707,fma_small/013/013707.mp3,For Newspress,Goto80,Electronic
13708,fma_small/013/013708.mp3,Disk Machine,Goto80,Electronic
13709,fma_small/013/013709.mp3,Member,Goto80,Electronic
13710,fma_small/013/013710.mp3,Love Crime,Goto80,Electronic
13711,fma_small/013/013711.mp3,Disk Machine (Sky Pole Remix),Goto80,Electronic
13735,fma_small/013/013735.mp3,Funktions Prod. Sci Fi,Tha Connection,Hip-Hop
13747,fma_small/013/013747.mp3,Must Be a Hit,Laws,Hip-Hop
13748,fma_small/013/013748.mp3,Speak Your Mind feat. Hard Target,Laws,Hip-Hop
13749,fma_small/013/013749.mp3,110% (radio edit),Laws,Hip-Hop
13767,fma_small/013/013767.mp3,Deranged Barber,Majik Most,Hip-Hop
13768,fma_small/013/013768.mp3,Just a Feelin',Majik Most,Hip-Hop
13804,fma_small/013/013804.mp3,Life's A Beach,The Professional Savage,Hip-Hop
13927,fma_small/013/013927.mp3,Deep River Blues,Janet Bean,Folk
13928,fma_small/013/013928.mp3,Shady Groove,Colby Maddox,Folk
13929,fma_small/013/013929.mp3,Home On The Range,Old Town School Of Folk Music (Various),Folk
13930,fma_small/013/013930.mp3,John Henry,Foghorn Stringband,Folk
14063,fma_small/014/014063.mp3,Chicken Dance,DJ Donna Summer,Electronic
14208,fma_small/014/014208.mp3,Upbeat Style,Mr. Spastic,Electronic
14315,fma_small/014/014315.mp3,Dimjaninka,Black Sea Hotel,International
14316,fma_small/014/014316.mp3,Magdaleno Muri Malka Mome,Black Sea Hotel,International
14317,fma_small/014/014317.mp3,Malo Selo,Black Sea Hotel,International
14318,fma_small/014/014318.mp3,Bezrodna Nevesta,Black Sea Hotel,International
14319,fma_small/014/014319.mp3,Pila Jana,Black Sea Hotel,International
14320,fma_small/014/014320.mp3,Tri Bjulbjula,Black Sea Hotel,International
14344,fma_small/014/014344.mp3,Ecclesia,Ambienteer,Electronic
14358,fma_small/014/014358.mp3,Rain,Bilal Bashir &amp; Divine Styler,Hip-Hop
14363,fma_small/014/014363.mp3,4:15 p.m. (Thursday),Thaione Davis,Hip-Hop
14365,fma_small/014/014365.mp3,Requiem for Stateway,Thaione Davis,Hip-Hop
14386,fma_small/014/014386.mp3,I Love Hip Hop,9th Scientist,Hip-Hop
14391,fma_small/014/014391.mp3,Freeze,Clan Destined,Hip-Hop
14538,fma_small/014/014538.mp3,Infrared Beams,Opio,Hip-Hop
14539,fma_small/014/014539.mp3,Intro,Opio,Hip-Hop
14541,fma_small/014/014541.mp3,Different,Opio,Hip-Hop
14542,fma_small/014/014542.mp3,Due Damage,Opio,Hip-Hop
14568,fma_small/014/014568.mp3,Monkey Dance,Ergo Phizmiz,Instrumental
14569,fma_small/014/014569.mp3,Gretchen's Tango,Ergo Phizmiz,Instrumental
14570,fma_small/014/014570.mp3,So Wunsch Ich Dir,Ergo Phizmiz,Instrumental
14571,fma_small/014/014571.mp3,Through the Doors of the Circus,Ergo Phizmiz,Instrumental
14572,fma_small/014/014572.mp3,David Niven Death Dance,Ergo Phizmiz,Instrumental
14576,fma_small/014/014576.mp3,Funeral March For A Marionette,Ergo Phizmiz,Instrumental
14577,fma_small/014/014577.mp3,Garden Theme,Ergo Phizmiz,Instrumental
14578,fma_small/014/014578.mp3,Vespers,Ergo Phizmiz,Instrumental
14579,fma_small/014/014579.mp3,Gretchen's Waltz,Ergo Phizmiz,Instrumental
14580,fma_small/014/014580.mp3,Music For Darkness,Ergo Phizmiz,Instrumental
14581,fma_small/014/014581.mp3,Dance With a Ball of Emperor Rudolf II,Ergo Phizmiz,Instrumental
14583,fma_small/014/014583.mp3,Ride On A Chair Running,Ergo Phizmiz,Instrumental
14584,fma_small/014/014584.mp3,Dream Garden,Ergo Phizmiz,Instrumental
14585,fma_small/014/014585.mp3,The Dream of Sergei Prokofiev and Waltz,Ergo Phizmiz,Instrumental
14586,fma_small/014/014586.mp3,Music for an Underground Circus,Ergo Phizmiz,Instrumental
14588,fma_small/014/014588.mp3,Music To Watch Girls Smash By,Ergo Phizmiz,Instrumental
14589,fma_small/014/014589.mp3,Sad Story,Ergo Phizmiz,Instrumental
14590,fma_small/014/014590.mp3,Helen Entrance,Ergo Phizmiz,Instrumental
14601,fma_small/014/014601.mp3,(interview),Brahim Fribgane,International
14602,fma_small/014/014602.mp3,Amazigh,Brahim Fribgane,International
14603,fma_small/014/014603.mp3,Sidi Rabi,Brahim Fribgane,International
14604,fma_small/014/014604.mp3,Live Improv,Brahim Fribgane,International
14653,fma_small/014/014653.mp3,Bad Sign,Brad Sucks,Rock
14661,fma_small/014/014661.mp3,Re: Your Brains,Jonathan Coulton,Folk
14663,fma_small/014/014663.mp3,Coleco Says: How Are You?,Coleco Music,Pop
14684,fma_small/014/014684.mp3,Code Monkey,Jonathan Coulton,Folk
14690,fma_small/014/014690.mp3,Givers,Lucky Dragons,Experimental
14693,fma_small/014/014693.mp3,I Feel Fantastic,Jonathan Coulton,Folk
14733,fma_small/014/014733.mp3,Mania,Throwing Muses,Rock
14734,fma_small/014/014734.mp3,Shark,Throwing Muses,Rock
14735,fma_small/014/014735.mp3,Start,Throwing Muses,Rock
14736,fma_small/014/014736.mp3,Hazing,Throwing Muses,Rock
14737,fma_small/014/014737.mp3,Speed and Sleep,Throwing Muses,Rock
14738,fma_small/014/014738.mp3,Devil's Roof,Throwing Muses,Rock
14739,fma_small/014/014739.mp3,Say Goodbye,Throwing Muses,Rock
14740,fma_small/014/014740.mp3,Tar Kissers,Throwing Muses,Rock
14741,fma_small/014/014741.mp3,Limbo,Throwing Muses,Rock
14742,fma_small/014/014742.mp3,Bright Yellow Gun,Throwing Muses,Rock
14743,fma_small/014/014743.mp3,Vicky's Box,Throwing Muses,Rock
14744,fma_small/014/014744.mp3,Bea,Throwing Muses,Rock
14745,fma_small/014/014745.mp3,Pearl,Throwing Muses,Rock
14809,fma_small/014/014809.mp3,The New Year,Sebastien Duclos,Folk
14869,fma_small/014/014869.mp3,ukelele,violett,Electronic
15094,fma_small/015/015094.mp3,banjo bird,guitarrorisms,Experimental
15210,fma_small/015/015210.mp3,Go Away,Seven,Hip-Hop
15464,fma_small/015/015464.mp3,Black Car Blues,Bruce Russell,Experimental
15469,fma_small/015/015469.mp3,Dirty Water Dub,Bruce Russell,Experimental
15471,fma_small/015/015471.mp3,Brakemans Blues,Bruce Russell,Experimental
15475,fma_small/015/015475.mp3,Nigerian Delta Oil Well Blues,Bruce Russell,Experimental
15476,fma_small/015/015476.mp3,Wehowsky Loop Blues,Bruce Russell,Experimental
15487,fma_small/015/015487.mp3,Pranatarthi Haram,Veena Raja Rao and Veena Gopala Rao,International
15488,fma_small/015/015488.mp3,Haratanaya Sree,Veena Kinhal,International
15540,fma_small/015/015540.mp3,Introduction and Windmills,Ergo Phizmiz,Experimental
15541,fma_small/015/015541.mp3,Quixote Daydreams of Dulcinea,Ergo Phizmiz,Experimental
15542,fma_small/015/015542.mp3,The Golden Helmet,Ergo Phizmiz,Experimental
15543,fma_small/015/015543.mp3,The Cave of Montesinos and What the Knight Saw There,Ergo Phizmiz,Experimental
15625,fma_small/015/015625.mp3,Chion's Cricket,Jim Lee,Experimental
15769,fma_small/015/015769.mp3,The Factory,Multifaros,Electronic
15770,fma_small/015/015770.mp3,The Boss,Multifaros,Electronic
15771,fma_small/015/015771.mp3,The Staff,Multifaros,Electronic
15772,fma_small/015/015772.mp3,The Product,Multifaros,Electronic
15773,fma_small/015/015773.mp3,The Company,Multifaros,Electronic
15880,fma_small/015/015880.mp3,Taishikichô Chôshi,Kokusai Bunka Shinkokai,International
16095,fma_small/016/016095.mp3,YOU GOT THE POWER,MEGA*CHURCH,Pop
16155,fma_small/016/016155.mp3,Nihilist,JJM,Pop
16158,fma_small/016/016158.mp3,Animals,Entertainment for the Braindead,Pop
16162,fma_small/016/016162.mp3,Rock da Dam (Featuring Portformat),Comfort Fit,Hip-Hop
16163,fma_small/016/016163.mp3,11:11,Christopher Joel,Pop
16334,fma_small/016/016334.mp3,Kapi Radja (Ape King),Peliatan Gamelan,International
16337,fma_small/016/016337.mp3,Falling,Twizzle,Pop
16338,fma_small/016/016338.mp3,Black Elk Mountain,Twizzle,Pop
16339,fma_small/016/016339.mp3,This Is No Chanson,Twizzle,Pop
16340,fma_small/016/016340.mp3,Barefoot Girl/ Pebble Road,Twizzle,Pop
16354,fma_small/016/016354.mp3,Rose of Los Angeles,Michael Gira,Rock
16743,fma_small/016/016743.mp3,Laare,Salam,International
16744,fma_small/016/016744.mp3,Drogue,Salam,International
16745,fma_small/016/016745.mp3,Tara,Salam,International
16747,fma_small/016/016747.mp3,Kairo,Salam,International
16819,fma_small/016/016819.mp3,Mission Bucharest,Pharaos,Rock
16820,fma_small/016/016820.mp3,Investigation,Pharaos,Rock
16821,fma_small/016/016821.mp3,The Pharaos' Theme,Pharaos,Rock
16822,fma_small/016/016822.mp3,Warzaw Express,Pharaos,Rock
16878,fma_small/016/016878.mp3,Angular Momentum,Pre,Hip-Hop
16879,fma_small/016/016879.mp3,Yesterday,Pre,Hip-Hop
16880,fma_small/016/016880.mp3,Lampion,Pre,Hip-Hop
16895,fma_small/016/016895.mp3,American Standard,Matt Carlson,Pop
16994,fma_small/016/016994.mp3,First Christmas Song,Tusk Lord,Rock
16995,fma_small/016/016995.mp3,Second Christmas Song,Tusk Lord,Rock
16997,fma_small/016/016997.mp3,Third Christmas Song,Tusk Lord,Rock
17132,fma_small/017/017132.mp3,Mai,Love Story In Blood Red,Folk
17344,fma_small/017/017344.mp3,Falafel Western,No Nature,Pop
17345,fma_small/017/017345.mp3,Pop song,No Nature,Pop
17462,fma_small/017/017462.mp3,Baby With A Bamboo Heart,Soul Celtics,Rock
17491,fma_small/017/017491.mp3,Weebles (Featuring Dabbla),Formula,Hip-Hop
17496,fma_small/017/017496.mp3,Scary Thoughts + Scary Dreams,Formula,Hip-Hop
17499,fma_small/017/017499.mp3,The Way the World Ends,Formula,Hip-Hop
17500,fma_small/017/017500.mp3,"X Man (Featuring Zack S. Byer, Dabbla, Cobes & Aynzli Jones)",Formula,Hip-Hop
17573,fma_small/017/017573.mp3,For Two Glitching Organs,Ilya Monosov,Experimental
17588,fma_small/017/017588.mp3,Beach Foam,Future Islands,Electronic
17605,fma_small/017/017605.mp3,Syyn Miygak,Alash Ensemble,International
17606,fma_small/017/017606.mp3,Dyngyldai,Alash Ensemble,International
17607,fma_small/017/017607.mp3,Kargyraa,Alash Ensemble,International
17608,fma_small/017/017608.mp3,Bai-Taiga,Alash Ensemble,International
17609,fma_small/017/017609.mp3,Xöömei,Alash Ensemble,International
17610,fma_small/017/017610.mp3,Bashtak-la Deesh Meni Kanchaar,Alash Ensemble,International
17611,fma_small/017/017611.mp3,Chat with Rob Weisberg,Alash Ensemble,International
17631,fma_small/017/017631.mp3,Jaliya,Jalikebba Kuyateh and the Toubabs,International
17632,fma_small/017/017632.mp3,N' Latéla,Jalikebba Kuyateh and the Toubabs,International
17633,fma_small/017/017633.mp3,Caira,Jalikebba Kuyateh and the Toubabs,International
17634,fma_small/017/017634.mp3,M.Samba,Jalikebba Kuyateh and the Toubabs,International
17635,fma_small/017/017635.mp3,Signolu,Jalikebba Kuyateh and the Toubabs,International
17636,fma_small/017/017636.mp3,Griot and the Family,Jalikebba Kuyateh and the Toubabs,International
17637,fma_small/017/017637.mp3,Bamba Bojang,Jalikebba Kuyateh and the Toubabs,International
17644,fma_small/017/017644.mp3,Agar Agar Is My Love,Angst Hase Pfeffer Nase,Experimental
17735,fma_small/017/017735.mp3,Ecstatic Rite,Liturgy,Rock
17782,fma_small/017/017782.mp3,Sit on the Moon,LoveJones and Phys Edison,Hip-Hop
17884,fma_small/017/017884.mp3,End to Joy,Covox,Electronic
17906,fma_small/017/017906.mp3,I Want You Pretty,Learning Music,Pop
18031,fma_small/018/018031.mp3,Title Unknown,Conjunto Guantanamo,International
18032,fma_small/018/018032.mp3,Title Unknown,Conjunto Guantanamo,International
18033,fma_small/018/018033.mp3,Title Unknown,Conjunto Guantanamo,International
18034,fma_small/018/018034.mp3,Title Unknown,Conjunto Guantanamo,International
18037,fma_small/018/018037.mp3,Title Unknown,Diabetela,International
18038,fma_small/018/018038.mp3,Title Unknown,Diabetela,International
18039,fma_small/018/018039.mp3,Title Unknown,Diabetela,International
18043,fma_small/018/018043.mp3,Title Unknown,Nikolay Kolev,International
18044,fma_small/018/018044.mp3,Title Unknown,Nikolay Kolev,International
18112,fma_small/018/018112.mp3,Bardos,Sikhara,Experimental
18124,fma_small/018/018124.mp3,Dirty Indie Sound,Yoko Absorbing,Experimental
18144,fma_small/018/018144.mp3,cocktail lady,Funky Terrorist,Pop
18145,fma_small/018/018145.mp3,2 scratchy 2 dance,Funky Terrorist,Pop
18146,fma_small/018/018146.mp3,go! go !go!,Funky Terrorist,Pop
18159,fma_small/018/018159.mp3,Just Your Game,The Friendly Dimension,Folk
18197,fma_small/018/018197.mp3,Happening for Lulu,Kraus,Rock
18350,fma_small/018/018350.mp3,Overboard,Josh Mease,Folk
18607,fma_small/018/018607.mp3,Dear Giulietta,Kraus,Rock
18611,fma_small/018/018611.mp3,"I Love You, I'm Sorry",Kraus,Rock
18876,fma_small/018/018876.mp3,Crowley,Urthquake,Experimental
18877,fma_small/018/018877.mp3,Schlitz commercial,Urthquake,Experimental
18887,fma_small/018/018887.mp3,Best Friend,Seek Six Sick,Rock
19073,fma_small/019/019073.mp3,One Stringed Harp,Bell X1,Pop
19074,fma_small/019/019074.mp3,The Great Defector,Bell X1,Pop
19179,fma_small/019/019179.mp3,Mockingbird Hill,Special Moments,Rock
19184,fma_small/019/019184.mp3,They Dropped a Bomb (On Me),Special Moments,Rock
19187,fma_small/019/019187.mp3,War Is a Bitch,Special Moments,Rock
19192,fma_small/019/019192.mp3,Until the Sea Shall Free Them,Tom Carter,Experimental
19412,fma_small/019/019412.mp3,Kyoto Melody,Orquestra Popular De Paio Pires,Pop
19413,fma_small/019/019413.mp3,Cinnamon Walls,Orquestra Popular De Paio Pires,Pop
19415,fma_small/019/019415.mp3,Warm Hands,Orquestra Popular De Paio Pires,Pop
19416,fma_small/019/019416.mp3,Cut Grass,Orquestra Popular De Paio Pires,Pop
19417,fma_small/019/019417.mp3,City Turtles,Orquestra Popular De Paio Pires,Pop
19418,fma_small/019/019418.mp3,PAIO PIRES-CACILHAS (Directo),Orquestra Popular De Paio Pires,Pop
19420,fma_small/019/019420.mp3,"Take Me Out Tonight, I Want To See The Stars",Orquestra Popular De Paio Pires,Pop
19422,fma_small/019/019422.mp3,Nothing Happens,Orquestra Popular De Paio Pires,Pop
19423,fma_small/019/019423.mp3,Flamingo,Orquestra Popular De Paio Pires,Pop
19425,fma_small/019/019425.mp3,Seventeen,Auto-Pilot,Pop
19438,fma_small/019/019438.mp3,Stumble,Just Plain Ant,Hip-Hop
19439,fma_small/019/019439.mp3,God Damn,Sleaze,Hip-Hop
19441,fma_small/019/019441.mp3,Resolutions (Chris Summer Remix),Entertainment for the Braindead,Pop
19442,fma_small/019/019442.mp3,Tongue Tied,Paper Navy,Pop
19459,fma_small/019/019459.mp3,Medley 1,Djarara,International
19673,fma_small/019/019673.mp3,Banaketwe,Smokey Hormel,International
19674,fma_small/019/019674.mp3,Sous les Tropiques,Smokey Hormel,International
19685,fma_small/019/019685.mp3,Phantoms,Paik,Rock
19689,fma_small/019/019689.mp3,Excited Lobo Crown,NOW,Pop
19707,fma_small/019/019707.mp3,Inside the Rain,Steffen Basho-Junghans,Folk
19708,fma_small/019/019708.mp3,Sky Dreamer's Gold,Steffen Basho-Junghans,Folk
19729,fma_small/019/019729.mp3,Hot Boxing The Cockpit,Shlohmo,Hip-Hop
19758,fma_small/019/019758.mp3,Row,Dirty Mittens,Pop
19759,fma_small/019/019759.mp3,Let It Go,Dirty Mittens,Pop
19760,fma_small/019/019760.mp3,Fish in the Sea,Dirty Mittens,Pop
19889,fma_small/019/019889.mp3,Tutu m.d.  muziq to mek u stagga,Dr Dub,International
19890,fma_small/019/019890.mp3,"A crazy, bulbous punchbag of sound (ft Andy Fairle)",Dr Dub,International
19891,fma_small/019/019891.mp3,Revolution: Dub of dispensation,Dr Dub,International
20050,fma_small/020/020050.mp3,Let's Go Down,Family Of The Year,Rock
20296,fma_small/020/020296.mp3,Part 3,Sikhara,Experimental
20361,fma_small/020/020361.mp3,Penguin,Ergo Phizmiz,Instrumental
20362,fma_small/020/020362.mp3,Narwhal,Ergo Phizmiz,Instrumental
20364,fma_small/020/020364.mp3,Ice Cream Truck,Ergo Phizmiz,Instrumental
20365,fma_small/020/020365.mp3,Transformer,Ergo Phizmiz,Instrumental
20366,fma_small/020/020366.mp3,Toucan,Ergo Phizmiz,Instrumental
20369,fma_small/020/020369.mp3,Love Scene,Ergo Phizmiz,Instrumental
20372,fma_small/020/020372.mp3,Sedna,Ergo Phizmiz,Instrumental
20373,fma_small/020/020373.mp3,Storm,Ergo Phizmiz,Instrumental
20374,fma_small/020/020374.mp3,Battle,Ergo Phizmiz,Instrumental
20375,fma_small/020/020375.mp3,Northern Lights,Ergo Phizmiz,Instrumental
20376,fma_small/020/020376.mp3,Walrus,Ergo Phizmiz,Instrumental
20424,fma_small/020/020424.mp3,Unemployment Dirge,Gwilly Edmondez,Experimental
20432,fma_small/020/020432.mp3,Bubuia,Ceu,International
20469,fma_small/020/020469.mp3,La nascita del tragicomico HipHop dallo spirito degli speaker,ZONA MC,Hip-Hop
20667,fma_small/020/020667.mp3,surprisingly upbeat about it,Vim,Electronic
20704,fma_small/020/020704.mp3,Crack For Hippies,Appetite,Pop
20818,fma_small/020/020818.mp3,03 The Wedding Ring,Harrius,Experimental
21058,fma_small/021/021058.mp3,Titanic Sofas,Sore & Steal,Experimental
21085,fma_small/021/021085.mp3,Dispatch,The J. Arthur Keenes Band,Electronic
21087,fma_small/021/021087.mp3,part1,Hall Of Fame,Folk
21167,fma_small/021/021167.mp3,Bouncy Castle,Roglok,Electronic
21228,fma_small/021/021228.mp3,Dig Deep Mix,Lasswell,Hip-Hop
21231,fma_small/021/021231.mp3,"Not Like That-Collaboration Mix (ft. Mindmovie, Peter (Paddy) Bussmeier)",TheJoe,Pop
21232,fma_small/021/021232.mp3,Where I Stand,Alex077,Pop
21400,fma_small/021/021400.mp3,Un Don D'ovules Porteur De Vie,Montag,Pop
21401,fma_small/021/021401.mp3,Did The Red Sea Part?,Ghost Bees,Pop
21402,fma_small/021/021402.mp3,"Oh, Chicken Feathers!",Liger,Pop
21403,fma_small/021/021403.mp3,Pony Rides,Candy Claws,Pop
21404,fma_small/021/021404.mp3,Island Grows,Airships,Pop
21409,fma_small/021/021409.mp3,"Japanese Robot Likes Sushi, Fears President",Peter Fuhry,Pop
21422,fma_small/021/021422.mp3,Cleaning San Fran Oil Spill With Hair Mats And Mushrooms,Mochipet,Electronic
21565,fma_small/021/021565.mp3,Funny People,Santosh,Pop
21587,fma_small/021/021587.mp3,Polka Of Wrath,Santosh,Pop
21657,fma_small/021/021657.mp3,Study For A Pop Band,Volumina,Pop
21672,fma_small/021/021672.mp3,Bad Love,Guidance Counselor,Pop
21676,fma_small/021/021676.mp3,Life is Glass,Guidance Counselor,Pop
21677,fma_small/021/021677.mp3,I Don't Wanna Speak,Guidance Counselor,Pop
21707,fma_small/021/021707.mp3,A Poem In Slow Motion,Alice Rose,Folk
21774,fma_small/021/021774.mp3,Dutch East Indies,Snawklor,Experimental
21842,fma_small/021/021842.mp3,Tam814,LJ Kruzer,Electronic
21859,fma_small/021/021859.mp3,Alchemy Lab,Paint and Copter,Rock
21860,fma_small/021/021860.mp3,Everyone Wins,Paint and Copter,Rock
21891,fma_small/021/021891.mp3,"Sunrise, Nightfall",Mikuś,Electronic
21895,fma_small/021/021895.mp3,Most High Dub,Mikuś,Electronic
21995,fma_small/021/021995.mp3,zero rhythm dollar boy,Katapulto,Pop
21996,fma_small/021/021996.mp3,gospellioza,Katapulto,Pop
21997,fma_small/021/021997.mp3,purity & danger,Katapulto,Pop
21998,fma_small/021/021998.mp3,karaoke megablast,Katapulto,Pop
21999,fma_small/021/021999.mp3,danse macabre,Katapulto,Pop
22000,fma_small/022/022000.mp3,kolorowe wody,Katapulto,Pop
22001,fma_small/022/022001.mp3,philcollins takes your hand,Katapulto,Pop
22088,fma_small/022/022088.mp3,House of the Rising Son,Tab & Anitek,Hip-Hop
22091,fma_small/022/022091.mp3,Wondering Why (Featuring Nate Mezmer and Janice Bailon),ETHX,Hip-Hop
22093,fma_small/022/022093.mp3,I'm Not Dreaming,Josh Woodward,Rock
22094,fma_small/022/022094.mp3,I Remember When,Gates,Hip-Hop
22095,fma_small/022/022095.mp3,Restless,Just Plain Ant,Electronic
22097,fma_small/022/022097.mp3,Over Me,The Gasoline Brothers,Pop
22150,fma_small/022/022150.mp3,The Horror Approaches,Jeff McLeod,Experimental
22295,fma_small/022/022295.mp3,Sorry,Comfort Fit,Hip-Hop
22296,fma_small/022/022296.mp3,Je Suis Le Peuple Sans Visage Featuring Arnaud Michniak,DJ /rupture,Hip-Hop
22315,fma_small/022/022315.mp3,Taqasim,DJ /rupture,International
22348,fma_small/022/022348.mp3,The Chicken Cow,Boys Suck,Pop
22472,fma_small/022/022472.mp3,Busby Berkeley,Ergo Phizmiz,Pop
22473,fma_small/022/022473.mp3,Food and War,Ergo Phizmiz,Pop
22474,fma_small/022/022474.mp3,John the Baby,Ergo Phizmiz,Pop
22475,fma_small/022/022475.mp3,On My Mind,Ergo Phizmiz,Pop
22476,fma_small/022/022476.mp3,Music For an Underground Circu,Ergo Phizmiz,Pop
22477,fma_small/022/022477.mp3,Monkeystage,Ergo Phizmiz,Pop
22478,fma_small/022/022478.mp3,Something Dirty,Ergo Phizmiz,Pop
22479,fma_small/022/022479.mp3,Mandrill,Ergo Phizmiz,Pop
22480,fma_small/022/022480.mp3,Celia,Ergo Phizmiz,Pop
22481,fma_small/022/022481.mp3,The Sandman,Ergo Phizmiz,Pop
23010,fma_small/023/023010.mp3,Stereo-vision radio,Monopole,Electronic
23013,fma_small/023/023013.mp3,Bust This Bust That,Professor Kliq,Electronic
23014,fma_small/023/023014.mp3,These Days,Robin Grey,Folk
23015,fma_small/023/023015.mp3,Falling For You (Piano Version),Sean Fournier,Folk
23016,fma_small/023/023016.mp3,While She Sleeps (Morning Edit),The Lights Galaxia,Electronic
23037,fma_small/023/023037.mp3,Chinese Drop,major Major,Rock
23039,fma_small/023/023039.mp3,First Comes Rug Burn Then Comes Fire,Pinkle,Pop
23041,fma_small/023/023041.mp3,Cold Age,Stromble Fix,Rock
23063,fma_small/023/023063.mp3,poor economic policies,adcBicycle,Experimental
23155,fma_small/023/023155.mp3,Bouchon (with Les Gauchers Quintet),Lee Maddeford,International
23156,fma_small/023/023156.mp3,Biens souvent (with Les Gauchers Quintet),Lee Maddeford,International
23172,fma_small/023/023172.mp3,Octopussy,Juanitos,Rock
23329,fma_small/023/023329.mp3,Sexual Vulnurability,Tony Conrad,Experimental
23353,fma_small/023/023353.mp3,Eigenvalue Subspace Decomposition,Choc,Electronic
23355,fma_small/023/023355.mp3,Length and Brecht /Synaecide Remix/,Halogen,Electronic
23371,fma_small/023/023371.mp3,I Want To Destroy Something Beautiful,Josh Woodward,Folk
23372,fma_small/023/023372.mp3,Walkampfchampagne,Erdbeerschnitzel,Electronic
23505,fma_small/023/023505.mp3,Cliverpool,Pierlo,Electronic
23862,fma_small/023/023862.mp3,Datahell Beta,Goto80,Electronic
24216,fma_small/024/024216.mp3,Bleached Beach,Noveller,Experimental
24217,fma_small/024/024217.mp3,Redgrave,Noveller,Experimental
24218,fma_small/024/024218.mp3,Under the Color Cave,Noveller,Experimental
24362,fma_small/024/024362.mp3,Outro,Cuban Cowboys,International
24363,fma_small/024/024363.mp3,Intro,Cuban Cowboys,International
24364,fma_small/024/024364.mp3,Liberace Afternoon,Cuban Cowboys,International
24365,fma_small/024/024365.mp3,Shipwrecked Sailors,Cuban Cowboys,International
24366,fma_small/024/024366.mp3,El Danzon de Noventa Millas,Cuban Cowboys,International
24367,fma_small/024/024367.mp3,The Devil's Dance,Cuban Cowboys,International
24368,fma_small/024/024368.mp3,El Capitan,Cuban Cowboys,International
24369,fma_small/024/024369.mp3,Nobody Told Me,Cuban Cowboys,International
24370,fma_small/024/024370.mp3,Sr. Balaban,Cuban Cowboys,International
24371,fma_small/024/024371.mp3,Mauricio,Cuban Cowboys,International
24418,fma_small/024/024418.mp3,"6,49",Black Ant,Hip-Hop
24420,fma_small/024/024420.mp3,1982,Black Ant,Hip-Hop
24421,fma_small/024/024421.mp3,Black Ant,Black Ant,Hip-Hop
24422,fma_small/024/024422.mp3,Boomerang,Black Ant,Hip-Hop
24423,fma_small/024/024423.mp3,D8M3,Black Ant,Hip-Hop
24424,fma_small/024/024424.mp3,fACEMELTERmp3,Black Ant,Hip-Hop
24425,fma_small/024/024425.mp3,Fater Lee,Black Ant,Hip-Hop
24426,fma_small/024/024426.mp3,government funded weed,Black Ant,Hip-Hop
24427,fma_small/024/024427.mp3,Michael Vendette,Black Ant,Hip-Hop
24428,fma_small/024/024428.mp3,Underdog,Black Ant,Hip-Hop
24429,fma_small/024/024429.mp3,Oh K.,Black Ant,Hip-Hop
24430,fma_small/024/024430.mp3,Self Explainitory,Black Ant,Hip-Hop
24431,fma_small/024/024431.mp3,5 Piece,Black Ant,Hip-Hop
24432,fma_small/024/024432.mp3,Christmas Eve 2009,Black Ant,Hip-Hop
24512,fma_small/024/024512.mp3,Schreien,Joerg Piringer,Experimental
24515,fma_small/024/024515.mp3,Ne Me,People Like Us,Experimental
24521,fma_small/024/024521.mp3,Flightless For Candy,Irene Moon & Sara O'Keefe,Experimental
24524,fma_small/024/024524.mp3,T.O.U.C.H.I.N.G,C. Spencer Yeh,Experimental
24698,fma_small/024/024698.mp3,Hora Lui Perisani,Ardei Iute (Moldavian string band),International
24699,fma_small/024/024699.mp3,Hora Moldavaneasca,Ardei Iute (Moldavian string band),International
24700,fma_small/024/024700.mp3,Hora De Mana,Ardei Iute (Moldavian string band),International
24701,fma_small/024/024701.mp3,(banter),Ardei Iute (Moldavian string band),International
24702,fma_small/024/024702.mp3,Klezmer Hora,Ardei Iute (Moldavian string band),International
24717,fma_small/024/024717.mp3,O Kurjam Kan O,Kadife,International
24720,fma_small/024/024720.mp3,Besena Rovena / Beqare Moj,Kadife,International
24739,fma_small/024/024739.mp3,Mileva Racenica,Druzina,International
24741,fma_small/024/024741.mp3,Davaj Me,Druzina,International
24742,fma_small/024/024742.mp3,Pajdusko,Druzina,International
24745,fma_small/024/024745.mp3,Hora Colaj,Gipsyork,International
24746,fma_small/024/024746.mp3,Tutti Frutti / Portocala,Gipsyork,International
24747,fma_small/024/024747.mp3,Mamuliga Branzali / Dimeneata se Numara Banii,Gipsyork,International
24748,fma_small/024/024748.mp3,Hora Nuca,Gipsyork,International
24749,fma_small/024/024749.mp3,Batuta,Gipsyork,International
24842,fma_small/024/024842.mp3,Tango Toscana,Quartet San Francisco,International
24898,fma_small/024/024898.mp3,paris-children,Sawako,Experimental
24899,fma_small/024/024899.mp3,paris-stationloop,Sawako,Experimental
24901,fma_small/024/024901.mp3,barcelona-practice,Sawako,Experimental
24912,fma_small/024/024912.mp3,lisbon-flute,Sawako,Experimental
24915,fma_small/024/024915.mp3,italy-station,Sawako,Experimental
24917,fma_small/024/024917.mp3,lisbon-ambience,Sawako,Experimental
24963,fma_small/024/024963.mp3,Sexy Party,Ergo Phizmiz,Experimental
24975,fma_small/024/024975.mp3,Hungarian Tango,Ergo Phizmiz,Experimental
24983,fma_small/024/024983.mp3,Singing in the Raindrops Keep,Ergo Phizmiz,Experimental
25028,fma_small/025/025028.mp3,La Circiuma de la Drum-Bessarabian Rom Hora,Romashka,International
25029,fma_small/025/025029.mp3,Loli Phobay,Romashka,International
25030,fma_small/025/025030.mp3,Shimdiggy / Batuta,Romashka,International
25031,fma_small/025/025031.mp3,Tuchi v Golubom,Romashka,International
25032,fma_small/025/025032.mp3,Cocek Kadrievi,Romashka,International
25033,fma_small/025/025033.mp3,Hochu Lyubit,Romashka,International
25055,fma_small/025/025055.mp3,Judgement Day,Ghosts and Strings,Pop
25063,fma_small/025/025063.mp3,between cloud and land,Ketsa,Experimental
25066,fma_small/025/025066.mp3,Laugh Chile Puree,the menu,Electronic
25104,fma_small/025/025104.mp3,Black Cat Veins,Bombay Laughing Club,Pop
25124,fma_small/025/025124.mp3,Bridge Jumping,Bombay Laughing Club,Pop
25215,fma_small/025/025215.mp3,Ruchenitsa,Zlatne Uste Balkan Brass Band,International
25216,fma_small/025/025216.mp3,Kolo Iz Sumadije,Zlatne Uste Balkan Brass Band,International
25227,fma_small/025/025227.mp3,"Tjønnblomen, waltz",Loretta Kelley,International
25232,fma_small/025/025232.mp3,"Sjåheimen, Valdresspringar",Loretta Kelley,International
25233,fma_small/025/025233.mp3,"Urheimen, vossarull",Loretta Kelley,International
25234,fma_small/025/025234.mp3,"Ruske-Sara, telespringar",Loretta Kelley,International
25235,fma_small/025/025235.mp3,"Jon Vestafe, telespringar",Loretta Kelley,International
25324,fma_small/025/025324.mp3,Low Budget Cable Sketch Comedy Show Instrumental Theme Song,We're Late For Class,Experimental
25378,fma_small/025/025378.mp3,"love, ignorant",valzi,Electronic
25601,fma_small/025/025601.mp3,7th Sea Dub in Twilight,Ras Amerlock meets Professor Balthazar,International
25603,fma_small/025/025603.mp3,Tribute to Volfoniq (Auverne Mix),Ras Amerlock,International
25605,fma_small/025/025605.mp3,Tribute to Disrupt (Nah Fuk Round Riddim),Ras Amerlock,International
25606,fma_small/025/025606.mp3,Tread Wise (Version),Ras Amerlock,International
25608,fma_small/025/025608.mp3,Ambassadors,Ras Amerlock meets Mc Zulu,International
25609,fma_small/025/025609.mp3,Leipzig Im Winter,Ras Amerlock,International
25668,fma_small/025/025668.mp3,Love not money (feat. Solo Banton & Sam),Volfoniq,International
25669,fma_small/025/025669.mp3,Love not monnaie (feat. Tribuman),Volfoniq,International
25670,fma_small/025/025670.mp3,Mystic riddim,Volfoniq,International
25795,fma_small/025/025795.mp3,Abre caminhos,Buguinha Dub,International
25796,fma_small/025/025796.mp3,Liberate,Buguinha Dub,International
25797,fma_small/025/025797.mp3,Adubando,Buguinha Dub,International
25802,fma_small/025/025802.mp3,Satisfacao,Buguinha Dub,International
25804,fma_small/025/025804.mp3,Celebrando a vida,Buguinha Dub,International
26007,fma_small/026/026007.mp3,Can I Help U?,Comfort Fit,Hip-Hop
26008,fma_small/026/026008.mp3,Planetary Picknick,Comfort Fit,Hip-Hop
26010,fma_small/026/026010.mp3,Freeze The Cut,Comfort Fit,Hip-Hop
26011,fma_small/026/026011.mp3,Take a Look,Comfort Fit,Hip-Hop
26012,fma_small/026/026012.mp3,True Form,Comfort Fit,Hip-Hop
26013,fma_small/026/026013.mp3,Thursday is Thursdy,Comfort Fit,Hip-Hop
26014,fma_small/026/026014.mp3,Whenever You Wanna Call Me,Comfort Fit,Hip-Hop
26016,fma_small/026/026016.mp3,She Knows Me Now (re-edit),Comfort Fit,Hip-Hop
26017,fma_small/026/026017.mp3,Remember Something I Forgot,Comfort Fit,Hip-Hop
26020,fma_small/026/026020.mp3,Emotional Draft,Comfort Fit,Hip-Hop
26021,fma_small/026/026021.mp3,Hairy Crushed Nuts,Comfort Fit,Hip-Hop
26022,fma_small/026/026022.mp3,The Hunt,Comfort Fit,Hip-Hop
26025,fma_small/026/026025.mp3,Swabian Sound System,Comfort Fit,Hip-Hop
26026,fma_small/026/026026.mp3,Miles of Smiles,Comfort Fit,Hip-Hop
26034,fma_small/026/026034.mp3,Dro Please,Cvees,Hip-Hop
26035,fma_small/026/026035.mp3,For You,Cvees,Hip-Hop
26036,fma_small/026/026036.mp3,Spread Love to Ya,Cvees,Hip-Hop
26169,fma_small/026/026169.mp3,MJ's Grave,Monk Turner,Pop
26174,fma_small/026/026174.mp3,A Place to Call Home,Monk Turner,Pop
26298,fma_small/026/026298.mp3,"Slow Down, Joe",Karl Blau,Pop
26301,fma_small/026/026301.mp3,The Dance Of The Sugar Plumb Fairy,Karl Blau,Experimental
26302,fma_small/026/026302.mp3,Ode To Demons,Karl Blau,Folk
26307,fma_small/026/026307.mp3,96,Karl Blau,Experimental
26322,fma_small/026/026322.mp3,Gnos Levohs,Karl Blau,Experimental
26464,fma_small/026/026464.mp3,Falling Off the Map,Spectre Folk,Folk
26465,fma_small/026/026465.mp3,Toot! Toot!,Spectre Folk,Folk
26466,fma_small/026/026466.mp3,Burning Bridge,Spectre Folk,Folk
26583,fma_small/026/026583.mp3,"""Jane Icin (For Jane - In Turkish)"" by Charles Bukowski",Lezet,Experimental
26600,fma_small/026/026600.mp3,"""(Me up at does)"" by E. E. Cummings",Lezet,Experimental
26605,fma_small/026/026605.mp3,"""Ella Fitzgerald"" by James A. Emanuel",Lezet,Experimental
26629,fma_small/026/026629.mp3,Heroic Hexa Epic,NOISE64,Electronic
26638,fma_small/026/026638.mp3,02,Flowerheads,Rock
26639,fma_small/026/026639.mp3,03,Flowerheads,Rock
26640,fma_small/026/026640.mp3,04,Flowerheads,Rock
26641,fma_small/026/026641.mp3,05,Flowerheads,Rock
26642,fma_small/026/026642.mp3,06,Flowerheads,Rock
26643,fma_small/026/026643.mp3,07,Flowerheads,Rock
26651,fma_small/026/026651.mp3,Deep Sky Blue,Graphiqs Groove,Electronic
26652,fma_small/026/026652.mp3,Bleuacide,Graphiqs Groove,Electronic
26653,fma_small/026/026653.mp3,Yellow Ocher,Graphiqs Groove,Electronic
26654,fma_small/026/026654.mp3,Midnight Blue JzDnB,Graphiqs Groove,Electronic
26655,fma_small/026/026655.mp3,Frosty Blue,Graphiqs Groove,Electronic
26656,fma_small/026/026656.mp3,Sea Green,Graphiqs Groove,Electronic
26657,fma_small/026/026657.mp3,Reed Gray,Graphiqs Groove,Electronic
26658,fma_small/026/026658.mp3,Burn Tumber JzDnB,Graphiqs Groove,Electronic
26659,fma_small/026/026659.mp3,Cyanos,Graphiqs Groove,Electronic
26674,fma_small/026/026674.mp3,Solaris,Disen Gage,Rock
26681,fma_small/026/026681.mp3,Latino,Disen Gage,Rock
26754,fma_small/026/026754.mp3,Alarm Clock,Tiny Creatures,Pop
26765,fma_small/026/026765.mp3,Everybody Is Happy,Tiny Creatures,Pop
26859,fma_small/026/026859.mp3,ruby cactus,"I, Cactus",Electronic
26861,fma_small/026/026861.mp3,yellow cactus,"I, Cactus",Electronic
26902,fma_small/026/026902.mp3,The Hit,Goto80,Electronic
26904,fma_small/026/026904.mp3,Boys Say Only You feat. Yazoo,Goto80,Electronic
26905,fma_small/026/026905.mp3,Viking Conquistador feat. Acid Terrorist,Goto80,Electronic
26906,fma_small/026/026906.mp3,Invader Tune,Goto80,Electronic
27164,fma_small/027/027164.mp3,thisis a humalong (feat. featherbeard),Rhoda,Pop
27177,fma_small/027/027177.mp3,Quartz Boy,Pixelord,Electronic
27194,fma_small/027/027194.mp3,Barcelona Afrobeat 07,Barcelona Afrobeat International Orchestra,International
27195,fma_small/027/027195.mp3,Barcelona Afrobeat 01,Barcelona Afrobeat International Orchestra,International
27197,fma_small/027/027197.mp3,Barcelona Afrobeat 03,Barcelona Afrobeat International Orchestra,International
27198,fma_small/027/027198.mp3,Barcelona Afrobeat 04,Barcelona Afrobeat International Orchestra,International
27258,fma_small/027/027258.mp3,The Divine Invasion,P.G. Six,Folk
27406,fma_small/027/027406.mp3,Cafe de Brasil,Ryo Miyashita,Electronic
27454,fma_small/027/027454.mp3,Track 1,Sun Araw,Experimental
27455,fma_small/027/027455.mp3,Track 2,Sun Araw,Experimental
27456,fma_small/027/027456.mp3,Track 3,Sun Araw,Experimental
27547,fma_small/027/027547.mp3,I'm a Sir,Frau,Pop
27548,fma_small/027/027548.mp3,Mesin Penenun Hujan,Frau,Pop
27549,fma_small/027/027549.mp3,Rat and Cat,Frau,Pop
27550,fma_small/027/027550.mp3,Sepasang Kekasih Yang Pertama Bercinta Di Luar Angkasa,Frau,Pop
27551,fma_small/027/027551.mp3,"Salahku, Sahabatku",Frau,Pop
27552,fma_small/027/027552.mp3,Glow,Frau,Pop
27609,fma_small/027/027609.mp3,Baile me por Tangos,El Niño del Parking,International
27610,fma_small/027/027610.mp3,Big Foot (Cuántos Años),El Niño del Parking,International
27611,fma_small/027/027611.mp3,La Juerga en Estado Puro,El Niño del Parking,International
27612,fma_small/027/027612.mp3,Que te Quiero Yo,El Niño del Parking,International
27613,fma_small/027/027613.mp3,Los Dolores de Juana,El Niño del Parking,International
27667,fma_small/027/027667.mp3,Deep Performance,Gradient,Electronic
27673,fma_small/027/027673.mp3,Marche pour la cérémonie turque,Bacalao,Electronic
27797,fma_small/027/027797.mp3,Come to Gwangju with Me (ft. Grizzly616),The Orchestral Movement of 1932,Pop
27798,fma_small/027/027798.mp3,Inspire Me Forever (Secret Anomaly Jonez Mix),spinningmerkaba,Electronic
27799,fma_small/027/027799.mp3,Elevator,Ms.Vybe,Hip-Hop
27802,fma_small/027/027802.mp3,Like A Flock Of Birds In Flight,onlymeith,Pop
27803,fma_small/027/027803.mp3,"After the War (ft. Alex, MoShang, HEJ31)",SackJo22,Experimental
27804,fma_small/027/027804.mp3,|Two Sides| Why? (ft. Colin Mutchler & Mykleanthony),Scomber,Folk
27805,fma_small/027/027805.mp3,Both Eyes Closed (ft. Panu Moon),State Shirt,Pop
27855,fma_small/027/027855.mp3,Sunset Spiral,Hall Of Fame,Folk
27856,fma_small/027/027856.mp3,Rival,Hall Of Fame,Folk
27866,fma_small/027/027866.mp3,Solo Guitar,Ivanovich,Experimental
27945,fma_small/027/027945.mp3,(b) I Know How,Cooper-Moore,Experimental
27953,fma_small/027/027953.mp3,(a) The Forest,Cooper-Moore,International
27975,fma_small/027/027975.mp3,Ladrang WILUJENG,Gamelan Nyai Saraswati,International
27978,fma_small/027/027978.mp3,Gending MOON,Gamelan Nyai Saraswati,International
27981,fma_small/027/027981.mp3,"Ladrang ASMARADANA, Slendro Ma",Gamelan Nyai Saraswati,International
27987,fma_small/027/027987.mp3,Bubaran UDAN MAS,Gamelan Nyai Saraswati,International
28070,fma_small/028/028070.mp3,Romantic Girl,Bare Wires,Rock
28072,fma_small/028/028072.mp3,Nice to Know You,Bare Wires,Rock
28179,fma_small/028/028179.mp3,Raise Riddim,I.D. & Baobinga,Electronic
28241,fma_small/028/028241.mp3,Greek Yoghurt Advice,Copydex,Experimental
28260,fma_small/028/028260.mp3,Leave You Forever,Cloud Nothings,Rock
28266,fma_small/028/028266.mp3,Working Song,Lame Drivers,Rock
28274,fma_small/028/028274.mp3,There Goes My Girl,Sultan,Rock
28375,fma_small/028/028375.mp3,Salutation,Bomis Prendin,Experimental
28376,fma_small/028/028376.mp3,The Doppler Shift,Bomis Prendin,Experimental
28477,fma_small/028/028477.mp3,Feel It,The Pop Winds,Pop
28478,fma_small/028/028478.mp3,Drowning In The Dark,The Pop Winds,Pop
28479,fma_small/028/028479.mp3,The Turquoise,The Pop Winds,Pop
28480,fma_small/028/028480.mp3,Will Be A Dream,The Pop Winds,Pop
28481,fma_small/028/028481.mp3,Met Some New Colors,The Pop Winds,Pop
28482,fma_small/028/028482.mp3,Perennial,The Pop Winds,Pop
28483,fma_small/028/028483.mp3,Owl Eyes,The Pop Winds,Pop
28484,fma_small/028/028484.mp3,Fools,The Pop Winds,Pop
28485,fma_small/028/028485.mp3,Good Person,The Pop Winds,Pop
28546,fma_small/028/028546.mp3,Our Slanted Voices (ft. Colin Mutchler),DoKashiteru,Electronic
28548,fma_small/028/028548.mp3,summer,General Fuzz,Electronic
28553,fma_small/028/028553.mp3,Lullaby,_ghost,Electronic
28571,fma_small/028/028571.mp3,Epic,Radioactive Sparrow,Experimental
28608,fma_small/028/028608.mp3,VOLCANO,Ergo Phizmiz,Pop
28692,fma_small/028/028692.mp3,You A Grave,The Black Bug,Rock
28802,fma_small/028/028802.mp3,Eating Babies,Grave Babies,Pop
29037,fma_small/029/029037.mp3,raw instrumental pt.1,Digi G'Alessio,Electronic
29039,fma_small/029/029039.mp3,malva (instrumental),Digi G'Alessio,Electronic
29040,fma_small/029/029040.mp3,raw instrumental pt2,Digi G'Alessio,Electronic
29041,fma_small/029/029041.mp3,switches (instrumetal),Digi G'Alessio,Electronic
29042,fma_small/029/029042.mp3,darix togni,Digi G'Alessio,Electronic
29043,fma_small/029/029043.mp3,perro,Digi G'Alessio,Electronic
29044,fma_small/029/029044.mp3,ekiti son feat valeska - april deegee rmx,Digi G'Alessio,Electronic
29045,fma_small/029/029045.mp3,I Want You,Buffalo Stance,Pop
29128,fma_small/029/029128.mp3,gymnosperm,Jim Morisson mon cul,Pop
29180,fma_small/029/029180.mp3,mamido,Charlene Darling,Pop
29243,fma_small/029/029243.mp3,Blue Hardrock Spasm,Benjamin Bret,Pop
29245,fma_small/029/029245.mp3,The Angel,Benjamin Bret,Pop
29255,fma_small/029/029255.mp3,Lounge Light,Benjamin Bret,Pop
29271,fma_small/029/029271.mp3,Discount Store,Dan Bryk,Pop
29272,fma_small/029/029272.mp3,Cycle Fragment,Ergo Phizmiz,Experimental
29350,fma_small/029/029350.mp3,"Misa en Quechua en Pisac, Perú - 7 7",2 cholitas,International
29351,fma_small/029/029351.mp3,tipac tipac,danzante de tijeras,International
29355,fma_small/029/029355.mp3,Yayno,InKa,International
29465,fma_small/029/029465.mp3,Aunt Sqrot & Narcoleptus Git,Copydex,Experimental
29480,fma_small/029/029480.mp3,Fighting Challenge,Falcao and Monashee,Folk
29526,fma_small/029/029526.mp3,Blast Off!,8bit Betty,Electronic
29528,fma_small/029/029528.mp3,And I know that you're happy (ballad of the lonesome spaceboy),8bit Betty,Electronic
29530,fma_small/029/029530.mp3,Spooky Loop,8bit Betty,Electronic
29587,fma_small/029/029587.mp3,The Story Of Mr Busalot Trailer (Bonus Track),Mr. Busalot,Hip-Hop
29602,fma_small/029/029602.mp3,L'Automne En Amour,KenLo Craqnuques,Hip-Hop
29673,fma_small/029/029673.mp3,I.C.,Listen With Sarah,Electronic
29718,fma_small/029/029718.mp3,Controlled Relaxation,Codex Machine,Hip-Hop
29719,fma_small/029/029719.mp3,Man vs. Monkey,Codex Machine,Hip-Hop
29720,fma_small/029/029720.mp3,S.P.Y.,Codex Machine,Hip-Hop
29721,fma_small/029/029721.mp3,You Can Never Escape The Underground,Codex Machine,Hip-Hop
29738,fma_small/029/029738.mp3,Just Say Booger (Brody and the Booger Brigade),Brody,Experimental
29739,fma_small/029/029739.mp3,Big Blue Day,Uncle Neptune,Experimental
29740,fma_small/029/029740.mp3,The Jagables,Kazoo Funk Orchestra,Experimental
29741,fma_small/029/029741.mp3,Il Circo Smorfioso,A Smile for Timbuctu,Experimental
29742,fma_small/029/029742.mp3,Penguin and Sea Lion,El Zoologico,Experimental
29744,fma_small/029/029744.mp3,All You Need Is Toys,Rufus Hofbagger,Experimental
29745,fma_small/029/029745.mp3,Spunky Left Two Three,The Bran Flakes,Experimental
29746,fma_small/029/029746.mp3,Dont Let Sheep Play The Piano (Lee and Sheep),Lee Rosevere,Experimental
29747,fma_small/029/029747.mp3,Padi Badi Bap (Mister Jan and His Singing Little Spiders),Mister Jan,Experimental
29750,fma_small/029/029750.mp3,The Little Monkey Song,Pastor McPurvis,Experimental
29752,fma_small/029/029752.mp3,Row Row Row Your Boat (Mister Jan),Mister Jan,Experimental
29807,fma_small/029/029807.mp3,Intro / Reggae 1 / Rising Son,The Dreams,Rock
29813,fma_small/029/029813.mp3,Reggae 2,The Dreams,Rock
29816,fma_small/029/029816.mp3,In The Fall,Future Islands,Electronic
29961,fma_small/029/029961.mp3,Villaintime Madness,Deal The Villain,Hip-Hop
29971,fma_small/029/029971.mp3,wild tape,Amy Sayer,Folk
30041,fma_small/030/030041.mp3,Rocket Into The Future,Cullah,Hip-Hop
30043,fma_small/030/030043.mp3,Soul Hip Hop,Cullah,Hip-Hop
30050,fma_small/030/030050.mp3,Accordion,Cullah,Hip-Hop
30056,fma_small/030/030056.mp3,Gypsy,Cullah,Hip-Hop
30058,fma_small/030/030058.mp3,JazzBass,Cullah,Hip-Hop
30059,fma_small/030/030059.mp3,MC Cullah's Guitar,Cullah,Hip-Hop
30090,fma_small/030/030090.mp3,Tribal 23 Tribute,1 Riche Kannibal,Experimental
30095,fma_small/030/030095.mp3,Millenium Samba,1 Riche Kannibal,Experimental
30120,fma_small/030/030120.mp3,test-3º SOME PIANOS AND A BICYCLE,Juan Antonio Nieto,Experimental
30196,fma_small/030/030196.mp3,Phase Of Prisms,Lee Rosevere,Instrumental
30198,fma_small/030/030198.mp3,Son Of Tegwar,Lee Rosevere,Experimental
30230,fma_small/030/030230.mp3,TIME/Leap,St. LaRok,Hip-Hop
30316,fma_small/030/030316.mp3,Frozen Assets,Wm. Burke's Hideous Truth,Experimental
30486,fma_small/030/030486.mp3,gneiss,Amil Byleckie,Pop
30487,fma_small/030/030487.mp3,probably digging my own grave,Amil Byleckie,Pop
30488,fma_small/030/030488.mp3,that face you wear,Amil Byleckie,Pop
30519,fma_small/030/030519.mp3,Icarus,Trash80,Electronic
30520,fma_small/030/030520.mp3,Robot Sneakers,Trash80,Electronic
30521,fma_small/030/030521.mp3,Missing You,Trash80,Electronic
30522,fma_small/030/030522.mp3,At Teh Disko,Trash80,Electronic
30636,fma_small/030/030636.mp3,connecticut,"If, Bwana",Experimental
30682,fma_small/030/030682.mp3,Daymare (Meth Lounge mix by Fez Dispenser),Boom Dispenser,Experimental
30690,fma_small/030/030690.mp3,Magma,Ambient Fabric,Experimental
30702,fma_small/030/030702.mp3,Walk through Trees,Gurdonark,Experimental
30740,fma_small/030/030740.mp3,Part IV,Paul Metzger,Experimental
30895,fma_small/030/030895.mp3,Camuffarsi e Mantenere la Calma (Al Pianobar),Digi G'Alessio,Electronic
31040,fma_small/031/031040.mp3,Hallon,Christian Bjoerklund,Electronic
31041,fma_small/031/031041.mp3,5,Christian Bjoerklund,Electronic
31042,fma_small/031/031042.mp3,FB-01_#2,Christian Bjoerklund,Electronic
31043,fma_small/031/031043.mp3,The Professor's Lab,Christian Bjoerklund,Electronic
31044,fma_small/031/031044.mp3,In The Belly Of Gorgul,Christian Bjoerklund,Electronic
31165,fma_small/031/031165.mp3,A palavra / O primeiro passo,BNegão & Seletores de Freqüência,International
31356,fma_small/031/031356.mp3,Toot Toot,Spectre Folk,Folk
31389,fma_small/031/031389.mp3,Last Night,Amy Sayer,Folk
31390,fma_small/031/031390.mp3,Hands of Time,Amy Sayer,Folk
31391,fma_small/031/031391.mp3,More Love,Amy Sayer,Folk
31392,fma_small/031/031392.mp3,Siren Song,Amy Sayer,Folk
31568,fma_small/031/031568.mp3,Morning News,Nameless Dancers,Electronic
31807,fma_small/031/031807.mp3,Oh Eve,Fuck Buddies,Folk
31887,fma_small/031/031887.mp3,Gavotte,Louise Ebrel and Ifig Flatres,International
31888,fma_small/031/031888.mp3,Pach Pi,Louise Ebrel and Ifig Flatres,International
31889,fma_small/031/031889.mp3,Pierig a Fransoazig,Louise Ebrel and Ifig Flatres,International
31999,fma_small/031/031999.mp3,I Want a House,Twin Sister,Rock
32001,fma_small/032/032001.mp3,Ginger,Twin Sister,Rock
32021,fma_small/032/032021.mp3,Christmas,Das Black Milk,Rock
32075,fma_small/032/032075.mp3,Rocker's Night Out (Punk for a Day),Single Bullet Theory,Rock
32081,fma_small/032/032081.mp3,Miss Two Knives,Single Bullet Theory,Rock
32218,fma_small/032/032218.mp3,Happy Sun,Monokle & Galun,Electronic
32325,fma_small/032/032325.mp3,Krime,Plushgoolash,Pop
32326,fma_small/032/032326.mp3,Spatabit,Plushgoolash,Pop
32327,fma_small/032/032327.mp3,Mr Head Talks About His Testic,Plushgoolash,Pop
32328,fma_small/032/032328.mp3,A Frog's Cheese,Plushgoolash,Pop
32329,fma_small/032/032329.mp3,Elephant Juice,Plushgoolash,Pop
32330,fma_small/032/032330.mp3,Happy Birthday to Your Mother,Plushgoolash,Pop
32331,fma_small/032/032331.mp3,My Purple Shirt,Plushgoolash,Pop
32332,fma_small/032/032332.mp3,Les,Plushgoolash,Pop
32333,fma_small/032/032333.mp3,Bride of Chucky,Plushgoolash,Pop
32334,fma_small/032/032334.mp3,Brown Rainbows,Plushgoolash,Pop
32335,fma_small/032/032335.mp3,Legs on a Wine Glass,Plushgoolash,Pop
32336,fma_small/032/032336.mp3,Blatant Drunken Lies,Plushgoolash,Pop
32337,fma_small/032/032337.mp3,I Invented Everything,Plushgoolash,Pop
32338,fma_small/032/032338.mp3,Bad Boy,Plushgoolash,Pop
32339,fma_small/032/032339.mp3,The Crap Lion,Plushgoolash,Pop
32340,fma_small/032/032340.mp3,A Man Called Dave,Plushgoolash,Pop
32433,fma_small/032/032433.mp3,Wake Up,Crazy Games,Electronic
32435,fma_small/032/032435.mp3,Password,Go Gadget,Electronic
32437,fma_small/032/032437.mp3,Healing,Big Bang Boom,Electronic
32438,fma_small/032/032438.mp3,Go! Go! Go!,You Kill My Brother,Electronic
32439,fma_small/032/032439.mp3,Chased By A Running Chupacabra,Son Of A Bit!,Electronic
32525,fma_small/032/032525.mp3,I Can't Help Falling in Love with You,Secret Cities,Pop
32686,fma_small/032/032686.mp3,Class,transient,Hip-Hop
32687,fma_small/032/032687.mp3,You and Me,transient,Hip-Hop
32689,fma_small/032/032689.mp3,Lazy Groove,transient,Hip-Hop
32693,fma_small/032/032693.mp3,Organic,transient,Hip-Hop
32694,fma_small/032/032694.mp3,Take a Trip and Never Leave the Farm,transient,Hip-Hop
32695,fma_small/032/032695.mp3,In Too Deep,transient,Hip-Hop
32755,fma_small/032/032755.mp3,Teknical Development,Anitek,Hip-Hop
32756,fma_small/032/032756.mp3,Ninety Days,Robin Grey,Folk
32759,fma_small/032/032759.mp3,And The Pond Life Flourished,Heifervescent,Pop
32760,fma_small/032/032760.mp3,Bury The Doubt,Christophe Marc,Pop
32800,fma_small/032/032800.mp3,It's Not The Heat (It's The Humidity),Yair Yona,Folk
32882,fma_small/032/032882.mp3,Crown City Rockers - No Sense (Remix),Katrah-Quey,Hip-Hop
33020,fma_small/033/033020.mp3,Whistling/Cartoons,Dublin Duck Dispensary,Rock
33049,fma_small/033/033049.mp3,Carnival,Eric Lindley,Folk
33050,fma_small/033/033050.mp3,It's Funny,Eric Lindley,Folk
33064,fma_small/033/033064.mp3,Little Toys,Willow,Electronic
33067,fma_small/033/033067.mp3,Gran Pecador,Chico Trujillo,International
33068,fma_small/033/033068.mp3,Loca,Chico Trujillo,International
33069,fma_small/033/033069.mp3,Sombrero - Calentones,Chico Trujillo,International
33070,fma_small/033/033070.mp3,Villera Mistica,Chico Trujillo,International
33071,fma_small/033/033071.mp3,La Gata Bajo La Lluvia,Chico Trujillo,International
33072,fma_small/033/033072.mp3,Lanzaplatos,Chico Trujillo,International
33123,fma_small/033/033123.mp3,Piano  5-1,Elisa Luu,Electronic
33124,fma_small/033/033124.mp3,Colazione su saturno,Menion,Electronic
33203,fma_small/033/033203.mp3,African Era,Maryos,Electronic
33216,fma_small/033/033216.mp3,Noi Doi (Silent Strike Remix),Alexandrina,Electronic
33221,fma_small/033/033221.mp3,Belladonna,Suie Paparude,Electronic
33278,fma_small/033/033278.mp3,Rails,Bing and Ruth,Experimental
33415,fma_small/033/033415.mp3,Folklore Inca-Qheswa,runa simi language singer,International
33422,fma_small/033/033422.mp3,DIANA      Quiñota   Chumbivilcas(2),BANDA TIPICA LOS AUTENTICOS DE MARKA MARKA,International
33424,fma_small/033/033424.mp3,???,las Salcabambinitas,International
33426,fma_small/033/033426.mp3,CANTOS DE LAS JOVENES,CONCHACCOTA PROGRESO GRAU,International
33446,fma_small/033/033446.mp3,Mad About You,Yair Yona,Folk
33459,fma_small/033/033459.mp3,Cherry Cherry,Unrest,Rock
33460,fma_small/033/033460.mp3,So Sick,Unrest,Rock
33461,fma_small/033/033461.mp3,Make Out Club,Unrest,Rock
33465,fma_small/033/033465.mp3,West Coast Love Affair,Unrest,Rock
33477,fma_small/033/033477.mp3,"Some nights when our dreams were scratched away, we tried to remain calm with the Single String Charmer",Ran Slavin,Experimental
33486,fma_small/033/033486.mp3,location 6,Greg Davis,Experimental
33538,fma_small/033/033538.mp3,Roka,Calexico,Rock
33992,fma_small/033/033992.mp3,Oblivion,The Pleasure Kills,Rock
34003,fma_small/034/034003.mp3,On Eerie Bonds,Andrij Orel,Experimental
34147,fma_small/034/034147.mp3,05 Russian Dance,Yair Yona,Folk
34167,fma_small/034/034167.mp3,WFMU Freestyle,Blitz The Ambassador,Hip-Hop
34257,fma_small/034/034257.mp3,Ocean,Bebe Fang,Experimental
34258,fma_small/034/034258.mp3,Work,Bebe Fang,Experimental
34263,fma_small/034/034263.mp3,Nature's Cry,Bebe Fang,Experimental
34484,fma_small/034/034484.mp3,Comic Topic,Not From This World,Folk
34510,fma_small/034/034510.mp3,Section 5,Cecilia Lopez,Experimental
34511,fma_small/034/034511.mp3,Vilse (Slutet Cover),Symfoniorkestern,Pop
34994,fma_small/034/034994.mp3,Dear Listener,6 or 7,Experimental
34996,fma_small/034/034996.mp3,Ritual,Ambient Fabric,Experimental
35007,fma_small/035/035007.mp3,Volker Goes to Spain,EHEIM 1000.220 with PAS,Experimental
35008,fma_small/035/035008.mp3,Sadness,Gurdonark,Experimental
35182,fma_small/035/035182.mp3,Glimmer (Album Version),Garmisch,Pop
35184,fma_small/035/035184.mp3,U Fine,Garmisch,Pop
35198,fma_small/035/035198.mp3,It's Now or Never (Elvis Presley),Olelé Brut,Experimental
35199,fma_small/035/035199.mp3,Know (Nick Drake),Olelé Brut,Experimental
35204,fma_small/035/035204.mp3,Gnossienne No 1 (Erik Satie),Olelé Brut,Experimental
35296,fma_small/035/035296.mp3,Super Antihistamine,Dntel,Electronic
35299,fma_small/035/035299.mp3,Petdestroyer,Mochipet,Electronic
35443,fma_small/035/035443.mp3,Song With No Name,Leonard Mynx,Folk
35444,fma_small/035/035444.mp3,Wick,James Beaudreau,Experimental
35462,fma_small/035/035462.mp3,Solo improvisation,MV Carbon,Experimental
35527,fma_small/035/035527.mp3,Downtown,Lorenzo's Music,Rock
35534,fma_small/035/035534.mp3,Feed The One,Lorenzo's Music,Rock
35535,fma_small/035/035535.mp3,Old Old Story,Lorenzo's Music,Rock
35537,fma_small/035/035537.mp3,Indian Summer,Lorenzo's Music,Rock
35539,fma_small/035/035539.mp3,Oh Oh Oh,Lorenzo's Music,Rock
35541,fma_small/035/035541.mp3,After All That's Happened,Lorenzo's Music,Rock
35543,fma_small/035/035543.mp3,It Could Be You,Lorenzo's Music,Rock
35544,fma_small/035/035544.mp3,Facing the Sea,Garmisch,Pop
35545,fma_small/035/035545.mp3,Try 01,Garmisch,Pop
35549,fma_small/035/035549.mp3,Laugh Tracks,Garmisch,Pop
35550,fma_small/035/035550.mp3,Glimmer,Garmisch,Pop
35569,fma_small/035/035569.mp3,Education After Auschwitz (Bonus Track),Ion (Romania),Electronic
35571,fma_small/035/035571.mp3,Dunebuggy,Marvelry Skimmer,Rock
35608,fma_small/035/035608.mp3,Second Hand News,Stan,Pop
35734,fma_small/035/035734.mp3,Animateur commercial intime,James Franc-Parler,Folk
36096,fma_small/036/036096.mp3,your name is rain,Exteenager,Electronic
36097,fma_small/036/036097.mp3,it was magic,Exteenager,Electronic
36099,fma_small/036/036099.mp3,morpheus,Exteenager,Electronic
36143,fma_small/036/036143.mp3,Beautiful Android,Kink Slap Simian,Electronic
36144,fma_small/036/036144.mp3,Apollo Wakes,Shatterfreak,Electronic
36145,fma_small/036/036145.mp3,In a Dream Where I'm Sleeping,Shatterfreak,Electronic
36146,fma_small/036/036146.mp3,In The Face Of,Shatterfreak,Electronic
36147,fma_small/036/036147.mp3,PMoos - Champagne Dreamz (Shatterfreak's 0% Alcohol Remix),Shatterfreak,Electronic
36245,fma_small/036/036245.mp3,::Intro,mo-seph,Electronic
36257,fma_small/036/036257.mp3,::Flowers,mo-seph,Electronic
36258,fma_small/036/036258.mp3,Contact,mo-seph,Electronic
36261,fma_small/036/036261.mp3,Audhumla,mo-seph,Electronic
36272,fma_small/036/036272.mp3,"Competition Rehearsal, Song 1",Demiran Ćerimović and His Orkestar,International
36273,fma_small/036/036273.mp3,"Competition Rehearsal, Song 2",Demiran Ćerimović and His Orkestar,International
36275,fma_small/036/036275.mp3,"Restaurant Concert, Song 1",Demiran Ćerimović and His Orkestar,International
36277,fma_small/036/036277.mp3,"Restaurant Concert, Song 2",Demiran Ćerimović and His Orkestar,International
36302,fma_small/036/036302.mp3,Horn's for breakfast,Asthmatic Astronaut,Hip-Hop
36304,fma_small/036/036304.mp3,the cherry tree,Burning Bright,Hip-Hop
36322,fma_small/036/036322.mp3,Sweet as a cat,Delgarma,Folk
36333,fma_small/036/036333.mp3,Wedding,Delgarma,Folk
36371,fma_small/036/036371.mp3,U.G.L.Y. (CC BY-NC-SA 3.0),ZOE.LEELA,Pop
36380,fma_small/036/036380.mp3,Cybernator (CC BY-NC-SA 3.0),Pixelord,Electronic
36388,fma_small/036/036388.mp3,Bridges,ZOE.LEELA,Pop
36428,fma_small/036/036428.mp3,The lack of anything good,Bitbasic,Electronic
36435,fma_small/036/036435.mp3,Please Mind the Dubstep,Bitbasic,Electronic
36481,fma_small/036/036481.mp3,fashion city,Las Ruinas,Rock
36526,fma_small/036/036526.mp3,Faith Defies the Night,Lou Barlow,Rock
36560,fma_small/036/036560.mp3,09 jungle,Manuel J Grotesk,Pop
36567,fma_small/036/036567.mp3,Blue Orchid (The White Stripes),Kommissar Hjuler,Experimental
36614,fma_small/036/036614.mp3,sCare bears,Amil Byleckie,Pop
36615,fma_small/036/036615.mp3,Owl be yours,Amil Byleckie,Pop
36616,fma_small/036/036616.mp3,three horses,Amil Byleckie,Pop
36618,fma_small/036/036618.mp3,the deceptive time machine,Amil Byleckie,Pop
36643,fma_small/036/036643.mp3,Desperate Den of Snakes,Amil Byleckie,Pop
36659,fma_small/036/036659.mp3,Lucky,All India Radio,Electronic
36799,fma_small/036/036799.mp3,Tanah,Rully Shabara & Wukir,Experimental
36959,fma_small/036/036959.mp3,Facing the Sea (Album Version),Garmisch,Pop
36961,fma_small/036/036961.mp3,Requiem for Wolf,Garmisch,Pop
36965,fma_small/036/036965.mp3,U Fine (TSP's 8-Bit Edit),Garmisch,Pop
36966,fma_small/036/036966.mp3,Glimmer (mGee's the Boom and the Bap Remix),Garmisch,Pop
36983,fma_small/036/036983.mp3,B.,Black Ant,Hip-Hop
36984,fma_small/036/036984.mp3,Natural Organics,Black Ant,Hip-Hop
36985,fma_small/036/036985.mp3,Mother Earth,Black Ant,Hip-Hop
36986,fma_small/036/036986.mp3,Sleep.,Black Ant,Hip-Hop
36987,fma_small/036/036987.mp3,james p. funk 2,Black Ant,Hip-Hop
36988,fma_small/036/036988.mp3,Damn.,Black Ant,Hip-Hop
36990,fma_small/036/036990.mp3,Brain HOle 9,Black Ant,Hip-Hop
36992,fma_small/036/036992.mp3,Space Goat Remix,Black Ant,Hip-Hop
36994,fma_small/036/036994.mp3,Put it together,Black Ant,Hip-Hop
36997,fma_small/036/036997.mp3,Abstract Concepts - What up in the streets,Black Ant,Hip-Hop
36998,fma_small/036/036998.mp3,bonsoir tiroir!,Exteenager,Electronic
36999,fma_small/036/036999.mp3,"Restaurant Concert, Song 3",Demiran Ćerimović and His Orkestar,International
37041,fma_small/037/037041.mp3,Improvisation,MV Carbon & Philip White,Experimental
37111,fma_small/037/037111.mp3,Devil's Candy Shop,Nigel Simmons,Instrumental
37113,fma_small/037/037113.mp3,Very Scary (Part 2),Weirdomusic,Instrumental
37119,fma_small/037/037119.mp3,Dark Hallway,Lee Rosevere,Instrumental
37121,fma_small/037/037121.mp3,The Story of the Stairs,Jeffrey Letterly,Experimental
37131,fma_small/037/037131.mp3,Dracular's Revenge,Pharmacom,Electronic
37136,fma_small/037/037136.mp3,Don't Think I Don't Miss You,X-tokyo-river-god,Pop
37141,fma_small/037/037141.mp3,Eller,Urban Inbreed,Instrumental
37147,fma_small/037/037147.mp3,Soul of the Demon,Zombie Raiders,Rock
37324,fma_small/037/037324.mp3,Synecek (Little Son),Zuby Nehty,Pop
37325,fma_small/037/037325.mp3,Bili_Ptaci (White Birds),Zuby Nehty,Pop
37368,fma_small/037/037368.mp3,Fisherman's Friend,Útidúr,Pop
37369,fma_small/037/037369.mp3,Grasping for Thoughts,Útidúr,Pop
37416,fma_small/037/037416.mp3,Octo Gate,Church Of When The Shit Hits The Fan,Hip-Hop
37417,fma_small/037/037417.mp3,Locust Ritual,Church Of When The Shit Hits The Fan,Hip-Hop
37423,fma_small/037/037423.mp3,Crimson Snow,Church Of When The Shit Hits The Fan,Hip-Hop
37538,fma_small/037/037538.mp3,Latin Electronico,The Superfools,Experimental
37592,fma_small/037/037592.mp3,Tablespoon Cataract,The Communion,Rock
37725,fma_small/037/037725.mp3,The Stars Behind,Bardo Pond,Rock
37727,fma_small/037/037727.mp3,Tommygun Angel,Bardo Pond,Rock
37730,fma_small/037/037730.mp3,Sometimes Words,Bardo Pond,Rock
37731,fma_small/037/037731.mp3,Limerick,Bardo Pond,Rock
37779,fma_small/037/037779.mp3,Carroussel,La Rainbow Toy Orchestra,Experimental
37781,fma_small/037/037781.mp3,El Circo de Nunca Jamás,La Rainbow Toy Orchestra,Experimental
37784,fma_small/037/037784.mp3,My Little Pony,La Rainbow Toy Orchestra,Experimental
37859,fma_small/037/037859.mp3,In The Hall Of The Mountain King,The Itchy Creeps,Rock
37911,fma_small/037/037911.mp3,A Dyslexic Dumb Dead Voice,Limonadiac,Instrumental
37920,fma_small/037/037920.mp3,8 Bit Raceway,Wizwars,Electronic
38312,fma_small/038/038312.mp3,A72,James Yates,Experimental
38321,fma_small/038/038321.mp3,Door Peeper,Tommy Tornado,International
38323,fma_small/038/038323.mp3,Unza Unza live at Pacific Parc De Dichter,Unza Unza Orkstar,International
38326,fma_small/038/038326.mp3,Tchakare Kanyembe track 03,Tchakare Kanyembe,International
38351,fma_small/038/038351.mp3,Memories of a machine,Mastermind XS,International
38352,fma_small/038/038352.mp3,Business of panic (instrumental),Mastermind XS,International
38353,fma_small/038/038353.mp3,Sunny day (instrumental),Mastermind XS,International
38354,fma_small/038/038354.mp3,Not free but not afraid (instrumental),Mastermind XS,International
38361,fma_small/038/038361.mp3,First Wind,A Way,Folk
38362,fma_small/038/038362.mp3,Around Under,A Way,Folk
38363,fma_small/038/038363.mp3,Conclusion,A Way,Folk
38365,fma_small/038/038365.mp3,Stop that mission (instrumental),Mastermind XS,International
38399,fma_small/038/038399.mp3,"O Pastor, a Droga e as Visões",Stealing Orchestra,Folk
38435,fma_small/038/038435.mp3,Beloved Girlfriend,Kraus,Rock
38450,fma_small/038/038450.mp3,Let the little children come to me,Children for Breakfast,Experimental
38522,fma_small/038/038522.mp3,Cellos,Transmitters,Rock
38557,fma_small/038/038557.mp3,Surfing With My 2 Little Brothers,Party People in a Can,Rock
38560,fma_small/038/038560.mp3,Diesel Rainbow Surface,Party People in a Can,International
38775,fma_small/038/038775.mp3,"Kesh Jig, Leitrim Fancy",Sláinte,International
38776,fma_small/038/038776.mp3,Silver Spear,Sláinte,International
38777,fma_small/038/038777.mp3,Star of the County Down,Sláinte,International
38778,fma_small/038/038778.mp3,"Gander in the Pratie Hole, Morrison's Jig, Drowsy Maggie",Sláinte,International
38779,fma_small/038/038779.mp3,Carolan's Draught,Sláinte,International
38780,fma_small/038/038780.mp3,Maid Behind the Bar,Sláinte,International
38781,fma_small/038/038781.mp3,"Denis Murphy's, John Ryan's",Sláinte,International
38782,fma_small/038/038782.mp3,Wild Mountain Thyme,Sláinte,International
38783,fma_small/038/038783.mp3,Banish,Sláinte,International
38784,fma_small/038/038784.mp3,Julia Delaney,Sláinte,International
38785,fma_small/038/038785.mp3,"Si Beag Si Mor, Snowy Path",Sláinte,International
38817,fma_small/038/038817.mp3,The Banshee. Gravel Walks. The Old Copperplate,Sláinte,International
38818,fma_small/038/038818.mp3,Mairi's Wedding,Sláinte,International
38819,fma_small/038/038819.mp3,The Butterfly. Kid on the Mountain,Sláinte,International
38820,fma_small/038/038820.mp3,Fear a Bhata,Sláinte,International
38821,fma_small/038/038821.mp3,Britches Full of Stitches. Munster Bank. Bill Sullivan's (The A Polkas),Sláinte,International
38822,fma_small/038/038822.mp3,The Manx Lullaby,Sláinte,International
38823,fma_small/038/038823.mp3,Scully's Reel. Mrs McLeod's. Cooley's Reel,Sláinte,International
38824,fma_small/038/038824.mp3,Lakes of Pontchartrain,Sláinte,International
38825,fma_small/038/038825.mp3,Lark in the Morning. The Atholl Highlanders,Sláinte,International
38826,fma_small/038/038826.mp3,She Moved Through the Fair,Sláinte,International
38827,fma_small/038/038827.mp3,The Crosses of Annagh. The Humors of Tulla. The Cup of Tea,Sláinte,International
38828,fma_small/038/038828.mp3,Denis Murphy's Polka. I'll Tell Me Ma. John Ryan's Polka,Sláinte,International
38829,fma_small/038/038829.mp3,Fanny Power,Sláinte,International
38830,fma_small/038/038830.mp3,Jig of Slurs. Dublin Reel - Merry Blacksmith. The Mountain Road,Sláinte,International
38833,fma_small/038/038833.mp3,Black Velvet Band,Sláinte,International
38834,fma_small/038/038834.mp3,Sally Gardens,Sláinte,International
38847,fma_small/038/038847.mp3,Ambiguity,Ambient Fabric,Experimental
38859,fma_small/038/038859.mp3,Berries,Gurdonark,Experimental
38878,fma_small/038/038878.mp3,Traveller,Anders Ilar,Electronic
38879,fma_small/038/038879.mp3,"the beginning, actually",File Under Toner,Experimental
38880,fma_small/038/038880.mp3,favorites,File Under Toner,Experimental
38881,fma_small/038/038881.mp3,and who gives a shit,File Under Toner,Experimental
38882,fma_small/038/038882.mp3,speedmetal machine music,File Under Toner,Experimental
38884,fma_small/038/038884.mp3,surf ace noise,File Under Toner,Experimental
38886,fma_small/038/038886.mp3,magic,File Under Toner,Experimental
38887,fma_small/038/038887.mp3,high fidelity,File Under Toner,Experimental
38888,fma_small/038/038888.mp3,party,File Under Toner,Experimental
38890,fma_small/038/038890.mp3,sex machine,File Under Toner,Experimental
38891,fma_small/038/038891.mp3,justified,File Under Toner,Experimental
38892,fma_small/038/038892.mp3,moi non plus,File Under Toner,Experimental
38893,fma_small/038/038893.mp3,fahr far fun,File Under Toner,Experimental
38894,fma_small/038/038894.mp3,name that tune,File Under Toner,Experimental
38895,fma_small/038/038895.mp3,howlin' wolf,File Under Toner,Experimental
38896,fma_small/038/038896.mp3,sardana,File Under Toner,Experimental
38898,fma_small/038/038898.mp3,violins,File Under Toner,Experimental
38899,fma_small/038/038899.mp3,fly me to the moon,File Under Toner,Experimental
38900,fma_small/038/038900.mp3,hello dolly,File Under Toner,Experimental
38901,fma_small/038/038901.mp3,rock around the click,File Under Toner,Experimental
38902,fma_small/038/038902.mp3,la valse Ã  mille echos,File Under Toner,Experimental
38904,fma_small/038/038904.mp3,typewriting,File Under Toner,Experimental
38905,fma_small/038/038905.mp3,si los curas,File Under Toner,Experimental
38906,fma_small/038/038906.mp3,horses,File Under Toner,Experimental
38907,fma_small/038/038907.mp3,take me to the movies,File Under Toner,Experimental
38908,fma_small/038/038908.mp3,look ma no hands,File Under Toner,Experimental
38910,fma_small/038/038910.mp3,greyish,File Under Toner,Experimental
38911,fma_small/038/038911.mp3,pink remedy,File Under Toner,Experimental
38912,fma_small/038/038912.mp3,ego,File Under Toner,Experimental
38914,fma_small/038/038914.mp3,"whip me, christy",File Under Toner,Experimental
38955,fma_small/038/038955.mp3,Bird Of Prey,Liam Stewart,Pop
38961,fma_small/038/038961.mp3,Feel It,The Pop Winds,Pop
38964,fma_small/038/038964.mp3,The Robots,Talulah Lotus,Experimental
38965,fma_small/038/038965.mp3,Lullaby,Talulah Lotus,Experimental
38966,fma_small/038/038966.mp3,Horrorphone,Talulah Lotus,Experimental
38967,fma_small/038/038967.mp3,Spooky,Talulah Lotus,Experimental
39188,fma_small/039/039188.mp3,Get Wright With Gould (more Surfjams with Sufjan),U Can Unlearn Guitar,Experimental
39259,fma_small/039/039259.mp3,Murder in The Dark,U Can Unlearn Guitar,Experimental
39278,fma_small/039/039278.mp3,"Chicago, Etc.",U Can Unlearn Guitar,Experimental
39291,fma_small/039/039291.mp3,Citylife (Meme vs Xan),Meme,Electronic
39298,fma_small/039/039298.mp3,Fourty niners,Gina Artworth,Rock
39316,fma_small/039/039316.mp3,Hart Island,John Badger & The Moustache Riders of Doom,Experimental
39317,fma_small/039/039317.mp3,Brave New World,John Badger & The Moustache Riders of Doom,Experimental
39318,fma_small/039/039318.mp3,A Dream of Heaven in a Terminal Ward,John Badger & The Moustache Riders of Doom,Experimental
39357,fma_small/039/039357.mp3,Waragine a ragine,Dubosmium,International
39359,fma_small/039/039359.mp3,The last hours of sunshine,i'dawn,Rock
39378,fma_small/039/039378.mp3,Most Polite are Imaginary My Friends (R Knot-sh!),U Can Unlearn Guitar,Experimental
39484,fma_small/039/039484.mp3,Minoree,U Can Unlearn Guitar,Experimental
39488,fma_small/039/039488.mp3,CELTIC IN BRAZIL,Jay Martinez,Folk
39530,fma_small/039/039530.mp3,Bird Of Prey (Album Version),Liam Stewart,Pop
39605,fma_small/039/039605.mp3,Disco High,UltraCat,Electronic
39607,fma_small/039/039607.mp3,Unexpected Little Happenings,UltraCat,Electronic
39658,fma_small/039/039658.mp3,Hott R Nott,Quiet Hooves,Pop
39659,fma_small/039/039659.mp3,Good Moves,Quiet Hooves,Pop
39660,fma_small/039/039660.mp3,Womb,Quiet Hooves,Pop
39661,fma_small/039/039661.mp3,AVP,Quiet Hooves,Pop
39662,fma_small/039/039662.mp3,Bigg Boy,Quiet Hooves,Pop
39663,fma_small/039/039663.mp3,Til It Stops Talkin,Quiet Hooves,Pop
39664,fma_small/039/039664.mp3,My Girl,Quiet Hooves,Pop
39665,fma_small/039/039665.mp3,Can't Catch A Break,Quiet Hooves,Pop
39666,fma_small/039/039666.mp3,Meals On Wheels,Quiet Hooves,Pop
39667,fma_small/039/039667.mp3,Your Troubles + Feelin Down,Quiet Hooves,Pop
39875,fma_small/039/039875.mp3,Sexual Energy,Uton,Experimental
39900,fma_small/039/039900.mp3,Air Stairs,Uton,Experimental
39904,fma_small/039/039904.mp3,As The Times Ends Comes The Fire,Uton,Experimental
40121,fma_small/040/040121.mp3,Last Chants,Sun Araw,Experimental
40122,fma_small/040/040122.mp3,Deep Cover,Sun Araw,Experimental
40123,fma_small/040/040123.mp3,Heavy Deeds,Sun Araw,Experimental
40133,fma_small/040/040133.mp3,Two Headed Baby,Behold! The Living Corpse,Rock
40134,fma_small/040/040134.mp3,Death March,Behold! The Living Corpse,Rock
40139,fma_small/040/040139.mp3,Horror,Krestovsky,Rock
40141,fma_small/040/040141.mp3,"A Sure Thing (""wedding song"")",Krestovsky,Rock
40147,fma_small/040/040147.mp3,Opening Title,Gwilly Edmondez,Experimental
40161,fma_small/040/040161.mp3,Tarantella Tomatoes,Gwilly Edmondez,Experimental
40180,fma_small/040/040180.mp3,Sweet Lily,Kuuleminen Asiat,Experimental
40182,fma_small/040/040182.mp3,Wires On Words,Kuuleminen Asiat,Experimental
40229,fma_small/040/040229.mp3,The Sound & The Sea,Big Blood,Folk
40230,fma_small/040/040230.mp3,Lay Your Head On The Rails (& Comeback),Big Blood,Folk
40231,fma_small/040/040231.mp3,Mouth of Seven Tongues,Big Blood,Folk
40232,fma_small/040/040232.mp3,South of Portland,Big Blood,Folk
40233,fma_small/040/040233.mp3,Destin Rain,Big Blood,Folk
40234,fma_small/040/040234.mp3,Oh My Child,Big Blood,Folk
40235,fma_small/040/040235.mp3,"This is Record, OK?",Big Blood,Folk
40236,fma_small/040/040236.mp3,Waiting Is ...,Big Blood,Folk
40237,fma_small/040/040237.mp3,Moo-Hoo,Big Blood,Folk
40238,fma_small/040/040238.mp3,AIRAID AIR RAID,Big Blood,Folk
40239,fma_small/040/040239.mp3,She-Wander(er),Big Blood,Folk
40240,fma_small/040/040240.mp3,Creepin' Crazy Time,Big Blood,Folk
40241,fma_small/040/040241.mp3,Reverse Hymnal,Big Blood,Folk
40242,fma_small/040/040242.mp3,Song for RO-HE-GE,Big Blood,Folk
40243,fma_small/040/040243.mp3,Coming Home Pt. III,Big Blood,Folk
40244,fma_small/040/040244.mp3,... Is All We Have,Big Blood,Folk
40245,fma_small/040/040245.mp3,Ringers in the Fold,Big Blood,Folk
40250,fma_small/040/040250.mp3,Ponds,Maps & Transit,Instrumental
40509,fma_small/040/040509.mp3,Light Field (excerpt),Richard Garet,Experimental
40525,fma_small/040/040525.mp3,sweet and lowdown,Duke Hugh,Hip-Hop
40541,fma_small/040/040541.mp3,kiss of halloween,uiutna,Hip-Hop
40542,fma_small/040/040542.mp3,kiss of halloween instrumental,uiutna,Hip-Hop
40598,fma_small/040/040598.mp3,How Interesting! How Bizarre!,Honey Trappists,Experimental
40654,fma_small/040/040654.mp3,A Boat in the Fog and a Battle,Albert Glasser,Instrumental
40655,fma_small/040/040655.mp3,The Dragon,Albert Glasser,Instrumental
40656,fma_small/040/040656.mp3,Into The Sewers,Albert Glasser,Instrumental
40657,fma_small/040/040657.mp3,Opium,Albert Glasser,Instrumental
40658,fma_small/040/040658.mp3,The Auction 1,Albert Glasser,Instrumental
40659,fma_small/040/040659.mp3,The Auction 2,Albert Glasser,Instrumental
40660,fma_small/040/040660.mp3,Pursuit,Albert Glasser,Instrumental
40683,fma_small/040/040683.mp3,Interloper,Str8 Sounds,Electronic
40725,fma_small/040/040725.mp3,It's My Life Welcome To It,Str8 Sounds,Electronic
40842,fma_small/040/040842.mp3,Death Proof,Fancy Mike,Electronic
40843,fma_small/040/040843.mp3,Sunshine,Fancy Mike,Electronic
40844,fma_small/040/040844.mp3,E.M.F.H.,Raw Stiles,Electronic
40845,fma_small/040/040845.mp3,Rouge,Raw Stiles,Electronic
40851,fma_small/040/040851.mp3,Moving Toward You,Str8 Sounds,Electronic
40903,fma_small/040/040903.mp3,The Devil is a Sad Spirit,James Beaudreau,Rock
40908,fma_small/040/040908.mp3,Safe And Sound,Mopno,Experimental
40909,fma_small/040/040909.mp3,Adele,Mopno,Experimental
40938,fma_small/040/040938.mp3,Not As Pretty,The Sights,Rock
40940,fma_small/040/040940.mp3,Maria (and) Could Not Call It Love (and) How Do You Sleep,The Sights,Rock
40984,fma_small/040/040984.mp3,Crooked,Kristin Hersh,Rock
40985,fma_small/040/040985.mp3,Chocolate Makes You Happy,Xiu Xiu,Rock
40986,fma_small/040/040986.mp3,Doubt,The Corin Tucker Band,Rock
41018,fma_small/041/041018.mp3,Au royaume de la money,Unity Vibration,International
41019,fma_small/041/041019.mp3,Manifesto,Bankil,International
41020,fma_small/041/041020.mp3,Digital system,Garage firm,International
41054,fma_small/041/041054.mp3,RELAX,Gouffre d un pôle à l autre,Experimental
41095,fma_small/041/041095.mp3,The Lonely Smurfer,Johnny Hawaii,Rock
41147,fma_small/041/041147.mp3,Anti War Mindbot,Str8 Sounds,Electronic
41191,fma_small/041/041191.mp3,Candyboy,Weyes Blood,Folk
41192,fma_small/041/041192.mp3,Storms That Breed,Weyes Blood,Folk
41310,fma_small/041/041310.mp3,Mercury Spring,Funny Cry Happy,Folk
41381,fma_small/041/041381.mp3,CREEPEOPLE,Phemale,Pop
41568,fma_small/041/041568.mp3,Dismissal,Fabryka,Pop
41570,fma_small/041/041570.mp3,UnDaTheC acoustic version,Simone Cicconi,Folk
41573,fma_small/041/041573.mp3,Autumn,Janne Hanhisuanto,Instrumental
41605,fma_small/041/041605.mp3,Side A Journey,Duncan Cameron,Experimental
41709,fma_small/041/041709.mp3,ABBA,As Seen On TV,Experimental
41714,fma_small/041/041714.mp3,Radiohead,As Seen On TV,Experimental
41812,fma_small/041/041812.mp3,Flashback Documentary of Indonesian Independence Hegemony,Raden Anom Prakoso,Rock
41819,fma_small/041/041819.mp3,A SAD KID,Phemale,Pop
41820,fma_small/041/041820.mp3,THE FASTEST CAR,Phemale,Pop
41825,fma_small/041/041825.mp3,THE DEADLIEST CAR (HAUNTED),Phemale,Pop
41961,fma_small/041/041961.mp3,Chasmaeon,Ga'an,Rock
41962,fma_small/041/041962.mp3,Living Tribunal,Ga'an,Rock
41965,fma_small/041/041965.mp3,Servant Eye,Ga'an,Rock
41971,fma_small/041/041971.mp3,El Agujero,Juanita y los Feos,Instrumental
41983,fma_small/041/041983.mp3,...,Childs,Instrumental
42014,fma_small/042/042014.mp3,Skango - Volfoniq rmx (Canada),Caballo and the Mothafu Kings,International
42016,fma_small/042/042016.mp3,Them never love the flowers - Jambassa rmx by Dub One! (Germany),Dub One!,International
42017,fma_small/042/042017.mp3,There is a tower on that hill (Greece),Dub Riots,International
42018,fma_small/042/042018.mp3,La boite a track (Spain),Electronischebasisgeluide,Electronic
42019,fma_small/042/042019.mp3,Them Never Love No Bans - DnB Mix (Germany),Hot Fire,Electronic
42020,fma_small/042/042020.mp3,Real Avatar  (Jamaica),Jah Henchman,International
42023,fma_small/042/042023.mp3,No Banned Dubs  (Greece),Lowknee,International
42025,fma_small/042/042025.mp3,Live much longer (Jamaica),Money Pallet,International
42029,fma_small/042/042029.mp3,Drumsong Riddim - dubshot's boombastic redub (Lowlands),Tony Dubshot,International
42030,fma_small/042/042030.mp3,Live to Raze again (Jamaica),Triple D,International
42031,fma_small/042/042031.mp3,Henri Martin Affair  (Sweden),Uffe,International
42040,fma_small/042/042040.mp3,Enjoy Your Holiday,Coolzey,Hip-Hop
42044,fma_small/042/042044.mp3,NanowaR,NanowaR Of Steel,Rock
42045,fma_small/042/042045.mp3,The Great Break-off,The Insider,Hip-Hop
42046,fma_small/042/042046.mp3,Bottles of Reason,Dead Poets,Hip-Hop
42048,fma_small/042/042048.mp3,Fractals,Pinkle,Pop
42119,fma_small/042/042119.mp3,Heavy Metal Attack Part 2,The HATE Noise and Anonymous,Experimental
42126,fma_small/042/042126.mp3,Too Far,The HATE Noise and Anonymous,Experimental
42129,fma_small/042/042129.mp3,Full-A-Blues,Colin Shaddick & Roger Nicholls,Experimental
42135,fma_small/042/042135.mp3,E Boogie,Colin Shaddick & Roger Nicholls,Experimental
42138,fma_small/042/042138.mp3,Capture My Soul,Colin Shaddick & Roger Nicholls,Experimental
42139,fma_small/042/042139.mp3,Bebop Rain,Colin Shaddick & Roger Nicholls,Experimental
42141,fma_small/042/042141.mp3,Smoke In The Blues Bar,Colin Shaddick & Roger Nicholls,Experimental
42146,fma_small/042/042146.mp3,Blues For Brownie,Colin Shaddick & Roger Nicholls,Experimental
42234,fma_small/042/042234.mp3,Lacin Cocek,Zlatne Uste Balkan Brass Band,International
42235,fma_small/042/042235.mp3,[interview],Zlatne Uste Balkan Brass Band,International
42236,fma_small/042/042236.mp3,Kozarica Kolo,Zlatne Uste Balkan Brass Band,International
42238,fma_small/042/042238.mp3,Srebrin,Zlatne Uste Balkan Brass Band,International
42240,fma_small/042/042240.mp3,Vranski Cocek,Zlatne Uste Balkan Brass Band,International
42241,fma_small/042/042241.mp3,Boki Trinaest,Zlatne Uste Balkan Brass Band,International
42243,fma_small/042/042243.mp3,Prodzo Selo,Zlatne Uste Balkan Brass Band,International
42245,fma_small/042/042245.mp3,Michael's Ruchenitsa,Zlatne Uste Balkan Brass Band,International
42247,fma_small/042/042247.mp3,Cororo,Zlatne Uste Balkan Brass Band,International
42310,fma_small/042/042310.mp3,Sumar (intro),Lockerbie,Rock
42372,fma_small/042/042372.mp3,Only Instrumental,Broke For Free,Electronic
42373,fma_small/042/042373.mp3,Mell's Parade,Broke For Free,Electronic
42374,fma_small/042/042374.mp3,My Luck,Broke For Free,Electronic
42375,fma_small/042/042375.mp3,Day Bird,Broke For Free,Electronic
42376,fma_small/042/042376.mp3,My Always Mood,Broke For Free,Electronic
42377,fma_small/042/042377.mp3,Night Owl,Broke For Free,Electronic
42442,fma_small/042/042442.mp3,A2 Altcheringa,univeria zekt,Rock
42463,fma_small/042/042463.mp3,A 1 still a rambler,Yves Rakotomalala,Folk
42475,fma_small/042/042475.mp3,A 1 Freedom voice of my soul,Art Boys Collection,Rock
42648,fma_small/042/042648.mp3,anita the saggitarius,Gino Pertot,Folk
42659,fma_small/042/042659.mp3,Nick Drake,Gino Pertot,Folk
42751,fma_small/042/042751.mp3,Butterfly,Delicate Steve,Pop
42761,fma_small/042/042761.mp3,BLACK FOREST,voyageurs,Rock
42789,fma_small/042/042789.mp3,SLEEPING OUTDOORS,voyageurs,Rock
42844,fma_small/042/042844.mp3,Men Don't Cry,Waylon Thornton and the Heavy Hands,Rock
42851,fma_small/042/042851.mp3,Manson Halloween,Waylon Thornton and the Heavy Hands,Rock
42911,fma_small/042/042911.mp3,MEDICAL SEX,Phemale,Pop
42914,fma_small/042/042914.mp3,BLOWN,Phemale,Pop
42915,fma_small/042/042915.mp3,FACE FARM,Phemale,Pop
42966,fma_small/042/042966.mp3,Kids,Cave Bears,Experimental
42984,fma_small/042/042984.mp3,Lamp Happy Camp,Cave Bears,Experimental
43016,fma_small/043/043016.mp3,[conclusion],Huun Huur Tu,International
43018,fma_small/043/043018.mp3,Oske Cherde,Huun Huur Tu,International
43019,fma_small/043/043019.mp3,[interview],Huun Huur Tu,International
43020,fma_small/043/043020.mp3,Sygyt,Huun Huur Tu,International
43021,fma_small/043/043021.mp3,[interview],Huun Huur Tu,International
43022,fma_small/043/043022.mp3,Kongurri,Huun Huur Tu,International
43023,fma_small/043/043023.mp3,[interview],Huun Huur Tu,International
43024,fma_small/043/043024.mp3,Kargyraa,Huun Huur Tu,International
43025,fma_small/043/043025.mp3,[interview],Huun Huur Tu,International
43026,fma_small/043/043026.mp3,Chyraa Khoor,Huun Huur Tu,International
43027,fma_small/043/043027.mp3,[interview],Huun Huur Tu,International
43028,fma_small/043/043028.mp3,Samagaldai,Huun Huur Tu,International
43029,fma_small/043/043029.mp3,[interview],Huun Huur Tu,International
43030,fma_small/043/043030.mp3,"Yzhelen Gis, Dorteleen Gis",Huun Huur Tu,International
43063,fma_small/043/043063.mp3,nature prevails,Chuck Bettis,Experimental
43172,fma_small/043/043172.mp3,Koka,Kiran Ahluwalia,International
43173,fma_small/043/043173.mp3,Meri Gori Gori,Kiran Ahluwalia,International
43516,fma_small/043/043516.mp3,Varshaver,Eastern Watershed Klezmer Quartet,International
43517,fma_small/043/043517.mp3,Heifitz' Frailach,Eastern Watershed Klezmer Quartet,International
43518,fma_small/043/043518.mp3,Dance Medley,Eastern Watershed Klezmer Quartet,International
43519,fma_small/043/043519.mp3,"Play It Again, Dave",Eastern Watershed Klezmer Quartet,International
43520,fma_small/043/043520.mp3,Der Heyser Bulgar,Eastern Watershed Klezmer Quartet,International
43521,fma_small/043/043521.mp3,Sammy's Medley,Eastern Watershed Klezmer Quartet,International
43533,fma_small/043/043533.mp3,Halay,MWE,International
43534,fma_small/043/043534.mp3,Ayabibi,MWE,International
43535,fma_small/043/043535.mp3,Sirtos (from Yiannitsa),MWE,International
43536,fma_small/043/043536.mp3,Suleyman Aga,MWE,International
43585,fma_small/043/043585.mp3,Rumelaj,Rozsa has become... Madárka,International
43586,fma_small/043/043586.mp3,Nacht en gan Eden,Rozsa has become... Madárka,International
43587,fma_small/043/043587.mp3,Arrol Alol,Rozsa has become... Madárka,International
43588,fma_small/043/043588.mp3,L'chaim,Rozsa has become... Madárka,International
43589,fma_small/043/043589.mp3,Bubamara,Rozsa has become... Madárka,International
43590,fma_small/043/043590.mp3,Vlasko,Rozsa has become... Madárka,International
43592,fma_small/043/043592.mp3,Am Pistol,Gipsyork,International
43593,fma_small/043/043593.mp3,Auzi Mama,Gipsyork,International
43594,fma_small/043/043594.mp3,"Liberte, Egalite, Fraternite, et Deportez (speech)",Gipsyork,International
43595,fma_small/043/043595.mp3,Intr-o Zi La Poarta Mea,Gipsyork,International
43596,fma_small/043/043596.mp3,Hora,Gipsyork,International
43598,fma_small/043/043598.mp3,Amari szi Amari,Rozsa has become... Madárka,International
43599,fma_small/043/043599.mp3,Goldenshteyn,Rozsa has become... Madárka,International
43600,fma_small/043/043600.mp3,"Repülj Madar, Repülj",Rozsa has become... Madárka,International
43608,fma_small/043/043608.mp3,15 minute exorcise (excerpt),Prince Rama,Experimental
43621,fma_small/043/043621.mp3,Sickly Sweet 1 (unfettered),Kreamy 'Lectric Santa,Folk
43623,fma_small/043/043623.mp3,Steak and Acid/Claudette colbert,Kreamy 'Lectric Santa,Folk
43691,fma_small/043/043691.mp3,Nirvana,Eok,Experimental
43695,fma_small/043/043695.mp3,Halay,MWE,International
43696,fma_small/043/043696.mp3,Los Bilbilicos,MWE,International
43697,fma_small/043/043697.mp3,Süleyman Ağa,MWE,International
43698,fma_small/043/043698.mp3,Syrtos,MWE,International
43699,fma_small/043/043699.mp3,Varshaver,MWE,International
43761,fma_small/043/043761.mp3,Me so horny 2,Kreamy 'Lectric Santa,Folk
43765,fma_small/043/043765.mp3,Nova Zemja,Ansambl Mastika,International
43766,fma_small/043/043766.mp3,Memede Zlatna Ptica,Ansambl Mastika,International
43767,fma_small/043/043767.mp3,Pesna bez Zborovi/More Tri Godini,Ansambl Mastika,International
43768,fma_small/043/043768.mp3,Franklin'in Karsilamasi,Ansambl Mastika,International
43773,fma_small/043/043773.mp3,Phantoms & Fortunes,Bird Names,Pop
43796,fma_small/043/043796.mp3,Sun explosion.mp3,Kreamy 'Lectric Santa,Folk
43842,fma_small/043/043842.mp3,Dark dark darkest space w Ian-Chris,Kreamy 'Lectric Santa,Folk
43843,fma_small/043/043843.mp3,Sickly Brazil,Kreamy 'Lectric Santa,Folk
43844,fma_small/043/043844.mp3,swimming in random thrift store items,Katrah-Quey,Hip-Hop
43856,fma_small/043/043856.mp3,raiz latina,Chicken Jones,Hip-Hop
43857,fma_small/043/043857.mp3,fuckthatpimptalking,Akathasquid,Hip-Hop
43858,fma_small/043/043858.mp3,tell me how,This One,Hip-Hop
43859,fma_small/043/043859.mp3,tameka method (pt.1),Katrah-Quey ft. dj Alekzander,Hip-Hop
43860,fma_small/043/043860.mp3,20 years,This One,Hip-Hop
43861,fma_small/043/043861.mp3,loosemarbles,Akathasquid,Hip-Hop
43863,fma_small/043/043863.mp3,western chow yun-fat,This One,Hip-Hop
43865,fma_small/043/043865.mp3,up north,This One,Hip-Hop
43866,fma_small/043/043866.mp3,contemplate jat,Katrah-Quey,Hip-Hop
43867,fma_small/043/043867.mp3,one last try,Chicken Jones,Hip-Hop
43868,fma_small/043/043868.mp3,ididntknow,Akathasquid,Hip-Hop
43869,fma_small/043/043869.mp3,as jimmy used to say,Chicken Jones,Hip-Hop
43883,fma_small/043/043883.mp3,crickets,Myo,Experimental
43886,fma_small/043/043886.mp3,gunfight at natural history museum,Myo,Experimental
43899,fma_small/043/043899.mp3,04 The Duo ft DJ BrerRabbit - 70s Comic Interlude Pt.2,The Duo,Hip-Hop
43911,fma_small/043/043911.mp3,fresh handmade,This One,Hip-Hop
43962,fma_small/043/043962.mp3,At the Foothills,James Beaudreau,Folk
43965,fma_small/043/043965.mp3,American Gothic,James Beaudreau,Folk
44092,fma_small/044/044092.mp3,Future Paths,8 Bit Weapon,Electronic
44110,fma_small/044/044110.mp3,Indian Landmark,Messages,Experimental
44169,fma_small/044/044169.mp3,Absence of Day and Night 1,Morgan Craft,Experimental
44236,fma_small/044/044236.mp3,With Me (Instrumental),Joey Ripps,Hip-Hop
44342,fma_small/044/044342.mp3,The Path,Ambient Fabric,Experimental
44347,fma_small/044/044347.mp3,Lanternhouse II,Clutter,Experimental
44354,fma_small/044/044354.mp3,British Steam,Graham Dunning,Experimental
44355,fma_small/044/044355.mp3,Library,Gurdonark,Experimental
44777,fma_small/044/044777.mp3,Old Wedding Song,Least Carpet,Folk
44778,fma_small/044/044778.mp3,In My Mind There Is a Monster,Charlie Boraley,Experimental
44779,fma_small/044/044779.mp3,Monsters,Giovanni Cipolla,Experimental
44780,fma_small/044/044780.mp3,When Monsters Want to Dance,Joanna Sandsmark,Experimental
44781,fma_small/044/044781.mp3,(She's) Ten Feet Tall,Logan Whitehurst and The Jr. Science Club,Experimental
44782,fma_small/044/044782.mp3,Monster,Dorothy's Magic Bag,Experimental
44791,fma_small/044/044791.mp3,Wonder World,Michael House,Experimental
44792,fma_small/044/044792.mp3,Spaceman,The Moot,Experimental
44793,fma_small/044/044793.mp3,Cosmic Sing-a-Long (live at WFMU),Cryptacize,Experimental
44794,fma_small/044/044794.mp3,The Great Big Ice Cream Sundae From Outer Space,Charlie Burgess,Experimental
44795,fma_small/044/044795.mp3,Space Machine,René Vis,Experimental
44796,fma_small/044/044796.mp3,Reizen Naar de Maan (Traveling to the Moon),Flo and Eline,Experimental
44797,fma_small/044/044797.mp3,I Came From the Coldest Star,Archbishop Jason Polland,Experimental
44798,fma_small/044/044798.mp3,Lighten Up Now,"Miller, Schletty, Thomas, and Gómez",Experimental
44799,fma_small/044/044799.mp3,Spacespagetti (stoleyourburgermix),Paza Rahm,Experimental
44800,fma_small/044/044800.mp3,Avaruusmiehen Pieni Askel (Spaceman's Small Step),Aleksi Eeben,Experimental
44801,fma_small/044/044801.mp3,The Voyage,Rushjet1,Experimental
44802,fma_small/044/044802.mp3,Shiny Spaceship,8-Bit Ninjas,Experimental
44803,fma_small/044/044803.mp3,Spaceship Ride Through the Kitchen,W!zardK!d,Experimental
44804,fma_small/044/044804.mp3,Helix Nebula,Anamanaguchi,Experimental
44805,fma_small/044/044805.mp3,Start Again,Monk Turner + Fascinoma,Pop
44806,fma_small/044/044806.mp3,Letter to the Los Angeleans [BEFORE],Monk Turner + Fascinoma,Pop
44809,fma_small/044/044809.mp3,Everything Already,Monk Turner + Fascinoma,Pop
44820,fma_small/044/044820.mp3,Rhumbus,Black Bear Combo,International
44821,fma_small/044/044821.mp3,Otrov,Black Bear Combo,International
44822,fma_small/044/044822.mp3,Watchyerstep,Black Bear Combo,International
44823,fma_small/044/044823.mp3,Black Bear Kolo,Black Bear Combo,International
44848,fma_small/044/044848.mp3,Field Piano 1,Sunslide,Experimental
44849,fma_small/044/044849.mp3,Field Piano 2,Sunslide,Experimental
44850,fma_small/044/044850.mp3,Field Piano 3,Sunslide,Experimental
44851,fma_small/044/044851.mp3,Field Piano 4,Sunslide,Experimental
44853,fma_small/044/044853.mp3,Field Piano 6,Sunslide,Experimental
44854,fma_small/044/044854.mp3,Field Piano 7,Sunslide,Experimental
44917,fma_small/044/044917.mp3,I'm So Glad,Apache Dropout,Rock
44918,fma_small/044/044918.mp3,Teenager,Apache Dropout,Rock
44946,fma_small/044/044946.mp3,Hot salsa trip,arsonist,International
44947,fma_small/044/044947.mp3,La Mujer de Antonio,SONGO 21,International
44948,fma_small/044/044948.mp3,Donde Estabas-tu ?,SONGO 21,International
44949,fma_small/044/044949.mp3,Fallaste al sacar tu cuenta,SONGO 21,International
44950,fma_small/044/044950.mp3,Amor Y Felicidad,SONGO 21,International
44951,fma_small/044/044951.mp3,De Cuba,SONGO 21,International
44952,fma_small/044/044952.mp3,Opening para Songo 21,SONGO 21,International
45055,fma_small/045/045055.mp3,Pesnya Marka,I Drug Moy Gruzovik...,Rock
45099,fma_small/045/045099.mp3,Spell,Rolemusic,Electronic
45100,fma_small/045/045100.mp3,Leafless Quince Tree,Rolemusic,Electronic
45101,fma_small/045/045101.mp3,Straw Fields,Rolemusic,Electronic
45102,fma_small/045/045102.mp3,Yellow Dust,Rolemusic,Electronic
45103,fma_small/045/045103.mp3,Poppies,Rolemusic,Electronic
45119,fma_small/045/045119.mp3,BETTER SCIENCE,Phemale,Pop
45122,fma_small/045/045122.mp3,SPACEBRAIN,Phemale,Pop
45125,fma_small/045/045125.mp3,ONLYGIRL,Phemale,Pop
45126,fma_small/045/045126.mp3,TAJ'S THEME,Phemale,Pop
45127,fma_small/045/045127.mp3,MUD BUDDIES,Phemale,Pop
45128,fma_small/045/045128.mp3,HHHHOTEL,Phemale,Pop
45149,fma_small/045/045149.mp3,Magyar Skweeast,Nisiru,Electronic
45150,fma_small/045/045150.mp3,Suffer,Michael Kelso,Electronic
45151,fma_small/045/045151.mp3,Vychovaj Ma,Burning Boy,Electronic
45152,fma_small/045/045152.mp3,Million Flutes And One Drunken Shepherd,DrGy,Electronic
45153,fma_small/045/045153.mp3,Green Deli,Foolk,Electronic
45154,fma_small/045/045154.mp3,101010W,Influenza,Electronic
45335,fma_small/045/045335.mp3,Billy Ocean,Baby Jazz,Pop
45387,fma_small/045/045387.mp3,Come Fly With Me,Blear Moon,Instrumental
45388,fma_small/045/045388.mp3,I'm Not Ready Right Now,Blear Moon,Instrumental
45389,fma_small/045/045389.mp3,Nort rv.,Blear Moon,Instrumental
45390,fma_small/045/045390.mp3,Le Banc Dans Le Bois,Blear Moon,Instrumental
45391,fma_small/045/045391.mp3,Like Summer Tempests Came His Tears,Blear Moon,Instrumental
45392,fma_small/045/045392.mp3,Intracellularisan,Blear Moon,Instrumental
45393,fma_small/045/045393.mp3,Le dernier,Blear Moon,Instrumental
45474,fma_small/045/045474.mp3,Born From Above,Original Innocence,Rock
45475,fma_small/045/045475.mp3,Jungle Law,Original Innocence,Rock
45508,fma_small/045/045508.mp3,Play (Intro),2NRO8OT,Electronic
45513,fma_small/045/045513.mp3,Oh mary what have you done,Plusplus,Folk
45514,fma_small/045/045514.mp3,Evils,Plusplus,Folk
45515,fma_small/045/045515.mp3,Broken boiler,Plusplus,Folk
45516,fma_small/045/045516.mp3,We wont be mowing today,Plusplus,Folk
45517,fma_small/045/045517.mp3,Tip toes,Plusplus,Folk
45518,fma_small/045/045518.mp3,Chicago,Plusplus,Folk
45519,fma_small/045/045519.mp3,Swimmer,Plusplus,Folk
45520,fma_small/045/045520.mp3,Sisters,Plusplus,Folk
45521,fma_small/045/045521.mp3,Rivers,Plusplus,Folk
45522,fma_small/045/045522.mp3,Windings,Plusplus,Folk
45523,fma_small/045/045523.mp3,North bank upper,Plusplus,Folk
45934,fma_small/045/045934.mp3,Melancholic Depression,Rune Martinsen,Experimental
45941,fma_small/045/045941.mp3,Soul Eater Codex,Vladimír Hirsch,Experimental
46024,fma_small/046/046024.mp3,Beggin' Dogs,Obits,Rock
46043,fma_small/046/046043.mp3,Florence and the Machine,Ergo Phizmiz,Experimental
46058,fma_small/046/046058.mp3,Scene From A Forest Height,The Noisettes,Experimental
46068,fma_small/046/046068.mp3,378,Catalyst Fantasy,Experimental
46078,fma_small/046/046078.mp3,Jogja Istimewa,Ki Jarot,Hip-Hop
46079,fma_small/046/046079.mp3,Bambu Runcing,Zoo,Experimental
46157,fma_small/046/046157.mp3,over and under,Antiphon,Electronic
46158,fma_small/046/046158.mp3,slow motion,Earsmack,Electronic
46159,fma_small/046/046159.mp3,All Tremors Cease (lokey's imminent revision),Erin Dingle,Electronic
46160,fma_small/046/046160.mp3,kaze no tani no naushika,Poorpot,Electronic
46161,fma_small/046/046161.mp3,Rain on umbrella,BinauralDiaries,Experimental
46162,fma_small/046/046162.mp3,Ueno Bells of Time,BinauralDiaries,Experimental
46238,fma_small/046/046238.mp3,chill goth alternative freak,Amil Byleckie,Experimental
46241,fma_small/046/046241.mp3,"hi, meet my meat",Amil Byleckie,Experimental
46525,fma_small/046/046525.mp3,Ballet In A Box,Doyeq,Instrumental
46611,fma_small/046/046611.mp3,Island on Fire,Monster Rally,Experimental
46711,fma_small/046/046711.mp3,keine fernen mehr II 1,Antoine Beuger,Experimental
46717,fma_small/046/046717.mp3,three lullabies 3,Eva-Maria Houben,Experimental
46718,fma_small/046/046718.mp3,three lullabies 1,Eva-Maria Houben,Experimental
46720,fma_small/046/046720.mp3,three lullabies 2,Eva-Maria Houben,Experimental
46726,fma_small/046/046726.mp3,Believe In Me (Reprise),13adluck & uh-oh,Hip-Hop
46732,fma_small/046/046732.mp3,Where The Wild Things Are,Moon & Sun,Pop
46733,fma_small/046/046733.mp3,Hands In,KASHKA,Pop
46736,fma_small/046/046736.mp3,Out of Time,Palloc,Pop
46839,fma_small/046/046839.mp3,"Get up, Do Your Thing",Monk Turner,Pop
46840,fma_small/046/046840.mp3,Wave a White Flag (Surrender),Monk Turner,Pop
46841,fma_small/046/046841.mp3,All the Time,Monk Turner,Pop
46842,fma_small/046/046842.mp3,I Can't Without You,Monk Turner,Pop
46844,fma_small/046/046844.mp3,If She Gives You Her Heart,Monk Turner,Pop
46846,fma_small/046/046846.mp3,Valentines Day Directions for the Lonely,Monk Turner,Pop
46854,fma_small/046/046854.mp3,Halloween Night,Monk Turner,Pop
46855,fma_small/046/046855.mp3,Turkey Time,Monk Turner,Pop
46928,fma_small/046/046928.mp3,Living Country Song,Monk Turner,Pop
46930,fma_small/046/046930.mp3,Ride my Bike,Monk Turner,Pop
47032,fma_small/047/047032.mp3,Amazing Grace,Waylon Thornton and the Heavy Hands,Rock
47068,fma_small/047/047068.mp3,A Night Of Dizzy Spells,Eric Skiff,Electronic
47069,fma_small/047/047069.mp3,Underclocked (underunderclocked mix),Eric Skiff,Electronic
47070,fma_small/047/047070.mp3,Chibi Ninja,Eric Skiff,Electronic
47071,fma_small/047/047071.mp3,All of Us,Eric Skiff,Electronic
47072,fma_small/047/047072.mp3,Come and Find Me,Eric Skiff,Electronic
47073,fma_small/047/047073.mp3,Searching,Eric Skiff,Electronic
47074,fma_small/047/047074.mp3,We're the Resistors,Eric Skiff,Electronic
47075,fma_small/047/047075.mp3,Ascending,Eric Skiff,Electronic
47076,fma_small/047/047076.mp3,Come and Find Me - B mix,Eric Skiff,Electronic
47077,fma_small/047/047077.mp3,Arpanauts,Eric Skiff,Electronic
47100,fma_small/047/047100.mp3,02 Le bon dieu et les filles hippies,Manuel J Grotesk,Pop
47192,fma_small/047/047192.mp3,Intro,Asian Women on the Telephone,Experimental
47193,fma_small/047/047193.mp3,Cosmic Strip,Asian Women on the Telephone,Experimental
47194,fma_small/047/047194.mp3,Chrome Weels,Asian Women on the Telephone,Experimental
47195,fma_small/047/047195.mp3,Spaceman,Asian Women on the Telephone,Experimental
47196,fma_small/047/047196.mp3,Come on Devil,Asian Women on the Telephone,Experimental
47197,fma_small/047/047197.mp3,I'm Dumb,Asian Women on the Telephone,Experimental
47198,fma_small/047/047198.mp3,Indian Lullaby,Asian Women on the Telephone,Experimental
47199,fma_small/047/047199.mp3,Little Colibriy,Asian Women on the Telephone,Experimental
47200,fma_small/047/047200.mp3,Horror Sympony,Asian Women on the Telephone,Experimental
47201,fma_small/047/047201.mp3,Michalych Gas Tank,Asian Women on the Telephone,Experimental
47202,fma_small/047/047202.mp3,Dancing Africa,Asian Women on the Telephone,Experimental
47260,fma_small/047/047260.mp3,Ode To A Baby Snowstorm,Ghostly Dust Machine,Electronic
47471,fma_small/047/047471.mp3,Weed Wolf,Elks,Rock
47506,fma_small/047/047506.mp3,Let Me Be Your Bride,Virgin of the Birds,Folk
47510,fma_small/047/047510.mp3,Vacation,The Whines,Rock
47526,fma_small/047/047526.mp3,Romantic Girl,Bare Wires,Rock
47628,fma_small/047/047628.mp3,A Promise,Clever Elsa,Folk
47657,fma_small/047/047657.mp3,Post,Haute Culture,Electronic
47658,fma_small/047/047658.mp3,Chordial,Haute Culture,Electronic
47659,fma_small/047/047659.mp3,Erinnerung (snippet Nina Simone),Haute Culture,Electronic
47660,fma_small/047/047660.mp3,Gladias,Haute Culture,Electronic
47661,fma_small/047/047661.mp3,una vez mas,Onda bidón,Folk
47662,fma_small/047/047662.mp3,alexandra,Onda bidón,Folk
47663,fma_small/047/047663.mp3,me aborrezco cada vez que llego tarde,Onda bidón,Folk
47665,fma_small/047/047665.mp3,My Darling Grace,Berlinist,Pop
47666,fma_small/047/047666.mp3,No Love Song,Berlinist,Pop
47670,fma_small/047/047670.mp3,In Jest,Shady Action,Pop
47671,fma_small/047/047671.mp3,The Topic of Flooding,Shady Action,Pop
47707,fma_small/047/047707.mp3,Comtrex,Blue Sausage Infant,Experimental
47826,fma_small/047/047826.mp3,Extended Piano Piece 2 (Folk),Lezet,Experimental
47835,fma_small/047/047835.mp3,He Wears Clogs For All Time,Révolution Musicale,Pop
47865,fma_small/047/047865.mp3,The Wedding Party,Zachary Cale,Folk
47868,fma_small/047/047868.mp3,All To Order,Zachary Cale,Folk
47894,fma_small/047/047894.mp3,Palm Springs,Superhumanoids,Pop
47895,fma_small/047/047895.mp3,Malta,Superhumanoids,Pop
47896,fma_small/047/047896.mp3,Mirrors,Superhumanoids,Pop
47897,fma_small/047/047897.mp3,An Island,Superhumanoids,Pop
47916,fma_small/047/047916.mp3,Plumy Tale,Dumbo Gets Mad,Rock
47921,fma_small/047/047921.mp3,Eclectic Prawn,Dumbo Gets Mad,Rock
48015,fma_small/048/048015.mp3,The Ocean,Spy Over There,Rock
48042,fma_small/048/048042.mp3,Morning Sun,Delphine Dora,Experimental
48043,fma_small/048/048043.mp3,The Road To Unknown,Delphine Dora,Experimental
48044,fma_small/048/048044.mp3,The Violence Of The Storm,Delphine Dora,Experimental
48046,fma_small/048/048046.mp3,Meditations on Landscape,Delphine Dora,Experimental
48269,fma_small/048/048269.mp3,RReplay,.RR,Experimental
48293,fma_small/048/048293.mp3,aaf,Goto80,Electronic
48307,fma_small/048/048307.mp3,Intrigue,Ambient Fabric,Experimental
48317,fma_small/048/048317.mp3,Starling,Gurdonark,Experimental
48367,fma_small/048/048367.mp3,What It Is Impossible Not to Know and What It Is No Longer Permissible To Believe in the United States,Cloudkicker,Rock
48368,fma_small/048/048368.mp3,A Hymn to the Projectile,Cloudkicker,Rock
48369,fma_small/048/048369.mp3,One Enemy Among Twenty-Five Million Friends,Cloudkicker,Rock
48437,fma_small/048/048437.mp3,TighsFactor,Illocanblo,Electronic
48439,fma_small/048/048439.mp3,Panic,Bass Assassin,Electronic
48440,fma_small/048/048440.mp3,BassAssassin,Bass Assassin,Electronic
48442,fma_small/048/048442.mp3,8bitDetective,Bass Assassin,Electronic
48443,fma_small/048/048443.mp3,SmurfPulser,Illocanblo,Electronic
48444,fma_small/048/048444.mp3,au courant,AlexandreDavidGabriel,Pop
48446,fma_small/048/048446.mp3,pluie d'atome,AlexandreDavidGabriel,Pop
48450,fma_small/048/048450.mp3,4cordes,AlexandreDavidGabriel,Pop
48452,fma_small/048/048452.mp3,éventé,AlexandreDavidGabriel,Pop
48453,fma_small/048/048453.mp3,deux dents dehors,AlexandredavidgabrielMehdi,Pop
48454,fma_small/048/048454.mp3,la cravatte et le ventre,AlexandreDavidGabriel,Pop
48456,fma_small/048/048456.mp3,nez,AlexandreDavidGabriel,Pop
48457,fma_small/048/048457.mp3,poitrine épaules bassin,AlexandreDavidGabriel,Pop
48462,fma_small/048/048462.mp3,"Awaken, Child",Sycamore Drive,Electronic
48463,fma_small/048/048463.mp3,Happiness,Sycamore Drive,Electronic
48464,fma_small/048/048464.mp3,The Waves Call Her Name,Sycamore Drive,Electronic
48465,fma_small/048/048465.mp3,Ocean Breeze,Sycamore Drive,Electronic
48466,fma_small/048/048466.mp3,Slumber,Sycamore Drive,Electronic
48488,fma_small/048/048488.mp3,Mito Bekriyo,Gogofski,International
48489,fma_small/048/048489.mp3,Ay Gyorushitse,Gogofski,International
48491,fma_small/048/048491.mp3,Chuperlika,Gogofski,International
48492,fma_small/048/048492.mp3,Snoshti Te Prativ,Gogofski,International
48493,fma_small/048/048493.mp3,Chunovo,Gogofski,International
48494,fma_small/048/048494.mp3,Mostarski Duchani,Gogofski,International
48763,fma_small/048/048763.mp3,Hive Burner,Sun Araw,Rock
48808,fma_small/048/048808.mp3,Local Boogie,Oblivian Substanshall,Folk
48815,fma_small/048/048815.mp3,FUN,Oblivian Substanshall,Folk
48861,fma_small/048/048861.mp3,Skull Flower,NaDa BaBa,Experimental
48862,fma_small/048/048862.mp3,Thursday Morning In London (Falluja Mix),NaDa BaBa,Experimental
48863,fma_small/048/048863.mp3,Thunder Wave,NaDa BaBa,Experimental
48864,fma_small/048/048864.mp3,Visiting Brett Whiteley In Hell,NaDa BaBa,Experimental
48865,fma_small/048/048865.mp3,Mad To Talk,NaDa BaBa,Experimental
48931,fma_small/048/048931.mp3,School's Out (Columbine Mix),Sweden,Experimental
48990,fma_small/048/048990.mp3,Rompuy Reggae,Les Baudouins Morts,Rock
48999,fma_small/048/048999.mp3,Dark Horse,The Great Wilderness,Rock
49029,fma_small/049/049029.mp3,Summer Lover,Mia Doi Todd,Folk
49030,fma_small/049/049030.mp3,Under The Sun,Mia Doi Todd,Folk
49039,fma_small/049/049039.mp3,Ice cold brew acapella,Sexton Ming,Pop
49061,fma_small/049/049061.mp3,Track 03,Justice Yeldham,Experimental
49062,fma_small/049/049062.mp3,Track 04,Justice Yeldham,Experimental
49064,fma_small/049/049064.mp3,Track 06,Justice Yeldham,Experimental
49066,fma_small/049/049066.mp3,I Just Can't Stand Wangdangers,Justice Yeldham,Experimental
49067,fma_small/049/049067.mp3,Buscuit Basket,Justice Yeldham,Experimental
49068,fma_small/049/049068.mp3,Knobranaut,Justice Yeldham,Experimental
49070,fma_small/049/049070.mp3,Bologna Soundcheck 031105,Justice Yeldham,Experimental
49071,fma_small/049/049071.mp3,038 Zwolle 090104,Justice Yeldham,Experimental
49072,fma_small/049/049072.mp3,266 Chippendale 140706,Justice Yeldham,Experimental
49073,fma_small/049/049073.mp3,267 Chippendale 220706,Justice Yeldham,Experimental
49394,fma_small/049/049394.mp3,Pure Horror,Volvox,Experimental
49401,fma_small/049/049401.mp3,Insect Horror,Volvox,Experimental
49407,fma_small/049/049407.mp3,300104 hamburg,Justice Yeldham,Experimental
49408,fma_small/049/049408.mp3,020604 beirut,Justice Yeldham,Experimental
49441,fma_small/049/049441.mp3,You Taste Like The Tropics,Bush Tetras,Rock
49473,fma_small/049/049473.mp3,"Smile For Me, Sun",Adam & Alma,Pop
49476,fma_small/049/049476.mp3,Infinity,BADLUCK,Hip-Hop
49477,fma_small/049/049477.mp3,U Fine (Remix) (Featuring CM aka Creative),Garmisch,Pop
49478,fma_small/049/049478.mp3,Obituary Of A Sell Out MC (Featuring D-Fine),A-Rec,Hip-Hop
49479,fma_small/049/049479.mp3,Love Is,Suhov,Hip-Hop
49812,fma_small/049/049812.mp3,Rotting Heights,Ice Age,Rock
49817,fma_small/049/049817.mp3,New Brigade,Ice Age,Rock
49842,fma_small/049/049842.mp3,Apple spell,My Bubba & Mi,Folk
49843,fma_small/049/049843.mp3,Gone,My Bubba & Mi,Folk
49844,fma_small/049/049844.mp3,Bubba’s Blues,My Bubba & Mi,Folk
49845,fma_small/049/049845.mp3,Steamengeene,My Bubba & Mi,Folk
49846,fma_small/049/049846.mp3,Really Really,My Bubba & Mi,Folk
49847,fma_small/049/049847.mp3,Satisfied mind,My Bubba & Mi,Folk
49848,fma_small/049/049848.mp3,I will never love a young boy again,My Bubba & Mi,Folk
49849,fma_small/049/049849.mp3,Hwaii Blus,My Bubba & Mi,Folk
49856,fma_small/049/049856.mp3,Blinde state,My Bubba & Mi,Folk
49857,fma_small/049/049857.mp3,After you,My Bubba & Mi,Folk
50264,fma_small/050/050264.mp3,Mandala,Square Flare,Hip-Hop
50272,fma_small/050/050272.mp3,Destroy She Says,ZOE.LEELA,Pop
50276,fma_small/050/050276.mp3,The Commons,David Rovics,Folk
50283,fma_small/050/050283.mp3,positive vibes,Ras Tilo,International
50323,fma_small/050/050323.mp3,Wind Blows on the Bird Spotted Hill,McCloud Zicmuse,Folk
50444,fma_small/050/050444.mp3,Thrashing In The Unknown,Milk Music,Rock
50445,fma_small/050/050445.mp3,I've Got A Wild Feeling,Milk Music,Rock
50446,fma_small/050/050446.mp3,Violence Now,Milk Music,Rock
50447,fma_small/050/050447.mp3,Beluga,Milk Music,Rock
50448,fma_small/050/050448.mp3,Fertile Ground,Milk Music,Rock
50449,fma_small/050/050449.mp3,Interview,Milk Music,Rock
50539,fma_small/050/050539.mp3,Stranger Song,The Men,Rock
50543,fma_small/050/050543.mp3,Lazarus,The Men,Rock
50752,fma_small/050/050752.mp3,Ballada Bezbożna,Metalmorphosis,Rock
50753,fma_small/050/050753.mp3,Całujcie Mnie,Metalmorphosis,Rock
50754,fma_small/050/050754.mp3,Biopsja Duszy,Metalmorphosis,Rock
50836,fma_small/050/050836.mp3,rock n roll parte I,La Mugre Roja,Experimental
50952,fma_small/050/050952.mp3,Cattails,Kevin MacLeod,Folk
50955,fma_small/050/050955.mp3,Eastminster,Kevin MacLeod,Instrumental
50956,fma_small/050/050956.mp3,Devastation and Revenge,Kevin MacLeod,Instrumental
51004,fma_small/051/051004.mp3,Tikopia,Kevin MacLeod,International
51005,fma_small/051/051005.mp3,Rite of Passage,Kevin MacLeod,International
51006,fma_small/051/051006.mp3,Quasi Motion,Kevin MacLeod,International
51111,fma_small/051/051111.mp3,Motormouth,Bob Ostertag,Experimental
51112,fma_small/051/051112.mp3,Arms and Legs,Bob Ostertag,Experimental
51113,fma_small/051/051113.mp3,Shadow Pocket,Bob Ostertag,Experimental
51114,fma_small/051/051114.mp3,Wack,Bob Ostertag,Experimental
51115,fma_small/051/051115.mp3,Hymenoptera,Bob Ostertag,Experimental
51117,fma_small/051/051117.mp3,Affairs of State,Bob Ostertag,Experimental
51118,fma_small/051/051118.mp3,Tickled Pink,Bob Ostertag,Experimental
51120,fma_small/051/051120.mp3,Pyllykenraali (instrumental),Moppi Ja Aivokurkiaiset,Pop
51157,fma_small/051/051157.mp3,Ignoble Cleft (First Visit),Base Cleft,Experimental
51158,fma_small/051/051158.mp3,Carousel of Bent Facts,Base Cleft,Experimental
51203,fma_small/051/051203.mp3,Bulbul Box Energy,Blax Box,Experimental
51260,fma_small/051/051260.mp3,I Sing Despair,Les Filles et les Garçons,Pop
51261,fma_small/051/051261.mp3,The End,Casa Del Mirto,Pop
51262,fma_small/051/051262.mp3,Paradisio,Party Girl,Pop
51263,fma_small/051/051263.mp3,Through The Noise,Germany Germany,Pop
51265,fma_small/051/051265.mp3,City Lights,Skeleton Hands,Pop
51267,fma_small/051/051267.mp3,Thinking Of You,Teeel,Pop
51268,fma_small/051/051268.mp3,In The Sun,Lisbonne,Pop
51269,fma_small/051/051269.mp3,Rhythm King Mega,Bad Dourif,Pop
51271,fma_small/051/051271.mp3,Catcher In The Rye,Azure Blue,Pop
51272,fma_small/051/051272.mp3,Summer Blood,Work Drugs,Pop
51273,fma_small/051/051273.mp3,Imperfections,Radioseven,Pop
51274,fma_small/051/051274.mp3,Lost Time,The Never Years,Pop
51275,fma_small/051/051275.mp3,Heaven,Mother Of Pearl,Pop
51276,fma_small/051/051276.mp3,You Said (feat. Laetitia Taschatt),Kelton Prima,Pop
51278,fma_small/051/051278.mp3,under a rock,Phemale,Pop
51291,fma_small/051/051291.mp3,among us,Phemale,Pop
51292,fma_small/051/051292.mp3,seven cities of mold,Phemale,Pop
51301,fma_small/051/051301.mp3,Skeletons Fighting Over A Pickled Herring,John Badger & The Moustache Riders of Doom,Experimental
51305,fma_small/051/051305.mp3,A Nation of Culls & Weeds,John Badger & The Moustache Riders of Doom,Experimental
51333,fma_small/051/051333.mp3,Afternoon Tea,Boca Chica,Folk
51479,fma_small/051/051479.mp3,The Wreck Of The Edmund Fitzgerald,Eric Boros,Experimental
51655,fma_small/051/051655.mp3,Morning Stars,Matt Bauer,Folk
51659,fma_small/051/051659.mp3,Blacklight Horses,Matt Bauer,Folk
51661,fma_small/051/051661.mp3,Don't Let Me Out,Matt Bauer,Folk
51776,fma_small/051/051776.mp3,March,kesson shoujo,Instrumental
51784,fma_small/051/051784.mp3,Call me at Heaven,Lesvicon Soul feat. Noty Klein,Electronic
51785,fma_small/051/051785.mp3,Yellow Dust,Rolemusic,Electronic
51918,fma_small/051/051918.mp3,Crippled Inside (John Lennon cover),Green Like July,Folk
51919,fma_small/051/051919.mp3,September Gurls (Big Star cover),Green Like July,Folk
51923,fma_small/051/051923.mp3,Superpalm,Flamingo,Electronic
51954,fma_small/051/051954.mp3,Beta Stability,Tony Dubshot,Electronic
51991,fma_small/051/051991.mp3,Ascetic club,Manudub,International
51992,fma_small/051/051992.mp3,Osaka dub mission,Manudub,International
51998,fma_small/051/051998.mp3,Dub for a girl,Manudub,International
51999,fma_small/051/051999.mp3,21st Century Dub Cloud,Manudub,International
52000,fma_small/052/052000.mp3,Irie dub feat. Leah,Manudub,International
52001,fma_small/052/052001.mp3,Massalia dub selecta,Manudub,International
52034,fma_small/052/052034.mp3,Sure,Poland,Pop
52035,fma_small/052/052035.mp3,Kelpies,Poland,Pop
52036,fma_small/052/052036.mp3,Lying Machine,Poland,Pop
52037,fma_small/052/052037.mp3,Alesser Whale,Poland,Pop
52039,fma_small/052/052039.mp3,Sea Woof,Poland,Pop
52040,fma_small/052/052040.mp3,Catfishes,Poland,Pop
52041,fma_small/052/052041.mp3,Wooded Land,Poland,Pop
52042,fma_small/052/052042.mp3,Sandy,Poland,Pop
52044,fma_small/052/052044.mp3,Anenomes,Poland,Pop
52045,fma_small/052/052045.mp3,Shore,Poland,Pop
52118,fma_small/052/052118.mp3,My Miami,Cracked Latin,International
52119,fma_small/052/052119.mp3,The Magic Words,Cracked Latin,International
52120,fma_small/052/052120.mp3,Love Is Agony,Cracked Latin,International
52121,fma_small/052/052121.mp3,Interview Segment 1,Cracked Latin,International
52122,fma_small/052/052122.mp3,A Little Bit Of Loving,Cracked Latin,International
52123,fma_small/052/052123.mp3,Caracas Shakedown,Cracked Latin,International
52124,fma_small/052/052124.mp3,Interview Segment 2,Cracked Latin,International
52125,fma_small/052/052125.mp3,Ringtone,Cracked Latin,International
52126,fma_small/052/052126.mp3,Interview Segment 3,Cracked Latin,International
52127,fma_small/052/052127.mp3,La Puerta Azul,Cracked Latin,International
52128,fma_small/052/052128.mp3,Aceite,Cracked Latin,International
52129,fma_small/052/052129.mp3,Interview Segment 4,Cracked Latin,International
52141,fma_small/052/052141.mp3,Funny Avatars,Guy Harries,Experimental
52375,fma_small/052/052375.mp3,Miracle Children,Phemale,Pop
52380,fma_small/052/052380.mp3,The Gorgeous,Phemale,Pop
52389,fma_small/052/052389.mp3,Married to the Night,Phemale,Pop
52393,fma_small/052/052393.mp3,Bad Apples,Phemale,Pop
52409,fma_small/052/052409.mp3,I Want You,Buskerdroid,Electronic
52446,fma_small/052/052446.mp3,Snow Fight,Jan Morgenstern,Instrumental
52447,fma_small/052/052447.mp3,Finding Scales / Chicken Run,Jan Morgenstern,Instrumental
52448,fma_small/052/052448.mp3,The Ziggurat,Jan Morgenstern,Instrumental
52449,fma_small/052/052449.mp3,Expedition,Jan Morgenstern,Instrumental
52451,fma_small/052/052451.mp3,Cave Fight / Lament,Jan Morgenstern,Instrumental
52452,fma_small/052/052452.mp3,I Move On (Sintel's Song),Jan Morgenstern / Performed by Helena Fix,Instrumental
52500,fma_small/052/052500.mp3,This Is Goodbye,Kalli,Folk
52501,fma_small/052/052501.mp3,Last Train Home,Kalli,Folk
52502,fma_small/052/052502.mp3,To Be Free,Kalli,Folk
52508,fma_small/052/052508.mp3,Shine On Me,Kalli,Folk
52522,fma_small/052/052522.mp3,Congrizzle 4evzzz,The Very Most,Rock
52579,fma_small/052/052579.mp3,Dance Track (Instrumental),The Honorable Sleaze,Hip-Hop
52628,fma_small/052/052628.mp3,Vanishing Horizon,Jason Shaw,Electronic
52629,fma_small/052/052629.mp3,Groovy Baby,Jason Shaw,Electronic
52630,fma_small/052/052630.mp3,Quirky Jerk,Jason Shaw,Electronic
52631,fma_small/052/052631.mp3,Big Car Theft,Jason Shaw,Electronic
52632,fma_small/052/052632.mp3,Boom,Jason Shaw,Electronic
52633,fma_small/052/052633.mp3,Boots Boots Boots,Jason Shaw,Electronic
52634,fma_small/052/052634.mp3,Cycles,Jason Shaw,Electronic
52635,fma_small/052/052635.mp3,Ecstasy X,Jason Shaw,Electronic
52636,fma_small/052/052636.mp3,Fat Caps,Jason Shaw,Electronic
52637,fma_small/052/052637.mp3,Feels Good 2 B,Jason Shaw,Electronic
52638,fma_small/052/052638.mp3,Forever Believe,Jason Shaw,Electronic
52639,fma_small/052/052639.mp3,Get A Move On,Jason Shaw,Electronic
52641,fma_small/052/052641.mp3,IceCold,Jason Shaw,Electronic
52642,fma_small/052/052642.mp3,Namaste,Jason Shaw,Electronic
52644,fma_small/052/052644.mp3,Night Rave,Jason Shaw,Electronic
52645,fma_small/052/052645.mp3,Nip The Slipple,Jason Shaw,Electronic
52646,fma_small/052/052646.mp3,Pyramids,Jason Shaw,Electronic
52647,fma_small/052/052647.mp3,Sk8board,Jason Shaw,Electronic
52648,fma_small/052/052648.mp3,Tech Talk,Jason Shaw,Electronic
52649,fma_small/052/052649.mp3,The Big House,Jason Shaw,Electronic
52650,fma_small/052/052650.mp3,Timen Passing By,Jason Shaw,Electronic
52859,fma_small/052/052859.mp3,Sea Within,Monosov/Swirnoff,Experimental
52860,fma_small/052/052860.mp3,Autonomous Guitar Music For Marc Schulz,Ilya Monosov,Experimental
52861,fma_small/052/052861.mp3,For Jojo Takayanagi,Ilya Monosov,Experimental
52862,fma_small/052/052862.mp3,"Composition For Tape, Organ, Drum Machine",Monosov/Swirnoff,Experimental
52945,fma_small/052/052945.mp3,"In Your Lair, Bear",Marissa Nadler,Folk
52946,fma_small/052/052946.mp3,Wedding,Marissa Nadler,Folk
52947,fma_small/052/052947.mp3,Little King,Marissa Nadler,Folk
52948,fma_small/052/052948.mp3,Salutations,Marissa Nadler,Folk
52950,fma_small/052/052950.mp3,All Love Must Die,Marissa Nadler,Folk
52951,fma_small/052/052951.mp3,Alabaster Queen,Marissa Nadler,Folk
52953,fma_small/052/052953.mp3,Your Heart Is A Twisted Vine,Marissa Nadler,Folk
52954,fma_small/052/052954.mp3,Wind Up Doll,Marissa Nadler,Folk
52955,fma_small/052/052955.mp3,"Mr. John Lee, Revisited",Marissa Nadler,Folk
53152,fma_small/053/053152.mp3,Rudy Alba And The Trinity All Stars - Fix Up Yu Vibe,Ras Amerlock,International
53154,fma_small/053/053154.mp3,Ras Amerlock meet Brother Culture - Ride On,Ras Amerlock,International
53156,fma_small/053/053156.mp3,Ras Amerlock meets Natty Nation - Hurt me,Ras Amerlock,International
53157,fma_small/053/053157.mp3,Dub Stepping Version B,Ras Amerlock,International
53158,fma_small/053/053158.mp3,Nuh Fuk Roun,Ras Amerlock,International
53159,fma_small/053/053159.mp3,Spy VS Spy,Ras Amerlock,International
53160,fma_small/053/053160.mp3,Trinity Ridaz At Flex Studios,Ras Amerlock,International
53228,fma_small/053/053228.mp3,Cater Gator,Fruit Flesh,Pop
53229,fma_small/053/053229.mp3,Cocaine,Fruit Flesh,Pop
53299,fma_small/053/053299.mp3,Dub For Alicia,Mikuś,International
53300,fma_small/053/053300.mp3,Lament,Mikuś,International
53301,fma_small/053/053301.mp3,Ephemeral Dub,Mikuś,International
53302,fma_small/053/053302.mp3,Tian Tan Dub,Mikuś,International
53379,fma_small/053/053379.mp3,Mama Said Knock You L33T,The Hate Noise,Hip-Hop
53381,fma_small/053/053381.mp3,15 - Old Bonus Track - Welcome to My Country,The Hate Noise,Hip-Hop
53457,fma_small/053/053457.mp3,Forever falling up,Fanas,Electronic
53496,fma_small/053/053496.mp3,Mes WC Dans Le Train,Audio K,Electronic
53576,fma_small/053/053576.mp3,River,Mary Lorson,Folk
53578,fma_small/053/053578.mp3,I Don't Care,Mary Lorson,Folk
53586,fma_small/053/053586.mp3,Run,Big Blood,Folk
53587,fma_small/053/053587.mp3,I Will Love You,Big Blood,Folk
53588,fma_small/053/053588.mp3,Never Let Me Go,Big Blood,Folk
53589,fma_small/053/053589.mp3,Keening,Big Blood,Folk
53591,fma_small/053/053591.mp3,"It's Okay, Roseanne",The Parish of Little Clifton,Pop
53592,fma_small/053/053592.mp3,Echo Island,The Parish of Little Clifton,Pop
53675,fma_small/053/053675.mp3,1,Annette Krebs/Taku Unami,Experimental
53723,fma_small/053/053723.mp3,Unza Unza live at Pacific Parc,Unza Unza Orkstar,International
53724,fma_small/053/053724.mp3,Unza Unza live at Pacific Parc,Unza Unza Orkstar,International
53725,fma_small/053/053725.mp3,Unza Unza live at Pacific Parc,Unza Unza Orkstar,International
53726,fma_small/053/053726.mp3,Unza Unza live at Pacific Parc,Unza Unza Orkstar,International
53727,fma_small/053/053727.mp3,Unza Unza live at Pacific Parc,Unza Unza Orkstar,International
53728,fma_small/053/053728.mp3,Unza Unza live at Pacific Parc,Unza Unza Orkstar,International
53729,fma_small/053/053729.mp3,01 Whales,Adriano Orru,Experimental
53807,fma_small/053/053807.mp3,Dull Light,Sex Church,Rock
53862,fma_small/053/053862.mp3,Glitches,The Easton Ellises,Electronic
53863,fma_small/053/053863.mp3,Endorphin,The Easton Ellises,Electronic
53937,fma_small/053/053937.mp3,B7 Suddenly Yr In My Heart,Scraps,Pop
54019,fma_small/054/054019.mp3,Corn Maiden's Rite,Rhys Chatham,Experimental
54031,fma_small/054/054031.mp3,Dissembler,alright lover,Pop
54032,fma_small/054/054032.mp3,Deer Heart,alright lover,Pop
54033,fma_small/054/054033.mp3,Snow Wave,alright lover,Pop
54034,fma_small/054/054034.mp3,Wood Detective,alright lover,Pop
54037,fma_small/054/054037.mp3,Fabulous Mr Fox [Pelaw Resider],alright lover,Pop
54039,fma_small/054/054039.mp3,Life Heart,alright lover,Pop
54061,fma_small/054/054061.mp3,Kottke and the Orchids,Yair Yona,Folk
54062,fma_small/054/054062.mp3,Expatriates,Yair Yona,Folk
54063,fma_small/054/054063.mp3,Mad About You,Yair Yona,Folk
54064,fma_small/054/054064.mp3,Russian Dance,Yair Yona,Folk
54149,fma_small/054/054149.mp3,01 Shakey3,Mark Neil,Instrumental
54150,fma_small/054/054150.mp3,02 PianoDub,Mark Neil,Instrumental
54151,fma_small/054/054151.mp3,03 Horses,Mark Neil,Instrumental
54152,fma_small/054/054152.mp3,04 Lone,Mark Neil,Instrumental
54153,fma_small/054/054153.mp3,05 TheLastDodo TheHappyAndroid,Mark Neil,Instrumental
54154,fma_small/054/054154.mp3,06 TalkMeDown,Mark Neil,Instrumental
54155,fma_small/054/054155.mp3,07 Anyata,Mark Neil,Instrumental
54156,fma_small/054/054156.mp3,08 Threshold,Mark Neil,Instrumental
54158,fma_small/054/054158.mp3,10 TheColdFromWithin,Mark Neil,Instrumental
54159,fma_small/054/054159.mp3,11 strANGE Ls,Mark Neil,Instrumental
54160,fma_small/054/054160.mp3,12 xw3,Mark Neil,Instrumental
54163,fma_small/054/054163.mp3,Ratas,San Pedro El Cortez,Rock
54234,fma_small/054/054234.mp3,Suspicious,Ivy,Pop
54235,fma_small/054/054235.mp3,Fascinated,Ivy,Pop
54236,fma_small/054/054236.mp3,Thinking About You,Ivy,Pop
54237,fma_small/054/054237.mp3,Edge Of The Ocean,Ivy,Pop
54297,fma_small/054/054297.mp3,I Find It Hard,Whitman,Folk
54335,fma_small/054/054335.mp3,Deeply Wrong Merits,Steven Smirney,Electronic
54365,fma_small/054/054365.mp3,Success,K. Sparks,Hip-Hop
54376,fma_small/054/054376.mp3,The Show Starts (Scratches By DJ Bobby Bob),K. Sparks,Hip-Hop
54433,fma_small/054/054433.mp3,60-40 Riddim,Dr. RemiX,International
54436,fma_small/054/054436.mp3,Balkanyk Dub,Phoniandflore,International
54437,fma_small/054/054437.mp3,Hunters Moon,Secret Archives of the Vatican,International
54438,fma_small/054/054438.mp3,The Beast Inside,303db,International
54442,fma_small/054/054442.mp3,Hypnotic Stagger,Baby Arm Sound System,International
54443,fma_small/054/054443.mp3,Sunny Day (Vocal Version),Mastermind XS,International
54463,fma_small/054/054463.mp3,Swan Lake Dub,DuBoLoGy,International
54464,fma_small/054/054464.mp3,Dub Atao,DuBoLoGy,International
54465,fma_small/054/054465.mp3,Black Monday,DuBoLoGy,International
54466,fma_small/054/054466.mp3,Freakonomics Dub,DuBoLoGy,International
54467,fma_small/054/054467.mp3,Chacha Dub,DuBoLoGy,International
54468,fma_small/054/054468.mp3,Dub Action,DuBoLoGy,International
54469,fma_small/054/054469.mp3,Walk In Forest,DuBoLoGy,International
54470,fma_small/054/054470.mp3,Epic Dub,DuBoLoGy,International
54475,fma_small/054/054475.mp3,You waited too long,Friglob,International
54476,fma_small/054/054476.mp3,Nuf a dem suffering,Friglob,International
54479,fma_small/054/054479.mp3,Make a turn,Friglob,International
54480,fma_small/054/054480.mp3,Mamica su strukle pekli,Friglob,International
54481,fma_small/054/054481.mp3,Life is inna riddim,Friglob,International
54482,fma_small/054/054482.mp3,Love music,Friglob,International
54496,fma_small/054/054496.mp3,Composition No. 183,Anthony Braxton,Experimental
54554,fma_small/054/054554.mp3,Rain,Francesco Paolo Addati & Efisio Nicolò Sabiucciu,Experimental
54568,fma_small/054/054568.mp3,"Mil Amores,  Santiago Huancayo",Chicas Real Conquistadoras,International
54570,fma_small/054/054570.mp3,Chotana,cristales de san antonio bambamarca,International
54576,fma_small/054/054576.mp3,Procesión Virgen del Carmen,varios artistas,International
54578,fma_small/054/054578.mp3,SANGRE ANQARA POR SIEMPRE,LOS PURITOS SANGRES,International
54580,fma_small/054/054580.mp3,WARMI K UMPASHAQTIY... ATAKES HAP IWAN,los achachis,International
54621,fma_small/054/054621.mp3,Crusade to Terra,Starseed,Rock
54623,fma_small/054/054623.mp3,Survival of Zeta Reticuli,Starseed,Rock
54624,fma_small/054/054624.mp3,Grapes of Wrath,Starseed,Rock
54625,fma_small/054/054625.mp3,Exodus Journey,Starseed,Rock
54626,fma_small/054/054626.mp3,The Forlorn,Starseed,Rock
54662,fma_small/054/054662.mp3,Horses With Fake Legs,Noisewaves,Electronic
54664,fma_small/054/054664.mp3,La Tristeza,Monday Night Fever,Pop
54665,fma_small/054/054665.mp3,Floatin' Around,Monday Night Fever,Pop
54666,fma_small/054/054666.mp3,Pink Elephants,Monday Night Fever,Pop
54667,fma_small/054/054667.mp3,Sunday Lovers,Monday Night Fever,Pop
54703,fma_small/054/054703.mp3,Sons And Daughters,Bird of Youth,Folk
54719,fma_small/054/054719.mp3,Bollywood Blades,Professor Kliq,Electronic
54735,fma_small/054/054735.mp3,Drums Over London,Disco Zombies,Rock
54753,fma_small/054/054753.mp3,Vanity (Instrumental),BADLUCK,Hip-Hop
54874,fma_small/054/054874.mp3,Grenfeld,Global Goon,Electronic
54942,fma_small/054/054942.mp3,Brilliant Brightness,Dolorvotre,Rock
55076,fma_small/055/055076.mp3,A1,The Polyps,Pop
55097,fma_small/055/055097.mp3,Colibris,Alaclair Ensemble,Hip-Hop
55100,fma_small/055/055100.mp3,Womp,Alaclair Ensemble,Hip-Hop
55101,fma_small/055/055101.mp3,SHUFFLE,Alaclair Ensemble,Hip-Hop
55102,fma_small/055/055102.mp3,Swing Deo,Alaclair Ensemble,Hip-Hop
55113,fma_small/055/055113.mp3,Le magicien,Alaclair Ensemble,Hip-Hop
55119,fma_small/055/055119.mp3,Si j'aurais,Alaclair Ensemble,Hip-Hop
55120,fma_small/055/055120.mp3,Patate chaude,Alaclair Ensemble,Hip-Hop
55121,fma_small/055/055121.mp3,Fa' faire du loot,Alaclair Ensemble,Hip-Hop
55122,fma_small/055/055122.mp3,Trace de break,Alaclair Ensemble,Hip-Hop
55123,fma_small/055/055123.mp3,Gun gus gus (dimanche soare),Alaclair Ensemble,Hip-Hop
55124,fma_small/055/055124.mp3,Le roé,Alaclair Ensemble,Hip-Hop
55149,fma_small/055/055149.mp3,I am fear,Epichunt,Electronic
55183,fma_small/055/055183.mp3,Intro To Horror,Dylan Palme,Electronic
55186,fma_small/055/055186.mp3,The Crazies Are Out Tonight,Dylan Palme,Electronic
55231,fma_small/055/055231.mp3,All Back To Mine,Mastermind XS,International
55232,fma_small/055/055232.mp3,Stop That Mission,Mastermind XS,International
55233,fma_small/055/055233.mp3,Kingdom Come,Mastermind XS,International
55234,fma_small/055/055234.mp3,District 6,Mastermind XS,International
55235,fma_small/055/055235.mp3,Love & Relationshit,Mastermind XS,International
55236,fma_small/055/055236.mp3,Sunny Day,Mastermind XS,International
55237,fma_small/055/055237.mp3,Business Of Panic,Mastermind XS,International
55238,fma_small/055/055238.mp3,Not Free But Not Afraid,Mastermind XS,International
55240,fma_small/055/055240.mp3,Memories Of A Machine,Mastermind XS,International
55241,fma_small/055/055241.mp3,Serious Problem,Mastermind XS,International
55242,fma_small/055/055242.mp3,The Essence Of Bottled Light,Mastermind XS,International
55285,fma_small/055/055285.mp3,Intro (Callin Karma),The Kyoto Connection,Pop
55286,fma_small/055/055286.mp3,Take on me,The Kyoto Connection,Pop
55287,fma_small/055/055287.mp3,The best days of my life,The Kyoto Connection,Pop
55288,fma_small/055/055288.mp3,Blinded by the lights of Tokyo,The Kyoto Connection,Pop
55289,fma_small/055/055289.mp3,H.E.A.T,The Kyoto Connection,Pop
55290,fma_small/055/055290.mp3,River of Hope,The Kyoto Connection,Pop
55291,fma_small/055/055291.mp3,Marks,The Kyoto Connection,Pop
55292,fma_small/055/055292.mp3,Glorious love song,The Kyoto Connection,Pop
55293,fma_small/055/055293.mp3,The enemy inside,The Kyoto Connection,Pop
55294,fma_small/055/055294.mp3,Do you remember,The Kyoto Connection,Pop
55295,fma_small/055/055295.mp3,Vista Panoramica (Reprise),The Kyoto Connection,Pop
55402,fma_small/055/055402.mp3,Total Decay,The Soft Moon,Rock
55430,fma_small/055/055430.mp3,Groover,Bird Names,Pop
55436,fma_small/055/055436.mp3,My Baby's A Lady,Bird Names,Pop
55437,fma_small/055/055437.mp3,People Should Get More Aware,Bird Names,Pop
55480,fma_small/055/055480.mp3,The Zombies Attack,320320320320,Experimental
55481,fma_small/055/055481.mp3,Waves,320320320320,Experimental
55549,fma_small/055/055549.mp3,Last Christmas,Eaters,Hip-Hop
55572,fma_small/055/055572.mp3,'92,BADLUCK,Hip-Hop
55709,fma_small/055/055709.mp3,11,et_,Rock
55710,fma_small/055/055710.mp3,Train's gone,et_,Rock
55711,fma_small/055/055711.mp3,Tarmac,et_,Rock
55712,fma_small/055/055712.mp3,Kino,et_,Rock
55713,fma_small/055/055713.mp3,Pretty simple plus pretty,et_,Rock
55714,fma_small/055/055714.mp3,1967,et_,Rock
55715,fma_small/055/055715.mp3,Chain splendour 2,et_,Rock
55716,fma_small/055/055716.mp3,Domino,et_,Rock
55717,fma_small/055/055717.mp3,The agency of missing hearts,et_,Rock
55718,fma_small/055/055718.mp3,Kopeika,et_,Rock
55719,fma_small/055/055719.mp3,Children,et_,Rock
55782,fma_small/055/055782.mp3,A Boring Halloween,t3h rave,Electronic
55783,fma_small/055/055783.mp3,Phantasm,chibibo,Electronic
55786,fma_small/055/055786.mp3,Psychotic Pumpkin Waltz (for John Carpenter),Ohms & Watts,Electronic
55807,fma_small/055/055807.mp3,Skyblue Monday,Blasterhead,Electronic
55808,fma_small/055/055808.mp3,Killbots,Blasterhead,Electronic
55809,fma_small/055/055809.mp3,HARAKIRI NATION,Blasterhead,Electronic
55810,fma_small/055/055810.mp3,Route909,Blasterhead,Electronic
55811,fma_small/055/055811.mp3,We are here,Blasterhead,Electronic
55826,fma_small/055/055826.mp3,"Reparala, Negra de Alma",Sexteto Tabalá de Palenque,International
55827,fma_small/055/055827.mp3,Live on WFMU,Sexteto Tabalá de Palenque,International
55828,fma_small/055/055828.mp3,La Pegadita,Sexteto Tabalá de Palenque,International
55830,fma_small/055/055830.mp3,Agua,Sexteto Tabalá de Palenque,International
55831,fma_small/055/055831.mp3,El Toche y la Cotorra,Sexteto Tabalá de Palenque,International
55832,fma_small/055/055832.mp3,Maria Palo,Sexteto Tabalá de Palenque,International
55833,fma_small/055/055833.mp3,La Carretera,Sexteto Tabalá de Palenque,International
55900,fma_small/055/055900.mp3,Call To Action,Tickle,Hip-Hop
56010,fma_small/056/056010.mp3,Lights Out,Tone Poets,Experimental
56015,fma_small/056/056015.mp3,Surface,Tone Poets,Experimental
56020,fma_small/056/056020.mp3,A Soft Place,Tone Poets,Experimental
56028,fma_small/056/056028.mp3,love love what can you say love,Origami Repetika,Electronic
56029,fma_small/056/056029.mp3,one two 3 4,Origami Repetika,Electronic
56030,fma_small/056/056030.mp3,All The Stars,Mastermind XS,International
56031,fma_small/056/056031.mp3,EARth,Sky Thing,Experimental
56033,fma_small/056/056033.mp3,Matches,Sky Thing,Experimental
56034,fma_small/056/056034.mp3,dykedub (dyke b mix),Sans Blanc,Electronic
56036,fma_small/056/056036.mp3,hot tea (dyke b mix),Sans Blanc,Electronic
56247,fma_small/056/056247.mp3,A Veces,Jiony,Pop
56248,fma_small/056/056248.mp3,Waiting For The Sun,Jiony,Pop
56249,fma_small/056/056249.mp3,Woman Alone,Jiony,Pop
56273,fma_small/056/056273.mp3,And She Knows,Orca Team,Pop
56274,fma_small/056/056274.mp3,No Fun,Orca Team,Pop
56275,fma_small/056/056275.mp3,Shane,Orca Team,Pop
56460,fma_small/056/056460.mp3,DREEMER,Phemale,Pop
56465,fma_small/056/056465.mp3,Interview Part 3,Alash Ensemble,International
56466,fma_small/056/056466.mp3,Introduction,Alash Ensemble,International
56467,fma_small/056/056467.mp3,Syyn Miygar,Alash Ensemble,International
56468,fma_small/056/056468.mp3,Buura,Alash Ensemble,International
56469,fma_small/056/056469.mp3,Yrlaazhyly,Alash Ensemble,International
56470,fma_small/056/056470.mp3,Interview with Interpreter Sean Quirk,Alash Ensemble,International
56471,fma_small/056/056471.mp3,Karachal,Alash Ensemble,International
56472,fma_small/056/056472.mp3,Reindeer Herder's Song,Alash Ensemble,International
56474,fma_small/056/056474.mp3,Eki A'ttar,Alash Ensemble,International
56493,fma_small/056/056493.mp3,Yeah,Opio,Hip-Hop
56495,fma_small/056/056495.mp3,Aggression,Opio,Hip-Hop
56496,fma_small/056/056496.mp3,Cannabis Club Skit,Opio,Hip-Hop
56497,fma_small/056/056497.mp3,C'mon,Opio,Hip-Hop
56498,fma_small/056/056498.mp3,World of Pain,Opio,Hip-Hop
56499,fma_small/056/056499.mp3,Weed Man Skit,Opio,Hip-Hop
56516,fma_small/056/056516.mp3,Equatorial,Jenny Mayhem,Folk
56517,fma_small/056/056517.mp3,King of the Street,Jenny Mayhem,Folk
56518,fma_small/056/056518.mp3,When You're Older,Jenny Mayhem,Folk
56519,fma_small/056/056519.mp3,Keep the Fire,Jenny Mayhem,Folk
56520,fma_small/056/056520.mp3,Morning Sun,Jenny Mayhem,Folk
56521,fma_small/056/056521.mp3,All the World,Jenny Mayhem,Folk
56523,fma_small/056/056523.mp3,Sports Day,Kevin Bryce,Electronic
56552,fma_small/056/056552.mp3,Celebration,Krebs,Rock
56559,fma_small/056/056559.mp3,Wax 666,Krebs,Rock
56639,fma_small/056/056639.mp3,Dey Get Down (Remixx Instrumental),BADLUCK,Hip-Hop
56640,fma_small/056/056640.mp3,Case Closed (Instrumental),BADLUCK,Hip-Hop
56641,fma_small/056/056641.mp3,Case Closed (Acapella),BADLUCK,Hip-Hop
56645,fma_small/056/056645.mp3,Koi No/Koko Joe/Justine,Jackie & The Cedrics,Rock
56646,fma_small/056/056646.mp3,Santa Claus is Coming to Town,Jackie & The Cedrics,Rock
56648,fma_small/056/056648.mp3,Chattanooga Choo Choo Train,Jackie & The Cedrics,Rock
56649,fma_small/056/056649.mp3,Osaka Holiday,Jackie & The Cedrics,Rock
56650,fma_small/056/056650.mp3,Red River,Jackie & The Cedrics,Rock
56651,fma_small/056/056651.mp3,The Cat,Jackie & The Cedrics,Rock
56686,fma_small/056/056686.mp3,New World Order - Part I (vocals: Revolushan),Corty,International
56687,fma_small/056/056687.mp3,New World Order Dub Transition - Part II,Corty,International
56688,fma_small/056/056688.mp3,New World Order - Part III (vocals: Revolushan),Corty,International
56689,fma_small/056/056689.mp3,Rubadub AntheM (vocals: Revolushan),Corty,International
56690,fma_small/056/056690.mp3,Trod Along (vocals: Preecha Kungo),Corty,International
56691,fma_small/056/056691.mp3,What Kind of Music (vocals: Solo Banton/Leah Rosier),Corty,International
56692,fma_small/056/056692.mp3,Shuffle Dubby (vocals: Solo Banton),Corty,International
56693,fma_small/056/056693.mp3,Bongo Chilli Dubby (vocals: Bongo Chilli),Corty,International
56694,fma_small/056/056694.mp3,Well DuB,Corty,International
56695,fma_small/056/056695.mp3,Dark Sound,Corty,International
56696,fma_small/056/056696.mp3,New World Order - Vol 2 (vocals: Revolushan),Corty,International
56795,fma_small/056/056795.mp3,Happiness Is,Podington Bear,Electronic
56796,fma_small/056/056796.mp3,The Pigeon Strut,Podington Bear,Electronic
56797,fma_small/056/056797.mp3,Herbie,Podington Bear,Electronic
56798,fma_small/056/056798.mp3,Breezin,Podington Bear,Electronic
56799,fma_small/056/056799.mp3,Twinkie,Podington Bear,Electronic
56800,fma_small/056/056800.mp3,Jazzer Incisors,Podington Bear,Electronic
56801,fma_small/056/056801.mp3,Sneaker Chase,Podington Bear,Electronic
56802,fma_small/056/056802.mp3,Falcon Hood,Podington Bear,Electronic
56803,fma_small/056/056803.mp3,Operatives,Podington Bear,Electronic
56804,fma_small/056/056804.mp3,Mutinee,Podington Bear,Electronic
56805,fma_small/056/056805.mp3,Origami,Podington Bear,Electronic
56874,fma_small/056/056874.mp3,Midori,Beat Culture,Electronic
56888,fma_small/056/056888.mp3,soloVIOLA,John King,Experimental
56895,fma_small/056/056895.mp3,(as Puppen),Lame Drivers,Pop
56929,fma_small/056/056929.mp3,Hit and Run,Jack Ruby,Rock
57078,fma_small/057/057078.mp3,Lirik Untuk Lagu Pop,Belkastrelka,Pop
57164,fma_small/057/057164.mp3,Family Van,Short Hand,Folk
57175,fma_small/057/057175.mp3,On My Skateboard,Short Hand,Folk
57176,fma_small/057/057176.mp3,Certain Strangers,Short Hand,Folk
57177,fma_small/057/057177.mp3,Death at Your Door,Short Hand,Folk
57178,fma_small/057/057178.mp3,"NO (Midi #2: Camille/""Modern Music Mix"")",Skeletons,Pop
57179,fma_small/057/057179.mp3,NO - Vocal Track,Skeletons,Pop
57180,fma_small/057/057180.mp3,NO (Midi Version),Skeletons,Pop
57271,fma_small/057/057271.mp3,The existence of the light,Sol Rezza,Experimental
57272,fma_small/057/057272.mp3,The existence of the light,Sol Rezza,Experimental
57273,fma_small/057/057273.mp3,The existence of the light,Sol Rezza,Experimental
57274,fma_small/057/057274.mp3,The existence of the light,Sol Rezza,Experimental
57344,fma_small/057/057344.mp3,Nature Prevails,Chuck Bettis,Experimental
57360,fma_small/057/057360.mp3,D-Stress,Dead Gum,Experimental
57371,fma_small/057/057371.mp3,March Of The Bodypumpers,Justice Yeldham,Instrumental
57417,fma_small/057/057417.mp3,Opasenye [NONIMX],theAudiologist,Electronic
57418,fma_small/057/057418.mp3,Octopus,Kusum Normoyle,Instrumental
57435,fma_small/057/057435.mp3,Way Beyond the Logic of Odds by Decade in Exile,Decade in Exile,Pop
57437,fma_small/057/057437.mp3,When I Leave My House by Decade in Exile,Decade in Exile,Pop
57439,fma_small/057/057439.mp3,Patti's Town by Decade in Exile,Decade in Exile,Pop
57440,fma_small/057/057440.mp3,Fleas Or Radioactive Pop Smear,The Yes Sirs,Experimental
57442,fma_small/057/057442.mp3,Nuclear Beach,The Yes Sirs,Experimental
57500,fma_small/057/057500.mp3,Girl,Barreracudas,Rock
57540,fma_small/057/057540.mp3,Oxuria Memoth,Ralp,Electronic
57569,fma_small/057/057569.mp3,Super Hero,King Louie's Missing Monuments,Rock
57626,fma_small/057/057626.mp3,Starve,Noveller,Experimental
57627,fma_small/057/057627.mp3,Entering,Noveller,Experimental
57628,fma_small/057/057628.mp3,Ends,Noveller,Experimental
57629,fma_small/057/057629.mp3,Blue,Noveller,Experimental
57630,fma_small/057/057630.mp3,Almost Alright,Noveller,Experimental
57639,fma_small/057/057639.mp3,Rattle the Windows,Melaena Cadiz,Folk
57640,fma_small/057/057640.mp3,Swingin' Low,Melaena Cadiz,Folk
57648,fma_small/057/057648.mp3,Blue Skies,Melaena Cadiz,Folk
57658,fma_small/057/057658.mp3,I'm an Animal,Shark?,Rock
57661,fma_small/057/057661.mp3,Hip Hop Hooray,Shark?,Rock
57662,fma_small/057/057662.mp3,Down Low,Shark?,Rock
57663,fma_small/057/057663.mp3,Hey Grrl,Shark?,Rock
57665,fma_small/057/057665.mp3,Don't Wanna Lie,The Conscious Youths,International
57691,fma_small/057/057691.mp3,Live at Home,Olima Anditi,International
57697,fma_small/057/057697.mp3,Conserve de Trees,The Conscious Youths,International
57819,fma_small/057/057819.mp3,Floss Suffers From Gamma Radiation,Blue Ducks,Hip-Hop
57820,fma_small/057/057820.mp3,"Four, Floss, Five, Six",Blue Ducks,Hip-Hop
57821,fma_small/057/057821.mp3,Floss Is Full Of Surprises,Blue Ducks,Hip-Hop
57822,fma_small/057/057822.mp3,Floss Hates Prime Numbers,Blue Ducks,Hip-Hop
57823,fma_small/057/057823.mp3,Farewell To Floss,Blue Ducks,Hip-Hop
57891,fma_small/057/057891.mp3,Maybe I'm Hell,Krebs,Rock
57892,fma_small/057/057892.mp3,There's Something Inside my Kunt,Krebs,Rock
57936,fma_small/057/057936.mp3,We Three Kings,R.Tists for Christmas,Experimental
57937,fma_small/057/057937.mp3,Deck the Halls,R.Tists for Christmas,Experimental
57938,fma_small/057/057938.mp3,12 Days of Christmas,R.Tists for Christmas,Experimental
57939,fma_small/057/057939.mp3,The Meaning of Christmas,Ergo Phizmiz,Experimental
57943,fma_small/057/057943.mp3,"Just Look At All The Love In The World, And Be Gorgeous",Oblivian Substanshall,Experimental
57968,fma_small/057/057968.mp3,Grad,Ljudske Potrebe,Rock
58052,fma_small/058/058052.mp3,Mystical Sighs,Trance And The Arcade,Experimental
58053,fma_small/058/058053.mp3,Metallic Fruit,Trance And The Arcade,Experimental
58054,fma_small/058/058054.mp3,Without Resistance: Nature's Night (For Daniel Higgs),Trance And The Arcade,Experimental
58060,fma_small/058/058060.mp3,Meshes In The Afternoon,Trance And The Arcade,Experimental
58061,fma_small/058/058061.mp3,Reknew Dockter,Trance And The Arcade,Experimental
58063,fma_small/058/058063.mp3,Last Breath Before Death,Trance And The Arcade,Experimental
58068,fma_small/058/058068.mp3,Auroral Propagation Beacon,Przewalski's Horses,Experimental
58070,fma_small/058/058070.mp3,Silent Key Absorption,Przewalski's Horses,Experimental
58115,fma_small/058/058115.mp3,Spooky,The Golden Hours,Pop
58116,fma_small/058/058116.mp3,My Feet Beneath The Water,The Golden Hours,Pop
58117,fma_small/058/058117.mp3,The Painting I Made,The Golden Hours,Pop
58135,fma_small/058/058135.mp3,Feelin' Down,John Bellows,Folk
58140,fma_small/058/058140.mp3,Travel On,John Bellows,Folk
58161,fma_small/058/058161.mp3,DREAMS REALLY DO COME TRUE,Elvis Herod,Pop
58162,fma_small/058/058162.mp3,CHICKEN OVERTURE,Elvis Herod,Pop
58164,fma_small/058/058164.mp3,SILENT NIGHT (Feat Mixmaster Axewound),Elvis Herod,Pop
58166,fma_small/058/058166.mp3,CHICKEN INTRODUCTION,Elvis Herod,Pop
58169,fma_small/058/058169.mp3,SHELLEY PARKER QUEEN OF NEPAL,Elvis Herod,Pop
58170,fma_small/058/058170.mp3,CHICKEN FEET,Elvis Herod,Pop
58173,fma_small/058/058173.mp3,CHICKEN DINNER,Elvis Herod,Pop
58174,fma_small/058/058174.mp3,UNRAVEL BACKWARDS BUT NOT UPSIDE DOWN,Elvis Herod,Pop
58207,fma_small/058/058207.mp3,Hasta Abajo,Kellee Maize,Hip-Hop
58212,fma_small/058/058212.mp3,Guerrilla Music,Elemint,Hip-Hop
58213,fma_small/058/058213.mp3,B*tch You Ain't A Barbie,Vanatei ft. Semi,Hip-Hop
58215,fma_small/058/058215.mp3,Malice In Wonderland,Mouth's Cradle,Hip-Hop
58221,fma_small/058/058221.mp3,Kick Back,Sick of Sarah,Rock
58225,fma_small/058/058225.mp3,Deaf Americans,The Woolen Men,Rock
58333,fma_small/058/058333.mp3,Free Software Song 2,Jono Bacon,Rock
58334,fma_small/058/058334.mp3,Free Software Song 2 (Instrumental),Jono Bacon,Rock
58341,fma_small/058/058341.mp3,Oh Wee,Immortal Beats,Electronic
58474,fma_small/058/058474.mp3,R.I.P please Bob,Plushgoolash,Pop
58539,fma_small/058/058539.mp3,Whispers In My Mind,Man Bites Dog,Rock
58540,fma_small/058/058540.mp3,One Chord Wonder,Man Bites Dog,Rock
58541,fma_small/058/058541.mp3,Perfect One,Man Bites Dog,Rock
58542,fma_small/058/058542.mp3,Milk and Honey,Man Bites Dog,Rock
58543,fma_small/058/058543.mp3,College Rock (How To Hold The Guitar Right),Man Bites Dog,Rock
59078,fma_small/059/059078.mp3,Irish Rebel Song,Dublin Duck Dispensary,Rock
59373,fma_small/059/059373.mp3,The Deadly Game,Twin Guns,Rock
59374,fma_small/059/059374.mp3,The End of the Ride,Twin Guns,Rock
59443,fma_small/059/059443.mp3,Glimpse,Phemale,Pop
59445,fma_small/059/059445.mp3,This Place,Phemale,Pop
59446,fma_small/059/059446.mp3,Beam Chaser,Phemale,Pop
59448,fma_small/059/059448.mp3,Tongue,Phemale,Pop
59449,fma_small/059/059449.mp3,Dreemer,Phemale,Pop
59451,fma_small/059/059451.mp3,Sister,Phemale,Pop
59454,fma_small/059/059454.mp3,Time Erasur,Phemale,Pop
59561,fma_small/059/059561.mp3,Easy for You to Say,Sponsors,Rock
59562,fma_small/059/059562.mp3,Demo to London,Handgrenades,Rock
59581,fma_small/059/059581.mp3,Búsqueda exploratoria #005 - Tu pars.mp3,Circus Marcus,International
59653,fma_small/059/059653.mp3,Sto Imala K'smet Stamena,Brazda,International
59654,fma_small/059/059654.mp3,Bacho Nikola,Brazda,International
59656,fma_small/059/059656.mp3,Shopska Suite,Brazda,International
59657,fma_small/059/059657.mp3,Yiati Foumaro Kokaini,Brazda,International
59658,fma_small/059/059658.mp3,Zheni Se Sine,Brazda,International
59659,fma_small/059/059659.mp3,Zaigrale Mamo Devojcinja,Brazda,International
59660,fma_small/059/059660.mp3,Shto Mi e Milo,Yale Women's Slavic Chorus,International
59663,fma_small/059/059663.mp3,Oi Čorna,Yale Women's Slavic Chorus,International
59664,fma_small/059/059664.mp3,Kaval Sviri,Yale Women's Slavic Chorus,International
59666,fma_small/059/059666.mp3,Sos Ma Karai Maichinko,Yale Women's Slavic Chorus,International
59667,fma_small/059/059667.mp3,Prekhvrukna Ptichka,Yale Women's Slavic Chorus,International
59669,fma_small/059/059669.mp3,Sadilaj moma kraj more loze,Slaveya Women's Vocal Ensemble,International
59671,fma_small/059/059671.mp3,Dark Eyed Girl,Slaveya Women's Vocal Ensemble,International
59673,fma_small/059/059673.mp3,Peruniko,Slaveya Women's Vocal Ensemble,International
59675,fma_small/059/059675.mp3,Hey Petrunka,Slaveya Women's Vocal Ensemble,International
59676,fma_small/059/059676.mp3,Ergen Deda,Slaveya Women's Vocal Ensemble,International
59677,fma_small/059/059677.mp3,How Happy I Am,Slaveya Women's Vocal Ensemble,International
59678,fma_small/059/059678.mp3,Tavas Hazahav,Isra-Alien Band,International
59679,fma_small/059/059679.mp3,Schuna,Isra-Alien Band,International
59680,fma_small/059/059680.mp3,Reach Tapuach Odem Shani,Isra-Alien Band,International
59681,fma_small/059/059681.mp3,Esches Chayil,Isra-Alien Band,International
59682,fma_small/059/059682.mp3,Brogez/Sholem,Isra-Alien Band,International
59683,fma_small/059/059683.mp3,Kondzha Mia/Bre Sarika,Ventanas,International
59684,fma_small/059/059684.mp3,La Komida,Ventanas,International
59685,fma_small/059/059685.mp3,Gusta Mi Magla,Ventanas,International
59686,fma_small/059/059686.mp3,Introductions and Chifteteli,Ventanas,International
59687,fma_small/059/059687.mp3,Tangos de Granada,Ventanas,International
59688,fma_small/059/059688.mp3,Frog Song,Ventanas,International
59695,fma_small/059/059695.mp3,Coplas de Purím,Judith Cohen,International
59702,fma_small/059/059702.mp3,Ortameheluri,Supruli,International
59706,fma_small/059/059706.mp3,"Alleluia, No Nobis",Tenores de Aterúe,International
59707,fma_small/059/059707.mp3,Messe Vultum Tuum: Agnus Dei,Tenores de Aterúe,International
59708,fma_small/059/059708.mp3,Ballu Dillu (A Sa Campagna),Tenores de Aterúe,International
59709,fma_small/059/059709.mp3,Ottava Del Tre,Tenores de Aterúe,International
59710,fma_small/059/059710.mp3,Muttos,Tenores de Aterúe,International
59711,fma_small/059/059711.mp3,Zakukala,Black Sea Hotel,International
59718,fma_small/059/059718.mp3,Spavamise,Black Sea Hotel,International
59719,fma_small/059/059719.mp3,Dospatsko,The Rosen Sisters,International
59720,fma_small/059/059720.mp3,Zemer Atik,The Rosen Sisters,International
59721,fma_small/059/059721.mp3,Korobushka,The Rosen Sisters,International
59723,fma_small/059/059723.mp3,Alunelul,The Rosen Sisters,International
59724,fma_small/059/059724.mp3,Psarapoula,The Rosen Sisters,International
59725,fma_small/059/059725.mp3,Ruchenitsa,The Rosen Sisters,International
59726,fma_small/059/059726.mp3,Gravel Walk,The Rosen Sisters,International
59727,fma_small/059/059727.mp3,In The Mood,The Rosen Sisters,International
59823,fma_small/059/059823.mp3,Cumbia De Los Locos,The Superfools,Experimental
59876,fma_small/059/059876.mp3,Lovedropper,Boy Friend,Rock
59930,fma_small/059/059930.mp3,Piano Box,Plattsburgh Junk Shop Memorial,Experimental
60037,fma_small/060/060037.mp3,Modibo chante à la maison,Lessazo,International
60038,fma_small/060/060038.mp3,Tié ba té djigui,Lessazo,International
60041,fma_small/060/060041.mp3,Moussa,Lessazo,International
60042,fma_small/060/060042.mp3,Intro Tie ba té,Lessazo,International
60045,fma_small/060/060045.mp3,Maiga  Descente à cheval,Lessazo,International
60048,fma_small/060/060048.mp3,Chérie la Kro,Lessazo,International
60074,fma_small/060/060074.mp3,Virtuoso Masterbattalion Of Perfected Sound Anticipation,Rubber O Cement And James Twig Harper,Experimental
60143,fma_small/060/060143.mp3,Momche,Vlada Tomova's Balkan Tales,International
60144,fma_small/060/060144.mp3,Leno,Vlada Tomova's Balkan Tales,International
60145,fma_small/060/060145.mp3,Messechinko,Vlada Tomova's Balkan Tales,International
60146,fma_small/060/060146.mp3,Kara Deniz,Vlada Tomova's Balkan Tales,International
60170,fma_small/060/060170.mp3,Marimba Interlude I,Hammer of Hathor,Folk
60317,fma_small/060/060317.mp3,Horror Storm,Chuck Bettis,Experimental
60331,fma_small/060/060331.mp3,Thank You Beyoncé,Leslie Keffer,Experimental
60472,fma_small/060/060472.mp3,La Princesa Perdida,Laguna,Hip-Hop
60474,fma_small/060/060474.mp3,Nick The Stick,Citizen Crane,Hip-Hop
60476,fma_small/060/060476.mp3,Perfect Tomorrow,Mokhov,Hip-Hop
60477,fma_small/060/060477.mp3,Keg Baseball,Centz,Hip-Hop
60478,fma_small/060/060478.mp3,I Got The Blues,Mr. Moods,Hip-Hop
60510,fma_small/060/060510.mp3,Sad Song,MUTE,Hip-Hop
60533,fma_small/060/060533.mp3,Gori Mori,Rakiya,International
60534,fma_small/060/060534.mp3,Siki Siki Baba,Rakiya,International
60535,fma_small/060/060535.mp3,Sa Bas Tute,Rakiya,International
60536,fma_small/060/060536.mp3,Me Phirava Daje,Rakiya,International
60537,fma_small/060/060537.mp3,Sweet Girl,Rakiya,International
60544,fma_small/060/060544.mp3,Jasmina,Raya Brass Band,International
60547,fma_small/060/060547.mp3,Srpski Splet,Raya Brass Band,International
60548,fma_small/060/060548.mp3,Riff Cloud,Raya Brass Band,International
60549,fma_small/060/060549.mp3,Romska Karsilama,Raya Brass Band,International
60736,fma_small/060/060736.mp3,Mexican Holiday live at the Winston,Mexican Holiday,Rock
60753,fma_small/060/060753.mp3,Snosti ti Dojdov,Niva,International
60754,fma_small/060/060754.mp3,Sadila Jana,Niva,International
60755,fma_small/060/060755.mp3,Salzi Ronya Snosti Sum Libe,Niva,International
60756,fma_small/060/060756.mp3,Rajkos,Niva,International
60757,fma_small/060/060757.mp3,Taya Vecher,Niva,International
60758,fma_small/060/060758.mp3,Dimitrija Sto Imala Kusmet,Niva,International
60775,fma_small/060/060775.mp3,Larkistan,Echidna,International
60776,fma_small/060/060776.mp3,Zapevala Sojka Ptica / Ajdevano,Echidna,International
60777,fma_small/060/060777.mp3,T'ithela k'c s'agapousa,Echidna,International
60857,fma_small/060/060857.mp3,Chunovo,Gogofski,International
60864,fma_small/060/060864.mp3,Chuperlika,Gogofski,International
60865,fma_small/060/060865.mp3,"Medley: Prishtinka, Ramo-Ramo, Osman Aga",Gogofski,International
60871,fma_small/060/060871.mp3,Avante Me Fante,Eastern Watershed Klezmer Quartet,International
60872,fma_small/060/060872.mp3,Introduction//Hora Mare,Eastern Watershed Klezmer Quartet,International
60873,fma_small/060/060873.mp3,Hora De La Me Hedinti,Eastern Watershed Klezmer Quartet,International
60874,fma_small/060/060874.mp3,Ca Aenesaca De La Cobadin,Eastern Watershed Klezmer Quartet,International
60875,fma_small/060/060875.mp3,Piece de Tarita,Eastern Watershed Klezmer Quartet,International
60994,fma_small/060/060994.mp3,Infantile Reimaging of Jimmy Loose Spour,Global Distance feat. Larva Lou,Experimental
61006,fma_small/061/061006.mp3,Week One,Ben von Wildenhaus,Folk
61007,fma_small/061/061007.mp3,Week Two,Ben von Wildenhaus,Folk
61008,fma_small/061/061008.mp3,Week Four,Ben von Wildenhaus,Folk
61010,fma_small/061/061010.mp3,Week Six,Ben von Wildenhaus,Folk
61011,fma_small/061/061011.mp3,Week Seven,Ben von Wildenhaus,Folk
61012,fma_small/061/061012.mp3,Week Eight,Ben von Wildenhaus,Folk
61013,fma_small/061/061013.mp3,Week Nine,Ben von Wildenhaus,Folk
61159,fma_small/061/061159.mp3,Drive Thru,Alaclair Ensemble,Hip-Hop
61160,fma_small/061/061160.mp3,Domino's,Alaclair Ensemble,Hip-Hop
61161,fma_small/061/061161.mp3,DillA Remix,Alaclair Ensemble,Hip-Hop
61172,fma_small/061/061172.mp3,KEnLO's WorKouT,Alaclair Ensemble,Hip-Hop
61174,fma_small/061/061174.mp3,ExplosiON,Alaclair Ensemble,Hip-Hop
61175,fma_small/061/061175.mp3,KING NeLSON,Alaclair Ensemble,Hip-Hop
61452,fma_small/061/061452.mp3,Moulin Ben Sec,Alaclair Ensemble,Hip-Hop
61453,fma_small/061/061453.mp3,Les Insectes,Alaclair Ensemble,Hip-Hop
61491,fma_small/061/061491.mp3,Burn,Room For A Ghost,Rock
61492,fma_small/061/061492.mp3,No.02,Room For A Ghost,Rock
61493,fma_small/061/061493.mp3,Redlight,Room For A Ghost,Rock
61587,fma_small/061/061587.mp3,Margarita's Rumpus,Ergo Phizmiz,Pop
61589,fma_small/061/061589.mp3,Lord of the Dance Arrives,Ergo Phizmiz,Pop
61591,fma_small/061/061591.mp3,Gigglestick,Ergo Phizmiz,Pop
61592,fma_small/061/061592.mp3,Medicine Goes Down,Ergo Phizmiz,Pop
61668,fma_small/061/061668.mp3,Nickles And Dimes,T Bird,Hip-Hop
61670,fma_small/061/061670.mp3,Japan Punk,Gosprom,Pop
61679,fma_small/061/061679.mp3,Frågan,Duellen,Pop
61734,fma_small/061/061734.mp3,Let's Go Dutch,Soft Serve,Pop
61736,fma_small/061/061736.mp3,Margaritaville,Soft Serve,Pop
61742,fma_small/061/061742.mp3,A Clown's Good Deed,Soft Serve,Pop
61814,fma_small/061/061814.mp3,MY NAME IS,Kalashnikov,Rock
61820,fma_small/061/061820.mp3,THRASHMETAL,Ed Saad,Rock
61821,fma_small/061/061821.mp3,WALKING WITH SAAD,Ed Saad,Rock
61884,fma_small/061/061884.mp3,Old Western Firefight,Cullah,Hip-Hop
62001,fma_small/062/062001.mp3,Stand,mGee,Hip-Hop
62003,fma_small/062/062003.mp3,Free You,Armageddon Gospel Revival,Instrumental
62005,fma_small/062/062005.mp3,Heaven 17,Armageddon Gospel Revival,Instrumental
62007,fma_small/062/062007.mp3,Girl Ghoul A Go-Go,Armageddon Gospel Revival,Instrumental
62163,fma_small/062/062163.mp3,Glasses High,Sophia Knapp,Pop
62164,fma_small/062/062164.mp3,Into The Waves,Sophia Knapp,Pop
62165,fma_small/062/062165.mp3,Interview,Sophia Knapp,Pop
62180,fma_small/062/062180.mp3,Our Happy Life,Maps & Transit,Instrumental
62183,fma_small/062/062183.mp3,Bouge ton popotin,Dr Sakis,International
62184,fma_small/062/062184.mp3,le malin,le pouvoir,International
62185,fma_small/062/062185.mp3,Qui a bu Boira...,Majoie Ayi,International
62186,fma_small/062/062186.mp3,La femme de mon patron,Daouda,International
62187,fma_small/062/062187.mp3,Mignoncité,Guy Watson -,International
62188,fma_small/062/062188.mp3,Chéri ton disque est rayé,Patience Dabany,International
62189,fma_small/062/062189.mp3,Génie militaire,Armée,International
62190,fma_small/062/062190.mp3,DECEPTION   (Je frotte et je cogne),"LETIS DIVA,",International
62191,fma_small/062/062191.mp3,Go digitale,Divans,International
62192,fma_small/062/062192.mp3,Victoire,Petit Yodé et l'enfant siro,International
62193,fma_small/062/062193.mp3,LArgent appelle largent,Pamelo Mounka,International
62194,fma_small/062/062194.mp3,Les Ennemis de mes amis,Tonton Ebogo,International
62195,fma_small/062/062195.mp3,La go d'a côté,Arielle T,International
62196,fma_small/062/062196.mp3,Jardin damour,Barbara Kanam --,International
62337,fma_small/062/062337.mp3,Chinese Rug,The Woolen Men,Rock
62426,fma_small/062/062426.mp3,Vladimir Estragon,Jahzzar,Folk
62436,fma_small/062/062436.mp3,Fastest Man on Earth,Jahzzar,Pop
62445,fma_small/062/062445.mp3,Comic,Jahzzar,Rock
62446,fma_small/062/062446.mp3,Two days,Jahzzar,Pop
62448,fma_small/062/062448.mp3,Julia,Jahzzar,Pop
62449,fma_small/062/062449.mp3,Maybe,Jahzzar,Pop
62450,fma_small/062/062450.mp3,Montmartre,Jahzzar,Pop
62452,fma_small/062/062452.mp3,Jardins du Luxembourg,Jahzzar,Pop
62458,fma_small/062/062458.mp3,Out of School,Jahzzar,Rock
62525,fma_small/062/062525.mp3,Mistery Woman,Tommy Tornado,International
62526,fma_small/062/062526.mp3,Gladiator,Tommy Tornado,International
62527,fma_small/062/062527.mp3,Clear Vision feat. Soulmack,Tommy Tornado,International
62528,fma_small/062/062528.mp3,Ruff Tuff,Tommy Tornado,International
62529,fma_small/062/062529.mp3,Cheatin´ feat. Soulmack,Tommy Tornado,International
62531,fma_small/062/062531.mp3,Skank it,Tommy Tornado,International
62532,fma_small/062/062532.mp3,Mascarade,Tommy Tornado,International
62533,fma_small/062/062533.mp3,Tight Spot/Rough Style feat. Osagyefo,Tommy Tornado,International
62534,fma_small/062/062534.mp3,Closing,Tommy Tornado,International
62586,fma_small/062/062586.mp3,Liquid Sunlight,Strange Forces,Rock
62589,fma_small/062/062589.mp3,Tchakare Kanyembe track 01,Tchakare Kanyembe,International
62591,fma_small/062/062591.mp3,Tchakare Kanyembe track 04,Tchakare Kanyembe,International
62592,fma_small/062/062592.mp3,Tchakare Kanyembe track 05,Tchakare Kanyembe,International
62594,fma_small/062/062594.mp3,Tchakare Kanyembe track 07,Tchakare Kanyembe,International
62595,fma_small/062/062595.mp3,Tchakare Kanyembe track 08,Tchakare Kanyembe,International
62596,fma_small/062/062596.mp3,Tchakare Kanyembe track 09,Tchakare Kanyembe,International
62655,fma_small/062/062655.mp3,Route 13,Pitchman,Rock
62671,fma_small/062/062671.mp3,Striped blue vinyl,Jahzzar,Electronic
62742,fma_small/062/062742.mp3,Sleepin',Jahzzar,Pop
62748,fma_small/062/062748.mp3,Haunted,Jahzzar,Pop
62749,fma_small/062/062749.mp3,Heartbreaker,Jahzzar,Pop
62750,fma_small/062/062750.mp3,Roller-skate,Jahzzar,Pop
62751,fma_small/062/062751.mp3,Birthday Cake,Jahzzar,Pop
62753,fma_small/062/062753.mp3,VHS,Jahzzar,Pop
63043,fma_small/063/063043.mp3,"Dont Talk, Just Kiss",The Wedding Present,Rock
63044,fma_small/063/063044.mp3,Courduroy,The Wedding Present,Rock
63045,fma_small/063/063045.mp3,Brassneck,The Wedding Present,Rock
63064,fma_small/063/063064.mp3,Underwater,Koona,Electronic
63065,fma_small/063/063065.mp3,Starkey,Koona,Electronic
63117,fma_small/063/063117.mp3,Berzerker,Wretched Worst,Rock
63149,fma_small/063/063149.mp3,25,Lucky Dragons,Experimental
63159,fma_small/063/063159.mp3,15,Lucky Dragons,Experimental
63161,fma_small/063/063161.mp3,13,Lucky Dragons,Experimental
63191,fma_small/063/063191.mp3,Taylor Swift,speedy ortiz,Rock
63208,fma_small/063/063208.mp3,The Road Is Paved With Leaves,Larkin Grimm,Folk
63224,fma_small/063/063224.mp3,Harmony,Dumbo Gets Mad,Pop
63226,fma_small/063/063226.mp3,You Make You Feel,Dumbo Gets Mad,Pop
63250,fma_small/063/063250.mp3,Out of Turn,Big Blood,Folk
63251,fma_small/063/063251.mp3,Mark the Spot Spot,Big Blood,Folk
63252,fma_small/063/063252.mp3,Leviathan Song pt. I,Big Blood,Folk
63253,fma_small/063/063253.mp3,Sirens Knell,Big Blood,Folk
63255,fma_small/063/063255.mp3,Away pt. I,Big Blood,Folk
63257,fma_small/063/063257.mp3,Awake Too Long,Big Blood,Folk
63258,fma_small/063/063258.mp3,Shadows for the Land,Big Blood,Folk
63287,fma_small/063/063287.mp3,I Was The Killer,I Was A Teenage Strangler Soundtrack,Instrumental
63289,fma_small/063/063289.mp3,Ticking eye,I Was A Teenage Strangler Soundtrack,Instrumental
63290,fma_small/063/063290.mp3,Creep 04 (minimal),I Was A Teenage Strangler Soundtrack,Instrumental
63291,fma_small/063/063291.mp3,March of the Teenagers pt. 2,I Was A Teenage Strangler Soundtrack,Instrumental
63292,fma_small/063/063292.mp3,Outtake,I Was A Teenage Strangler Soundtrack,Instrumental
63456,fma_small/063/063456.mp3,Away pt. II,Big Blood,Folk
63457,fma_small/063/063457.mp3,Old Time Primitives,Big Blood,Folk
63470,fma_small/063/063470.mp3,Blood Will Tell,Mutilation Rites,Rock
63471,fma_small/063/063471.mp3,Goliath,Mutilation Rites,Rock
63472,fma_small/063/063472.mp3,A Season of Grey Rain,Mutilation Rites,Rock
63626,fma_small/063/063626.mp3,Particles Of A Dream,Mudang Rouge,Experimental
63655,fma_small/063/063655.mp3,Part I,Jahzzar,Electronic
63733,fma_small/063/063733.mp3,Abraham Lincoln and Albert Einstein,Cullah,Hip-Hop
63747,fma_small/063/063747.mp3,8bit Five (ft. J6),Cullah,Hip-Hop
63755,fma_small/063/063755.mp3,A Dangerous Game,Cullah,Hip-Hop
63757,fma_small/063/063757.mp3,Sweet as Pie,Cullah,Hip-Hop
63770,fma_small/063/063770.mp3,Western Firefight 2,Cullah,Hip-Hop
63789,fma_small/063/063789.mp3,Never Stop,Cullah,Hip-Hop
63803,fma_small/063/063803.mp3,Gymnopedie (feat. Shad),Lushlife,Hip-Hop
63804,fma_small/063/063804.mp3,Motivation,Lushlife,Hip-Hop
63805,fma_small/063/063805.mp3,Meridian Sound (Part Three),Lushlife,Hip-Hop
63874,fma_small/063/063874.mp3,Dance With The Godfather,Tha Silent Partner,Hip-Hop
63900,fma_small/063/063900.mp3,Caps In Stems (Instrumental),Tab,Hip-Hop
63908,fma_small/063/063908.mp3,Death By Hangover,Tab,Hip-Hop
63922,fma_small/063/063922.mp3,Happy Me,Beme Seed,Rock
63936,fma_small/063/063936.mp3,Angry People,Snail Bob,Experimental
63999,fma_small/063/063999.mp3,Brute,Gosprom,Pop
64005,fma_small/064/064005.mp3,Giraffes,Gosprom,Pop
64006,fma_small/064/064006.mp3,Moi Samolety,Gosprom,Pop
64007,fma_small/064/064007.mp3,Nevesta,Gosprom,Pop
64008,fma_small/064/064008.mp3,Brute (One Remix),Gosprom,Pop
64009,fma_small/064/064009.mp3,Nevesta (Flayve Remix),Gosprom,Pop
64035,fma_small/064/064035.mp3,Criminal Kids,Literature,Rock
64078,fma_small/064/064078.mp3,France-excerpt,FRANCE,Experimental
64079,fma_small/064/064079.mp3,DREAM,Girlseeker,Pop
64091,fma_small/064/064091.mp3,This Place That Time,Elliott Sharp,Experimental
64093,fma_small/064/064093.mp3,sweet talking,Alcove,Experimental
64247,fma_small/064/064247.mp3,Good Luck Charm,The Happy Valley Band,Experimental
64248,fma_small/064/064248.mp3,Wooden Heart,The Happy Valley Band,Experimental
64249,fma_small/064/064249.mp3,Crazy,The Happy Valley Band,Experimental
64252,fma_small/064/064252.mp3,In the Ghetto,The Happy Valley Band,Experimental
64253,fma_small/064/064253.mp3,Midnight Mover,The Happy Valley Band,Experimental
64331,fma_small/064/064331.mp3,Promo Mix Vocal Edit (Luv Dub Mix),Pierlo,Electronic
64332,fma_small/064/064332.mp3,Passion Unlimited (Beat to the Feeling 94 Version),Pierlo,Electronic
64333,fma_small/064/064333.mp3,You Can't Unfeel The Rhythm (DJ JC Radio Edit),Pierlo,Electronic
64334,fma_small/064/064334.mp3,Everybody Dance (All Night Luv Garage Edit) feat. Alexia Dee's,Pierlo,Electronic
64338,fma_small/064/064338.mp3,Ten Years Coming (Ninety-Four Drums of Death),LOWdown,Hip-Hop
64364,fma_small/064/064364.mp3,Almighty,Bergitta Victor,Pop
64365,fma_small/064/064365.mp3,I Feel,Bergitta Victor,Pop
64366,fma_small/064/064366.mp3,Trouble,Bergitta Victor,Pop
64407,fma_small/064/064407.mp3,Melodica Time (Original Prod),Phoniandflore,International
64408,fma_small/064/064408.mp3,Melodica Time (Cut Session),Shan-A-Shan,International
64409,fma_small/064/064409.mp3,Melodica Time (Remix),Injham,International
64410,fma_small/064/064410.mp3,Melodica Time (Sound System Style),Jideh High,International
64515,fma_small/064/064515.mp3,Reactivated,Heavy Links,Hip-Hop
64516,fma_small/064/064516.mp3,The Way,Heavy Links,Hip-Hop
64517,fma_small/064/064517.mp3,"Rap Ambassadors feat Cappo, Sonnyjim & Chrome",Heavy Links,Hip-Hop
64519,fma_small/064/064519.mp3,Quality Control,Heavy Links,Hip-Hop
64520,fma_small/064/064520.mp3,Matter Of Interest,Heavy Links,Hip-Hop
64521,fma_small/064/064521.mp3,Resonate feat DJ Severe,Heavy Links,Hip-Hop
64522,fma_small/064/064522.mp3,Bombsite,Heavy Links,Hip-Hop
64523,fma_small/064/064523.mp3,Vandalise,Heavy Links,Hip-Hop
64535,fma_small/064/064535.mp3,found,Retral,Electronic
64536,fma_small/064/064536.mp3,found (vip),Retral,Electronic
64537,fma_small/064/064537.mp3,fvneral blves,Retral,Electronic
64538,fma_small/064/064538.mp3,fvneral blves (kinlaw remix),Retral,Electronic
64542,fma_small/064/064542.mp3,Chapter Ending,Jed Rabid,Electronic
64553,fma_small/064/064553.mp3,Bread,Wellington Boot,Folk
64556,fma_small/064/064556.mp3,Birthquake,Wellington Boot,Folk
64567,fma_small/064/064567.mp3,The Best,Starring,Rock
64590,fma_small/064/064590.mp3,Vamos A Tocar Sonero,Frank Guerrero y Su Grupo Aché,International
64591,fma_small/064/064591.mp3,Fui Yo,Frank Guerrero y Su Grupo Aché,International
64592,fma_small/064/064592.mp3,Cupido,Frank Guerrero y Su Grupo Aché,International
64593,fma_small/064/064593.mp3,Barranquilla Tiene Un  Swing,Frank Guerrero y Su Grupo Aché,International
64594,fma_small/064/064594.mp3,banjo mouth,Buildings and Mountains,Experimental
64601,fma_small/064/064601.mp3,Start Running,Buildings and Mountains,Experimental
64604,fma_small/064/064604.mp3,i dont want to die alone,Buildings and Mountains,Experimental
64618,fma_small/064/064618.mp3,Deuce,Indian Wells,Electronic
64625,fma_small/064/064625.mp3,Thursday & Snow (Reprise),Blank & Kytt,Hip-Hop
64626,fma_small/064/064626.mp3,Jangle,Blank & Kytt,Hip-Hop
64627,fma_small/064/064627.mp3,Cassette Thing,Blank & Kytt,Hip-Hop
64628,fma_small/064/064628.mp3,Come Get Some,Blank & Kytt,Hip-Hop
64629,fma_small/064/064629.mp3,Rock,Blank & Kytt,Hip-Hop
64630,fma_small/064/064630.mp3,Deniro,Blank & Kytt,Hip-Hop
64631,fma_small/064/064631.mp3,Flava,Blank & Kytt,Hip-Hop
64659,fma_small/064/064659.mp3,Fake Italian,Labasheeda,Rock
64787,fma_small/064/064787.mp3,Beastly,Invisible Sports,Pop
64788,fma_small/064/064788.mp3,It's A Warhorse,Invisible Sports,Pop
64789,fma_small/064/064789.mp3,OW,Invisible Sports,Pop
64796,fma_small/064/064796.mp3,Could Be (ft. Jesse Taylor),Jenny Mayhem,Pop
64809,fma_small/064/064809.mp3,Butterfly Lullaby,Possimiste,Folk
64834,fma_small/064/064834.mp3,Music For Baby,Radioactive Sparrow,Pop
64840,fma_small/064/064840.mp3,Kim,Radioactive Sparrow,Pop
64841,fma_small/064/064841.mp3,Please Tell Lisa,Radioactive Sparrow,Pop
64854,fma_small/064/064854.mp3,Swedish Fish,Monroeville Music Center,Experimental
64855,fma_small/064/064855.mp3,I Don't Know Why (the Gooeys),Monroeville Music Center,Experimental
64856,fma_small/064/064856.mp3,Cloud Fight 2,Monroeville Music Center,Experimental
64857,fma_small/064/064857.mp3,Rainbow Bomb,Monroeville Music Center,Experimental
64858,fma_small/064/064858.mp3,Trigger Select,Monroeville Music Center,Experimental
64859,fma_small/064/064859.mp3,Dripping Guts in PG,Monroeville Music Center,Experimental
64860,fma_small/064/064860.mp3,Subterranean Centipede Slave,Monroeville Music Center,Experimental
64861,fma_small/064/064861.mp3,Herb Pilhofer's Whirlpool,Monroeville Music Center,Experimental
64862,fma_small/064/064862.mp3,Hairy Fairy Hotaruna,Monroeville Music Center,Experimental
64863,fma_small/064/064863.mp3,En Route (ou Enfin! Le Défilé Capsule de Temps va au Centre de Contrôle),Monroeville Music Center,Experimental
64864,fma_small/064/064864.mp3,Préparatifs dans la Salle de Rédaction,Monroeville Music Center,Experimental
64865,fma_small/064/064865.mp3,Il Pleut des Informations (ou Mass Media en Masse à Partir de Notre Cumulonimus Fiable),Monroeville Music Center,Experimental
64866,fma_small/064/064866.mp3,"Á Minuit, le 31 Décembre",Monroeville Music Center,Experimental
64893,fma_small/064/064893.mp3,horse and sparrow,Buildings and Mountains,Experimental
64895,fma_small/064/064895.mp3,side a,Andris Balins,Experimental
64896,fma_small/064/064896.mp3,side b,Andris Balins,Experimental
64918,fma_small/064/064918.mp3,Cannibals,The Units,Rock
64919,fma_small/064/064919.mp3,Digital Stimulation,The Units,Rock
64988,fma_small/064/064988.mp3,Rehab,Action Davis,Hip-Hop
64989,fma_small/064/064989.mp3,Bee Mine,Action Davis,Hip-Hop
64990,fma_small/064/064990.mp3,Class Act,Action Davis,Hip-Hop
64991,fma_small/064/064991.mp3,NYC,Action Davis,Hip-Hop
64992,fma_small/064/064992.mp3,Lights - And Counting (Action Davis Remix),Action Davis,Hip-Hop
64993,fma_small/064/064993.mp3,Japanese,Action Davis,Hip-Hop
64994,fma_small/064/064994.mp3,Dearly Departed (Outro),Action Davis,Hip-Hop
64995,fma_small/064/064995.mp3,Illumination (feat. Emmalyne Braswell),Action Davis,Hip-Hop
65037,fma_small/065/065037.mp3,A Lifetime of Summers Past,Candlegravity,Electronic
65038,fma_small/065/065038.mp3,Snow Monkeys,Candlegravity,Electronic
65039,fma_small/065/065039.mp3,Circuit Doves,Candlegravity,Electronic
65040,fma_small/065/065040.mp3,Anxiety Ejection,Candlegravity,Electronic
65063,fma_small/065/065063.mp3,Kicks,Sycamore Drive,Electronic
65064,fma_small/065/065064.mp3,Moves,Sycamore Drive,Electronic
65073,fma_small/065/065073.mp3,Manifest,AViDD,Electronic
65076,fma_small/065/065076.mp3,[DSR 7001] Bek Suserutz & mildtape - Dinna Chord redub.mp3,mildtape,International
65077,fma_small/065/065077.mp3,[DSR 7001] Bek Suserutz & mildtape - Weisse Nicht redub.mp3,mildtape,International
65090,fma_small/065/065090.mp3,excerpt from the B-side,Floris Vanhoof,Experimental
65234,fma_small/065/065234.mp3,Fall Moon,Buildings and Mountains,Experimental
65265,fma_small/065/065265.mp3,Excerpt 1 - Jandek with Susan Alcorn Ryan Sawyer Shahzad Ismaily,Susan Alcorn,Experimental
65488,fma_small/065/065488.mp3,Colorful Lights,Sad Soul Circus,Electronic
65619,fma_small/065/065619.mp3,BlackBox Red at Vondelbunker,BlackBox Red,Rock
65683,fma_small/065/065683.mp3,People Like You,Bill Borman,Folk
65685,fma_small/065/065685.mp3,Maybelle (feat. Robyn Kenealy),Dick Whyte and his Golden Guitar,Folk
65745,fma_small/065/065745.mp3,Everpresent Future,Super Galactic Expansive,Hip-Hop
65752,fma_small/065/065752.mp3,ExplosiON,Alaclair Ensemble,Hip-Hop
65755,fma_small/065/065755.mp3,Reality Bites,Emerald Park,Pop
65756,fma_small/065/065756.mp3,"Darkling, I Listen",The Black Atlantic,Pop
65777,fma_small/065/065777.mp3,Sun Rice,Adubter,Electronic
65779,fma_small/065/065779.mp3,Let's go!,Adubter,Electronic
65780,fma_small/065/065780.mp3,OutroDub,Adubter,Electronic
65893,fma_small/065/065893.mp3,Sleeping Beauty,Fast Freddie Fourier and the Transforms,Folk
66058,fma_small/066/066058.mp3,Superhero Style,Ivana XL,Folk
66073,fma_small/066/066073.mp3,Berlin,LASERS,Electronic
66074,fma_small/066/066074.mp3,Porto,LASERS,Electronic
66075,fma_small/066/066075.mp3,Paris,LASERS,Electronic
66076,fma_small/066/066076.mp3,Amsterdam,LASERS,Electronic
66180,fma_small/066/066180.mp3,Life Unfolds,Derek Clegg,Folk
66187,fma_small/066/066187.mp3,Tragic,Derek Clegg,Folk
66390,fma_small/066/066390.mp3,Komodo Dodo,krackatoa,Electronic
66394,fma_small/066/066394.mp3,Get Used to It,Yellow Dogs,Rock
66405,fma_small/066/066405.mp3,Hon,Free Keys,Rock
66469,fma_small/066/066469.mp3,Walking,Qkcofse,Experimental
66482,fma_small/066/066482.mp3,Phase a Couple Rooms,Qkcofse,Experimental
66483,fma_small/066/066483.mp3,Roast Lettuce and the Glass Babies,Qkcofse,Experimental
66525,fma_small/066/066525.mp3,Bending Light,krackatoa,Instrumental
66534,fma_small/066/066534.mp3,Gator Foot,Waylon Thornton,Rock
66535,fma_small/066/066535.mp3,Baladora,Waylon Thornton,Rock
66536,fma_small/066/066536.mp3,Bat Glasses,Waylon Thornton,Rock
66537,fma_small/066/066537.mp3,Cold Spot,Waylon Thornton,Rock
66538,fma_small/066/066538.mp3,Pass The Ring,Waylon Thornton,Rock
66539,fma_small/066/066539.mp3,Come On Down,Waylon Thornton,Rock
66636,fma_small/066/066636.mp3,Sniper Wolf,Ghosts,Electronic
66637,fma_small/066/066637.mp3,I Walk Alone,Ghosts,Electronic
66638,fma_small/066/066638.mp3,Grief And Sleep,Ghosts,Electronic
66641,fma_small/066/066641.mp3,Home,The Suzan,Pop
66643,fma_small/066/066643.mp3,Ha Ha Ha,The Suzan,Pop
66644,fma_small/066/066644.mp3,Devils,The Suzan,Pop
66646,fma_small/066/066646.mp3,Tokyo,The Suzan,Pop
66648,fma_small/066/066648.mp3,Jungle,The Suzan,Pop
66649,fma_small/066/066649.mp3,Uh-Ah,The Suzan,Pop
66650,fma_small/066/066650.mp3,Wild Animal,The Suzan,Pop
66689,fma_small/066/066689.mp3,July.#04,arizono kazuhiro,Electronic
66690,fma_small/066/066690.mp3,Her breath,arizono kazuhiro,Electronic
66717,fma_small/066/066717.mp3,Love On The Run,Young Love,Rock
66757,fma_small/066/066757.mp3,Under the Mountain,krackatoa,Instrumental
66782,fma_small/066/066782.mp3,Love Love Leave Love,Supercute,Pop
66783,fma_small/066/066783.mp3,Candy City,Supercute,Pop
67007,fma_small/067/067007.mp3,The Great Cape,Kid Flicks,Pop
67010,fma_small/067/067010.mp3,The Spirits Theme,Kid Flicks,Pop
67011,fma_small/067/067011.mp3,She Moves Through the Fair,Michael Chapman,Folk
67016,fma_small/067/067016.mp3,Kodak Ghosts,Michael Chapman,Folk
67017,fma_small/067/067017.mp3,The Twisted Road,Michael Chapman,Folk
67121,fma_small/067/067121.mp3,#3,A Banda de Joseph Tourton,Rock
67163,fma_small/067/067163.mp3,Poserslave,Hisko Detria,Rock
67232,fma_small/067/067232.mp3,Broad Street Boogie (Instrumental),The Honorable Sleaze,Hip-Hop
67233,fma_small/067/067233.mp3,Love Me/Hate Me (Instrumental),The Honorable Sleaze,Hip-Hop
67235,fma_small/067/067235.mp3,Love Me/Hate Me (Featuring Joey Ripps) (Acapella),The Honorable Sleaze,Hip-Hop
67237,fma_small/067/067237.mp3,Break The News,Thomas Allan,Rock
67308,fma_small/067/067308.mp3,Camden Park,Super Flower,Electronic
67330,fma_small/067/067330.mp3,Rutherford,Drama for Yamaha,Pop
67331,fma_small/067/067331.mp3,Diver,Drama for Yamaha,Pop
67332,fma_small/067/067332.mp3,Island Pop,Drama for Yamaha,Pop
67333,fma_small/067/067333.mp3,Lagoon,Drama for Yamaha,Pop
67334,fma_small/067/067334.mp3,Spears,Drama for Yamaha,Pop
67336,fma_small/067/067336.mp3,Waterflies,Drama for Yamaha,Pop
67357,fma_small/067/067357.mp3,50 Gallon Drum,Pompey,Pop
67358,fma_small/067/067358.mp3,Were You Gone,Brutal Vainqueur,Pop
67359,fma_small/067/067359.mp3,Savage Customs,Emperors of Blefuscu,Pop
67360,fma_small/067/067360.mp3,Fresh Flesh,Inquiet,Pop
67361,fma_small/067/067361.mp3,Rich In Vitamin C,Squimaoto,Pop
67362,fma_small/067/067362.mp3,Compy,Design A Wave,Pop
67363,fma_small/067/067363.mp3,Before The March,Directorsound,Pop
67364,fma_small/067/067364.mp3,Ether,Andersens,Pop
67365,fma_small/067/067365.mp3,World Premiere Grand Revue [#15 And 13],Saitto Elettrico Goodsound,Pop
67366,fma_small/067/067366.mp3,Broken Eights,Aranos,Pop
67367,fma_small/067/067367.mp3,Random Pop,Poland,Pop
67368,fma_small/067/067368.mp3,Get Off My Beach,Super Creep,Pop
67412,fma_small/067/067412.mp3,You Had to Be There,Dress Up As Natives,Rock
67457,fma_small/067/067457.mp3,a kiss,Big City Orchestra,Experimental
67470,fma_small/067/067470.mp3,Might As Well Whistle,Ant Neely,Electronic
67500,fma_small/067/067500.mp3,Iced Honey,BOK Darklord,Experimental
67553,fma_small/067/067553.mp3,Not Found (Invisible),Jiony,Electronic
67556,fma_small/067/067556.mp3,Winter Fear,The Jacobins,Rock
67557,fma_small/067/067557.mp3,Hazy Days,The Jacobins,Rock
67558,fma_small/067/067558.mp3,Slow Motion,The Jacobins,Rock
67597,fma_small/067/067597.mp3,Climbing Up the Mountain (volcano),Richard Wolff,Folk
67598,fma_small/067/067598.mp3,Dragon Millipede,Richard Wolff,Folk
67600,fma_small/067/067600.mp3,Scorpion Stinger,Richard Wolff,Folk
67637,fma_small/067/067637.mp3,Escape Pod,Intelligent Delinquent,Electronic
67638,fma_small/067/067638.mp3,Wake Up,Southman,Electronic
67639,fma_small/067/067639.mp3,Deadly Dubs,Paranoid Breaks,Electronic
67640,fma_small/067/067640.mp3,Nightmare,DZZ,Electronic
67660,fma_small/067/067660.mp3,Suns of Neurons,Dyman,Rock
67661,fma_small/067/067661.mp3,Kankarah,Dyman,Rock
67673,fma_small/067/067673.mp3,Soft Power,James Beaudreau,Rock
67707,fma_small/067/067707.mp3,Shopping mall,Eigenheimer,Experimental
67760,fma_small/067/067760.mp3,Rites Wild Theme,Rites Wild,Pop
67763,fma_small/067/067763.mp3,The Land Turned Over,Meg Baird,Folk
67764,fma_small/067/067764.mp3,Share,Meg Baird,Folk
67765,fma_small/067/067765.mp3,Stars Climb Up the Vine,Meg Baird,Folk
67766,fma_small/067/067766.mp3,Spencer the Rover,Meg Baird,Folk
67784,fma_small/067/067784.mp3,Higher,The Honorable Sleaze,Hip-Hop
67793,fma_small/067/067793.mp3,Fist City,The Honorable Sleaze,Hip-Hop
67829,fma_small/067/067829.mp3,Shaking Boombah,krackatoa,Experimental
68353,fma_small/068/068353.mp3,Hiding in the Dark,Caroline Gorman,Pop
68354,fma_small/068/068354.mp3,Goodbye Goodbye,Caroline Gorman,Pop
68355,fma_small/068/068355.mp3,Open Up,Caroline Gorman,Pop
68356,fma_small/068/068356.mp3,Still Alive,Caroline Gorman,Pop
68404,fma_small/068/068404.mp3,Party City,LAZY,Rock
68407,fma_small/068/068407.mp3,magicl metl,Bachsung,Experimental
68410,fma_small/068/068410.mp3,ORCR,Bachsung,Experimental
68444,fma_small/068/068444.mp3,Datter (Bam Spacey's Desert Air mix),CHLLNGR,Electronic
68531,fma_small/068/068531.mp3,Cats & Dogs,Tha Silent Partner,Hip-Hop
68536,fma_small/068/068536.mp3,"Ambience Brooklyn Zoo Cafeteria, NYC",andybrannan,Experimental
68537,fma_small/068/068537.mp3,Ambience Brooklyn Zoo Kids Waiting for Train,andybrannan,Experimental
68538,fma_small/068/068538.mp3,Crowd Long,Audionautics,Experimental
68539,fma_small/068/068539.mp3,Foyer Crowd,Benboncan,Experimental
68540,fma_small/068/068540.mp3,Murmur,Benboncan,Experimental
68541,fma_small/068/068541.mp3,Small Group Walla,Corsica S,Experimental
68543,fma_small/068/068543.mp3,Ste 029 Crowd Noise 3,Corsica S,Experimental
68549,fma_small/068/068549.mp3,Walla Market Croatian,elektroproleter,Experimental
68551,fma_small/068/068551.mp3,Crowd Walla,gelo-papas,Experimental
68573,fma_small/068/068573.mp3,"Kids Playing Soccer in Park Shouting and Arguing, Kalemegdan Park, Belgrade, Serbia",Tomlija,Experimental
68579,fma_small/068/068579.mp3,"Train Station Lobby Ambience with a PA Announcer, Belgrade, Serbia",Tomlija,Experimental
68582,fma_small/068/068582.mp3,In The Streets,Indian Wells,Electronic
68587,fma_small/068/068587.mp3,South Beach,Indian Wells,Electronic
68592,fma_small/068/068592.mp3,Bicycle,The Hate Noise,Hip-Hop
68600,fma_small/068/068600.mp3,Christmas is for Faggots,The Hate Noise,Hip-Hop
68601,fma_small/068/068601.mp3,Dropout Boogie,The Hate Noise,Hip-Hop
68680,fma_small/068/068680.mp3,Celestials,Mean Moon,Electronic
68682,fma_small/068/068682.mp3,Artificial Being,Mean Moon,Electronic
68683,fma_small/068/068683.mp3,Counter-Earth,Mean Moon,Electronic
68820,fma_small/068/068820.mp3,Blackout,Zulus,Rock
68821,fma_small/068/068821.mp3,Death in the Current,Zulus,Rock
68837,fma_small/068/068837.mp3,The False Bride,Howie Mitchell,Folk
68838,fma_small/068/068838.mp3,David's Tune,Howie Mitchell,Folk
68839,fma_small/068/068839.mp3,Lucky's Tune,Howie Mitchell,Folk
68840,fma_small/068/068840.mp3,John's Laughing Place,Howie Mitchell,Folk
68841,fma_small/068/068841.mp3,Old Molly Hare,Howie Mitchell,Folk
68842,fma_small/068/068842.mp3,Old Bangum,Howie Mitchell,Folk
68843,fma_small/068/068843.mp3,Wedding Dress,Howie Mitchell,Folk
68844,fma_small/068/068844.mp3,Matty Groves,Howie Mitchell,Folk
68851,fma_small/068/068851.mp3,Medley,Howie & Ann Mitchell,Folk
68852,fma_small/068/068852.mp3,Temperance Reel,Howie & Ann Mitchell,Folk
68853,fma_small/068/068853.mp3,Irish Washerwoman,Howie & Ann Mitchell,Folk
68854,fma_small/068/068854.mp3,Golden Slippers,Howie & Ann Mitchell,Folk
68860,fma_small/068/068860.mp3,Varsuviana,Howie & Ann Mitchell,Folk
68861,fma_small/068/068861.mp3,Mississippi Sawyer,Howie & Ann Mitchell,Folk
68862,fma_small/068/068862.mp3,Merry-Go-Round,Howie & Ann Mitchell,Folk
68869,fma_small/068/068869.mp3,Black Flack and the Nightmare Fighters (reunion mix),A. P. Vague,Experimental
68872,fma_small/068/068872.mp3,"Mining the Acoustics in the Empty Room at Anne Frank Studios in Piladelphia, PA (Paris mix)",A. P. Vague,Experimental
68875,fma_small/068/068875.mp3,The New American Hymnal for Post-Apocalyptic Memorials and Celebrations part 1,A. P. Vague,Experimental
68891,fma_small/068/068891.mp3,Building The Sun,Broke For Free,Electronic
68892,fma_small/068/068892.mp3,One And,Broke For Free,Electronic
68893,fma_small/068/068893.mp3,Sidewalk Chalk,Broke For Free,Electronic
68894,fma_small/068/068894.mp3,Blown Out,Broke For Free,Electronic
68895,fma_small/068/068895.mp3,Luminous,Broke For Free,Electronic
68896,fma_small/068/068896.mp3,Fuck It,Broke For Free,Electronic
68897,fma_small/068/068897.mp3,Figure It Out ft. Caswell,Broke For Free,Electronic
68898,fma_small/068/068898.mp3,Like Swimming,Broke For Free,Electronic
68899,fma_small/068/068899.mp3,Lonely Organ,Broke For Free,Electronic
68909,fma_small/068/068909.mp3,Walking,Inperfektion,Rock
69001,fma_small/069/069001.mp3,Icelandic Surf,Scott Sherk,Experimental
69002,fma_small/069/069002.mp3,Sheep,Scott Sherk,Experimental
69170,fma_small/069/069170.mp3,Enthusiast,Tours,Electronic
69181,fma_small/069/069181.mp3,Hence Chance,Samoln,Pop
69182,fma_small/069/069182.mp3,Flying,Samoln,Pop
69188,fma_small/069/069188.mp3,Sheep,Samoln,Pop
69193,fma_small/069/069193.mp3,Another Boring Lunchtime (edit),Psychadelik Pedestrian,Electronic
69194,fma_small/069/069194.mp3,Memories Of Thailand (Beat Doctor's 'stuck in Britain' remix),Risey,Electronic
69195,fma_small/069/069195.mp3,Last Flight Home (Marc Burt remix),Marc Burt,Electronic
69196,fma_small/069/069196.mp3,Acid Breakfast,Dave Kent,Electronic
69197,fma_small/069/069197.mp3,Born Into It (chillout mix),Redmann,Electronic
69198,fma_small/069/069198.mp3,Lies (Beat Doctor mix),Marc Burt,Electronic
69199,fma_small/069/069199.mp3,Aquarius (Psychadelik Pedestrian remix),Phish Funk,Electronic
69200,fma_small/069/069200.mp3,Force Of Nature (JMD remix),Redmann,Electronic
69201,fma_small/069/069201.mp3,Bass Tribe (remix),Online Funkstream,Electronic
69202,fma_small/069/069202.mp3,Turbulence (Psychadelik Pedestrian's chillout remix),Marc Burt,Electronic
69203,fma_small/069/069203.mp3,Plasma,Redmann,Electronic
69204,fma_small/069/069204.mp3,Pioneers,Marc Burt,Electronic
69205,fma_small/069/069205.mp3,The Squelch,Phish Funk,Electronic
69206,fma_small/069/069206.mp3,Move Harder (Beat Doctor remix),Redmann,Electronic
69207,fma_small/069/069207.mp3,By The Water (Aerologic remix),Space Invaders v Psychadelik Pedestrian,Electronic
69208,fma_small/069/069208.mp3,Too Retro,Beat Doctor,Electronic
69209,fma_small/069/069209.mp3,Night Beach,Psychadelik Pedestrian,Electronic
69210,fma_small/069/069210.mp3,Got Me (club mix),Beat Doctor,Electronic
69211,fma_small/069/069211.mp3,Interference (Psychadelik Pedestrian remix),JMD v Kube,Electronic
69221,fma_small/069/069221.mp3,Stay (Original Mix),Max Grin,Electronic
69222,fma_small/069/069222.mp3,Slump (feat. Mac),Max Grin,Electronic
69223,fma_small/069/069223.mp3,Satellite (feat. Stereo),Max Grin,Electronic
69303,fma_small/069/069303.mp3,The Subtle Body Wears a Shadow,Diamond Terrifier,Experimental
69554,fma_small/069/069554.mp3,We Go Ham,The NSJ Crew,Hip-Hop
69555,fma_small/069/069555.mp3,The Nellie,The NSJ Crew,Hip-Hop
69561,fma_small/069/069561.mp3,S.W.A.G.,The NSJ Crew,Hip-Hop
69563,fma_small/069/069563.mp3,Good Time,The NSJ Crew,Hip-Hop
69564,fma_small/069/069564.mp3,'Til You Get There (ft. Shawntel of the Y.N.RichKids),The NSJ Crew,Hip-Hop
69567,fma_small/069/069567.mp3,Your Chime,Dead Doves,Folk
69682,fma_small/069/069682.mp3,MT-1,Mikael Jorgensen and Travis Thatcher,Experimental
69723,fma_small/069/069723.mp3,Dracula,ROGER ROBERT,Rock
69726,fma_small/069/069726.mp3,She's gonna maneouvre,ROGER ROBERT,Rock
69727,fma_small/069/069727.mp3,Sxy folys,ROGER ROBERT,Rock
69732,fma_small/069/069732.mp3,Natürlich,Godblesscomputers,Electronic
69744,fma_small/069/069744.mp3,01,Manueljgrotesque,Pop
69745,fma_small/069/069745.mp3,02,Manueljgrotesque,Pop
69746,fma_small/069/069746.mp3,03,Manueljgrotesque,Pop
69747,fma_small/069/069747.mp3,04,Manueljgrotesque,Pop
69761,fma_small/069/069761.mp3,Animal Masks,Plusplus,Folk
69762,fma_small/069/069762.mp3,Song for Sonny,Plusplus,Folk
69763,fma_small/069/069763.mp3,Kerouak,Plusplus,Folk
69764,fma_small/069/069764.mp3,Broken Doors,Plusplus,Folk
69765,fma_small/069/069765.mp3,Echoes,Plusplus,Folk
69766,fma_small/069/069766.mp3,Game Over,Plusplus,Folk
69767,fma_small/069/069767.mp3,The Old Country,Plusplus,Folk
69768,fma_small/069/069768.mp3,Tiny hands,Plusplus,Folk
69781,fma_small/069/069781.mp3,Secret Wave,Home Blitz,Rock
69784,fma_small/069/069784.mp3,When I Could Love,Chris Cook,Experimental
69785,fma_small/069/069785.mp3,Two Squared,Chris Cook,Experimental
69787,fma_small/069/069787.mp3,The Dark Room,Chris Cook,Experimental
69788,fma_small/069/069788.mp3,The Gospel According To Dale,Chris Cook,Experimental
69789,fma_small/069/069789.mp3,Stay On Course,Chris Cook,Experimental
69791,fma_small/069/069791.mp3,Stand Up,Chris Cook,Experimental
69792,fma_small/069/069792.mp3,Place Like No Home,Chris Cook,Experimental
69793,fma_small/069/069793.mp3,We Have Moved,Chris Cook,Experimental
69798,fma_small/069/069798.mp3,Wake Up Deaf To Sirens,Chris Cook,Experimental
69822,fma_small/069/069822.mp3,Everybodys got to learn sometime (vs Stade),Infinite Livez,Hip-Hop
69823,fma_small/069/069823.mp3,R yeah (Millelemmi remix),Infinite Livez,Hip-Hop
69824,fma_small/069/069824.mp3,Lucky you (Digi G'Alessio remix remix),Infinite Livez,Hip-Hop
69825,fma_small/069/069825.mp3,R yeah (Stade remix),Infinite Livez,Hip-Hop
69826,fma_small/069/069826.mp3,Lucky you (Applejac's Roulette Wheel remix),Infinite Livez,Hip-Hop
69827,fma_small/069/069827.mp3,R yeah (A Smile for Timbuctu remix),Infinite Livez,Hip-Hop
69828,fma_small/069/069828.mp3,Lucky you (the Earlyman remix),Infinite Livez,Hip-Hop
69830,fma_small/069/069830.mp3,Higher (Instrumental),The Honorable Sleaze,Hip-Hop
69833,fma_small/069/069833.mp3,Dreamflower (Keep The Dream Alive) (Instrumental),The Honorable Sleaze,Hip-Hop
69904,fma_small/069/069904.mp3,Engano Seu,Oddish,Hip-Hop
69947,fma_small/069/069947.mp3,Ha Ha Holiday,White Wires,Rock
69949,fma_small/069/069949.mp3,All Night Long,White Wires,Rock
69985,fma_small/069/069985.mp3,Azimutez,Sci Fi Industries,Electronic
70002,fma_small/070/070002.mp3,Can You Rock A Party Without Rehearsing?,THF Drenching & Karl D'Silva,Experimental
70005,fma_small/070/070005.mp3,Doughnut Remover Acoustic,THF Drenching & Karl D'Silva,Experimental
70174,fma_small/070/070174.mp3,Liquid Lavendar Light,Mudang Rouge,Experimental
70206,fma_small/070/070206.mp3,L.O.I.,Spray Lodge,Hip-Hop
70207,fma_small/070/070207.mp3,Opium,Spray Lodge,Hip-Hop
70208,fma_small/070/070208.mp3,Bittersweet Insomnia,Spray Lodge,Hip-Hop
70299,fma_small/070/070299.mp3,-80.657417 -102.624289,Morsa,Electronic
70300,fma_small/070/070300.mp3,Underwater maze,Morsa,Electronic
70301,fma_small/070/070301.mp3,Belly Button,Morsa,Electronic
70302,fma_small/070/070302.mp3,Expectation,Morsa,Electronic
70303,fma_small/070/070303.mp3,Erotic Post-Ironic (feat. Ella),Morsa,Electronic
70402,fma_small/070/070402.mp3,Soft Sounds,Saralee,Rock
70403,fma_small/070/070403.mp3,Pigeon Song,Pile,Rock
70409,fma_small/070/070409.mp3,Jimnicluc,Kid Romance,Rock
70423,fma_small/070/070423.mp3,I Do,Supercute,Pop
70424,fma_small/070/070424.mp3,Love Love Leave Love,Supercute,Pop
70425,fma_small/070/070425.mp3,Assked,Supercute,Pop
70426,fma_small/070/070426.mp3,Candy City,Supercute,Pop
70654,fma_small/070/070654.mp3,Far Gone (Featuring DJ Def Chad) (Vocal),C-Doc,Hip-Hop
70655,fma_small/070/070655.mp3,Far Gone (Featuring DJ Def Chad) (Instrumental),C-Doc,Hip-Hop
70657,fma_small/070/070657.mp3,Due This (Instrumental),C-Doc,Hip-Hop
70660,fma_small/070/070660.mp3,Livin' The Amerikan Dream,C-Doc,Hip-Hop
70768,fma_small/070/070768.mp3,FluffSkull,S.J. Mellia,Hip-Hop
70770,fma_small/070/070770.mp3,Murder Death Kill,S.J. Mellia,Hip-Hop
70772,fma_small/070/070772.mp3,FluffSkull (Tech Mix),S.J. Mellia,Hip-Hop
70773,fma_small/070/070773.mp3,Beat 130.1 (AcidBurp Mix),S.J. Mellia,Hip-Hop
70774,fma_small/070/070774.mp3,Murder Death Kill (Beat Breaker Mix),S.J. Mellia,Hip-Hop
70775,fma_small/070/070775.mp3,Basic Time Slicer (Spliced Mix),S.J. Mellia,Hip-Hop
70813,fma_small/070/070813.mp3,Sakit Jiwa Terinfeksi,Hellcore,Rock
70873,fma_small/070/070873.mp3,goose woman,owlface,Pop
70875,fma_small/070/070875.mp3,lady bird,owlface,Pop
70878,fma_small/070/070878.mp3,otter people,owlface,Pop
70879,fma_small/070/070879.mp3,patience,owlface,Pop
71096,fma_small/071/071096.mp3,"Be careful, I've Stood On It Too",Bitbasic,Electronic
71133,fma_small/071/071133.mp3,The Rest,Loretta Lucas,Folk
71157,fma_small/071/071157.mp3,Followin' Me,C-Doc,Hip-Hop
71158,fma_small/071/071158.mp3,(Story) Telling (Featuring Marcus J Gilligan),C-Doc,Hip-Hop
71172,fma_small/071/071172.mp3,The Tumen Horsemen,Frenic,Hip-Hop
71173,fma_small/071/071173.mp3,Eternal Plains,Frenic,Hip-Hop
71174,fma_small/071/071174.mp3,Ulan Bator,Frenic,Hip-Hop
71175,fma_small/071/071175.mp3,Wolf Falcon Deer,Frenic,Hip-Hop
71216,fma_small/071/071216.mp3,Aperitivos,J-K,Hip-Hop
71225,fma_small/071/071225.mp3,Cara de Poker,J-K,Hip-Hop
71228,fma_small/071/071228.mp3,Tenho,J-K,Hip-Hop
71230,fma_small/071/071230.mp3,Kamikaze,J-K,Hip-Hop
71231,fma_small/071/071231.mp3,Perspectivas,J-K,Hip-Hop
71240,fma_small/071/071240.mp3,One Take (Intro),Dengaz,Hip-Hop
71241,fma_small/071/071241.mp3,Neva Give Up,Dengaz,Hip-Hop
71242,fma_small/071/071242.mp3,Focused (feat. Richie Campbell),Dengaz,Hip-Hop
71243,fma_small/071/071243.mp3,Encontrei (feat. Agir),Dengaz,Hip-Hop
71244,fma_small/071/071244.mp3,Obrigado (feat. Dino),Dengaz,Hip-Hop
71245,fma_small/071/071245.mp3,If You Gonna Be There (feat. Celso Opp),Dengaz,Hip-Hop
71246,fma_small/071/071246.mp3,FayaFlow (feat. Praga),Dengaz,Hip-Hop
71247,fma_small/071/071247.mp3,Imortais,Dengaz,Hip-Hop
71248,fma_small/071/071248.mp3,Motivation (feat. Carolina Deslandes),Dengaz,Hip-Hop
71249,fma_small/071/071249.mp3,Ela Só Quer,Dengaz,Hip-Hop
71250,fma_small/071/071250.mp3,Não Dá (feat. Prodigio),Dengaz,Hip-Hop
71251,fma_small/071/071251.mp3,Not Nice (feat. NGA),Dengaz,Hip-Hop
71252,fma_small/071/071252.mp3,Quem És,Dengaz,Hip-Hop
71253,fma_small/071/071253.mp3,Homem Sem Alma,Dengaz,Hip-Hop
71254,fma_small/071/071254.mp3,Eu Consigo (feat. Agir) [Bonus Track],Dengaz,Hip-Hop
71255,fma_small/071/071255.mp3,From The Heart (feat. Richie Campbell) [Bonus Track],Dengaz,Hip-Hop
71276,fma_small/071/071276.mp3,The Devil Always Wins,Pink Reason,Rock
71303,fma_small/071/071303.mp3,Shock ya,Mules,Rock
71304,fma_small/071/071304.mp3,Teenage Freakout,Mules,Rock
71371,fma_small/071/071371.mp3,Good Times,Black Bones,Rock
71372,fma_small/071/071372.mp3,Rock N Roll,Black Bones,Rock
71420,fma_small/071/071420.mp3,Without Love,Kurobear,Electronic
71503,fma_small/071/071503.mp3,@,ui,Electronic
71506,fma_small/071/071506.mp3,Cloudy,Subway Sonicbeat,Electronic
71507,fma_small/071/071507.mp3,BACKSTRAP feat. puppyspazz,staRpauSe,Electronic
71508,fma_small/071/071508.mp3,Burn Down the Monostery,egr,Electronic
71509,fma_small/071/071509.mp3,Ravetrap,Hexawe (Various Artists),Electronic
71510,fma_small/071/071510.mp3,Chemtrails,Din Sky,Electronic
71511,fma_small/071/071511.mp3,October Surprise [wiretap mix],Peter Swimm,Electronic
71512,fma_small/071/071512.mp3,Noam Chomsky's Corporate Carbohydrate Surprise,Quelle Fromage,Electronic
71513,fma_small/071/071513.mp3,M0NOR4V3N,XC3N,Electronic
71514,fma_small/071/071514.mp3,Shut Up,Rhinostrich,Electronic
71515,fma_small/071/071515.mp3,How Ya Like Me Now Pt.2,BLEO,Electronic
71516,fma_small/071/071516.mp3,Neurociencia,Pulselooper,Electronic
71617,fma_small/071/071617.mp3,06 Metal-La-La-La,NanowaR,Rock
71620,fma_small/071/071620.mp3,09 Metal,NanowaR,Rock
71622,fma_small/071/071622.mp3,11 Master Of Pizza,NanowaR,Rock
71690,fma_small/071/071690.mp3,Drumm Machine (12 Inch Mixx) (Featuring DJ Def Chad),C-Doc,Hip-Hop
71691,fma_small/071/071691.mp3,Milk O' Magnesia,C-Doc,Hip-Hop
71692,fma_small/071/071692.mp3,Dubb Machine,C-Doc,Hip-Hop
71693,fma_small/071/071693.mp3,Drumm Machine (RhythmBoxx Beats),C-Doc,Hip-Hop
71694,fma_small/071/071694.mp3,Braggadocio (12 Inches of Instrumental Fury),C-Doc,Hip-Hop
71695,fma_small/071/071695.mp3,Milk O' Magnesia (Instrumental),C-Doc,Hip-Hop
71709,fma_small/071/071709.mp3,The Popsicle Palace,The Ginger Ale Revolution,Pop
71711,fma_small/071/071711.mp3,Not That Kind Of Girl,Bad Party,Rock
71714,fma_small/071/071714.mp3,OX,Sros Lords,Rock
71715,fma_small/071/071715.mp3,Name Droppers Of The World Unite,Feelings,Rock
71719,fma_small/071/071719.mp3,Walked Too Deep,Black Tia,Rock
71721,fma_small/071/071721.mp3,A.B.A.Y.A.M,Gardens,Rock
71722,fma_small/071/071722.mp3,Cast Your Ship Upon Rain,Aran Ruth,Folk
71822,fma_small/071/071822.mp3,The Cemetery,Sinqlogue,Electronic
71884,fma_small/071/071884.mp3,"If I Am Mad, It Is Mercy",The Unnameable,Experimental
71885,fma_small/071/071885.mp3,Teeth & Claws Sharpened On Centuries Of Corpses,The Unnameable,Experimental
71937,fma_small/071/071937.mp3,Life in the Crypt,Dark Asylum Music,Rock
71938,fma_small/071/071938.mp3,Eaters of the Flesh,Dark Asylum Music,Rock
72046,fma_small/072/072046.mp3,Minimum Wage Strike,David Rovics,Folk
72047,fma_small/072/072047.mp3,We Just Want The World,David Rovics,Folk
72050,fma_small/072/072050.mp3,Cannabis Cafe,David Rovics,Folk
72056,fma_small/072/072056.mp3,T Stop Cafe,David Rovics,Folk
72058,fma_small/072/072058.mp3,Glory And Fame (Edited),David Rovics,Folk
72059,fma_small/072/072059.mp3,If I Die Tomorrow,David Rovics,Folk
72064,fma_small/072/072064.mp3,Babylon...She's Falling,Quest Poetics,Rock
72067,fma_small/072/072067.mp3,Africa,Decktonic,Electronic
72068,fma_small/072/072068.mp3,B@$$ J▲|\/|,Decktonic,Electronic
72069,fma_small/072/072069.mp3,Act IV,Decktonic,Electronic
72070,fma_small/072/072070.mp3,Variations,Decktonic,Electronic
72071,fma_small/072/072071.mp3,Spectrum,Decktonic,Electronic
72072,fma_small/072/072072.mp3,Watch Your Dubstep Version 2,Decktonic,Electronic
72073,fma_small/072/072073.mp3,Z-Saber (feat Jake Allison),Decktonic,Electronic
72074,fma_small/072/072074.mp3,Fair Game,Decktonic,Electronic
72075,fma_small/072/072075.mp3,Night Drive,Decktonic,Electronic
72076,fma_small/072/072076.mp3,Stars,Decktonic,Electronic
72129,fma_small/072/072129.mp3,"Broken Homes (12"" Edit) (Featuring DJ Def Chad)",C-Doc,Hip-Hop
72130,fma_small/072/072130.mp3,Life Slow Down (Vocal) (Featuring Jamod Allah),C-Doc,Hip-Hop
72131,fma_small/072/072131.mp3,Rappers (Part 1) (Featuring DJ Def Chad),C-Doc,Hip-Hop
72134,fma_small/072/072134.mp3,Broken Homes (Broken Beats),C-Doc,Hip-Hop
72135,fma_small/072/072135.mp3,Life Slow Down (Instrumental),C-Doc,Hip-Hop
72136,fma_small/072/072136.mp3,Rappers (Part 7),C-Doc,Hip-Hop
72146,fma_small/072/072146.mp3,180211,Justice Yeldham,Experimental
72149,fma_small/072/072149.mp3,March Of The Bodypumpers,Justice Yeldham,Experimental
72200,fma_small/072/072200.mp3,farewell bright,Leggysalad,Electronic
72206,fma_small/072/072206.mp3,Stabmixer Bazar,Music For Your Plants,Electronic
72210,fma_small/072/072210.mp3,القذافي الأمازون الحرس,Music For Your Plants,Electronic
72215,fma_small/072/072215.mp3,Tomb Raider (Club Mix),Music For Your Plants,Electronic
72232,fma_small/072/072232.mp3,This Tiger of Mine,Edward Shallow,Electronic
72233,fma_small/072/072233.mp3,Poisons & Potions,Edward Shallow,Electronic
72234,fma_small/072/072234.mp3,Death Machine,Magic Daddy,Hip-Hop
72287,fma_small/072/072287.mp3,C'mon Man,Squarehead,Rock
72288,fma_small/072/072288.mp3,Hammertime,Squarehead,Rock
72289,fma_small/072/072289.mp3,I Love You,Squarehead,Rock
72290,fma_small/072/072290.mp3,Two Miles,Squarehead,Rock
72456,fma_small/072/072456.mp3,Call of the Beehive,The Blind Shake,Rock
72468,fma_small/072/072468.mp3,Money Ain't No Women,Frenic,Hip-Hop
72476,fma_small/072/072476.mp3,"Model, Job, Metro, Time Square",Björn & Gorden,Pop
72477,fma_small/072/072477.mp3,Last Days of Disco,Fhernando,Electronic
72513,fma_small/072/072513.mp3,Friendship,Zero V,Rock
72514,fma_small/072/072514.mp3,Wonders,Zero V,Pop
72562,fma_small/072/072562.mp3,Greensleeves,Howie Mitchell & Ruth Meyer,Folk
72565,fma_small/072/072565.mp3,Brahms Lullaby,Howie Mitchell & Ruth Meyer,Folk
72570,fma_small/072/072570.mp3,Dona Nobis Pacem,Howie Mitchell & Ruth Meyer,Folk
72604,fma_small/072/072604.mp3,How About Never,Pinklogik,Electronic
72605,fma_small/072/072605.mp3,Brahm's Lullaby,Howie Mitchell & Ruth Meyer,Folk
72607,fma_small/072/072607.mp3,Dipper of Stars,Howie Mitchell & Ruth Meyer,Folk
72612,fma_small/072/072612.mp3,Down in the Valley,Howie Mitchell & Ruth Meyer,Folk
72738,fma_small/072/072738.mp3,12 - Tumble to the grass below,Expwy,Rock
72781,fma_small/072/072781.mp3,Prologue By Lloyd 'June' Bryan,Tha Silent Partner,Hip-Hop
72782,fma_small/072/072782.mp3,Jack Did It Again,Tha Silent Partner,Hip-Hop
72783,fma_small/072/072783.mp3,Something 4Her2 Strip2,Tha Silent Partner,Hip-Hop
72784,fma_small/072/072784.mp3,Dub Like Ting (Dutty Stinkin' Ting),Tha Silent Partner,Hip-Hop
72785,fma_small/072/072785.mp3,Give Her The Length/Give It 2 Her 2times (XXX Version),Tha Silent Partner,Hip-Hop
72786,fma_small/072/072786.mp3,doukno (whereugoin?),Tha Silent Partner,Hip-Hop
72787,fma_small/072/072787.mp3,YOUNEEDHELP (Still A Snippet),Tha Silent Partner,Hip-Hop
72788,fma_small/072/072788.mp3,Take The Blame,Tha Silent Partner,Hip-Hop
72789,fma_small/072/072789.mp3,Epilogue By Lloyd 'June' Bryan,Tha Silent Partner,Hip-Hop
72790,fma_small/072/072790.mp3,Fatherhood,Tha Silent Partner,Hip-Hop
72926,fma_small/072/072926.mp3,Torn,J. Surak,Experimental
72927,fma_small/072/072927.mp3,Waltz of Obsolescence,J. Surak,Experimental
72928,fma_small/072/072928.mp3,The Seventeenth Lesson,J. Surak,Experimental
72930,fma_small/072/072930.mp3,Chrysanthemums,J. Surak,Experimental
73087,fma_small/073/073087.mp3,Western,No Nature,Pop
73099,fma_small/073/073099.mp3,Small Teeth,Jaap Blonk & Dylan Nyoukis,Experimental
73100,fma_small/073/073100.mp3,Halfway Between The Pension & The Wreath,Jaap Blonk & Dylan Nyoukis,Experimental
73123,fma_small/073/073123.mp3,Rose Vale,Zengineers,Electronic
73124,fma_small/073/073124.mp3,Bitter Lemon,Zengineers,Electronic
73125,fma_small/073/073125.mp3,Shock Love (Zengineers Science-Remix),Jeremy Macachor,Electronic
73169,fma_small/073/073169.mp3,What Wondrous Love Is This?,Howie Mitchell,Folk
73170,fma_small/073/073170.mp3,Greensleeves,Howie Mitchell & Charlotte Williams,Folk
73171,fma_small/073/073171.mp3,Barbry Allen,Howie Mitchell & Charlotte Williams,Folk
73172,fma_small/073/073172.mp3,Red Clay Country,Howie Mitchell & Charlotte Williams,Folk
73174,fma_small/073/073174.mp3,Instrumental,Howie Mitchell & Charlotte Williams,Folk
73175,fma_small/073/073175.mp3,Mixed Up,Howie Mitchell & Charlotte Williams,Folk
73192,fma_small/073/073192.mp3,Viva La Muerte,Foster Care,Rock
73193,fma_small/073/073193.mp3,Commie Cunt,Foster Care,Rock
73306,fma_small/073/073306.mp3,Springbreak (Happy Birthday),Ex Cops,Rock
73309,fma_small/073/073309.mp3,Seperator,Ex Cops,Rock
73318,fma_small/073/073318.mp3,Future Car,Thee Nodes,Rock
73335,fma_small/073/073335.mp3,Melody Canyon,Büromaschinen,Electronic
73340,fma_small/073/073340.mp3,Forecast,Büromaschinen,Electronic
73341,fma_small/073/073341.mp3,Freescape,Büromaschinen,Electronic
73342,fma_small/073/073342.mp3,Sabrina,Büromaschinen,Electronic
73343,fma_small/073/073343.mp3,Leaving Sector X - Equinox,Büromaschinen,Electronic
73344,fma_small/073/073344.mp3,Escape,Büromaschinen,Electronic
73363,fma_small/073/073363.mp3,Triangulate,Deltason,Electronic
73365,fma_small/073/073365.mp3,Ground Loop,Deltason,Electronic
73366,fma_small/073/073366.mp3,Night Terrors  (Ft. Konuvvi),Deltason,Electronic
73367,fma_small/073/073367.mp3,Back To Earth,Deltason,Electronic
73368,fma_small/073/073368.mp3,Flow Of The River,Deltason,Electronic
73369,fma_small/073/073369.mp3,Remote,Deltason,Electronic
73370,fma_small/073/073370.mp3,Tunnel Vision,Deltason,Electronic
73371,fma_small/073/073371.mp3,North Western,Deltason,Electronic
73372,fma_small/073/073372.mp3,Garden Theme,Deltason,Electronic
73465,fma_small/073/073465.mp3,Ignored (Album Version),Liam Stewart,Pop
73466,fma_small/073/073466.mp3,Ignored (The Cusp Of Winter Remix),Liam Stewart,Pop
73467,fma_small/073/073467.mp3,Ignored (Can't Ignore The TSP Remix),Liam Stewart,Pop
73468,fma_small/073/073468.mp3,Ignored (Instrumental),Liam Stewart,Pop
73469,fma_small/073/073469.mp3,Ignored (Acapella),Liam Stewart,Pop
73486,fma_small/073/073486.mp3,Sleep Walk,Ylajali,Rock
73494,fma_small/073/073494.mp3,Boss Extended,Echo Beach,Experimental
73495,fma_small/073/073495.mp3,Mariachi Bandits of Gatling Gun Ridge,krackatoa,Instrumental
73519,fma_small/073/073519.mp3,Evil That Men Do,Hounds Of Hate,Rock
73520,fma_small/073/073520.mp3,Pride,Hounds Of Hate,Rock
73521,fma_small/073/073521.mp3,Brotherhood Of Night,Hounds Of Hate,Rock
73522,fma_small/073/073522.mp3,Blood From A Stone,Hounds Of Hate,Rock
73550,fma_small/073/073550.mp3,"Followin' Me (MondayMorningTape 7"" Edit)",C-Doc,Hip-Hop
73551,fma_small/073/073551.mp3,"Digg It! (7"" FunkEdit)",C-Doc,Hip-Hop
73560,fma_small/073/073560.mp3,Byte Marks,S.J. Mellia,Electronic
73561,fma_small/073/073561.mp3,Supaunlimita,S.J. Mellia,Electronic
73564,fma_small/073/073564.mp3,Epileptic Glitch Fit,S.J. Mellia,Electronic
73565,fma_small/073/073565.mp3,Reverse Selector,S.J. Mellia,Electronic
73566,fma_small/073/073566.mp3,The Mirror Wall,James Beaudreau,Folk
73568,fma_small/073/073568.mp3,Reginald Earth,James Beaudreau,Folk
73572,fma_small/073/073572.mp3,Easy Pieces No4,James Beaudreau,Folk
73573,fma_small/073/073573.mp3,Devotional,James Beaudreau,Folk
73580,fma_small/073/073580.mp3,Quiver,James Beaudreau,Folk
73584,fma_small/073/073584.mp3,Goodmorning Junction,James Beaudreau,Folk
73585,fma_small/073/073585.mp3,Stellar Rushes,James Beaudreau,Folk
73587,fma_small/073/073587.mp3,Listening,James Beaudreau,Folk
73658,fma_small/073/073658.mp3,Die Insel,Jan Grünfeld,Folk
73675,fma_small/073/073675.mp3,Sunny Sea Walk,Jan Grünfeld,Folk
73760,fma_small/073/073760.mp3,IMF,Dot,International
73761,fma_small/073/073761.mp3,Weapons,Dad Rocks!,International
73762,fma_small/073/073762.mp3,Hadas G.H Drum&bass,Zimbalista,International
73763,fma_small/073/073763.mp3,Belly Button,Morsa,International
73764,fma_small/073/073764.mp3,Bańka mydlana,Usta,International
73765,fma_small/073/073765.mp3,Flushing Economy,Herrmutt Lobby,International
73766,fma_small/073/073766.mp3,Tork Sport,Shoes and Socks Off,International
73767,fma_small/073/073767.mp3,Alone in the City (feat. Moon Reflecting),The Global Optimistic,International
73768,fma_small/073/073768.mp3,Jewel,ZOE.LEELA,International
73769,fma_small/073/073769.mp3,Deep Blue (2005),Antony Raijekov,International
73770,fma_small/073/073770.mp3,Sunrise Number 1,Stormy Mondays,International
73771,fma_small/073/073771.mp3,Jos jedan od onih dana,Mistakemistake & MC Sky Wikluh,International
73772,fma_small/073/073772.mp3,Fragile Meadow,The Black Atlantic,International
73773,fma_small/073/073773.mp3,Skango (feat. Volatil),Volfoniq,International
73774,fma_small/073/073774.mp3,At the Mall,Emerald Park,International
73775,fma_small/073/073775.mp3,Work It,Tone,International
73776,fma_small/073/073776.mp3,Different Feelings,StrangeZero,International
73777,fma_small/073/073777.mp3,Zeitmaschine,Melodiesinfonie,International
73778,fma_small/073/073778.mp3,Odysseus,Bonus,International
73779,fma_small/073/073779.mp3,Deep Cut,Mezonom,International
73792,fma_small/073/073792.mp3,Vogelbird,Sleeping Policemen,Pop
73797,fma_small/073/073797.mp3,Girls On A Swing,Jan Grünfeld,Folk
73819,fma_small/073/073819.mp3,nxVacuity002-2012-12-12_03_41_57,Miquel Parera Jaques,Experimental
73820,fma_small/073/073820.mp3,nxVacuity002-2012-12-12_03_55_14,Miquel Parera Jaques,Experimental
73821,fma_small/073/073821.mp3,nxVacuity002-2012-12-12_04_00_16,Miquel Parera Jaques,Experimental
73822,fma_small/073/073822.mp3,nxVacuity002-2012-12-12_04_05_18,Miquel Parera Jaques,Experimental
73921,fma_small/073/073921.mp3,This Christmas,Dott,Pop
74002,fma_small/074/074002.mp3,The Glass Traditions,Mystery Pills,Pop
74302,fma_small/074/074302.mp3,The Trollenberg Terror,The Fucked Up Beat,Experimental
74347,fma_small/074/074347.mp3,König in Thule,Emil Klotzsch,Experimental
74348,fma_small/074/074348.mp3,Be Sweet,Marco Trovatello,Rock
74362,fma_small/074/074362.mp3,Sweet Shop,Doctor P,Electronic
74365,fma_small/074/074365.mp3,Yeah,Mizuki's Last Chance,Electronic
74370,fma_small/074/074370.mp3,The First Noel,Dave Menzo (CloudMagic),Experimental
74371,fma_small/074/074371.mp3,Christmas Wish No. 3571,Wiredrawn,Experimental
74372,fma_small/074/074372.mp3,Jolly Old St. Nicholas,Pitch Feather,Experimental
74373,fma_small/074/074373.mp3,To Drive the Cold Winter Away,Julianne Marx and Craig Olson,Experimental
74374,fma_small/074/074374.mp3,O Holy Night,Roslyn,Experimental
74375,fma_small/074/074375.mp3,winter stories,songs for sunday parlours,Experimental
74376,fma_small/074/074376.mp3,How Far Is It To Bethlehem,IKOS David Clifton with the choirs of Peterborough Cathedral,Experimental
74377,fma_small/074/074377.mp3,"Infant Holy, Infant Lowly",Ann Alee,Experimental
74378,fma_small/074/074378.mp3,Deck the Halls,The HoHoHos!,Experimental
74380,fma_small/074/074380.mp3,Santa Clause Forgot Me,Rene Wilson,Experimental
74381,fma_small/074/074381.mp3,Il Neige,Flora,Experimental
74382,fma_small/074/074382.mp3,December Radio,Audiotransparent,Experimental
74383,fma_small/074/074383.mp3,Hungover Boxing Day,The Gasoline Brothers,Experimental
74384,fma_small/074/074384.mp3,Jingle Bell Swing,Mark Smeby,Experimental
74385,fma_small/074/074385.mp3,What Child Is This (Greensleeves),Allison Crowe,Experimental
74386,fma_small/074/074386.mp3,Christmas in Japan,The Kyoto Connection,Experimental
74387,fma_small/074/074387.mp3,flekkefjord,Blear Moon,Experimental
74388,fma_small/074/074388.mp3,We Three Kings_Solovey,Maya Solovéy,Experimental
74389,fma_small/074/074389.mp3,"Bring a Torch, Jeanette, Isabella",Aaron DeVries,Experimental
74390,fma_small/074/074390.mp3,Gloria,Veritas Music,Experimental
74391,fma_small/074/074391.mp3,"O Come, O Come, Emmanuel",Clive,Experimental
74392,fma_small/074/074392.mp3,Joy to the World,Thicker Than Water,Experimental
74393,fma_small/074/074393.mp3,Snow on Snow (The Bleak Midwinter),Rue Royale,Experimental
74421,fma_small/074/074421.mp3,Ahora que estamos en pie,Robo,Folk
74445,fma_small/074/074445.mp3,Xavier Baró - Allau d'estrelles solitaries,Robo,Folk
74546,fma_small/074/074546.mp3,Solitude,Entertainment for the Braindead,Folk
74669,fma_small/074/074669.mp3,Squirrelwood,Long Hair,Rock
74671,fma_small/074/074671.mp3,Queen Anne & Degraw,Long Hair,Rock
74706,fma_small/074/074706.mp3,Fall asleep under the millions of stars (Instrumental),springtide,Rock
74908,fma_small/074/074908.mp3,In A Graveyard On Halloween Night,Did You Just Hex Me?,Rock
74937,fma_small/074/074937.mp3,The Freezer Song,Robin Grey,Folk
74942,fma_small/074/074942.mp3,Jimmy Carter (Live Acoustic),20lb Sounds,Folk
74945,fma_small/074/074945.mp3,Morning Light,Mate,Pop
74954,fma_small/074/074954.mp3,(Robot) House Music,C-Doc,Hip-Hop
74955,fma_small/074/074955.mp3,DrummMachine (Prez Ike's Drums of Life Redux) (Featuring DJ Def Chad),C-Doc,Hip-Hop
74959,fma_small/074/074959.mp3,Sky With Milk,Bisamråtta,Experimental
74960,fma_small/074/074960.mp3,Rörelse av Ljus,Bisamråtta,Experimental
75194,fma_small/075/075194.mp3,Stay,Sanawon,Pop
75211,fma_small/075/075211.mp3,Noodles and commercial TV,SOB Pariassound,Rock
75221,fma_small/075/075221.mp3,The Ambassador Of Death,Holy Pain,Rock
75230,fma_small/075/075230.mp3,Steps,Aching Beauty,Rock
75304,fma_small/075/075304.mp3,goodnight love,Lazer Boy,Folk
75310,fma_small/075/075310.mp3,Dogs of the World in Colour,Geese,Pop
75314,fma_small/075/075314.mp3,Babylon Got No Riches,Geese,Pop
75317,fma_small/075/075317.mp3,Beloved Is He Who Sits Down,Geese,Pop
75371,fma_small/075/075371.mp3,In Tune,Kellee Maize,Hip-Hop
75372,fma_small/075/075372.mp3,2012,Kellee Maize,Hip-Hop
75373,fma_small/075/075373.mp3,Owl Time,Kellee Maize,Hip-Hop
75374,fma_small/075/075374.mp3,Flying Caterpillar,Kellee Maize,Hip-Hop
75375,fma_small/075/075375.mp3,Explode,Kellee Maize,Hip-Hop
75376,fma_small/075/075376.mp3,Nakturnal,Kellee Maize,Hip-Hop
75377,fma_small/075/075377.mp3,Shake Dat,Kellee Maize,Hip-Hop
75378,fma_small/075/075378.mp3,Tree Of Life,Kellee Maize,Hip-Hop
75379,fma_small/075/075379.mp3,Listen,Kellee Maize,Hip-Hop
75380,fma_small/075/075380.mp3,Peace Dream,Kellee Maize,Hip-Hop
75381,fma_small/075/075381.mp3,Peaceburgh,Kellee Maize,Hip-Hop
75383,fma_small/075/075383.mp3,Future (Remix),Kellee Maize,Hip-Hop
75386,fma_small/075/075386.mp3,Mothership,Kellee Maize,Hip-Hop
75389,fma_small/075/075389.mp3,City of Champions,Kellee Maize,Hip-Hop
75390,fma_small/075/075390.mp3,Big Plans,Kellee Maize,Hip-Hop
75391,fma_small/075/075391.mp3,Friday Night Flu (Remix),Kellee Maize,Hip-Hop
75393,fma_small/075/075393.mp3,Thought to Thing,Kellee Maize,Hip-Hop
75395,fma_small/075/075395.mp3,Struggle (Remix),Kellee Maize,Hip-Hop
75396,fma_small/075/075396.mp3,Something Sacred,Kellee Maize,Hip-Hop
75398,fma_small/075/075398.mp3,Pulse,Kellee Maize,Hip-Hop
75399,fma_small/075/075399.mp3,Eleven 11,Kellee Maize,Hip-Hop
75401,fma_small/075/075401.mp3,Big Plans (Remix),Kellee Maize,Hip-Hop
75403,fma_small/075/075403.mp3,Evolution (Remix),Kellee Maize,Hip-Hop
75412,fma_small/075/075412.mp3,Healing Tones,Kellee Maize,Hip-Hop
75415,fma_small/075/075415.mp3,Takeover,Kellee Maize,Hip-Hop
75417,fma_small/075/075417.mp3,Trapped,Kellee Maize,Hip-Hop
75418,fma_small/075/075418.mp3,Don't Stop,Kellee Maize,Hip-Hop
75419,fma_small/075/075419.mp3,La La Love,Kellee Maize,Hip-Hop
75420,fma_small/075/075420.mp3,Catch Me,Kellee Maize,Hip-Hop
75425,fma_small/075/075425.mp3,Eleven 11 Remix,Kellee Maize,Hip-Hop
75427,fma_small/075/075427.mp3,Gratitude,Kellee Maize,Hip-Hop
75428,fma_small/075/075428.mp3,Buffalo Meditation,Kellee Maize,Hip-Hop
75429,fma_small/075/075429.mp3,Underwater sleep while trying not to breath,Cherly KaCherly,Instrumental
75430,fma_small/075/075430.mp3,Wake up & wash your face in tap air,Cherly KaCherly,Instrumental
75431,fma_small/075/075431.mp3,Passive aggressive ia all we have. You Can't shout underwater,Cherly KaCherly,Instrumental
75432,fma_small/075/075432.mp3,She's leaving for work in the underwater tram. I think I'll take a minute to think about it,Cherly KaCherly,Instrumental
75433,fma_small/075/075433.mp3,Starting my work with the daily rebuilding of the telescope,Cherly KaCherly,Instrumental
75434,fma_small/075/075434.mp3,Using air bubbles as lenses I see the outside. I suspect the world is not what it seems,Cherly KaCherly,Instrumental
75435,fma_small/075/075435.mp3,Time is running out. I'm sure.,Cherly KaCherly,Instrumental
75436,fma_small/075/075436.mp3,I can see her. She's at work not even noticing I'm watching,Cherly KaCherly,Instrumental
75437,fma_small/075/075437.mp3,I have a proof. The world is a drop of water falling slowly to it's end,Cherly KaCherly,Instrumental
75438,fma_small/075/075438.mp3,"She says:""Now that you think the world is ending you seem much happier"". This time I'm fighting back",Cherly KaCherly,Instrumental
75439,fma_small/075/075439.mp3,She's leaving home. Not the best timing,Cherly KaCherly,Instrumental
75440,fma_small/075/075440.mp3,The drop is hitting the ledge. All that's visible is the city falling apart. She's no where around,Cherly KaCherly,Instrumental
75441,fma_small/075/075441.mp3,When I find her we have to swim through the city. The city is dust. We see the world outside the bubble,Cherly KaCherly,Instrumental
75442,fma_small/075/075442.mp3,Outside the water drop there's more rain drops. We jump from one to the other on our way to the pond,Cherly KaCherly,Instrumental
75443,fma_small/075/075443.mp3,"The pond was too far, but we have the small buthtub just for the both of us",Cherly KaCherly,Instrumental
75607,fma_small/075/075607.mp3,The Last Ocean,Rho,Instrumental
75612,fma_small/075/075612.mp3,Your Sunrise,Rho,Instrumental
75692,fma_small/075/075692.mp3,Crazy Love,Cape Canaveral,Pop
75745,fma_small/075/075745.mp3,Winding Road,Kellee Maize,Hip-Hop
75746,fma_small/075/075746.mp3,Age of Feminine,Kellee Maize,Hip-Hop
75747,fma_small/075/075747.mp3,Story of Me,Kellee Maize,Hip-Hop
75748,fma_small/075/075748.mp3,Yesterday,Kellee Maize,Hip-Hop
75749,fma_small/075/075749.mp3,Raja,Kellee Maize,Hip-Hop
75750,fma_small/075/075750.mp3,Please Remember,Kellee Maize,Hip-Hop
75751,fma_small/075/075751.mp3,Hawk,Kellee Maize,Hip-Hop
75752,fma_small/075/075752.mp3,Internal Trouble,Kellee Maize,Hip-Hop
75754,fma_small/075/075754.mp3,Struggle,Kellee Maize,Hip-Hop
75755,fma_small/075/075755.mp3,412,Kellee Maize,Hip-Hop
75762,fma_small/075/075762.mp3,Loves & Likes,BLEO,Electronic
75763,fma_small/075/075763.mp3,Lapsedad (Cro-Magnon Swing),BLEO,Electronic
75764,fma_small/075/075764.mp3,dotdUmmy & The DouBLE D's,BLEO,Electronic
75782,fma_small/075/075782.mp3,I'm Not Lazy,Square People,Rock
75783,fma_small/075/075783.mp3,Laughing Along,Square People,Rock
75784,fma_small/075/075784.mp3,Rat Me Out,Square People,Rock
75785,fma_small/075/075785.mp3,I'm Not Nervous,Square People,Rock
75786,fma_small/075/075786.mp3,Write it Down,Square People,Rock
75787,fma_small/075/075787.mp3,Niche Dreams,Square People,Rock
75788,fma_small/075/075788.mp3,Forget About It,Square People,Rock
75844,fma_small/075/075844.mp3,1. Solo Project,Jonah Rapino,Folk
75862,fma_small/075/075862.mp3,19. Male Fantasy,Jonah Rapino,Folk
75866,fma_small/075/075866.mp3,23. Guitars,Jonah Rapino,Folk
75869,fma_small/075/075869.mp3,26. Whistling,Jonah Rapino,Folk
75883,fma_small/075/075883.mp3,Doom,Colin L. Orchestra,Folk
75903,fma_small/075/075903.mp3,D.E.S.,The Monitors,Rock
75908,fma_small/075/075908.mp3,Suit and Tie,The Monitors,Rock
75925,fma_small/075/075925.mp3,Don't You Worry,Tricky Diesel,Hip-Hop
75926,fma_small/075/075926.mp3,Heat,Tricky Diesel,Hip-Hop
75927,fma_small/075/075927.mp3,Bullit,Tricky Diesel,Hip-Hop
75928,fma_small/075/075928.mp3,Yup,Tricky Diesel,Hip-Hop
75929,fma_small/075/075929.mp3,Dark Kingdom,Tricky Diesel,Hip-Hop
75930,fma_small/075/075930.mp3,Freestyle Joint,Tricky Diesel,Hip-Hop
75931,fma_small/075/075931.mp3,King of the Streets,Tricky Diesel,Hip-Hop
75932,fma_small/075/075932.mp3,World of Concrete,Tricky Diesel,Hip-Hop
75933,fma_small/075/075933.mp3,My Love,Tricky Diesel,Hip-Hop
75935,fma_small/075/075935.mp3,Still Balling,Tricky Diesel,Hip-Hop
75936,fma_small/075/075936.mp3,Trying to Understand,Tricky Diesel,Hip-Hop
75937,fma_small/075/075937.mp3,So Much Pain,Tricky Diesel,Hip-Hop
75975,fma_small/075/075975.mp3,NXPiano001_Score01a-2012-12-23_03_36_01,Miquel Parera Jaques,Experimental
76036,fma_small/076/076036.mp3,Culotte guitare,Nicolas Tic Tac,Experimental
76069,fma_small/076/076069.mp3,Still the River Flows (Rhyming Song),Koliadnyky of Kryvorivnia,International
76071,fma_small/076/076071.mp3,Duda (Bagpipes),Koliadnyky of Kryvorivnia,International
76072,fma_small/076/076072.mp3,Greeting Tune,Koliadnyky of Kryvorivnia,International
76073,fma_small/076/076073.mp3,Arkan (Men's Dance),Koliadnyky of Kryvorivnia,International
76074,fma_small/076/076074.mp3,Jaw Harps,Koliadnyky of Kryvorivnia,International
76075,fma_small/076/076075.mp3,Tylynka (Overture Flute),Koliadnyky of Kryvorivnia,International
76076,fma_small/076/076076.mp3,Tsymbaly Solo,Koliadnyky of Kryvorivnia,International
76077,fma_small/076/076077.mp3,Hutsulka (Dance Number),Koliadnyky of Kryvorivnia,International
76078,fma_small/076/076078.mp3,Koliada: Good Evening (with Lemon Bucket Orkestra members),Koliadnyky of Kryvorivnia,International
76079,fma_small/076/076079.mp3,Kruhliyek (Round Dance for Bees) & Ples (Well Wishes),Koliadnyky of Kryvorivnia,International
76121,fma_small/076/076121.mp3,Feed,Happy Prescriptions,Rock
76128,fma_small/076/076128.mp3,Budding,Broke For Free,Pop
76129,fma_small/076/076129.mp3,942 Miles,Broke For Free,Pop
76130,fma_small/076/076130.mp3,The Gold Lining,Broke For Free,Pop
76131,fma_small/076/076131.mp3,Things To Come,Broke For Free,Pop
76363,fma_small/076/076363.mp3,Valse du tout au fond,Circus Marcus,Instrumental
76375,fma_small/076/076375.mp3,Go Down To The River,Eric Boros,Experimental
76381,fma_small/076/076381.mp3,Angry Sock Puppet,Eric Boros,Experimental
76437,fma_small/076/076437.mp3,Southside,Misay Day,Folk
76440,fma_small/076/076440.mp3,Imaginary Blues,Misay Day,Folk
76654,fma_small/076/076654.mp3,Forgotten Machines,Decktonic,Electronic
76659,fma_small/076/076659.mp3,Future Music,Decktonic,Electronic
77517,fma_small/077/077517.mp3,The Terror From Beyond!/ who traveled down highways of space and time,The Fucked Up Beat,Experimental
77519,fma_small/077/077519.mp3,Radio Cult/ who disappeared into the volcanoes of Mexico,The Fucked Up Beat,Experimental
77521,fma_small/077/077521.mp3,The Dark Fields of Nevada/ who dreamt and made incarnate gaps in time and space,The Fucked Up Beat,Experimental
77522,fma_small/077/077522.mp3,The Odyssey of Flight 33/ We Build Ancient Ruins!,The Fucked Up Beat,Experimental
77523,fma_small/077/077523.mp3,Mystery Aircraft Lost in Fog over California Canyons / Holy the Stock Market filled with the millions!,The Fucked Up Beat,Experimental
77564,fma_small/077/077564.mp3,Abba Ingee,Bryyn,Pop
77571,fma_small/077/077571.mp3,Float,Apex Realm,Hip-Hop
77572,fma_small/077/077572.mp3,The Watchers,Evils That Never Came,Pop
77952,fma_small/077/077952.mp3,Night Drive (Forrest James Remix),Decktonic,Electronic
78038,fma_small/078/078038.mp3,"""Cats""/Interlude",Twins of El Dorado,Experimental
78156,fma_small/078/078156.mp3,Stardust,Burning Bright,Hip-Hop
78213,fma_small/078/078213.mp3,Psaltery Piece,Howie Mitchell,Folk
78516,fma_small/078/078516.mp3,Rashad & Confidence-The City (No Contest Mix),The Custodian of Records,Hip-Hop
78833,fma_small/078/078833.mp3,Akuma,Stray,Hip-Hop
78834,fma_small/078/078834.mp3,O Demónio,Stray,Hip-Hop
78839,fma_small/078/078839.mp3,Cascos,Stray,Hip-Hop
78841,fma_small/078/078841.mp3,Martelo das Feiticeiras,Stray,Hip-Hop
78843,fma_small/078/078843.mp3,Chewbacca,Stray,Hip-Hop
78845,fma_small/078/078845.mp3,Nuvem Mágica,Stray,Hip-Hop
78847,fma_small/078/078847.mp3,Como Uma Lesma,Stray,Hip-Hop
78848,fma_small/078/078848.mp3,Sola Vermelha,Stray,Hip-Hop
78849,fma_small/078/078849.mp3,Cipralex (c/ Pulso),Stray,Hip-Hop
78850,fma_small/078/078850.mp3,Kamehameha (c/ J-K),Stray,Hip-Hop
78851,fma_small/078/078851.mp3,Chuço,Stray,Hip-Hop
78852,fma_small/078/078852.mp3,Âncora (c/ Manel Cruz),Stray,Hip-Hop
78984,fma_small/078/078984.mp3,Big Father,The Custodian of Records,Hip-Hop
78998,fma_small/078/078998.mp3,Now Dance,The Custodian of Records,Hip-Hop
79087,fma_small/079/079087.mp3,Le Stanze Del Transistor,Bob Meanza,Experimental
79575,fma_small/079/079575.mp3,Take A Dare,Games,Rock
79593,fma_small/079/079593.mp3,80's,Srch Party,Folk
79605,fma_small/079/079605.mp3,Trolls in Dub,trollhead,Electronic
79606,fma_small/079/079606.mp3,Snurker,trollhead,Electronic
79610,fma_small/079/079610.mp3,Better Believe It,Ill Papa Giraffe,Hip-Hop
79616,fma_small/079/079616.mp3,Call To Action,Ill Papa Giraffe,Hip-Hop
79741,fma_small/079/079741.mp3,LAB CLINICIAN's DAY TRIP,YELLOW CHAIR,Pop
79973,fma_small/079/079973.mp3,Night Fire,Alexei Biryukoff,Experimental
79975,fma_small/079/079975.mp3,ITA Meda - Milano - Ambience Ext Italy Birds Children IRCA,Emanuele Costantini,Experimental
79977,fma_small/079/079977.mp3,ITA Meda - Milano - Ambience Ext Italy Traffic Passing By Holcim,Emanuele Costantini,Experimental
79978,fma_small/079/079978.mp3,ITA Meda - Milano - Ambience Ext Italy Traffic Rondo Bennet,Emanuele Costantini,Experimental
79985,fma_small/079/079985.mp3,Go East Young Man,Hudson,Folk
79986,fma_small/079/079986.mp3,Woven Saddle,Hudson,Folk
79988,fma_small/079/079988.mp3,Mountain Meadows,Hudson,Folk
79990,fma_small/079/079990.mp3,Pursuit Through Grouse Canyon,Hudson,Folk
79995,fma_small/079/079995.mp3,Two Sun Mountain,Hudson,Folk
80000,fma_small/080/080000.mp3,City Lights,Brock Tyler,Folk
80001,fma_small/080/080001.mp3,The Stars On Your Way,Brock Tyler,Folk
80002,fma_small/080/080002.mp3,Morning Flowers,Brock Tyler,Folk
80003,fma_small/080/080003.mp3,Mountainside,Brock Tyler,Folk
80004,fma_small/080/080004.mp3,Frenchman Valley,Brock Tyler,Folk
80005,fma_small/080/080005.mp3,My Love For You,Brock Tyler,Folk
80035,fma_small/080/080035.mp3,Bike - Punx,Damage it,Rock
80293,fma_small/080/080293.mp3,HipHop Junkfood,AWOL,Hip-Hop
80341,fma_small/080/080341.mp3,Druzhkina Dvora,Brazda,International
80351,fma_small/080/080351.mp3,Na Bos Krak,Nikolay Kolev,International
80389,fma_small/080/080389.mp3,a1,A. P. Vague,Instrumental
80402,fma_small/080/080402.mp3,b3,A. P. Vague,Instrumental
80515,fma_small/080/080515.mp3,Alarm,Jahzzar,Instrumental
80516,fma_small/080/080516.mp3,Battle,Jahzzar,Instrumental
80517,fma_small/080/080517.mp3,Breaking Bad,Jahzzar,Instrumental
80518,fma_small/080/080518.mp3,Change,Jahzzar,Instrumental
80519,fma_small/080/080519.mp3,T800,Jahzzar,Instrumental
80520,fma_small/080/080520.mp3,Thin Line,Jahzzar,Instrumental
80611,fma_small/080/080611.mp3,Zucotic        Co Prod with form No Drums Version 2005,S.J. Mellia,Experimental
80680,fma_small/080/080680.mp3,Snoshti Sum Libe,Black Sea Hotel,International
80686,fma_small/080/080686.mp3,Spava Mi Se,Black Sea Hotel,International
80687,fma_small/080/080687.mp3,Malka Moma,Black Sea Hotel,International
80693,fma_small/080/080693.mp3,Dva Konya Vodam,Yale Women's Slavic Chorus,International
80694,fma_small/080/080694.mp3,Za Garogu,Yale Women's Slavic Chorus,International
80695,fma_small/080/080695.mp3,Vo Naše Selo,Yale Women's Slavic Chorus,International
80696,fma_small/080/080696.mp3,Tskcno snuri,Yale Women's Slavic Chorus,International
80697,fma_small/080/080697.mp3,Sednalo e Djore Dos,Yale Women's Slavic Chorus,International
80751,fma_small/080/080751.mp3,More Chcho Reche,Gogofski,International
80753,fma_small/080/080753.mp3,"Medley: Sadila Jana, Davaj Me",Gogofski,International
80754,fma_small/080/080754.mp3,Ne Si Jo Prodavaj Chiflikot,Gogofski,International
80755,fma_small/080/080755.mp3,Fato Mori,Gogofski,International
80756,fma_small/080/080756.mp3,Chaje Shukarije,Gogofski,International
80758,fma_small/080/080758.mp3,O Postaris Avel (Gypsy),Rozsa has become... Madárka,International
80765,fma_small/080/080765.mp3,Fa Nye Mama (Romanian),Rozsa has become... Madárka,International
80766,fma_small/080/080766.mp3,Opa Cupa (Balkan Gypsy),Rozsa has become... Madárka,International
80772,fma_small/080/080772.mp3,Svadba Golema,Zlatni Makedoncinja,International
80773,fma_small/080/080773.mp3,Pajdusko,Zlatni Makedoncinja,International
80774,fma_small/080/080774.mp3,Eleno,Zlatni Makedoncinja,International
80775,fma_small/080/080775.mp3,Stani Mome,Zlatni Makedoncinja,International
80776,fma_small/080/080776.mp3,Milionerce Dada Sali,Zlatni Makedoncinja,International
80793,fma_small/080/080793.mp3,Spirit,Ostin,Electronic
80833,fma_small/080/080833.mp3,kind gentle beautiful person,Origami Repetika,Electronic
80834,fma_small/080/080834.mp3,4c iced tea,Origami Repetika,Electronic
80835,fma_small/080/080835.mp3,tuffet,Origami Repetika,Electronic
80836,fma_small/080/080836.mp3,mighty lilbumble bee,Origami Repetika,Electronic
81033,fma_small/081/081033.mp3,lullaby,Lazer Boy,Folk
81037,fma_small/081/081037.mp3,together we are beautiful,Lazer Boy,Folk
81071,fma_small/081/081071.mp3,"Ladybugs on Window, Spraypaint on Deer Carcass",Nick Kuepfer,Experimental
81082,fma_small/081/081082.mp3,Where Will You Go,Jacco Gardner,Folk
81083,fma_small/081/081083.mp3,Cabinet Of Curiosities,Jacco Gardner,Folk
81084,fma_small/081/081084.mp3,A House On The Moon,Jacco Gardner,Folk
81085,fma_small/081/081085.mp3,Summer's Game,Jacco Gardner,Folk
81189,fma_small/081/081189.mp3,Slalom (Ennio Morricone),"Ak'chamel, The Giver of Illness",Experimental
81193,fma_small/081/081193.mp3,Dancing Bruise,Tactus,Electronic
81194,fma_small/081/081194.mp3,Buleriass Shake,Tactus,Electronic
81195,fma_small/081/081195.mp3,Shake Service,Tactus,Electronic
81362,fma_small/081/081362.mp3,Silent Night,Maya Solovéy,Experimental
81365,fma_small/081/081365.mp3,Little Drummer Boy,Maya Solovéy,Experimental
81436,fma_small/081/081436.mp3,Broken Branch,Podington Bear,Instrumental
81457,fma_small/081/081457.mp3,Forecasting,Podington Bear,Instrumental
81485,fma_small/081/081485.mp3,Low Jack,Podington Bear,Instrumental
81491,fma_small/081/081491.mp3,Arp and Piano Beat,Podington Bear,Instrumental
81512,fma_small/081/081512.mp3,Simpler,Podington Bear,Instrumental
81523,fma_small/081/081523.mp3,Twinkletoes,Podington Bear,Instrumental
81543,fma_small/081/081543.mp3,GUI,Podington Bear,Instrumental
81554,fma_small/081/081554.mp3,QuasarGroove,Podington Bear,Instrumental
81555,fma_small/081/081555.mp3,Rabbiting,Podington Bear,Instrumental
81565,fma_small/081/081565.mp3,Baile,Podington Bear,Instrumental
81576,fma_small/081/081576.mp3,Winjammer,Podington Bear,Instrumental
81586,fma_small/081/081586.mp3,Molasses,Podington Bear,Instrumental
81600,fma_small/081/081600.mp3,Euphoric,Podington Bear,Instrumental
81612,fma_small/081/081612.mp3,Better Times Ahead,Podington Bear,Instrumental
81613,fma_small/081/081613.mp3,Bwip,Podington Bear,Instrumental
81623,fma_small/081/081623.mp3,Whistle Work,Podington Bear,Instrumental
81638,fma_small/081/081638.mp3,Brightening,Podington Bear,Instrumental
81650,fma_small/081/081650.mp3,Loaming Pulse,Podington Bear,Instrumental
81660,fma_small/081/081660.mp3,Swollen Cloud,Podington Bear,Instrumental
81781,fma_small/081/081781.mp3,Like Brigade,Podington Bear,Instrumental
81782,fma_small/081/081782.mp3,Love Sprouts,Podington Bear,Instrumental
81792,fma_small/081/081792.mp3,Wellness,Podington Bear,Instrumental
81802,fma_small/081/081802.mp3,Lola,Podington Bear,Instrumental
81803,fma_small/081/081803.mp3,Not Much,Podington Bear,Instrumental
81814,fma_small/081/081814.mp3,Dimlight,Podington Bear,Instrumental
81868,fma_small/081/081868.mp3,Pavillon Dubstep,Expert In Mental,Electronic
81895,fma_small/081/081895.mp3,Somewhere in Scotland,The Travelling Mongoose,Experimental
81938,fma_small/081/081938.mp3,In Our Hands,Jenny O.,Folk
81945,fma_small/081/081945.mp3,Sugar,Jenny O.,Folk
81946,fma_small/081/081946.mp3,Good Love,Jenny O.,Folk
81988,fma_small/081/081988.mp3,Dolphin Waltz,Podington Bear,Instrumental
81999,fma_small/081/081999.mp3,Lope-Trip,Podington Bear,Instrumental
82157,fma_small/082/082157.mp3,Recruitment Gong (Instrumental),BOPD,Instrumental
82231,fma_small/082/082231.mp3,Cold play in goffertpark,Richard Jonas,Experimental
82237,fma_small/082/082237.mp3,Impulse Workout,Richard Jonas,Experimental
82242,fma_small/082/082242.mp3,Impulse Workout,Richard Jonas,Experimental
82250,fma_small/082/082250.mp3,80.56.20.28,Richard Jonas,Experimental
82410,fma_small/082/082410.mp3,Clutterbuck,Elvis Herod,Experimental
82462,fma_small/082/082462.mp3,Stand Up,Throwing Muses,Rock
82464,fma_small/082/082464.mp3,Not Too Soon,Throwing Muses,Rock
82505,fma_small/082/082505.mp3,Solitude,Entertainment for the Braindead,Folk
82507,fma_small/082/082507.mp3,Time Lines,Pete Lund,Folk
82628,fma_small/082/082628.mp3,WorldToday (Original version),Herbata,International
82629,fma_small/082/082629.mp3,WorldToday (Chalart58 version),Herbata,International
82630,fma_small/082/082630.mp3,WorldToday (Pope version),Herbata,International
82631,fma_small/082/082631.mp3,WorldToday (La Crema version - Herbata Vocal Rework),Herbata,International
82778,fma_small/082/082778.mp3,Bad Business,The Impossebulls,Hip-Hop
82780,fma_small/082/082780.mp3,World Full of Sadness,The Impossebulls,Hip-Hop
82881,fma_small/082/082881.mp3,Strange Things Will Happen on Interstate 70,Fields Ohio,Experimental
82886,fma_small/082/082886.mp3,Mid-American Chant/ Winter of Song,Fields Ohio,Experimental
82890,fma_small/082/082890.mp3,1919 Cleveland May Day Riots/ Buried in the Serpent Mounds,Fields Ohio,Experimental
82892,fma_small/082/082892.mp3,Warm Hand in Farmland,Mice Parade,Folk
82893,fma_small/082/082893.mp3,Double Dolphins On The Nickel,Mice Parade,Folk
82914,fma_small/082/082914.mp3,Bonnies Theme,krackatoa,Instrumental
82915,fma_small/082/082915.mp3,Dining on Backs of the Brave,krackatoa,Instrumental
82916,fma_small/082/082916.mp3,Chasing Butterflies into the Snow,krackatoa,Instrumental
82917,fma_small/082/082917.mp3,Handguns in Heaven,krackatoa,Instrumental
82918,fma_small/082/082918.mp3,Ascent of Sham,krackatoa,Instrumental
82919,fma_small/082/082919.mp3,Corporate Conga Line,krackatoa,Instrumental
82920,fma_small/082/082920.mp3,Opus Delorean,krackatoa,Instrumental
82921,fma_small/082/082921.mp3,Crawling Down Walls,krackatoa,Instrumental
82928,fma_small/082/082928.mp3,Diwali Charlie,krackatoa,Instrumental
82929,fma_small/082/082929.mp3,Horizon Mine,krackatoa,Instrumental
82930,fma_small/082/082930.mp3,Opotiki Over and Out,krackatoa,Instrumental
82931,fma_small/082/082931.mp3,Hefty Leftie Drop Attack,krackatoa,Instrumental
82932,fma_small/082/082932.mp3,Blank DNA of Reverence,krackatoa,Instrumental
83437,fma_small/083/083437.mp3,You Don't Know How Lucky You Are,Keaton Henson,Folk
83438,fma_small/083/083438.mp3,Sweetheart What Have You Done To Us,Keaton Henson,Folk
83439,fma_small/083/083439.mp3,Lying To You,Keaton Henson,Folk
83440,fma_small/083/083440.mp3,You,Keaton Henson,Folk
83507,fma_small/083/083507.mp3,Betsy On The Roof,Julia Holter,Pop
83509,fma_small/083/083509.mp3,When The Sea Called Me Home,Julia Holter,Pop
83511,fma_small/083/083511.mp3,Our Sorrows,Julia Holter,Pop
83512,fma_small/083/083512.mp3,Marienbad,Julia Holter,Pop
83558,fma_small/083/083558.mp3,carnival,Underling,Hip-Hop
83600,fma_small/083/083600.mp3,Farm Montage (Instrumental),BOPD,Instrumental
83612,fma_small/083/083612.mp3,New England is Interesting (reprise),BOPD,Instrumental
83613,fma_small/083/083613.mp3,New England Dawn Salendro,BOPD,Instrumental
83715,fma_small/083/083715.mp3,J6 On The Rising Sun,Cullah,Hip-Hop
83717,fma_small/083/083717.mp3,Ninety Six,Cullah,Hip-Hop
83718,fma_small/083/083718.mp3,Behemothian Rhapsody,Cullah,Hip-Hop
83719,fma_small/083/083719.mp3,Running Woman,Cullah,Hip-Hop
83789,fma_small/083/083789.mp3,Шизофрения,Brutal Whiskers,Rock
83790,fma_small/083/083790.mp3,Падший мир,Brutal Whiskers,Rock
83791,fma_small/083/083791.mp3,Узник,Brutal Whiskers,Rock
83898,fma_small/083/083898.mp3,The Splendor of Love,Rod Rivers and the Big Action Sound,Experimental
83903,fma_small/083/083903.mp3,Rock And Roll Is Back Again,Rodd Rogers,Experimental
83906,fma_small/083/083906.mp3,Before I Go Out,Rod Rivers and the Big Action Sound,Experimental
83908,fma_small/083/083908.mp3,If I Had A MIllion Dollars,Rod Rogers,Experimental
83911,fma_small/083/083911.mp3,Country Boy,Rodd Keith and the Raindrops,Experimental
83913,fma_small/083/083913.mp3,Why Don't You Sing A Happy Song,Rodd Keith,Experimental
83954,fma_small/083/083954.mp3,Green Caterpillar Girl,Princess Army Wedding Combat,Experimental
83960,fma_small/083/083960.mp3,Gazing Into The Stygian Deeps,Tigre Merde,Experimental
83969,fma_small/083/083969.mp3,Reggae War Zone,Foot Village,Rock
84009,fma_small/084/084009.mp3,"Dance To Your Daddy, In Some Ladys Garden, Come Along Everybody",Ed Trickett,Folk
84054,fma_small/084/084054.mp3,Fruit,Bekah Jarvis-Girtler,Experimental
84055,fma_small/084/084055.mp3,Record Play,Max Ebert,Experimental
84056,fma_small/084/084056.mp3,Sexy Birdwatching,Stephanie Foo,Experimental
84057,fma_small/084/084057.mp3,Star Spangled Preachers,Sydney Beveridge,Experimental
84058,fma_small/084/084058.mp3,Daphna/Tobah Interview,Avery Trufelman,Experimental
84091,fma_small/084/084091.mp3,Antartic (Le Perche Oreille Remix),Émilie Simon,Electronic
84095,fma_small/084/084095.mp3,Méchanismes,Le Perche Oreille,Electronic
84096,fma_small/084/084096.mp3,Industrie Merdique,Le Perche Oreille,Electronic
84097,fma_small/084/084097.mp3,Fin,Le Perche Oreille,Electronic
84111,fma_small/084/084111.mp3,Zombie Strut,Tha Silent Partner,Hip-Hop
84135,fma_small/084/084135.mp3,The Sudden Afternoon/ Archetypes,Electric Mirrors,Experimental
84136,fma_small/084/084136.mp3,Little Big Horn/ Western Radio Transmissions,Electric Mirrors,Experimental
84139,fma_small/084/084139.mp3,The Illuminated Highway/ Urban Exodus,Electric Mirrors,Experimental
84141,fma_small/084/084141.mp3,1956 Cocktail Party/ Suburban Architecture,Electric Mirrors,Experimental
84142,fma_small/084/084142.mp3,Get Away/ Parallel Sunset,Electric Mirrors,Experimental
84144,fma_small/084/084144.mp3,Good Night/ Sleep,Electric Mirrors,Experimental
84152,fma_small/084/084152.mp3,Haka,Sikhara,Experimental
84154,fma_small/084/084154.mp3,Baby Bones,Laura Stevenson and the Cans,Folk
84155,fma_small/084/084155.mp3,The Pretty One,Laura Stevenson and the Cans,Folk
84156,fma_small/084/084156.mp3,Landslide Song/The Dig,Laura Stevenson and the Cans,Folk
84157,fma_small/084/084157.mp3,Nervous Rex,Laura Stevenson and the Cans,Folk
84158,fma_small/084/084158.mp3,Source and the Sound,Laura Stevenson and the Cans,Folk
84159,fma_small/084/084159.mp3,A Shine To It,Laura Stevenson and the Cans,Folk
84195,fma_small/084/084195.mp3,Squinting at the Sun (radio edit),Lee Rosevere,Electronic
84198,fma_small/084/084198.mp3,Illuminations,Lee Rosevere,Electronic
84200,fma_small/084/084200.mp3,Ataraxia (radio edit),Lee Rosevere,Electronic
84201,fma_small/084/084201.mp3,The Ambient Ukulele (radio edit),Lee Rosevere,Electronic
84202,fma_small/084/084202.mp3,Illuminations (radio edit),Lee Rosevere,Electronic
84264,fma_small/084/084264.mp3,elastic_waves,.crk,Electronic
84290,fma_small/084/084290.mp3,Slipping Away,Mudhoney,Rock
84291,fma_small/084/084291.mp3,I Like It Small,Mudhoney,Rock
84405,fma_small/084/084405.mp3,ETX,OWL BRAIN ATLAS,Experimental
84417,fma_small/084/084417.mp3,Snow Eater,OWL BRAIN ATLAS,Experimental
84423,fma_small/084/084423.mp3,Doctor Whom,OWL BRAIN ATLAS,Experimental
84483,fma_small/084/084483.mp3,m00m4m4 feat. Ovenrake,BLEO,Electronic
84484,fma_small/084/084484.mp3,Tart (Pts 1 & 2) feat. KeFF,BLEO,Electronic
84485,fma_small/084/084485.mp3,A_Merican_Skweeez feat. STARPAUSE,BLEO,Electronic
84486,fma_small/084/084486.mp3,Death Destroyer (Radio Edit) feat. Rhinostrich,BLEO,Electronic
84605,fma_small/084/084605.mp3,Me and My Friends,EARTH-ENEMY,Pop
84736,fma_small/084/084736.mp3,Pompas de Jabón,Circus Marcus,Instrumental
84743,fma_small/084/084743.mp3,This Body,Whore Paint,Rock
84757,fma_small/084/084757.mp3,Hawaii,No Joy,Rock
84768,fma_small/084/084768.mp3,CCMFC,What Cheer? Brigade,Instrumental
84777,fma_small/084/084777.mp3,Nothings Wrong (Shufflin' Edit),Howse,Electronic
84788,fma_small/084/084788.mp3,Elevators,TV Ghost,Rock
84817,fma_small/084/084817.mp3,Wide Of The Mark,Robin Mitchell,Pop
85027,fma_small/085/085027.mp3,define my day,Maan,Rock
85038,fma_small/085/085038.mp3,Quinine Dub,Sick To The Back Teeth,Electronic
85039,fma_small/085/085039.mp3,Irradiated Dub,Sick To The Back Teeth,Electronic
85040,fma_small/085/085040.mp3,Neptune Massive,Sick To The Back Teeth,Electronic
85041,fma_small/085/085041.mp3,Pegasus Dub,Sick To The Back Teeth,Electronic
85290,fma_small/085/085290.mp3,Her Cold Touch,Koalips,Electronic
85291,fma_small/085/085291.mp3,Her Cold Touch (Remix),Koalips,Electronic
85307,fma_small/085/085307.mp3,They Seem To Be Intelligent,Garmisch,Pop
85308,fma_small/085/085308.mp3,They Seem To Be Intelligent (Tastes So Intelligent Mixx),Garmisch,Pop
85309,fma_small/085/085309.mp3,They Seem To Be Intelligent (dustmotes Remix),Garmisch,Pop
85310,fma_small/085/085310.mp3,They Seem To Be Intelligent (Instrumental),Garmisch,Pop
85311,fma_small/085/085311.mp3,They Seem To Be Intelligent (Tastes So Intelligenstrumental),Garmisch,Pop
85317,fma_small/085/085317.mp3,Human Face,Titus 12,Electronic
85318,fma_small/085/085318.mp3,Rougher Than Riddim,Titus 12,Electronic
85343,fma_small/085/085343.mp3,Epic Champ,L'homme Manete,Electronic
85346,fma_small/085/085346.mp3,Friendly Foe,L'homme Manete,Electronic
85347,fma_small/085/085347.mp3,Out of the Cave,L'homme Manete,Electronic
85400,fma_small/085/085400.mp3,Blow to the Head,Black Pus,Experimental
85419,fma_small/085/085419.mp3,Something Strange Happens,Orange Peels,Pop
85420,fma_small/085/085420.mp3,The Words Don't Work,Orange Peels,Pop
85421,fma_small/085/085421.mp3,Your New Heroes,Orange Peels,Pop
85422,fma_small/085/085422.mp3,Bicentennial Bridge,Orange Peels,Pop
85423,fma_small/085/085423.mp3,All At Once,Orange Peels,Pop
85424,fma_small/085/085424.mp3,Grey Holiday,Orange Peels,Pop
85425,fma_small/085/085425.mp3,Aether Tide,Orange Peels,Pop
85426,fma_small/085/085426.mp3,Watch Her Fly,Orange Peels,Pop
85427,fma_small/085/085427.mp3,Theme From Sun Moon,Orange Peels,Pop
85428,fma_small/085/085428.mp3,Yonder,Orange Peels,Pop
85436,fma_small/085/085436.mp3,Albion Source,Chuck Johnson,Folk
85438,fma_small/085/085438.mp3,Crows In The Basillica,Chuck Johnson,Folk
85482,fma_small/085/085482.mp3,To Lose You,Derek Clegg,Folk
85484,fma_small/085/085484.mp3,If Only We Had More Time,Derek Clegg,Folk
85485,fma_small/085/085485.mp3,Photograph,Derek Clegg,Folk
85486,fma_small/085/085486.mp3,Carry On,Derek Clegg,Folk
85487,fma_small/085/085487.mp3,Who We Are,Derek Clegg,Folk
85488,fma_small/085/085488.mp3,The Best In The World,Derek Clegg,Folk
85489,fma_small/085/085489.mp3,Easy,Derek Clegg,Folk
85490,fma_small/085/085490.mp3,I Am There,Derek Clegg,Folk
85491,fma_small/085/085491.mp3,Ones I've Never Known,Derek Clegg,Folk
85492,fma_small/085/085492.mp3,My Mind Never Bends,Derek Clegg,Folk
85494,fma_small/085/085494.mp3,STAR SPANGLED BANNER,Anonymous,Experimental
85592,fma_small/085/085592.mp3,Truth Is,Garmisch,Pop
85593,fma_small/085/085593.mp3,Sole (Fire & Ice),Garmisch,Pop
85594,fma_small/085/085594.mp3,You Come Get Your Boy Now,Garmisch,Pop
85595,fma_small/085/085595.mp3,Truth Is (Interlude),Garmisch,Pop
85596,fma_small/085/085596.mp3,They Seem To Be Intelligent,Garmisch,Pop
85598,fma_small/085/085598.mp3,And Now We Stand Against The Wall,Garmisch,Pop
85599,fma_small/085/085599.mp3,Native Son,Garmisch,Pop
85600,fma_small/085/085600.mp3,City Sounds,Garmisch,Pop
85691,fma_small/085/085691.mp3,Finding The Butterfly,Alexander Turnquist,Folk
85692,fma_small/085/085692.mp3,Flying Fantasy,Alexander Turnquist,Folk
85693,fma_small/085/085693.mp3,Dance Of The Sinister Nymph/ Through A House Of Violet Abandon,Eric Carbonara,Folk
85787,fma_small/085/085787.mp3,Leaves Of Grass,Rations,Rock
85788,fma_small/085/085788.mp3,Occasion For War,Rations,Rock
85791,fma_small/085/085791.mp3,The Profiteers,Rations,Rock
85792,fma_small/085/085792.mp3,Relived/Replayed,Rations,Rock
85816,fma_small/085/085816.mp3,Break It Now,Radio 421,Rock
85817,fma_small/085/085817.mp3,Seven,Radio 421,Rock
85822,fma_small/085/085822.mp3,Nocturnia,Psychadelik Pedestrian,Electronic
85823,fma_small/085/085823.mp3,Fifth World,Psychadelik Pedestrian,Electronic
85828,fma_small/085/085828.mp3,Cosmos (universal mix),Psychadelik Pedestrian,Electronic
85831,fma_small/085/085831.mp3,Flames (The Beginning),Frame,Electronic
85832,fma_small/085/085832.mp3,Eyes Like A Wolf,Frame,Electronic
85833,fma_small/085/085833.mp3,In Sight,Frame,Electronic
85834,fma_small/085/085834.mp3,Other Directions,Frame,Electronic
85835,fma_small/085/085835.mp3,Empty Roads,Frame,Electronic
85836,fma_small/085/085836.mp3,Aproaching Land,Frame,Electronic
85837,fma_small/085/085837.mp3,Enter The Code,Frame,Electronic
85838,fma_small/085/085838.mp3,North Sea,Frame,Electronic
85839,fma_small/085/085839.mp3,Second Hand,Frame,Electronic
85840,fma_small/085/085840.mp3,The Last One (Old Times),Frame,Electronic
85950,fma_small/085/085950.mp3,Boat,Pete Galub,Pop
85951,fma_small/085/085951.mp3,Plead the 5th Dimension,Pete Galub,Pop
85952,fma_small/085/085952.mp3,Crying Time,Pete Galub,Pop
85953,fma_small/085/085953.mp3,All I Am,Pete Galub,Pop
85954,fma_small/085/085954.mp3,300 Days In July,Pete Galub,Pop
85955,fma_small/085/085955.mp3,Feels All Over,Pete Galub,Pop
85956,fma_small/085/085956.mp3,My Regeneration,Pete Galub,Pop
85957,fma_small/085/085957.mp3,Waiting,Pete Galub,Pop
85963,fma_small/085/085963.mp3,"Portland Cement Factory at Monolith, CA (John Fahey) & The Harmony of Altamont (John Fahey)",Star Rover,Folk
85966,fma_small/085/085966.mp3,Rag Doll,Star Rover,Folk
85967,fma_small/085/085967.mp3,We Would Be Building (Hymn) & Blind Willie (Sonnie Sharrock),Star Rover,Folk
85968,fma_small/085/085968.mp3,Meet Me,Seaven Teares,Folk
85973,fma_small/085/085973.mp3,Thin Veil,Seaven Teares,Folk
86037,fma_small/086/086037.mp3,Doctor Faust,Teatro Grotesco,Instrumental
86038,fma_small/086/086038.mp3,"Pornography, the cult of the body and the death of Eros",Teatro Grotesco,Instrumental
86039,fma_small/086/086039.mp3,MMXII,Teatro Grotesco,Instrumental
86040,fma_small/086/086040.mp3,Through the fire,Teatro Grotesco,Instrumental
86077,fma_small/086/086077.mp3,Penetration (Edit),Barmus Dramfell,Experimental
86081,fma_small/086/086081.mp3,One Thousand And Two,Barmus Dramfell,Experimental
86082,fma_small/086/086082.mp3,Groove,Barmus Dramfell,Experimental
86116,fma_small/086/086116.mp3,And Now We Stand Against The Wall,Garmisch,Pop
86117,fma_small/086/086117.mp3,And Now We Stand Against The Wall (Who Ha's Electron Takeover),Garmisch,Pop
86118,fma_small/086/086118.mp3,ANWSATW (TSP Took Acid Once Mix),Garmisch,Pop
86119,fma_small/086/086119.mp3,And Now We Stand Against The Wall (Instrumental),Garmisch,Pop
86140,fma_small/086/086140.mp3,Letromaquia O,Damian Taveira & Juan Angel Italiano,Experimental
86256,fma_small/086/086256.mp3,Warped Picture of the Restaurant Taken Through a Wine Glass,echosonic,Experimental
86259,fma_small/086/086259.mp3,Bending The Spoon,Mystified,Experimental
86262,fma_small/086/086262.mp3,Dead Elements,Angstbreaker,Rock
86263,fma_small/086/086263.mp3,Stay Hungry,Angstbreaker,Rock
86415,fma_small/086/086415.mp3,From the Bottom (Soundtrack Edit),The Impossebulls,Hip-Hop
86416,fma_small/086/086416.mp3,One Hundred 10 (BPM) (Instrumental),The Impossebulls,Hip-Hop
86417,fma_small/086/086417.mp3,The Destroyer (Parts 1 and 2),One Master,Rock
86419,fma_small/086/086419.mp3,Infernal Silence,One Master,Rock
86441,fma_small/086/086441.mp3,Fever of Terror,Fever Dream,Rock
86443,fma_small/086/086443.mp3,Befall,Fever Dream,Rock
86481,fma_small/086/086481.mp3,Moments Of Life,Andrea Carri,Instrumental
86482,fma_small/086/086482.mp3,Strade,Andrea Carri,Instrumental
86483,fma_small/086/086483.mp3,Canzone Della Speranza Sahrawi,Andrea Carri,Instrumental
86484,fma_small/086/086484.mp3,Giochi di luce,Andrea Carri,Instrumental
86485,fma_small/086/086485.mp3,Cuori Nel Vento,Andrea Carri,Instrumental
86486,fma_small/086/086486.mp3,Frammenti,Andrea Carri,Instrumental
86487,fma_small/086/086487.mp3,Sunshine After Rain,Andrea Carri,Instrumental
86562,fma_small/086/086562.mp3,Cute Poison,Sugar Overdose,Rock
86576,fma_small/086/086576.mp3,Track 1,Pocahaunted,Experimental
86623,fma_small/086/086623.mp3,The One,Eric Eckhart plus Salonband,Folk
86634,fma_small/086/086634.mp3,We Are Canucks,David Blair,Pop
86678,fma_small/086/086678.mp3,Blood Money,Krowne,Hip-Hop
86679,fma_small/086/086679.mp3,Welcome To Warp Street,Krowne,Hip-Hop
86680,fma_small/086/086680.mp3,Rear View Window,Krowne,Hip-Hop
86720,fma_small/086/086720.mp3,Greek Court Metalheads,McCloud Zicmuse,Experimental
86721,fma_small/086/086721.mp3,Guitar Left On Train,McCloud Zicmuse,Experimental
86724,fma_small/086/086724.mp3,Liquid in a Tin Cup Samba,McCloud Zicmuse,Experimental
86725,fma_small/086/086725.mp3,New Wave 80's Dance Move,McCloud Zicmuse,Experimental
86730,fma_small/086/086730.mp3,Something Upbeat for the Kids,McCloud Zicmuse,Experimental
86761,fma_small/086/086761.mp3,Be Sweet,Marco Trovatello,Rock
86762,fma_small/086/086762.mp3,A Turn,Marco Trovatello,Rock
86763,fma_small/086/086763.mp3,Bracers Of Chaos,Marco Trovatello,Rock
86788,fma_small/086/086788.mp3,Es ist nie genug,Die Leere im Kern Deiner Hoffnung,Rock
86793,fma_small/086/086793.mp3,Blocks,Dr Freebs,Electronic
86795,fma_small/086/086795.mp3,Pegasus,Singvøgel,Rock
86799,fma_small/086/086799.mp3,Marktversagen,Von Korf,Rock
86993,fma_small/086/086993.mp3,Wicked Woman,Galleon,Rock
87068,fma_small/087/087068.mp3,One More Reason (unofficial SFI remix),Vigilante,Electronic
87069,fma_small/087/087069.mp3,I Sing the Body Electric (first take SFI remix),Waste Disposal Machine,Electronic
87070,fma_small/087/087070.mp3,Argonaut Into Deep Space (SFI remix),(F.E.V.E.R.),Electronic
87096,fma_small/087/087096.mp3,AMLUN,XPURM,Instrumental
87097,fma_small/087/087097.mp3,EDNMA,XPURM,Instrumental
87098,fma_small/087/087098.mp3,WKLDN,XPURM,Instrumental
87099,fma_small/087/087099.mp3,USTKA,XPURM,Instrumental
87100,fma_small/087/087100.mp3,BRPLE,XPURM,Instrumental
87101,fma_small/087/087101.mp3,AJQEA,XPURM,Instrumental
87102,fma_small/087/087102.mp3,FYSTN,XPURM,Instrumental
87103,fma_small/087/087103.mp3,VNADS,XPURM,Instrumental
87104,fma_small/087/087104.mp3,CNUNU,XPURM,Instrumental
87105,fma_small/087/087105.mp3,DUITA,XPURM,Instrumental
87106,fma_small/087/087106.mp3,UISTS,XPURM,Instrumental
87107,fma_small/087/087107.mp3,MKRDZ,XPURM,Instrumental
87108,fma_small/087/087108.mp3,DWMWD,XPURM,Instrumental
87121,fma_small/087/087121.mp3,Sadie (4-Track Demo),The Planes,Rock
87151,fma_small/087/087151.mp3,Open up your eyes,Still Pluto,Rock
87152,fma_small/087/087152.mp3,Angel,Still Pluto,Rock
87153,fma_small/087/087153.mp3,Southern spirit,Still Pluto,Rock
87154,fma_small/087/087154.mp3,My own God,Still Pluto,Rock
87155,fma_small/087/087155.mp3,Be what you wanna be,Still Pluto,Rock
87157,fma_small/087/087157.mp3,Back (In Time) To (Save) The Future,Dr. Wylie,Electronic
87158,fma_small/087/087158.mp3,"It's Ok, We Have Chemistry",Dr. Wylie,Electronic
87159,fma_small/087/087159.mp3,Keep In Style,Dr. Wylie,Electronic
87160,fma_small/087/087160.mp3,Extracurricular Twerk,Dr. Wylie,Electronic
87161,fma_small/087/087161.mp3,Perception,Dr. Wylie,Electronic
87185,fma_small/087/087185.mp3,All Those I Know,Eric & Magill,Pop
87186,fma_small/087/087186.mp3,You Make It So Good,Eric & Magill,Pop
87187,fma_small/087/087187.mp3,Should We All Wake Up,Eric & Magill,Pop
87188,fma_small/087/087188.mp3,Grandpa's Pink Wine,Eric & Magill,Pop
87189,fma_small/087/087189.mp3,Vegetable Gardeners,Eric & Magill,Pop
87190,fma_small/087/087190.mp3,I Hear Trumpets,Eric & Magill,Pop
87191,fma_small/087/087191.mp3,Pontoon Boats,Eric & Magill,Pop
87192,fma_small/087/087192.mp3,"Gentle, Polite",Eric & Magill,Pop
87193,fma_small/087/087193.mp3,Old Man Winter,Eric & Magill,Pop
87194,fma_small/087/087194.mp3,Birthdays Are Important,Eric & Magill,Pop
87237,fma_small/087/087237.mp3,Only,Kris Keyser,Electronic
87322,fma_small/087/087322.mp3,The Truth,Sally Seltmann,Pop
87323,fma_small/087/087323.mp3,Sentimental Seek,Sally Seltmann,Pop
87324,fma_small/087/087324.mp3,Harmony To My Heartbeat,Sally Seltmann,Pop
87325,fma_small/087/087325.mp3,On The Borderline,Sally Seltmann,Pop
87361,fma_small/087/087361.mp3,Echo of Suggestion,Nisi Period,Rock
87362,fma_small/087/087362.mp3,Unless,Nisi Period,Rock
87363,fma_small/087/087363.mp3,Treat Her Like a Sailor,Nisi Period,Rock
87377,fma_small/087/087377.mp3,Yukiai,Kakurenbo,Electronic
87430,fma_small/087/087430.mp3,BooBoo Halloween,Bludded Head,Rock
87431,fma_small/087/087431.mp3,Bone Soup,Bludded Head,Rock
87490,fma_small/087/087490.mp3,Step Up To The Plate (Be A Runaway),Born Loose,Rock
87639,fma_small/087/087639.mp3,Meditation Inside,Lantriperc,Electronic
87641,fma_small/087/087641.mp3,Level Up,Lantriperc,Electronic
87642,fma_small/087/087642.mp3,Simple Jungle List,Lantriperc,Electronic
87643,fma_small/087/087643.mp3,People Machine,Lantriperc,Electronic
87644,fma_small/087/087644.mp3,Technique Mecha,Lantriperc,Electronic
87645,fma_small/087/087645.mp3,Paper For Dragon,Lantriperc,Electronic
87965,fma_small/087/087965.mp3,As I Sailed,"Howie Mitchell, Ed Trickett",Folk
87966,fma_small/087/087966.mp3,Mary Had A Baby,"Howie Mitchell, Ed Trickett",Folk
87967,fma_small/087/087967.mp3,Lassie Wi a Yellow Coatie,Sandy & Caroline Paton,Folk
87968,fma_small/087/087968.mp3,The Rivers of Texas,Sandy & Caroline Paton,Folk
87971,fma_small/087/087971.mp3,Little Brown Dog,Sandy & Caroline Paton,Folk
87972,fma_small/087/087972.mp3,Man of Constant Sorrow,"Howie Mitchell, Ed Trickett",Folk
88428,fma_small/088/088428.mp3,"Hey, Predator Drone",Human Resources,Pop
88429,fma_small/088/088429.mp3,Stinger Sisters,Human Resources,Pop
88485,fma_small/088/088485.mp3,Pea Surgery,Naval Cassidy,Experimental
88486,fma_small/088/088486.mp3,Be Nice,Crank Sturgeon & Peeesseye,Experimental
88846,fma_small/088/088846.mp3,Stickybee,Josh Woodward,Folk
88848,fma_small/088/088848.mp3,Gravity,Josh Woodward,Folk
88854,fma_small/088/088854.mp3,Methylchloroisothiazolinone,Josh Woodward,Folk
88856,fma_small/088/088856.mp3,Nincompoop,Josh Woodward,Folk
88858,fma_small/088/088858.mp3,The Vagabond,Josh Woodward,Folk
88860,fma_small/088/088860.mp3,The Raven and the Swan,Josh Woodward,Folk
88861,fma_small/088/088861.mp3,Cien Volando,Josh Woodward,Folk
88863,fma_small/088/088863.mp3,Gallows Hill,Josh Woodward,Folk
88864,fma_small/088/088864.mp3,Insomnia,Josh Woodward,Folk
88867,fma_small/088/088867.mp3,Omaha,Josh Woodward,Folk
88868,fma_small/088/088868.mp3,But It Did,Josh Woodward,Folk
88869,fma_small/088/088869.mp3,Gallows Hill (No Vocals),Josh Woodward,Folk
88870,fma_small/088/088870.mp3,Methylchloroisothiazolinone (No Vocals),Josh Woodward,Folk
88871,fma_small/088/088871.mp3,Omaha (No Vocals),Josh Woodward,Folk
88872,fma_small/088/088872.mp3,I Want to Destroy Something Beautiful (No Vocals),Josh Woodward,Folk
88873,fma_small/088/088873.mp3,Cien Volando (No Vocals),Josh Woodward,Folk
88874,fma_small/088/088874.mp3,The Raven and the Swan (No Vocals),Josh Woodward,Folk
88875,fma_small/088/088875.mp3,But It Did (No Vocals),Josh Woodward,Folk
88876,fma_small/088/088876.mp3,Nincompoop (No Vocals),Josh Woodward,Folk
88877,fma_small/088/088877.mp3,Insomnia (No Vocals),Josh Woodward,Folk
88878,fma_small/088/088878.mp3,Gravity (No Vocals),Josh Woodward,Folk
88879,fma_small/088/088879.mp3,Stickybee (No Vocals),Josh Woodward,Folk
88892,fma_small/088/088892.mp3,The Vagabond (No Vocals),Josh Woodward,Folk
88899,fma_small/088/088899.mp3,"Brown, Grey, Green",Hunter-Gatherer,Rock
88900,fma_small/088/088900.mp3,Magpie Trap,Hunter-Gatherer,Rock
88959,fma_small/088/088959.mp3,Dead Bodies,TIGERBERRY,Rock
88960,fma_small/088/088960.mp3,Queen (Mugl Remix),TIGERBERRY,Rock
89178,fma_small/089/089178.mp3,The Walker,Chuzausen,Hip-Hop
89179,fma_small/089/089179.mp3,Epic Fail,Chuzausen,Hip-Hop
89192,fma_small/089/089192.mp3,Raro Bueno,Chuzausen,Hip-Hop
89195,fma_small/089/089195.mp3,Golden Tales,Chuzausen,Hip-Hop
89196,fma_small/089/089196.mp3,Dramatronico,Chuzausen,Hip-Hop
89212,fma_small/089/089212.mp3,Side A,Nat Roe,Experimental
89350,fma_small/089/089350.mp3,tilt,Art of Flying,Folk
89376,fma_small/089/089376.mp3,Logic PIano,Stanislav Bobrytskyy,Experimental
89441,fma_small/089/089441.mp3,morning star,Art of Flying,Folk
89445,fma_small/089/089445.mp3,Outta My Head,Shad + Skratch Bastid,Hip-Hop
89447,fma_small/089/089447.mp3,One Way Ticket (Featuring Tab & D Spliff),Anitek,Hip-Hop
89456,fma_small/089/089456.mp3,Montagnes russes (Serge Fiori),Alaclair Ensemble,Hip-Hop
89473,fma_small/089/089473.mp3,Get Up Stand Up (Featuring Brother Ali),Public Enemy,Hip-Hop
89474,fma_small/089/089474.mp3,Jocose Jon,Monk Turner,Electronic
89477,fma_small/089/089477.mp3,Great Open Sea,Wellington Sea Shanty Society,Folk
89482,fma_small/089/089482.mp3,Great Lakes,John Wort Hannam,Folk
89484,fma_small/089/089484.mp3,Requiem for a Small Town,John Wort Hannam,Folk
89485,fma_small/089/089485.mp3,Song in my Heart,John Wort Hannam,Folk
89486,fma_small/089/089486.mp3,Poor Man,John Wort Hannam,Folk
89639,fma_small/089/089639.mp3,True Romance (Sometimes),Seneca,Electronic
89704,fma_small/089/089704.mp3,Turn Your Back,The Woolen Men,Rock
89814,fma_small/089/089814.mp3,Dreams,ENDRUDARK,Electronic
89815,fma_small/089/089815.mp3,Nigtht_City,ENDRUDARK,Electronic
89816,fma_small/089/089816.mp3,Time Up,ENDRUDARK,Electronic
89817,fma_small/089/089817.mp3,Sustem 240,ENDRUDARK,Electronic
89841,fma_small/089/089841.mp3,You Dress Like an Asshole (prod. by Lunice),Not The 1s,Hip-Hop
89843,fma_small/089/089843.mp3,To the Last Drop (prod. by Waes One),Not The 1s,Hip-Hop
89846,fma_small/089/089846.mp3,Fly as Fuck feat. Isaiah Toothtaker (prod. by Young L),Not The 1s,Hip-Hop
89847,fma_small/089/089847.mp3,Boostin feat. Waes One (prod. by Eric Steuer),Not The 1s,Hip-Hop
89848,fma_small/089/089848.mp3,Not the 1s (prod. by Mexicans with Guns),Not The 1s,Hip-Hop
89857,fma_small/089/089857.mp3,Silverstein Status (prod. by Monster Rally),Not The 1s,Hip-Hop
89859,fma_small/089/089859.mp3,Your Dad Hate Me (prod. by Daedelus),Not The 1s,Hip-Hop
89860,fma_small/089/089860.mp3,Speedin on You Slowpokes (prod. by dÉbruit),Not The 1s,Hip-Hop
89991,fma_small/089/089991.mp3,[radiolibre] Ruidos del Trabajo... 10.Particulas Sonicas...,Jazznoize,Experimental
89992,fma_small/089/089992.mp3,[upl053] Verdant Peal - 03.Patau Limbo,Secrets Of The 45,Experimental
90027,fma_small/090/090027.mp3,The Breath,Geometrie Variabili,Experimental
90074,fma_small/090/090074.mp3,Mental Communication,Egg Nebula,Electronic
90278,fma_small/090/090278.mp3,"Thunder Storm - Vancouver, BC September 5 2013",Lee Rosevere,Experimental
90526,fma_small/090/090526.mp3,Ruca,Rod Hamilton,Instrumental
90527,fma_small/090/090527.mp3,Mushroom,Rod Hamilton,Instrumental
90529,fma_small/090/090529.mp3,Ruby,Rod Hamilton,Instrumental
90530,fma_small/090/090530.mp3,Zoey,Rod Hamilton,Instrumental
90570,fma_small/090/090570.mp3,One Fine Day at the Circus,Pilesar,Pop
90579,fma_small/090/090579.mp3,Spider Dance,Pilesar,Pop
90582,fma_small/090/090582.mp3,End Theme,Pilesar,Pop
90583,fma_small/090/090583.mp3,Biological Clock Tower (bonus),Pilesar,Pop
90587,fma_small/090/090587.mp3,"Squid Dance, Squid Waltz (bonus)",Pilesar,Pop
90589,fma_small/090/090589.mp3,The Spirit Kind (bonus),Pilesar,Pop
90590,fma_small/090/090590.mp3,Cage (bonus),Pilesar,Pop
90591,fma_small/090/090591.mp3,In the Raw (bonus),Pilesar,Pop
90592,fma_small/090/090592.mp3,Bullets Have No Effect,Pilesar,Pop
90616,fma_small/090/090616.mp3,Gato,Rod Hamilton,Instrumental
90617,fma_small/090/090617.mp3,Agnes,Rod Hamilton,Instrumental
90618,fma_small/090/090618.mp3,Bird,Rod Hamilton,Instrumental
90625,fma_small/090/090625.mp3,Every Song I Sing,Nick Corbo,Folk
90639,fma_small/090/090639.mp3,lord,Noaidi,Rock
90652,fma_small/090/090652.mp3,A Lament,Wreck and Reference,Rock
90695,fma_small/090/090695.mp3,Percuté,Aussitôt Mort,Rock
90804,fma_small/090/090804.mp3,"Press, Stir Up and Stretch With a Dotted Line",HighWay17,Experimental
90824,fma_small/090/090824.mp3,Don't Lie,The Mantles,Pop
90826,fma_small/090/090826.mp3,Reason's Run,The Mantles,Pop
90828,fma_small/090/090828.mp3,Happy Island,The Mantles,Pop
90982,fma_small/090/090982.mp3,"Gangstas, Guns, Liquor",Mported Flows,Hip-Hop
90987,fma_small/090/090987.mp3,Hip-Hop Lives (Your Media's Dead),Mported Flows,Hip-Hop
90993,fma_small/090/090993.mp3,Where Am I?,Mported Flows,Hip-Hop
91081,fma_small/091/091081.mp3,D_BAILE,URB,Electronic
91082,fma_small/091/091082.mp3,HORNSONG,URB,Electronic
91083,fma_small/091/091083.mp3,SURDO,URB,Electronic
91084,fma_small/091/091084.mp3,EL_ECTRO,URB,Electronic
91085,fma_small/091/091085.mp3,THISBASS,URB,Electronic
91086,fma_small/091/091086.mp3,MAU,URB,Electronic
91087,fma_small/091/091087.mp3,IDY,URB,Electronic
91088,fma_small/091/091088.mp3,CORTE_COSTURA,URB,Electronic
91089,fma_small/091/091089.mp3,TONTURA,URB,Electronic
91092,fma_small/091/091092.mp3,Meth,Cuntz,Rock
91093,fma_small/091/091093.mp3,Birthday Song,Cuntz,Rock
91098,fma_small/091/091098.mp3,Adrian,Rachel Ries,Folk
91102,fma_small/091/091102.mp3,I See It Coming,Rachel Ries,Folk
91130,fma_small/091/091130.mp3,Foundation Of Pain Management,Chuck Bettis & Joe Merolla,Experimental
91157,fma_small/091/091157.mp3,The Cave of Time,Monroeville Music Center,Pop
91158,fma_small/091/091158.mp3,The Perfect Planet,Monroeville Music Center,Pop
91159,fma_small/091/091159.mp3,The Race Forever,Monroeville Music Center,Pop
91160,fma_small/091/091160.mp3,Invaders From Within,Monroeville Music Center,Pop
91161,fma_small/091/091161.mp3,The Reality Machine,Monroeville Music Center,Pop
91162,fma_small/091/091162.mp3,Motocross Mania,Monroeville Music Center,Pop
91163,fma_small/091/091163.mp3,You Are A Monster,Monroeville Music Center,Pop
91164,fma_small/091/091164.mp3,Roller Star,Monroeville Music Center,Pop
91170,fma_small/091/091170.mp3,Horses,Mariana Päraway,Folk
91177,fma_small/091/091177.mp3,Drops of brandy - The mountain kid,Aislinn,International
91178,fma_small/091/091178.mp3,Toss the feathers - Otter's holt,Aislinn,International
91179,fma_small/091/091179.mp3,Morrisson's jig - Leslie's march,Aislinn,International
91181,fma_small/091/091181.mp3,Moorlough shore,Aislinn,International
91182,fma_small/091/091182.mp3,Lunassa,Aislinn,International
91183,fma_small/091/091183.mp3,Lea rig - Dusty window,Aislinn,International
91184,fma_small/091/091184.mp3,Providence reel - Man of the house - Speed the plough,Aislinn,International
91185,fma_small/091/091185.mp3,Sliabh - Cathal,Aislinn,International
91186,fma_small/091/091186.mp3,Capclear,Aislinn,International
91187,fma_small/091/091187.mp3,Fourteen days,Aislinn,International
91205,fma_small/091/091205.mp3,Picture it all,Lorenzo's Music,Rock
91228,fma_small/091/091228.mp3,Softens The Blow,Lonely Faction,Folk
91238,fma_small/091/091238.mp3,High Tide/Low Tide,Lonely Faction,Folk
91306,fma_small/091/091306.mp3,NY Don't Sleep (Luckstrumental),BADLUCK,Hip-Hop
91309,fma_small/091/091309.mp3,Advice (Instrumental),Mported Flows,Hip-Hop
91312,fma_small/091/091312.mp3,Sensitive Information,Mported Flows,Hip-Hop
91315,fma_small/091/091315.mp3,Master Plan (Dark Days Instrumental),Mported Flows,Hip-Hop
91317,fma_small/091/091317.mp3,Master Plan (Show Disc Instrumental),Mported Flows,Hip-Hop
91318,fma_small/091/091318.mp3,Master Plan (Bonus Beat Break Dubb),Mported Flows,Hip-Hop
91319,fma_small/091/091319.mp3,Sad But True (Non-Album Track),Mported Flows,Hip-Hop
91329,fma_small/091/091329.mp3,You Gotta Lose / Milk Cow Blues,Obits,Rock
91349,fma_small/091/091349.mp3,Summer Read,The Mantles,Pop
91443,fma_small/091/091443.mp3,Easy Sometimes,Cal Folger Day,Folk
91455,fma_small/091/091455.mp3,FORWARD,Free Pizza,Rock
91458,fma_small/091/091458.mp3,DUCKS,Free Pizza,Rock
91459,fma_small/091/091459.mp3,COME CLOSE TO ME,Free Pizza,Rock
91468,fma_small/091/091468.mp3,By Design,Mystery Pills,Pop
91471,fma_small/091/091471.mp3,Olympic Gardens,Mystery Pills,Pop
91619,fma_small/091/091619.mp3,A ninja among culturachippers,Rolemusic,Electronic
91620,fma_small/091/091620.mp3,ayVentura,Rolemusic,Electronic
91621,fma_small/091/091621.mp3,Another beek beep beer please,Rolemusic,Electronic
91622,fma_small/091/091622.mp3,Scape from the city,Rolemusic,Electronic
91623,fma_small/091/091623.mp3,Death on the battlefield,Rolemusic,Electronic
91624,fma_small/091/091624.mp3,Donsi Killed la rioja star (Familiar live),Rolemusic,Electronic
91625,fma_small/091/091625.mp3,l3go,Rolemusic,Electronic
91755,fma_small/091/091755.mp3,Action Potential,Kris Keyser,Electronic
91788,fma_small/091/091788.mp3,Holly And The Ivy,Three Jolly Rogues,Folk
91790,fma_small/091/091790.mp3,The Fish in the Sea,Three Jolly Rogues,Folk
91791,fma_small/091/091791.mp3,Good Old Colony Days,Three Jolly Rogues,Folk
91793,fma_small/091/091793.mp3,Little Birdie,Three Jolly Rogues,Folk
91796,fma_small/091/091796.mp3,Greenland Whale Fisheries,Three Jolly Rogues,Folk
91797,fma_small/091/091797.mp3,In Some Ladys Garden,Three Jolly Rogues,Folk
91851,fma_small/091/091851.mp3,Angel's Fall (Instrumental),Archétypo 120,Rock
91868,fma_small/091/091868.mp3,Rock De La Basura,Los Margaritos,Rock
91869,fma_small/091/091869.mp3,Gato de basurero,Los Margaritos,Rock
91894,fma_small/091/091894.mp3,Toy Guitar 1,Lezet,Experimental
91897,fma_small/091/091897.mp3,Toy Guitar 4,Lezet,Experimental
91899,fma_small/091/091899.mp3,Toy Guitar 6 (Exotica),Lezet,Experimental
91900,fma_small/091/091900.mp3,Toy Guitar 7 (vox),Lezet,Experimental
91933,fma_small/091/091933.mp3,Noise Of Welcome,Zachary Cale,Folk
91934,fma_small/091/091934.mp3,Hold Fast,Zachary Cale,Folk
91936,fma_small/091/091936.mp3,Morning Glory Kid,Zachary Cale,Folk
91937,fma_small/091/091937.mp3,Love In Vain,Zachary Cale,Folk
91938,fma_small/091/091938.mp3,Blood Rushes On,Zachary Cale,Folk
91958,fma_small/091/091958.mp3,Catch The Knife,Graeme Mark,Folk
91960,fma_small/091/091960.mp3,Feel No Stress,Čaj na Ex,International
92124,fma_small/092/092124.mp3,#800080,The Craters,Pop
92125,fma_small/092/092125.mp3,In It For You,The Craters,Pop
92129,fma_small/092/092129.mp3,Go For It,The Craters,Pop
92130,fma_small/092/092130.mp3,Velcro,The Craters,Pop
92131,fma_small/092/092131.mp3,Out,The Craters,Pop
92206,fma_small/092/092206.mp3,Zlevnené zboží,Čaj na Ex,International
92275,fma_small/092/092275.mp3,Antarctic Rhythms (Invincible Hip Hop Mix),DJ Spooky,Electronic
92282,fma_small/092/092282.mp3,Arctic Rhythms (Dubstep Mix),DJ Spooky,Electronic
92283,fma_small/092/092283.mp3,Antarctic Dawn (Bonus Track),DJ Spooky,Electronic
92284,fma_small/092/092284.mp3,Of Water and Ice feat. Jin-Xiang JX Yu (Dubstep Remix - Bonus Track),DJ Spooky,Electronic
92292,fma_small/092/092292.mp3,Contentment,Graeme Mark,Folk
92366,fma_small/092/092366.mp3,Horror House,Out Of Orion (Ox3),Electronic
92466,fma_small/092/092466.mp3,This Modem Life,Decktonic,Electronic
92508,fma_small/092/092508.mp3,Spock Fingers,Spray Paint,Rock
92535,fma_small/092/092535.mp3,Falcon Song,Andrea Tomasi,Folk
92536,fma_small/092/092536.mp3,West Virginia,Andrea Tomasi,Folk
92538,fma_small/092/092538.mp3,Flock of Arrows,Andrea Tomasi,Folk
92539,fma_small/092/092539.mp3,Honey Bee,Andrea Tomasi,Folk
92540,fma_small/092/092540.mp3,Capture Me,Andrea Tomasi,Folk
92546,fma_small/092/092546.mp3,Electronaut,Aerologic,Electronic
92548,fma_small/092/092548.mp3,Memories,Psychadelik Pedestrian,Electronic
92549,fma_small/092/092549.mp3,I'm Chilled (Beat Doctor remix),Risey,Electronic
92551,fma_small/092/092551.mp3,Twenty Ten,Marc Burt,Electronic
92554,fma_small/092/092554.mp3,Black Magic,JMD,Electronic
92556,fma_small/092/092556.mp3,Outer Self,Psychadelik Pedestrian,Electronic
92561,fma_small/092/092561.mp3,Twisted Orchestra,Beat Doctor,Electronic
92562,fma_small/092/092562.mp3,You Make Me (Beat Doctor remix),Redmann,Electronic
92564,fma_small/092/092564.mp3,Baby Crying,Fioko,Electronic
92565,fma_small/092/092565.mp3,Birdie,Reier,Experimental
92573,fma_small/092/092573.mp3,Сarnivore,Reier,Experimental
92574,fma_small/092/092574.mp3,We'll meet again,Reier,Experimental
92868,fma_small/092/092868.mp3,King Of Queens,American Ice Age,Rock
92872,fma_small/092/092872.mp3,Fear in the Dust Bowl,The Fucked Up Beat,Experimental
92873,fma_small/092/092873.mp3,Caravan for the Departed,The Fucked Up Beat,Experimental
92874,fma_small/092/092874.mp3,Phonograph Recordings Sleepy City,The Fucked Up Beat,Experimental
92878,fma_small/092/092878.mp3,A Sad Song for Junction City Fields,The Fucked Up Beat,Experimental
92881,fma_small/092/092881.mp3,Jesus Gonna Bring Me Rain,The Fucked Up Beat,Experimental
92885,fma_small/092/092885.mp3,Cloud Poems,The Fucked Up Beat,Experimental
92886,fma_small/092/092886.mp3,Bleach Bypass Landscape,The Fucked Up Beat,Experimental
92887,fma_small/092/092887.mp3,God speed the Plow,The Fucked Up Beat,Experimental
92888,fma_small/092/092888.mp3,Sings the Destitute Children of Great Bend,The Fucked Up Beat,Experimental
92889,fma_small/092/092889.mp3,Hope in Monoculture,The Fucked Up Beat,Experimental
92947,fma_small/092/092947.mp3,Intro,Muhmood,Instrumental
92948,fma_small/092/092948.mp3,Ghost,Muhmood,Instrumental
92949,fma_small/092/092949.mp3,Chase,Muhmood,Instrumental
92950,fma_small/092/092950.mp3,Dream,Muhmood,Instrumental
92951,fma_small/092/092951.mp3,Night,Muhmood,Instrumental
92952,fma_small/092/092952.mp3,In The House,Muhmood,Instrumental
92953,fma_small/092/092953.mp3,Organ Etude,Muhmood,Instrumental
92954,fma_small/092/092954.mp3,Studio,Muhmood,Instrumental
92955,fma_small/092/092955.mp3,Finale,Muhmood,Instrumental
93074,fma_small/093/093074.mp3,Spirit First,Levi Weaver,Folk
93075,fma_small/093/093075.mp3,Song In My Branches,Levi Weaver,Folk
93076,fma_small/093/093076.mp3,We're Tornadoes When We Dance,Levi Weaver,Folk
93363,fma_small/093/093363.mp3,Sunshine Radio,Jupiter Makes Me Scream,Electronic
93364,fma_small/093/093364.mp3,This Girl,Jupiter Makes Me Scream,Electronic
93518,fma_small/093/093518.mp3,Mantilla,Moon Veil,Electronic
93519,fma_small/093/093519.mp3,Scorpio,Moon Veil,Electronic
93520,fma_small/093/093520.mp3,Slow Moving,Moon Veil,Electronic
93521,fma_small/093/093521.mp3,Ivory,Moon Veil,Electronic
93522,fma_small/093/093522.mp3,Snake Charm,Moon Veil,Electronic
93523,fma_small/093/093523.mp3,Up There,Moon Veil,Electronic
93704,fma_small/093/093704.mp3,Don't Love You,The Chapin Sisters,Folk
93710,fma_small/093/093710.mp3,Palm Tree,The Chapin Sisters,Folk
93712,fma_small/093/093712.mp3,Bird Song,The Chapin Sisters,Folk
93716,fma_small/093/093716.mp3,Let Me Go,The Chapin Sisters,Folk
93727,fma_small/093/093727.mp3,endless #05,etc.,Electronic
93867,fma_small/093/093867.mp3,Peanut Butter Jesus,Vitamin Pets,Rock
93868,fma_small/093/093868.mp3,Christmas Song,Vitamin Pets,Rock
93915,fma_small/093/093915.mp3,Downtown Serenade,Jahzzar,Instrumental
93917,fma_small/093/093917.mp3,Flood,Jahzzar,Instrumental
93918,fma_small/093/093918.mp3,Keep Calm,Jahzzar,Instrumental
93919,fma_small/093/093919.mp3,Runaway,Jahzzar,Instrumental
93920,fma_small/093/093920.mp3,The Lake,Jahzzar,Instrumental
93921,fma_small/093/093921.mp3,Wet Socks,Jahzzar,Instrumental
93940,fma_small/093/093940.mp3,December,kesson shoujo,Electronic
93941,fma_small/093/093941.mp3,October,kesson shoujo,Electronic
93942,fma_small/093/093942.mp3,Weekends Away,Ready for Men,Pop
93943,fma_small/093/093943.mp3,One Way Love,Ready for Men,Pop
93944,fma_small/093/093944.mp3,Waiting Until Then,Ready for Men,Pop
93950,fma_small/093/093950.mp3,Chuck Norris,Lemur,Rock
93956,fma_small/093/093956.mp3,Flea Circus,Lemur,Rock
93981,fma_small/093/093981.mp3,Košielka,Abraka Dub,International
93983,fma_small/093/093983.mp3,Hallway,Bugs and Rats,Rock
93985,fma_small/093/093985.mp3,Hot Skins,Bugs and Rats,Rock
93986,fma_small/093/093986.mp3,Irish Clouds,Bugs and Rats,Rock
94026,fma_small/094/094026.mp3,Without A Soul,Obnox,Rock
94033,fma_small/094/094033.mp3,Life Of Butterflies,Coldnoise,Instrumental
94034,fma_small/094/094034.mp3,Corruptionfields,Coldnoise,Instrumental
94035,fma_small/094/094035.mp3,Glassheart,Coldnoise,Instrumental
94036,fma_small/094/094036.mp3,Tale For Mind,Coldnoise,Instrumental
94037,fma_small/094/094037.mp3,Memories,Coldnoise,Instrumental
94038,fma_small/094/094038.mp3,Poems,Coldnoise,Instrumental
94039,fma_small/094/094039.mp3,Your Wonderland,Coldnoise,Instrumental
94093,fma_small/094/094093.mp3,prologue: in recollection and amazement,Westy Reflector,Rock
94099,fma_small/094/094099.mp3,fire in the arcade (the reflectors),Westy Reflector,Rock
94101,fma_small/094/094101.mp3,dreamy solace of rivers and bridges [disquiet0088],Westy Reflector,Rock
94102,fma_small/094/094102.mp3,man again,Westy Reflector,Rock
94263,fma_small/094/094263.mp3,Third Breach,Pandacetamol,Electronic
94348,fma_small/094/094348.mp3,Don't Do It,Railkid Station,Rock
94411,fma_small/094/094411.mp3,Ichill,Kakurenbo,Electronic
94414,fma_small/094/094414.mp3,Kogarashi,Kakurenbo,Electronic
94415,fma_small/094/094415.mp3,Somatou,Kakurenbo,Electronic
94419,fma_small/094/094419.mp3,An Anthem For The Dying West,That Awful Rhythm,Rock
94422,fma_small/094/094422.mp3,Shootin Blanks,Mr. & Mrs. Smith,Folk
94423,fma_small/094/094423.mp3,Asterisk,Bored With Four,Pop
94426,fma_small/094/094426.mp3,Dreams Of Summer,The Bins & Nardo,Hip-Hop
94449,fma_small/094/094449.mp3,Chapelle Intro,Tha Silent Partner,Hip-Hop
94465,fma_small/094/094465.mp3,TSP And The Moon,Tha Silent Partner,Hip-Hop
94467,fma_small/094/094467.mp3,"Meant 4 Me, Meant 4 U (music, I love you) (Outro)",Tha Silent Partner,Hip-Hop
94468,fma_small/094/094468.mp3,Green Bags (Featuring Mayhem) (Bonus Track),Tha Silent Partner,Hip-Hop
94628,fma_small/094/094628.mp3,Avant le départ : Buka dikit jos,Mike Morton,Pop
94630,fma_small/094/094630.mp3,Cuisine,Mike Morton,Pop
94631,fma_small/094/094631.mp3,Environnement : Jungle sound,Mike Morton,Pop
94632,fma_small/094/094632.mp3,"Fêtes, rites et cérémonies : Ramadan Party",Mike Morton,Pop
94634,fma_small/094/094634.mp3,Langue : Bahasa Indonesia,Mike Morton,Pop
94635,fma_small/094/094635.mp3,Santé : Buto,Mike Morton,Pop
94638,fma_small/094/094638.mp3,"Tv, médias : Indosat TV",Mike Morton,Pop
94803,fma_small/094/094803.mp3,this machine thinks,Goto80,Electronic
95189,fma_small/095/095189.mp3,Western Fixings,Semyon,Experimental
95231,fma_small/095/095231.mp3,vampire on the dole,Violins is not the answer,Rock
95248,fma_small/095/095248.mp3,Go,Valley Lodge,Rock
95249,fma_small/095/095249.mp3,Kiss Me I'm Drunk,Valley Lodge,Rock
95250,fma_small/095/095250.mp3,Sweet Elizabeth,Valley Lodge,Rock
95251,fma_small/095/095251.mp3,Every Little Thing,Valley Lodge,Rock
95308,fma_small/095/095308.mp3,Turn Up My Light,Mário Gajarský,Rock
95309,fma_small/095/095309.mp3,Great Music Day,Mário Gajarský,Rock
95310,fma_small/095/095310.mp3,The Last of The Last,Mário Gajarský,Rock
95452,fma_small/095/095452.mp3,the first cup is the weakest,Deviant & Naive Ted,Instrumental
95486,fma_small/095/095486.mp3,Pop Music,Ventolyn & Becotyde,Pop
95506,fma_small/095/095506.mp3,Shake Some Action,Flamin' Groovies,Rock
95535,fma_small/095/095535.mp3,i must have love,Westy Reflector,Rock
95564,fma_small/095/095564.mp3,Funky Love Blast Vs. Funky Anal Humour,Justice yeldham and the dynamic ribbon device,Experimental
95722,fma_small/095/095722.mp3,"Adventure, Darling",Gillicuddy,Instrumental
95724,fma_small/095/095724.mp3,Instrumental #2 Revisited,Gillicuddy,Instrumental
95725,fma_small/095/095725.mp3,Multitudes,Gillicuddy,Instrumental
95726,fma_small/095/095726.mp3,Ferns And Cork,Gillicuddy,Instrumental
95727,fma_small/095/095727.mp3,Porthglaze Cove,Gillicuddy,Instrumental
95908,fma_small/095/095908.mp3,pyogenic ulcer,Suicidal Rap Orgy,Hip-Hop
95910,fma_small/095/095910.mp3,Murder Rap,Suicidal Rap Orgy,Hip-Hop
95911,fma_small/095/095911.mp3,blood clot lunch,Suicidal Rap Orgy,Hip-Hop
95912,fma_small/095/095912.mp3,blood fart,Suicidal Rap Orgy,Hip-Hop
95914,fma_small/095/095914.mp3,Genital Warfare,Suicidal Rap Orgy,Hip-Hop
95915,fma_small/095/095915.mp3,The Penis Lord,Suicidal Rap Orgy,Hip-Hop
96166,fma_small/096/096166.mp3,Dancing Song,Sound: The Encounter,International
96167,fma_small/096/096167.mp3,Sound: The Encounter,Sound: The Encounter,International
96168,fma_small/096/096168.mp3,Song From South Of Iran,Sound: The Encounter,International
96169,fma_small/096/096169.mp3,Mina,Sound: The Encounter,International
96399,fma_small/096/096399.mp3,Sound of Rock&Roll,Insane Ride,Rock
96400,fma_small/096/096400.mp3,Save Your Tears,Insane Ride,Rock
96401,fma_small/096/096401.mp3,Soul Mates,Insane Ride,Rock
96402,fma_small/096/096402.mp3,Hey !,Insane Ride,Rock
96403,fma_small/096/096403.mp3,Wrong or Right,Insane Ride,Rock
96408,fma_small/096/096408.mp3,Fucking Desire,Mário Gajarský,Rock
96560,fma_small/096/096560.mp3,In the Christmas Time,Bugs and Rats,Rock
96627,fma_small/096/096627.mp3,Mais Que Dirait Eric Rohmer ?,Damien Schultz,Experimental
96657,fma_small/096/096657.mp3,Green Bags (Instrumental),Tha Silent Partner,Hip-Hop
96675,fma_small/096/096675.mp3,Can I Get A Clap,Deadly Combo,Hip-Hop
96678,fma_small/096/096678.mp3,"Once Again (Featuring E FeungShui, J-Phillz, Javier Starks, Golden Child, Dave C & Cable)",Deadly Combo,Hip-Hop
96692,fma_small/096/096692.mp3,Postman,Melissa Laveaux,Folk
96693,fma_small/096/096693.mp3,Move On,Melissa Laveaux,Folk
96694,fma_small/096/096694.mp3,Triggers,Melissa Laveaux,Folk
96695,fma_small/096/096695.mp3,Cart Sans Horse,Melissa Laveaux,Folk
96696,fma_small/096/096696.mp3,My Boat,Melissa Laveaux,Folk
96697,fma_small/096/096697.mp3,Pie Bwa,Melissa Laveaux,Folk
96698,fma_small/096/096698.mp3,Pretty Girls,Melissa Laveaux,Folk
96699,fma_small/096/096699.mp3,Swan Neck,Melissa Laveaux,Folk
96718,fma_small/096/096718.mp3,Goblin King,Evil Sword,Rock
96726,fma_small/096/096726.mp3,Shoot Me,Allysen Callery,Folk
96728,fma_small/096/096728.mp3,All In The Morning Coming Down,Allysen Callery,Folk
96729,fma_small/096/096729.mp3,I Had A Lover I Thought Was My Own,Allysen Callery,Folk
96730,fma_small/096/096730.mp3,Lily Of The Valley,Allysen Callery,Folk
96731,fma_small/096/096731.mp3,In Your Hollow,Allysen Callery,Folk
96738,fma_small/096/096738.mp3,Mori Dobro Vecher,Black Sea Hotel,International
96742,fma_small/096/096742.mp3,Sadila Jana,Black Sea Hotel,International
96743,fma_small/096/096743.mp3,Zhenish Me Mamo,Black Sea Hotel,International
96759,fma_small/096/096759.mp3,Maidenhead,Protomartyr,Rock
96898,fma_small/096/096898.mp3,Minfuck,Sudden Infant,Experimental
96900,fma_small/096/096900.mp3,Catharsis,Sudden Infant,Experimental
96901,fma_small/096/096901.mp3,Dream Hole,Sudden Infant,Experimental
96902,fma_small/096/096902.mp3,22 Scenes From The Sink,Sudden Infant,Experimental
96935,fma_small/096/096935.mp3,MOSHERTALK,Violins is not the answer,Rock
96936,fma_small/096/096936.mp3,1550 696969,Violins is not the answer,Rock
96944,fma_small/096/096944.mp3,27 (Full Version),The Cosmic Setter,Pop
96945,fma_small/096/096945.mp3,Some Day / New Year Song (Bonus Track Home Edit),The Cosmic Setter ft. Make Like A Tree,Pop
96946,fma_small/096/096946.mp3,27 (Radio Edit Version),The Cosmic Setter,Pop
97037,fma_small/097/097037.mp3,Stronger Living Feat Wordsmith,CuzOH! Black Feat. Wordsmith,Hip-Hop
97041,fma_small/097/097041.mp3,The Dark Arts,John Graham,Hip-Hop
97043,fma_small/097/097043.mp3,Make Me Worse,KINGS OF THE CITY,Hip-Hop
97211,fma_small/097/097211.mp3,Blue Daisy,The Wingdale Community Singers,Folk
97215,fma_small/097/097215.mp3,Passing Stranger,The Wingdale Community Singers,Folk
97216,fma_small/097/097216.mp3,When I Heard The Learn'd Astronomer,The Wingdale Community Singers,Folk
97279,fma_small/097/097279.mp3,The Stars Are Out (Interlude),Dexter Britain,Instrumental
97283,fma_small/097/097283.mp3,The Stars Are Out,Dexter Britain,Instrumental
97285,fma_small/097/097285.mp3,Shooting Star,Dexter Britain,Instrumental
97286,fma_small/097/097286.mp3,We Wanna Rock,Чокнутый Пропеллер,Rock
97373,fma_small/097/097373.mp3,Extra Chromosome Mozart,Cullah,Experimental
97374,fma_small/097/097374.mp3,Pacific Jazz,Cullah,Experimental
97393,fma_small/097/097393.mp3,Fantasy,Frame,Electronic
97404,fma_small/097/097404.mp3,Always Alone In The Dark,Frame,Electronic
97406,fma_small/097/097406.mp3,Shift Expectations,Vilezlo,Experimental
97407,fma_small/097/097407.mp3,The Power of Dreams,Vilezlo,Experimental
97424,fma_small/097/097424.mp3,Weeklybeats 2014 #1 - KORG M01D Jam,RoccoW,Electronic
97540,fma_small/097/097540.mp3,Lord I'm Troubled,Amitron_7,Electronic
97542,fma_small/097/097542.mp3,Lotus Flower,Amitron_7,Electronic
97544,fma_small/097/097544.mp3,Escape Under Cover of Night,Amitron_7,Electronic
97545,fma_small/097/097545.mp3,The Voice of the Sorrowful Rain,Amitron_7,Electronic
97547,fma_small/097/097547.mp3,Soy La Pocha,Malportado Kids,Electronic
97548,fma_small/097/097548.mp3,Fuego,Malportado Kids,Electronic
97568,fma_small/097/097568.mp3,Missed The Free Throw,E-Prosounds,Hip-Hop
97569,fma_small/097/097569.mp3,Water World,E-Prosounds,Hip-Hop
97570,fma_small/097/097570.mp3,Eeze Out / Wherever the Wind Blow,E-Prosounds,Hip-Hop
97585,fma_small/097/097585.mp3,Loose Change,Olivia Chaney,Folk
97586,fma_small/097/097586.mp3,Waxwing,Olivia Chaney,Folk
97587,fma_small/097/097587.mp3,Blessed Instant,Olivia Chaney,Folk
97588,fma_small/097/097588.mp3,The Brookland Road,Olivia Chaney,Folk
97589,fma_small/097/097589.mp3,La Jardinera,Olivia Chaney,Folk
97590,fma_small/097/097590.mp3,The King's Horses,Olivia Chaney,Folk
97690,fma_small/097/097690.mp3,Alive,TIGERBERRY,Rock
97691,fma_small/097/097691.mp3,Bad Things,Tickle,Hip-Hop
97692,fma_small/097/097692.mp3,Hell Yeah,Tickle,Hip-Hop
97697,fma_small/097/097697.mp3,Stand Up,Tickle,Hip-Hop
97793,fma_small/097/097793.mp3,arxon,Inox Kapell,Experimental
97794,fma_small/097/097794.mp3,schneewittchen aud dem kloh,Inox Kapell,Experimental
97813,fma_small/097/097813.mp3,bleib gesund,Inox Kapell,Experimental
97814,fma_small/097/097814.mp3,sei hekuba,Inox Kapell,Experimental
97841,fma_small/097/097841.mp3,Plop drop,Vibration Terrorists,Experimental
97844,fma_small/097/097844.mp3,The Red Line,Egg Nebula,Electronic
97845,fma_small/097/097845.mp3,Things We Can't See,Egg Nebula,Electronic
97846,fma_small/097/097846.mp3,Secretly A Hero,Egg Nebula,Electronic
97847,fma_small/097/097847.mp3,Unknown Resource,Egg Nebula,Electronic
97848,fma_small/097/097848.mp3,Abstract Happiness,Egg Nebula,Electronic
97886,fma_small/097/097886.mp3,Saturday Night,Easy Rider,Rock
97887,fma_small/097/097887.mp3,Long Time Coming,Easy Rider,Rock
97894,fma_small/097/097894.mp3,Overdose,intouch,Rock
97940,fma_small/097/097940.mp3,Weeklybeats 2014 #3 - Play Nicely,RoccoW,Electronic
97958,fma_small/097/097958.mp3,Beats tornado,Gilo,Electronic
97959,fma_small/097/097959.mp3,Este som - parte2,Gilo,Electronic
97960,fma_small/097/097960.mp3,Eu sou o fado,Gilo,Electronic
97961,fma_small/097/097961.mp3,Why does my heart...,Gilo,Electronic
97962,fma_small/097/097962.mp3,Breacking down,Gilo,Electronic
97980,fma_small/097/097980.mp3,Back To Break Bread (Instrumental),Deadly Combo,Hip-Hop
97986,fma_small/097/097986.mp3,Incredible Things (Instrumental),Deadly Combo,Hip-Hop
97987,fma_small/097/097987.mp3,Incredible Things (Featuring Golden Child) (Accapella),Deadly Combo,Hip-Hop
97988,fma_small/097/097988.mp3,Think Logical (Instrumental),Deadly Combo,Hip-Hop
97989,fma_small/097/097989.mp3,Think Logical (Featuring E FeungShui) (Accapella),Deadly Combo,Hip-Hop
98025,fma_small/098/098025.mp3,Hangman's Noose,Chat Logs,Rock
98026,fma_small/098/098026.mp3,Krushka,Čoček Nation,International
98028,fma_small/098/098028.mp3,Zajkova,Čoček Nation,International
98031,fma_small/098/098031.mp3,Xelianov,Čoček Nation,International
98077,fma_small/098/098077.mp3,Глазами Детей,Чокнутый Пропеллер,Rock
98202,fma_small/098/098202.mp3,La Terre [Intro],Ezylohm_tek,Electronic
98203,fma_small/098/098203.mp3,A Message From Space,Ezylohm_tek,Electronic
98204,fma_small/098/098204.mp3,Unpleasant Nature,Ezylohm_tek,Electronic
98205,fma_small/098/098205.mp3,Mankind,Ezylohm_tek,Electronic
98206,fma_small/098/098206.mp3,Oceanids,Ezylohm_tek,Electronic
98227,fma_small/098/098227.mp3,Weeklybeats 2014 #2 - Daniel's Kruis,RoccoW,Electronic
98228,fma_small/098/098228.mp3,Weeklybeats 2014 #4 - All Will Be Well,RoccoW,Electronic
98229,fma_small/098/098229.mp3,Free Bassel,Marco Raaphorst,Experimental
98235,fma_small/098/098235.mp3,Geiger Festival,Fear Konstruktor,Instrumental
98236,fma_small/098/098236.mp3,Dead Voices,Fear Konstruktor,Instrumental
98237,fma_small/098/098237.mp3,Object,Fear Konstruktor,Instrumental
98238,fma_small/098/098238.mp3,Underworld Transmisions,Fear Konstruktor,Instrumental
98251,fma_small/098/098251.mp3,13. Dis (Live),Ljudske Potrebe,Rock
98297,fma_small/098/098297.mp3,Moon Pearls,Mário Gajarský,Rock
98298,fma_small/098/098298.mp3,Siki Siki Baba/Majstore,Rakiya,International
98299,fma_small/098/098299.mp3,Me Phirava Daje,Rakiya,International
98300,fma_small/098/098300.mp3,Taban Canu,Rakiya,International
98301,fma_small/098/098301.mp3,Gori More,Rakiya,International
98302,fma_small/098/098302.mp3,Sweet Girl,Rakiya,International
98339,fma_small/098/098339.mp3,Chochek Medley,Gogofski,International
98346,fma_small/098/098346.mp3,Rampi Rampi,Ornamatik,International
98348,fma_small/098/098348.mp3,Dafino Vino,Ornamatik,International
98349,fma_small/098/098349.mp3,Balkan Space Camp,Ornamatik,International
98547,fma_small/098/098547.mp3,Belong,Kellee Maize,Hip-Hop
98548,fma_small/098/098548.mp3,Rise,Kellee Maize,Hip-Hop
98549,fma_small/098/098549.mp3,I Know You,Kellee Maize,Hip-Hop
98550,fma_small/098/098550.mp3,Today,Kellee Maize,Hip-Hop
98551,fma_small/098/098551.mp3,The 5th Element,Kellee Maize,Hip-Hop
98552,fma_small/098/098552.mp3,Frack Track,Kellee Maize,Hip-Hop
98553,fma_small/098/098553.mp3,Vision,Kellee Maize,Hip-Hop
98554,fma_small/098/098554.mp3,Indo Amnesia,Kellee Maize,Hip-Hop
98555,fma_small/098/098555.mp3,Gotta Love Me,Kellee Maize,Hip-Hop
98556,fma_small/098/098556.mp3,Anyway,Kellee Maize,Hip-Hop
98557,fma_small/098/098557.mp3,Dancing With Lightning,Kellee Maize,Hip-Hop
98565,fma_small/098/098565.mp3,Brandon Clark,Hi-Rez,Hip-Hop
98567,fma_small/098/098567.mp3,Fuck The World,Hi-Rez,Hip-Hop
98569,fma_small/098/098569.mp3,Love and Fear,Hi-Rez,Hip-Hop
98573,fma_small/098/098573.mp3,Better Place (Prod. by Instinctz Beats),Hi-Rez,Hip-Hop
98574,fma_small/098/098574.mp3,I'm On Ft. B. White (Prod. Joel Johnston),Hi-Rez,Hip-Hop
98575,fma_small/098/098575.mp3,I Don't Fuck Witcha Ft. Young Scolla (Prod. Joel Johnston),Hi-Rez,Hip-Hop
98576,fma_small/098/098576.mp3,Throw It Up Ft. BDG (Prod. Joel Johnston),Hi-Rez,Hip-Hop
98577,fma_small/098/098577.mp3,Momma Ft. Kyle B (Prod. A-Rayz),Hi-Rez,Hip-Hop
98578,fma_small/098/098578.mp3,B.N.S. Ft. Huey Mack (Prod. GM3),Hi-Rez,Hip-Hop
98579,fma_small/098/098579.mp3,Never Enough Ft. Kinetics (Prod. Cherne),Hi-Rez,Hip-Hop
98580,fma_small/098/098580.mp3,I Know (Prod. MVSIC),Hi-Rez,Hip-Hop
98581,fma_small/098/098581.mp3,Race With Time (Prod. Joel Johnston),Hi-Rez,Hip-Hop
98582,fma_small/098/098582.mp3,Dark Thoughts (Prod. Joel Johnston),Hi-Rez,Hip-Hop
98583,fma_small/098/098583.mp3,The Remedy (Prod. Joel Johnston),Hi-Rez,Hip-Hop
98584,fma_small/098/098584.mp3,Relax (Prod. Joel Johnston),Hi-Rez,Hip-Hop
98585,fma_small/098/098585.mp3,Lost In Time (Intro) (Prod. by Instinctz Beats),Hi-Rez,Hip-Hop
98613,fma_small/098/098613.mp3,Listen To The Old Man,KINGS OF THE CITY,Hip-Hop
98617,fma_small/098/098617.mp3,Mad Men,KINGS OF THE CITY,Hip-Hop
98618,fma_small/098/098618.mp3,Forest of Babylon,KINGS OF THE CITY,Hip-Hop
98619,fma_small/098/098619.mp3,Mad Men,KINGS OF THE CITY,Hip-Hop
98620,fma_small/098/098620.mp3,Forest of Babylon,KINGS OF THE CITY,Hip-Hop
98621,fma_small/098/098621.mp3,Haribos,KINGS OF THE CITY,Hip-Hop
98622,fma_small/098/098622.mp3,The Devil,KINGS OF THE CITY,Hip-Hop
98623,fma_small/098/098623.mp3,Dust at the Heel of Horror,KINGS OF THE CITY,Hip-Hop
98624,fma_small/098/098624.mp3,Please Tell Me,KINGS OF THE CITY,Hip-Hop
98625,fma_small/098/098625.mp3,Woman,KINGS OF THE CITY,Hip-Hop
98626,fma_small/098/098626.mp3,Holloway Hotel,KINGS OF THE CITY,Hip-Hop
98627,fma_small/098/098627.mp3,Rosalita,KINGS OF THE CITY,Hip-Hop
98628,fma_small/098/098628.mp3,Grave Digger,KINGS OF THE CITY,Hip-Hop
98655,fma_small/098/098655.mp3,The Forest Is Shaking Part 1,Black Sea Hotel,International
98656,fma_small/098/098656.mp3,Zeni Me Mamo,Black Sea Hotel,International
98657,fma_small/098/098657.mp3,Trendafilceto,Black Sea Hotel,International
98666,fma_small/098/098666.mp3,Sorma Asikmiyim,Dolunay,International
98667,fma_small/098/098667.mp3,Istemem Babajim,Scott Wilson & Efendi,International
98668,fma_small/098/098668.mp3,Kizilciklar Oldumu,Scott Wilson & Efendi,International
98669,fma_small/098/098669.mp3,Bir Dimrt,Scott Wilson & Efendi,International
98670,fma_small/098/098670.mp3,Drum Solo / Bayolunda,Scott Wilson & Efendi,International
98671,fma_small/098/098671.mp3,Habibi Ya Aini,Scott Wilson & Efendi,International
98680,fma_small/098/098680.mp3,Teflen Kate,Yale Women's Slavic Chorus,International
98681,fma_small/098/098681.mp3,Nje Pa Pogrebu Bubachonik,Yale Women's Slavic Chorus,International
98701,fma_small/098/098701.mp3,Fried Eggs,Vitamin Pets,Rock
98770,fma_small/098/098770.mp3,Weeklybeats 2014 #5 -I've Got Nothing,RoccoW,Electronic
98838,fma_small/098/098838.mp3,intense,Moonove,Electronic
99041,fma_small/099/099041.mp3,Optimus Primal,The Polish Ambassador,Electronic
99093,fma_small/099/099093.mp3,Time Is Running Away (Destroy Everything),The Impossebulls,Hip-Hop
99095,fma_small/099/099095.mp3,Blaque Gloves,The Impossebulls,Hip-Hop
99096,fma_small/099/099096.mp3,1Nation (One Fam),The Impossebulls,Hip-Hop
99134,fma_small/099/099134.mp3,Halay,Pontic Firebird,Electronic
99135,fma_small/099/099135.mp3,Yietierre,Pontic Firebird,Electronic
99214,fma_small/099/099214.mp3,Broad Boardwalk,Julian Winter,Experimental
99260,fma_small/099/099260.mp3,Happy end,Distemper,Rock
99261,fma_small/099/099261.mp3,Weeklybeats 2014 #7 - Freaking Viking,RoccoW,Electronic
99274,fma_small/099/099274.mp3,AutoTuning,Vilezlo,Experimental
99311,fma_small/099/099311.mp3,The Atmosphere,Ample Mammal,Electronic
99313,fma_small/099/099313.mp3,Florida Slowdown,Ample Mammal,Electronic
99345,fma_small/099/099345.mp3,Bitter Pill (feat Vosmoy),Still Pluto,Rock
99361,fma_small/099/099361.mp3,Szerelem,Svitanya,International
99362,fma_small/099/099362.mp3,Vet Me The,Svitanya,International
99363,fma_small/099/099363.mp3,Kaval Sviri,Svitanya,International
99364,fma_small/099/099364.mp3,Pismo Ti E Doshlo,Svitanya,International
99368,fma_small/099/099368.mp3,Yana Ide,Yasna New York Bulgarian Women's Voices Choir,International
99369,fma_small/099/099369.mp3,Ima Neme,Yasna New York Bulgarian Women's Voices Choir,International
99370,fma_small/099/099370.mp3,Dilmano Dilbero,Yasna New York Bulgarian Women's Voices Choir,International
99371,fma_small/099/099371.mp3,Poleguala e Tudora,Yasna New York Bulgarian Women's Voices Choir,International
99372,fma_small/099/099372.mp3,Malo Selo,Yasna New York Bulgarian Women's Voices Choir,International
99373,fma_small/099/099373.mp3,Izgrela e Mesechinka,Yasna New York Bulgarian Women's Voices Choir,International
99374,fma_small/099/099374.mp3,Tri Bjulbjula,Yasna New York Bulgarian Women's Voices Choir,International
99375,fma_small/099/099375.mp3,Bve Petruriki,Yasna New York Bulgarian Women's Voices Choir,International
99389,fma_small/099/099389.mp3,Oj Che Je Che Nema,Ukrainian Village Voices,International
99390,fma_small/099/099390.mp3,Oj Jerusalem,Ukrainian Village Voices,International
99391,fma_small/099/099391.mp3,Oj Na Richke,Ukrainian Village Voices,International
99392,fma_small/099/099392.mp3,Rody Bozhe Zhyto,Ukrainian Village Voices,International
99393,fma_small/099/099393.mp3,Ponad Sadom,Ukrainian Village Voices,International
99394,fma_small/099/099394.mp3,Letila Zozulia,Ukrainian Village Voices,International
99395,fma_small/099/099395.mp3,Nasha Khata,Ukrainian Village Voices,International
99411,fma_small/099/099411.mp3,Guts,Pampers,Rock
99419,fma_small/099/099419.mp3,Sack Attack,Pampers,Rock
99436,fma_small/099/099436.mp3,Almost Anything,Atlantic Thrills,Rock
99437,fma_small/099/099437.mp3,Day at the Beach,Atlantic Thrills,Rock
99438,fma_small/099/099438.mp3,Drugs In It,Atlantic Thrills,Rock
99439,fma_small/099/099439.mp3,Light Shines,Atlantic Thrills,Rock
99440,fma_small/099/099440.mp3,Holy Mountain,Atlantic Thrills,Rock
99441,fma_small/099/099441.mp3,Acid Rain,Atlantic Thrills,Rock
99442,fma_small/099/099442.mp3,Bed Bugs,Atlantic Thrills,Rock
99501,fma_small/099/099501.mp3,Break Bread (Ninety-Four Drums of Death Mixx),Deadly Combo,Hip-Hop
99703,fma_small/099/099703.mp3,HEAVEN,eden,Electronic
99704,fma_small/099/099704.mp3,HEAVEN_VERSION,eden,Electronic
99707,fma_small/099/099707.mp3,NO HEAVEN,eden,Electronic
100478,fma_small/100/100478.mp3,So On and Yo!,LOWdown,Hip-Hop
100479,fma_small/100/100479.mp3,The LOWdown (Treacherous),LOWdown,Hip-Hop
100480,fma_small/100/100480.mp3,Lyrikil Tranzportashun,LOWdown,Hip-Hop
100497,fma_small/100/100497.mp3,Weeklybeats 2014 #9 - This Little Piggy Danced,RoccoW,Electronic
100522,fma_small/100/100522.mp3,Catch The Sun,Rhanee,Electronic
100535,fma_small/100/100535.mp3,Back From Århus,Small Colin,Electronic
100536,fma_small/100/100536.mp3,Mono Crash,Small Colin,Electronic
100544,fma_small/100/100544.mp3,Electron,Megatone,Electronic
100549,fma_small/100/100549.mp3,Mindframe,Megatone,Electronic
100550,fma_small/100/100550.mp3,Beyond The Universe (Transcendance),Megatone,Electronic
100552,fma_small/100/100552.mp3,First Space Voyage,Megatone,Electronic
100745,fma_small/100/100745.mp3,Weeklybeats 2014 #10 - Trap'd in A DS,RoccoW,Electronic
100799,fma_small/100/100799.mp3,Child Was a Born,Margina,Rock
100802,fma_small/100/100802.mp3,U vatru,Margina,Rock
100835,fma_small/100/100835.mp3,little scary movie,Nick Otheen,Electronic
100949,fma_small/100/100949.mp3,The Rebel Youth,DJ Def Chad,Hip-Hop
100958,fma_small/100/100958.mp3,The Remedy,DJ Def Chad,Hip-Hop
100959,fma_small/100/100959.mp3,Shawntae,DJ Def Chad,Hip-Hop
100972,fma_small/100/100972.mp3,In Progress,Dyman,Electronic
100973,fma_small/100/100973.mp3,Dark Side,Dyman,Electronic
100975,fma_small/100/100975.mp3,Sewage,Dyman,Electronic
100976,fma_small/100/100976.mp3,Kill The Flesh,Dyman,Electronic
101111,fma_small/101/101111.mp3,Nena,La Sabrosa Sabrosura,International
101112,fma_small/101/101112.mp3,Peligro,La Sabrosa Sabrosura,International
101116,fma_small/101/101116.mp3,Este Sol,La Sabrosa Sabrosura,International
101118,fma_small/101/101118.mp3,El Sonidero de Amor,La Sabrosa Sabrosura,International
101119,fma_small/101/101119.mp3,Papaya,La Sabrosa Sabrosura,International
101864,fma_small/101/101864.mp3,Steppen wolf,Reier,Experimental
101868,fma_small/101/101868.mp3,Cube,Reier,Experimental
101873,fma_small/101/101873.mp3,By whom the bell tolls,Reier,Experimental
101893,fma_small/101/101893.mp3,Pulsar,Reier,Experimental
101951,fma_small/101/101951.mp3,Hot Love,Nancy,Rock
102092,fma_small/102/102092.mp3,Dirty Children,Third Mind Movement,Experimental
102112,fma_small/102/102112.mp3,Abstract Resume,Alexei Borisov and Anton Mobin,Experimental
102114,fma_small/102/102114.mp3,Sound Mind,Alexei Borisov and Anton Mobin,Experimental
102195,fma_small/102/102195.mp3,Deep Falafel Prophet,Eidetic Seeing,Rock
103518,fma_small/103/103518.mp3,You Got Served,Novi Split,Instrumental
103519,fma_small/103/103519.mp3,Clay Pigeons,Novi Split,Instrumental
103520,fma_small/103/103520.mp3,Hold Tight,Novi Split,Instrumental
103521,fma_small/103/103521.mp3,Young Girls,Novi Split,Instrumental
103522,fma_small/103/103522.mp3,Stupid,Novi Split,Instrumental
103523,fma_small/103/103523.mp3,Hollow Notes,Novi Split,Instrumental
103600,fma_small/103/103600.mp3,Weeklybeats  2014 #12 - xyce xyce Baby,RoccoW,Electronic
103800,fma_small/103/103800.mp3,Game,DJ Def Chad,Hip-Hop
103808,fma_small/103/103808.mp3,Hand Outz (Instrumental),DJ Def Chad,Hip-Hop
104008,fma_small/104/104008.mp3,Days without sun,Lille,Folk
104009,fma_small/104/104009.mp3,I am a tree,Lille,Folk
104010,fma_small/104/104010.mp3,Winter,Lille,Folk
104062,fma_small/104/104062.mp3,Kernel Panic,Etcetera Music,Rock
104063,fma_small/104/104063.mp3,Shoegazing Ants,Etcetera Music,Rock
104064,fma_small/104/104064.mp3,Avalanche,Boogarins,Pop
104065,fma_small/104/104065.mp3,Despreocupar,Boogarins,Pop
104066,fma_small/104/104066.mp3,Hoje Aprendi de Verdade,Boogarins,Pop
104067,fma_small/104/104067.mp3,Refazendo,Boogarins,Pop
104068,fma_small/104/104068.mp3,Infinu,Boogarins,Pop
104086,fma_small/104/104086.mp3,The Best VPN So Far,Carsick Cars,Rock
104227,fma_small/104/104227.mp3,Bom Bom Bom,The Marty Kings,Rock
104276,fma_small/104/104276.mp3,Ghost-Ride The Unicorn,SKGB,Electronic
104277,fma_small/104/104277.mp3,Adventures In Godzilladelph,SKGB,Electronic
104278,fma_small/104/104278.mp3,You Already Know,SKGB,Electronic
104279,fma_small/104/104279.mp3,The Snake Charma of Fishtown,SKGB,Electronic
104282,fma_small/104/104282.mp3,Electrogalactic Cunt,Beatoven,Electronic
104283,fma_small/104/104283.mp3,Wanna See My Spaceship,Beatoven,Electronic
104284,fma_small/104/104284.mp3,Strawberry Milkway,Beatoven,Electronic
104356,fma_small/104/104356.mp3,Chillicothe,Mark Fosson,Folk
104357,fma_small/104/104357.mp3,Softer Place To Fall,Mark Fosson,Folk
104434,fma_small/104/104434.mp3,Mother War,Farthest South,Experimental
104625,fma_small/104/104625.mp3,no load,Anne-F Jacques,Experimental
104668,fma_small/104/104668.mp3,Undone,BIG BUG,Rock
104724,fma_small/104/104724.mp3,No Habla Catalan Studio,Noise Problems Selections,Experimental
104725,fma_small/104/104725.mp3,Thollem McDonas,Noise Problems Selections,Experimental
104779,fma_small/104/104779.mp3,Humus,Unthunk,Pop
104780,fma_small/104/104780.mp3,Your Body Is A Temple,Unthunk,Pop
105022,fma_small/105/105022.mp3,"Crossroads of ""Great Games""",Infinite Plastic Internal,Experimental
105119,fma_small/105/105119.mp3,Lost and Found,Sonic Avenues,Rock
105141,fma_small/105/105141.mp3,Debris,Waste Disposal Machine,Rock
105142,fma_small/105/105142.mp3,Tabula Rasa,Waste Disposal Machine feat. Sci Fi Industries,Rock
105144,fma_small/105/105144.mp3,I Sing the Body Electric (remixed by Torsion),Waste Disposal Machine,Rock
105145,fma_small/105/105145.mp3,Sleepwalkers (remixed by Waste Disposal Machine),Mikroben Krieg,Rock
105196,fma_small/105/105196.mp3,Children,Lindsay Clark,Folk
105408,fma_small/105/105408.mp3,Magical Forest,Egg Nebula,Electronic
105411,fma_small/105/105411.mp3,Dark Matter,Egg Nebula,Electronic
105412,fma_small/105/105412.mp3,La Vérité,Egg Nebula,Electronic
105413,fma_small/105/105413.mp3,The Jumblist,Egg Nebula,Electronic
105414,fma_small/105/105414.mp3,Vulve,Egg Nebula,Electronic
105443,fma_small/105/105443.mp3,Man Up,M.O.B. Stars,Hip-Hop
105450,fma_small/105/105450.mp3,Favorite Addiction (Featuring Joaquin Evans),Deadly Combo,Hip-Hop
105451,fma_small/105/105451.mp3,Hard Habit,CM aka Creative,Hip-Hop
105662,fma_small/105/105662.mp3,Intro,Gilo,Electronic
105664,fma_small/105/105664.mp3,Unity,Gilo,Electronic
105670,fma_small/105/105670.mp3,Back to a Simpler Time,Gilo,Electronic
105671,fma_small/105/105671.mp3,Lei#4,Gilo,Electronic
105672,fma_small/105/105672.mp3,Na Flor da Pele,Gilo,Electronic
105673,fma_small/105/105673.mp3,Inside Voices,Gilo feat. As Metralhadoras,Electronic
105674,fma_small/105/105674.mp3,Outro,Gilo,Electronic
105682,fma_small/105/105682.mp3,Heaven In Your Mouth,intouch,Rock
105683,fma_small/105/105683.mp3,Intro,Clipping,Hip-Hop
105685,fma_small/105/105685.mp3,Interview with Marty McSorley,Clipping,Hip-Hop
105712,fma_small/105/105712.mp3,Reel,Sam Moss,Folk
105713,fma_small/105/105713.mp3,Ocean,Sam Moss,Folk
105714,fma_small/105/105714.mp3,Working On a Building,Sam Moss,Folk
105715,fma_small/105/105715.mp3,Neighbors,Sam Moss,Folk
105716,fma_small/105/105716.mp3,Beast,Sam Moss,Folk
105717,fma_small/105/105717.mp3,Hammer,Sam Moss,Folk
105718,fma_small/105/105718.mp3,Wildwood Flower,Sam Moss,Folk
105719,fma_small/105/105719.mp3,Amoeba Miasma Void,Gatherer,Experimental
105720,fma_small/105/105720.mp3,Extension,Gatherer,Experimental
105722,fma_small/105/105722.mp3,Speed Thievery,Gatherer,Experimental
105824,fma_small/105/105824.mp3,Lurkers,All Urban Outfield,Hip-Hop
105825,fma_small/105/105825.mp3,Beta,All Urban Outfield,Hip-Hop
105826,fma_small/105/105826.mp3,Foods That Start With Q (Feat. Fat Arm & Shark Dentures),All Urban Outfield,Hip-Hop
105827,fma_small/105/105827.mp3,Watch The Road Bub,All Urban Outfield,Hip-Hop
105887,fma_small/105/105887.mp3,Cairo Blues,Leif Vollebek,Folk
105890,fma_small/105/105890.mp3,Photographer Friend,Leif Vollebek,Folk
105912,fma_small/105/105912.mp3,Searches,Split Single,Rock
105914,fma_small/105/105914.mp3,Cold Steel,Matt Sowell,Folk
105915,fma_small/105/105915.mp3,Deadman's Rag,Matt Sowell,Folk
105916,fma_small/105/105916.mp3,Raga,Matt Sowell,Folk
105917,fma_small/105/105917.mp3,Hoppin' On A Leg,Matt Sowell,Folk
105918,fma_small/105/105918.mp3,A Long Walk,Matt Sowell,Folk
105919,fma_small/105/105919.mp3,Ticonderoga,Matt Sowell,Folk
105920,fma_small/105/105920.mp3,North Wind Blowing,Matt Sowell,Folk
106274,fma_small/106/106274.mp3,South Pacific Pt. II,Night Rally,Rock
106277,fma_small/106/106277.mp3,A Birthday Party,Night Rally,Rock
106339,fma_small/106/106339.mp3,Marmalade,Julie Byrne,Folk
106342,fma_small/106/106342.mp3,Holiday,Julie Byrne,Folk
106343,fma_small/106/106343.mp3,Melting Grid,Julie Byrne,Folk
106456,fma_small/106/106456.mp3,freedom,Titan,Folk
106457,fma_small/106/106457.mp3,l arrivee,Titan,Folk
106458,fma_small/106/106458.mp3,surprise,Titan,Folk
106463,fma_small/106/106463.mp3,Sorry I am a bad boy,Dinosaur Jugnot,Rock
106465,fma_small/106/106465.mp3,Live,Dinosaur Jugnot,Rock
106502,fma_small/106/106502.mp3,Hanami (花見),Fabian Measures,Instrumental
106522,fma_small/106/106522.mp3,$ecret terror,Wilted Woman,Experimental
106562,fma_small/106/106562.mp3,By Request,Apache Tomcat,Rock
106563,fma_small/106/106563.mp3,Nothing On But The Radio,Apache Tomcat,Rock
106564,fma_small/106/106564.mp3,Victoria's Son,Apache Tomcat,Rock
106566,fma_small/106/106566.mp3,Mouse Trap,Apache Tomcat,Rock
106567,fma_small/106/106567.mp3,Tube Top Language,Apache Tomcat,Rock
106568,fma_small/106/106568.mp3,2PM Wake UP Call,Apache Tomcat,Rock
106569,fma_small/106/106569.mp3,Stormy Moods Orchestra,Apache Tomcat,Rock
106570,fma_small/106/106570.mp3,Texas Ostrich Farm,Apache Tomcat,Rock
106571,fma_small/106/106571.mp3,Scubba Adventure,Apache Tomcat,Rock
106629,fma_small/106/106629.mp3,IV,Phelios,Instrumental
106872,fma_small/106/106872.mp3,Long Road Ahead,Westy Reflector,Rock
106876,fma_small/106/106876.mp3,Always In The Sky,Westy Reflector,Rock
106877,fma_small/106/106877.mp3,Windfall,Westy Reflector,Rock
106937,fma_small/106/106937.mp3,Prairie Kids,Meaner Pencil,Folk
106948,fma_small/106/106948.mp3,Medieval Duck Mollases,pHoaming Edison,Rock
106951,fma_small/106/106951.mp3,Delusion 6,pHoaming Edison,Rock
106952,fma_small/106/106952.mp3,Toad Listen,pHoaming Edison,Rock
106953,fma_small/106/106953.mp3,Black Pyramid,Mutilation Rites,Rock
106954,fma_small/106/106954.mp3,Exhaling Or Breathing In,Mutilation Rites,Rock
106955,fma_small/106/106955.mp3,Contaminate,Mutilation Rites,Rock
106956,fma_small/106/106956.mp3,Suffer The Children,Mutilation Rites,Rock
107020,fma_small/107/107020.mp3,3 POINT,Alaclair Ensemble,Hip-Hop
107021,fma_small/107/107021.mp3,FASTLANE (avec Kaytranada),Alaclair Ensemble,Hip-Hop
107025,fma_small/107/107025.mp3,STM LIGNE MAUVE PART 1,Alaclair Ensemble,Hip-Hop
107027,fma_small/107/107027.mp3,LICORNES,Alaclair Ensemble,Hip-Hop
107028,fma_small/107/107028.mp3,VIEUX KNOWL (avec Jam),Alaclair Ensemble,Hip-Hop
107029,fma_small/107/107029.mp3,VARIETTE (avec Jam),Alaclair Ensemble,Hip-Hop
107030,fma_small/107/107030.mp3,BACKSTAGE,Alaclair Ensemble,Hip-Hop
107031,fma_small/107/107031.mp3,POUR TOI STIVON,Alaclair Ensemble,Hip-Hop
107046,fma_small/107/107046.mp3,Blind,Elvin Brandhi,Pop
107047,fma_small/107/107047.mp3,Tropik,Elvin Brandhi,Pop
107048,fma_small/107/107048.mp3,Mønstah,Elvin Brandhi,Pop
107049,fma_small/107/107049.mp3,It is screamy,Elvin Brandhi,Pop
107050,fma_small/107/107050.mp3,kredit krunk,Elvin Brandhi,Pop
107101,fma_small/107/107101.mp3,Will I See You Again,Mess.,Rock
107125,fma_small/107/107125.mp3,Red Waters,Marrach,Electronic
107126,fma_small/107/107126.mp3,Badlands Erode,Marrach,Electronic
107127,fma_small/107/107127.mp3,Moving Rocks,Marrach,Electronic
107128,fma_small/107/107128.mp3,8mm Vodka Shots,Marrach,Electronic
107129,fma_small/107/107129.mp3,"Dusk, and Flaming",Marrach,Electronic
107178,fma_small/107/107178.mp3,Fittest of the fittest,Don Goliath,International
107179,fma_small/107/107179.mp3,Dem a Sin Melodica Cut (ft I-lodica),Don Goliath mmet I-lodica,International
107180,fma_small/107/107180.mp3,I love H.I.M. so Dub,Don Goliath,International
107181,fma_small/107/107181.mp3,Catch vampire Dub,Don Goliath,International
107182,fma_small/107/107182.mp3,Ises to Jah Saxophone cut (ft Samson Benji),Don Goliath meet Samson Benji,International
107183,fma_small/107/107183.mp3,Children of Israel melodica cut,Don Goliath,International
107184,fma_small/107/107184.mp3,Praise unto thee Dub,Don Goliath,International
107185,fma_small/107/107185.mp3,Jah name (ft Iyah Ranx),Don Goliath meet Iyah Ranx,International
107186,fma_small/107/107186.mp3,Let us prais Jahoviah Dub,Don Goliath,International
107187,fma_small/107/107187.mp3,Lively up Dub,Don Goliath,International
107188,fma_small/107/107188.mp3,Guiding star Dub,Don Goliath,International
107189,fma_small/107/107189.mp3,Calling on Jah Dub,Don Goliath,International
107248,fma_small/107/107248.mp3,New Sher,Vanya Zhuk,International
107249,fma_small/107/107249.mp3,Vodka,Vanya Zhuk,International
107250,fma_small/107/107250.mp3,Iber Berg Un Iber Toln,Vanya Zhuk,International
107251,fma_small/107/107251.mp3,Dzhankoye,Vanya Zhuk,International
107256,fma_small/107/107256.mp3,Robot Gedonist,Vanya Zhuk,International
107257,fma_small/107/107257.mp3,Rumenye,Vanya Zhuk,International
107388,fma_small/107/107388.mp3,Le kid de la plage,Aussitôt Mort / MORT MORT MORT,Rock
107389,fma_small/107/107389.mp3,On a qu'à se dire que l'on s'en fout,Aussitôt Mort / MORT MORT MORT,Rock
107390,fma_small/107/107390.mp3,Le prophète de malheur,Aussitôt Mort / MORT MORT MORT,Rock
107391,fma_small/107/107391.mp3,Mort! Mort! Mort!,Aussitôt Mort / MORT MORT MORT,Rock
107425,fma_small/107/107425.mp3,The Spidrman's (nanoloop),UncleBibby,Electronic
107426,fma_small/107/107426.mp3,Chunky Worm Stew,UncleBibby,Electronic
107427,fma_small/107/107427.mp3,Brutish,UncleBibby,Electronic
107429,fma_small/107/107429.mp3,CopperNickle,UncleBibby,Electronic
107432,fma_small/107/107432.mp3,The Simple Complex,UncleBibby,Electronic
107433,fma_small/107/107433.mp3,Happi,UncleBibby,Electronic
107434,fma_small/107/107434.mp3,Bubbling Pots and Troubling Thoughts,UncleBibby,Electronic
107435,fma_small/107/107435.mp3,Jangus (inspired by ToeJam and Earl),UncleBibby,Electronic
107476,fma_small/107/107476.mp3,Piano Piano,CRTVTR,Rock
107506,fma_small/107/107506.mp3,Operation Cast Lead,The United Sons of Toil,Rock
107531,fma_small/107/107531.mp3,Rain 1,Vägskäl,Instrumental
107532,fma_small/107/107532.mp3,Rain 2,Vägskäl,Instrumental
107533,fma_small/107/107533.mp3,The Night The Earth Stood Still,Vägskäl,Instrumental
107534,fma_small/107/107534.mp3,Wish I Were Holding Your Hand Right Now,Vägskäl,Instrumental
107535,fma_small/107/107535.mp3,Naked Skin,Vägskäl,Instrumental
107567,fma_small/107/107567.mp3,Sleepwalkers,Linda Draper,Folk
107569,fma_small/107/107569.mp3,Walk In Season,Kelly Latimore,Folk
107571,fma_small/107/107571.mp3,Cello,Kelly Latimore,Folk
107574,fma_small/107/107574.mp3,Blooming and Blushing,Kelly Latimore,Folk
107577,fma_small/107/107577.mp3,Leaving Rooms,Kelly Latimore,Folk
107578,fma_small/107/107578.mp3,Trails,Kelly Latimore,Folk
107579,fma_small/107/107579.mp3,Abiding,Kelly Latimore,Folk
107583,fma_small/107/107583.mp3,Ode to the Draft Horse,Kelly Latimore,Folk
107584,fma_small/107/107584.mp3,Ode to Diving Pelicans,Kelly Latimore,Folk
107588,fma_small/107/107588.mp3,Ode to Diving Pelicans (Reprise),Kelly Latimore,Folk
107589,fma_small/107/107589.mp3,Ode to Humming,Kelly Latimore,Folk
107590,fma_small/107/107590.mp3,Ode to the Woman Who Was Crying in Rob Roy Park,Kelly Latimore,Folk
107591,fma_small/107/107591.mp3,Ode to the Beloved Basement Saints,Kelly Latimore,Folk
107592,fma_small/107/107592.mp3,Prelude,Kelly Latimore,Folk
107593,fma_small/107/107593.mp3,Snacilep Gnivid ot Edo,Kelly Latimore,Folk
107594,fma_small/107/107594.mp3,Useful and Useless,Kelly Latimore,Folk
107595,fma_small/107/107595.mp3,Fields of Phosphene,Kelly Latimore,Folk
107596,fma_small/107/107596.mp3,Armitage,Kelly Latimore,Folk
107597,fma_small/107/107597.mp3,No More Solos,Kelly Latimore,Folk
107598,fma_small/107/107598.mp3,Tuning,Kelly Latimore,Folk
107613,fma_small/107/107613.mp3,Ugly,Vienna Ditto,Electronic
107616,fma_small/107/107616.mp3,I Know His Blood,Vienna Ditto,Electronic
107617,fma_small/107/107617.mp3,La Nina Blanca,Vienna Ditto,Electronic
107659,fma_small/107/107659.mp3,80s Action Movie,Tony Gage,Rock
107799,fma_small/107/107799.mp3,Fallen So Far,Landskap,Rock
107804,fma_small/107/107804.mp3,The Libra Lunologists,Fields of Ohio,Electronic
107805,fma_small/107/107805.mp3,Human,Acherontia,Rock
107809,fma_small/107/107809.mp3,Fortitude,J.O.,Hip-Hop
107810,fma_small/107/107810.mp3,Birds Don't Sing,TV Girl,Pop
107850,fma_small/107/107850.mp3,"Summers, Past, Pt. II",The Honorable Sleaze,Hip-Hop
107851,fma_small/107/107851.mp3,Gypsy Cab,Pete Lund,Folk
107852,fma_small/107/107852.mp3,Last Addiction,Pete Lund,Folk
107908,fma_small/107/107908.mp3,Spirtus...,Project 5am (Feat. DJ Whodini),Electronic
107909,fma_small/107/107909.mp3,The Librettist,Project 5am,Electronic
107910,fma_small/107/107910.mp3,Yves,Project 5am,Electronic
107911,fma_small/107/107911.mp3,"My Mind To Me, My Kingdom Is",Project 5am,Electronic
107912,fma_small/107/107912.mp3,The Dream,Project 5am,Electronic
107913,fma_small/107/107913.mp3,"5am, Wabi Sabi",Project 5am,Electronic
107949,fma_small/107/107949.mp3,Miralo bien,Mamá Patxanga,International
107950,fma_small/107/107950.mp3,Seguem arran,Mamá Patxanga,International
107951,fma_small/107/107951.mp3,Caliente! Caliente!,Mamá Patxanga,International
107952,fma_small/107/107952.mp3,Me importa,Mamá Patxanga,International
107953,fma_small/107/107953.mp3,Como el humo,Mamá Patxanga,International
107954,fma_small/107/107954.mp3,Vente,Mamá Patxanga,International
107955,fma_small/107/107955.mp3,Gira,Mamá Patxanga,International
107956,fma_small/107/107956.mp3,Que dius?,Mamá Patxanga,International
107957,fma_small/107/107957.mp3,Síguela,Mamá Patxanga,International
108012,fma_small/108/108012.mp3,"Tarzan, On the Topic of Your Stepmother...",Zach Fleury,Folk
108014,fma_small/108/108014.mp3,"Hey, Marie.",Zach Fleury,Folk
108015,fma_small/108/108015.mp3,a Murden Lullaby.,Zach Fleury,Folk
108016,fma_small/108/108016.mp3,"Phoenix Jane, or Jeanne Phénix, if You Will.",Zach Fleury,Folk
108017,fma_small/108/108017.mp3,Sunburn,Lee Rosevere,Instrumental
108018,fma_small/108/108018.mp3,Grey Sunday,Lee Rosevere,Instrumental
108019,fma_small/108/108019.mp3,Flight,Lee Rosevere,Instrumental
108020,fma_small/108/108020.mp3,Memories Again,Lee Rosevere,Instrumental
108021,fma_small/108/108021.mp3,Soulmates,Lee Rosevere,Instrumental
108022,fma_small/108/108022.mp3,I Trusted You,Lee Rosevere,Instrumental
108023,fma_small/108/108023.mp3,Autumn Fields,Lee Rosevere,Instrumental
108024,fma_small/108/108024.mp3,Waiting in the Rain,Lee Rosevere,Instrumental
108025,fma_small/108/108025.mp3,Sunset,Lee Rosevere,Instrumental
108026,fma_small/108/108026.mp3,The Idea of Space,Lee Rosevere,Instrumental
108027,fma_small/108/108027.mp3,I Trusted You (ambient reprise),Lee Rosevere,Instrumental
108031,fma_small/108/108031.mp3,Happy Birthday,Wann,Rock
108036,fma_small/108/108036.mp3,Mr. White,Wann,Rock
108037,fma_small/108/108037.mp3,Autogenic,Kubark,Rock
108038,fma_small/108/108038.mp3,Meat,Kubark,Rock
108049,fma_small/108/108049.mp3,Migration,Radioactive Sparrow,Experimental
108050,fma_small/108/108050.mp3,Space horror,Radioactive Sparrow,Experimental
108059,fma_small/108/108059.mp3,An American story,Radioactive Sparrow,Experimental
108060,fma_small/108/108060.mp3,An album from the future,Radioactive Sparrow,Experimental
108079,fma_small/108/108079.mp3,Uróboros,Viva Belgrado,Rock
108155,fma_small/108/108155.mp3,Wounded knee 1890,Interlude,Rock
108230,fma_small/108/108230.mp3,Pahuutta sydän,Marlaja Virta & ono,Electronic
108290,fma_small/108/108290.mp3,What's This Magical,Celebration,Rock
108297,fma_small/108/108297.mp3,Battles,Celebration,Rock
108298,fma_small/108/108298.mp3,Kilimanjaro,Celebration,Rock
108299,fma_small/108/108299.mp3,Intro,Carter Behnke,Folk
108300,fma_small/108/108300.mp3,Broken Words,Carter Behnke,Folk
108301,fma_small/108/108301.mp3,My Ship,Carter Behnke,Folk
108302,fma_small/108/108302.mp3,Lighthouse,Carter Behnke,Folk
108303,fma_small/108/108303.mp3,In Limbo,Carter Behnke,Folk
108304,fma_small/108/108304.mp3,If You Tell Me (Who I Am) Feat. Steffe Welton,Carter Behnke,Folk
108305,fma_small/108/108305.mp3,Time To Go,Carter Behnke,Folk
108306,fma_small/108/108306.mp3,Frightened Friend,Carter Behnke,Folk
108307,fma_small/108/108307.mp3,Take Me With You,Carter Behnke,Folk
108308,fma_small/108/108308.mp3,Outro,Carter Behnke,Folk
108313,fma_small/108/108313.mp3,What Chills What Thrills,Cagey House,Experimental
108314,fma_small/108/108314.mp3,The Shape of our Galaxy,Cagey House,Experimental
108318,fma_small/108/108318.mp3,Angels for Feldman,Cagey House,Experimental
108319,fma_small/108/108319.mp3,I Ask for Your-Blessing,Cagey House,Experimental
108339,fma_small/108/108339.mp3,Wizard House,Azureflux,Electronic
108341,fma_small/108/108341.mp3,Beast Mode,Azureflux,Electronic
108342,fma_small/108/108342.mp3,Reckless,Azureflux,Electronic
108343,fma_small/108/108343.mp3,Wake The Fuck Up (Azureflux Remix),The Prodigy,Electronic
108415,fma_small/108/108415.mp3,AstroTurf,UncleBibby,Electronic
108416,fma_small/108/108416.mp3,HomeBaser,UncleBibby,Electronic
108418,fma_small/108/108418.mp3,sandwork,UncleBibby,Electronic
108420,fma_small/108/108420.mp3,Sillable,UncleBibby,Electronic
108421,fma_small/108/108421.mp3,Sunshiner (TWOPLUSFADE mix),UncleBibby,Electronic
108422,fma_small/108/108422.mp3,YearBear,UncleBibby,Electronic
108423,fma_small/108/108423.mp3,Heavin' On Earth,UncleBibby,Electronic
108425,fma_small/108/108425.mp3,Use Me,cultureculture,Pop
108426,fma_small/108/108426.mp3,Giving It Up,cultureculture,Pop
108427,fma_small/108/108427.mp3,Baby Blue,cultureculture,Pop
108428,fma_small/108/108428.mp3,Pouring Down,cultureculture,Pop
108429,fma_small/108/108429.mp3,Take the Ticket,cultureculture,Pop
108456,fma_small/108/108456.mp3,Ahem,Miracles of Modern Science,Pop
108457,fma_small/108/108457.mp3,Dear Pressure,Miracles of Modern Science,Pop
108459,fma_small/108/108459.mp3,Don't You See?,Miracles of Modern Science,Pop
108460,fma_small/108/108460.mp3,The Singularity,Miracles of Modern Science,Pop
108461,fma_small/108/108461.mp3,Physics Is Our Business,Miracles of Modern Science,Pop
108464,fma_small/108/108464.mp3,Astronomia,Lee Rosevere,Electronic
108471,fma_small/108/108471.mp3,New Element,Alex Mason,Instrumental
108472,fma_small/108/108472.mp3,The Inspiration,Alex Mason,Instrumental
108473,fma_small/108/108473.mp3,Sunrise and Sunset,Alex Mason,Instrumental
108474,fma_small/108/108474.mp3,Rise Of An Empire,Alex Mason,Instrumental
108475,fma_small/108/108475.mp3,"No Hope, No Salvation",Alex Mason,Instrumental
108476,fma_small/108/108476.mp3,Lost Planet,Alex Mason,Instrumental
108477,fma_small/108/108477.mp3,Watchword,Alex Mason,Instrumental
108478,fma_small/108/108478.mp3,We'll All Die,Alex Mason,Instrumental
108487,fma_small/108/108487.mp3,About myself (outro),Sun Sunych,Hip-Hop
108488,fma_small/108/108488.mp3,Intro (ft. Alex East Block),Sun Sunych ft. Alex East Block,Hip-Hop
108489,fma_small/108/108489.mp3,Schooner,Sun Sunych,Hip-Hop
108490,fma_small/108/108490.mp3,Everything in you,Sun Sunych,Hip-Hop
108491,fma_small/108/108491.mp3,Ball,Sun Sunych,Hip-Hop
108492,fma_small/108/108492.mp3,43-13,Sun Sunych,Hip-Hop
108493,fma_small/108/108493.mp3,Ladder (ft. DanBrown),Sun Sunych ft. DanBrown,Hip-Hop
108494,fma_small/108/108494.mp3,Life (ft. Marina Zakharchenko),Sun Sunych ft. Marina Zakharchenko,Hip-Hop
108495,fma_small/108/108495.mp3,Toys (ft. DanBrown),Sun Sunych ft. DanBrown,Hip-Hop
108496,fma_small/108/108496.mp3,Pegasus,Sun Sunych,Hip-Hop
108497,fma_small/108/108497.mp3,Clock,Sun Sunych,Hip-Hop
108498,fma_small/108/108498.mp3,Coin (ft. Alex East Block),Sun Sunych ft. Alex East Block,Hip-Hop
108499,fma_small/108/108499.mp3,Vulgar song,Sun Sunych,Hip-Hop
108500,fma_small/108/108500.mp3,I'd better (ft. Sunniq & Alex East Block),Sun Sunych ft. Sunniq & Alex East Block,Hip-Hop
108501,fma_small/108/108501.mp3,Dozen,Sun Sunych,Hip-Hop
108502,fma_small/108/108502.mp3,Slender Man,Voodoo Puppets,Rock
108503,fma_small/108/108503.mp3,Electric Chair Blues,Voodoo Puppets,Rock
108504,fma_small/108/108504.mp3,Lewy,Botinki Ra,Rock
108505,fma_small/108/108505.mp3,Prawy,Botinki Ra,Rock
108524,fma_small/108/108524.mp3,Get Ready,Ghost By Nature,Electronic
108525,fma_small/108/108525.mp3,Quest,Ghost By Nature,Electronic
108526,fma_small/108/108526.mp3,Brain Tracker,Ghost By Nature,Electronic
108527,fma_small/108/108527.mp3,Late Night In The Park,Ghost By Nature,Electronic
108528,fma_small/108/108528.mp3,Funk Therapy,Ghost By Nature,Electronic
108529,fma_small/108/108529.mp3,Firecracker,Ghost By Nature,Electronic
108530,fma_small/108/108530.mp3,Skatter,Ghost By Nature,Electronic
108531,fma_small/108/108531.mp3,Robot Builder,Ghost By Nature,Electronic
108532,fma_small/108/108532.mp3,Open Box,Ghost By Nature,Electronic
108533,fma_small/108/108533.mp3,The Prowler,Ghost By Nature,Electronic
108745,fma_small/108/108745.mp3,Sad Ass Song,Cheese N Pot-C,Hip-Hop
108774,fma_small/108/108774.mp3,Bloc Party (Instrumental),Cheese N Pot-C,Hip-Hop
108799,fma_small/108/108799.mp3,ABCs,D3Zs,Hip-Hop
108808,fma_small/108/108808.mp3,The Trap,D3Zs,Hip-Hop
108809,fma_small/108/108809.mp3,The Zombies (Featuring T-Pick),D3Zs,Hip-Hop
108812,fma_small/108/108812.mp3,Wake Up,D3Zs,Hip-Hop
108836,fma_small/108/108836.mp3,Bollywood Funky Horror Music (Main Mix),Tha Silent Partner,Hip-Hop
108837,fma_small/108/108837.mp3,Slapped In The Old Country 3,Tha Silent Partner,Hip-Hop
108838,fma_small/108/108838.mp3,On Harry Love Drums,Tha Silent Partner,Hip-Hop
108839,fma_small/108/108839.mp3,Lemon (SO7 Edit),Tha Silent Partner,Hip-Hop
108840,fma_small/108/108840.mp3,Faraway (4 Mike & Annie),Tha Silent Partner,Hip-Hop
108841,fma_small/108/108841.mp3,Head Cold,Tha Silent Partner,Hip-Hop
108842,fma_small/108/108842.mp3,Subterranean Homesick Blues,The Impossebulls,Hip-Hop
108843,fma_small/108/108843.mp3,Doin Nothin (Deja Vu),The Impossebulls,Hip-Hop
108845,fma_small/108/108845.mp3,ReIntroduction,The Impossebulls,Hip-Hop
108846,fma_small/108/108846.mp3,Story (Telling),The Impossebulls,Hip-Hop
108847,fma_small/108/108847.mp3,Renaissance Era,The Impossebulls,Hip-Hop
108863,fma_small/108/108863.mp3,"Trendafilcheto, Karamfilcheto",Black Sea Hotel,International
108864,fma_small/108/108864.mp3,Sadila Jana,Black Sea Hotel,International
108865,fma_small/108/108865.mp3,Mori Dobro Vecher,Black Sea Hotel,International
108866,fma_small/108/108866.mp3,Ibish Aga,Black Sea Hotel,International
108867,fma_small/108/108867.mp3,Malka Moma Dvora Mela,Black Sea Hotel,International
108868,fma_small/108/108868.mp3,Snoshti Sum Libe,Black Sea Hotel,International
108878,fma_small/108/108878.mp3,This is based upon a true story,Plusplus,Instrumental
108879,fma_small/108/108879.mp3,Jail,Plusplus,Instrumental
108880,fma_small/108/108880.mp3,Piano song,Plusplus,Instrumental
108881,fma_small/108/108881.mp3,Dieter Rams,Plusplus,Instrumental
108882,fma_small/108/108882.mp3,Psycho,Plusplus,Instrumental
108883,fma_small/108/108883.mp3,Gentle Man,Plusplus,Instrumental
108884,fma_small/108/108884.mp3,Plantopia,Plusplus,Instrumental
108885,fma_small/108/108885.mp3,The Rolling Hills of England,Plusplus,Instrumental
108906,fma_small/108/108906.mp3,Did you know? (Curiouser and curiouser),Fabian Measures,Instrumental
108925,fma_small/108/108925.mp3,Epic Adventure,Awkward Girls,Rock
108957,fma_small/108/108957.mp3,Travels,The Mystery Artist,Rock
108961,fma_small/108/108961.mp3,Mr. Person,The Mystery Artist,Rock
108962,fma_small/108/108962.mp3,Unquietness,The Mystery Artist,Rock
108967,fma_small/108/108967.mp3,Cast Away,The Judy Blooms,Rock
108968,fma_small/108/108968.mp3,Double Life,The Judy Blooms,Rock
108969,fma_small/108/108969.mp3,Eyes Laureen,The Judy Blooms,Rock
108970,fma_small/108/108970.mp3,Universal Brain,The Judy Blooms,Rock
108992,fma_small/108/108992.mp3,Loss Of Sensation,Vaniish,Rock
109068,fma_small/109/109068.mp3,Hip Bee,Rene Kita,Experimental
109071,fma_small/109/109071.mp3,Barrel of Laughs,Rene Kita,Experimental
109072,fma_small/109/109072.mp3,Constipation Boogie,Rene Kita,Experimental
109106,fma_small/109/109106.mp3,100%/punk paradox,100% BLACK,Experimental
109144,fma_small/109/109144.mp3,neziba,Marco Raaphorst,Experimental
109189,fma_small/109/109189.mp3,Solvet Cosmos In Favilla,Aires,Instrumental
109191,fma_small/109/109191.mp3,Erebus,Earthly Beasts,Instrumental
109203,fma_small/109/109203.mp3,C'est la vie,Mário Gajarský,Rock
109235,fma_small/109/109235.mp3,Sha Na,Vicky and The Vengents,Rock
109276,fma_small/109/109276.mp3,Holopgraphic Riddance,Razen,Experimental
109349,fma_small/109/109349.mp3,Pride,intouch,Rock
109350,fma_small/109/109350.mp3,Lost Holiday,TIGERBERRY,Rock
109355,fma_small/109/109355.mp3,Beautiful Day,TIGERBERRY,Rock
109356,fma_small/109/109356.mp3,Tragic Magic,TIGERBERRY,Rock
109357,fma_small/109/109357.mp3,Dumb,TIGERBERRY,Rock
109445,fma_small/109/109445.mp3,Tonight We Will Rise,Stephen Bartolomei,Folk
109446,fma_small/109/109446.mp3,Weary Blues,Stephen Bartolomei,Folk
109447,fma_small/109/109447.mp3,Smoke In The Cupboard,Stephen Bartolomei,Folk
109448,fma_small/109/109448.mp3,Brick Song,Stephen Bartolomei,Folk
109449,fma_small/109/109449.mp3,Big Engine,Stephen Bartolomei,Folk
109450,fma_small/109/109450.mp3,Wolf Song,Stephen Bartolomei,Folk
109468,fma_small/109/109468.mp3,Ordinary Girl,The Pink Tiles,Rock
109480,fma_small/109/109480.mp3,Ghost,Rachel Ries,Folk
109481,fma_small/109/109481.mp3,Sick Joke,Doom,Rock
109497,fma_small/109/109497.mp3,Police Bastard,Doom,Rock
109535,fma_small/109/109535.mp3,HyperSpaceAdventure,Skip,Electronic
109537,fma_small/109/109537.mp3,Planet Cruizer,Skip,Electronic
109538,fma_small/109/109538.mp3,NTD11,Skip,Electronic
109542,fma_small/109/109542.mp3,Air Born,Newton Balloon,Electronic
109543,fma_small/109/109543.mp3,Fallen Astronaut,Newton Balloon,Electronic
109548,fma_small/109/109548.mp3,alittlebitofjazz,East of Borneo,Experimental
109670,fma_small/109/109670.mp3,Peaceful Garden,D3Zs,Hip-Hop
109681,fma_small/109/109681.mp3,My Place,CM & Tha Silent Partner,Hip-Hop
109684,fma_small/109/109684.mp3,"Big, Bad, And Heavy (Intro)",CM & Tha Silent Partner,Hip-Hop
109685,fma_small/109/109685.mp3,Hold It Down (Featuring Trus Real),CM & Tha Silent Partner,Hip-Hop
109686,fma_small/109/109686.mp3,What's It All For,CM & Tha Silent Partner,Hip-Hop
109687,fma_small/109/109687.mp3,Propaganda,CM & Tha Silent Partner,Hip-Hop
109711,fma_small/109/109711.mp3,Soundscape 234,Tiruset,Experimental
109712,fma_small/109/109712.mp3,Symmetrical,Tiruset,Experimental
109896,fma_small/109/109896.mp3,What Strange Love,Debby Schwartz,Folk
109900,fma_small/109/109900.mp3,London,Debby Schwartz,Folk
109901,fma_small/109/109901.mp3,Dreaming New York City in the Middle of LA,Debby Schwartz,Folk
109902,fma_small/109/109902.mp3,Arise,Debby Schwartz,Folk
109903,fma_small/109/109903.mp3,My Hope,Debby Schwartz,Folk
109904,fma_small/109/109904.mp3,All To Become Somebody,Debby Schwartz,Folk
109905,fma_small/109/109905.mp3,Sitting In a Garden of My Own,Debby Schwartz,Folk
109906,fma_small/109/109906.mp3,Hummingbird,Debby Schwartz,Folk
109925,fma_small/109/109925.mp3,Blacklisted,JTPE,Electronic
109957,fma_small/109/109957.mp3,"shanti devi golden child, bluhd",Phemale,Pop
109958,fma_small/109/109958.mp3,"au retarde , ferox",Phemale,Pop
109960,fma_small/109/109960.mp3,30,Phemale,Pop
109962,fma_small/109/109962.mp3,Forever Yung,Phemale,Pop
109963,fma_small/109/109963.mp3,P.O.T.P.,Phemale,Pop
109971,fma_small/109/109971.mp3,Kind Stranger,Phemale,Pop
109972,fma_small/109/109972.mp3,X,Phemale,Pop
109973,fma_small/109/109973.mp3,Athanatos,Phemale,Pop
109974,fma_small/109/109974.mp3,Plastination,Phemale,Pop
109975,fma_small/109/109975.mp3,City Silk,Phemale,Pop
109976,fma_small/109/109976.mp3,1/1/2013,Phemale,Pop
109977,fma_small/109/109977.mp3,Two Horrible People,Phemale,Pop
109978,fma_small/109/109978.mp3,Deeply Personal,Phemale,Pop
110070,fma_small/110/110070.mp3,Road Warriors,The Impossebulls,Hip-Hop
110082,fma_small/110/110082.mp3,The GetBack,The Impossebulls,Hip-Hop
110084,fma_small/110/110084.mp3,The GetUp,The Impossebulls,Hip-Hop
110085,fma_small/110/110085.mp3,Bigger Than You,The Impossebulls,Hip-Hop
110086,fma_small/110/110086.mp3,Think (About It),The Impossebulls,Hip-Hop
110102,fma_small/110/110102.mp3,Final Sector,Azureflux,Electronic
110103,fma_small/110/110103.mp3,Popcorn Blast,Azureflux,Electronic
110104,fma_small/110/110104.mp3,Superbyte,Azureflux,Electronic
110105,fma_small/110/110105.mp3,Eat My Chips,Azureflux,Electronic
110106,fma_small/110/110106.mp3,Expedition,Azureflux,Electronic
110107,fma_small/110/110107.mp3,Catnip,Azureflux,Electronic
110108,fma_small/110/110108.mp3,Rainbow Ride,Azureflux,Electronic
110109,fma_small/110/110109.mp3,World 10 (Azureflux Remix),Rushjet1,Electronic
110110,fma_small/110/110110.mp3,Journey (Azureflux Remix),McMaNGOS,Electronic
110111,fma_small/110/110111.mp3,Summer Wars (Azureflux Remix),Rhythmics & Cat Like Thief,Electronic
110166,fma_small/110/110166.mp3,Sixteen,The #1s,Rock
110167,fma_small/110/110167.mp3,I Wish I Was Lonely,The #1s,Rock
110171,fma_small/110/110171.mp3,Painting With Sound,Peter Biedermann,Folk
110172,fma_small/110/110172.mp3,Blues For Big Red,Peter Biedermann,Folk
110204,fma_small/110/110204.mp3,La tapa del domingo,Circus Marcus,Experimental
110205,fma_small/110/110205.mp3,La tapa del jueves,Circus Marcus,Experimental
110206,fma_small/110/110206.mp3,La tapa del lunes,Circus Marcus,Experimental
110207,fma_small/110/110207.mp3,La tapa del miércoles,Circus Marcus,Experimental
110208,fma_small/110/110208.mp3,La tapa del sábado,Circus Marcus,Experimental
110209,fma_small/110/110209.mp3,La tapa del viernes,Circus Marcus,Experimental
110230,fma_small/110/110230.mp3,First Ordeal,Host,Experimental
110259,fma_small/110/110259.mp3,In Tune (J. Glaze Remix),Kellee Maize & J. Glaze Productions,Hip-Hop
110260,fma_small/110/110260.mp3,I Insist (J. Glaze Remix),Kellee Maize & J. Glaze Productions,Hip-Hop
110261,fma_small/110/110261.mp3,Mad Humans (J. Glaze Remix),Kellee Maize & J. Glaze Productions,Hip-Hop
110262,fma_small/110/110262.mp3,Big Plans (J. Glaze Remix),Kellee Maize & J. Glaze Productions,Hip-Hop
110263,fma_small/110/110263.mp3,Owl Time (J. Glaze and Udachi Remix),Kellee Maize & J. Glaze & Udachi,Hip-Hop
110264,fma_small/110/110264.mp3,Catch Me (J. Glaze Remix),Kellee Maize & J. Glaze Productions,Hip-Hop
110265,fma_small/110/110265.mp3,Fact Is Remix (J. Glaze and Udachi Remix),Kellee Maize & J. Glaze & Udachi,Hip-Hop
110266,fma_small/110/110266.mp3,Hasta Abajo Remix (J. Glaze and Mike Cash Remix),Kellee Maize & J. Glaze & Mike Cash,Hip-Hop
110267,fma_small/110/110267.mp3,In The Night - Game of Thrones Remake (J. Glaze Remix),Kellee Maize & J. Glaze Productions,Hip-Hop
110274,fma_small/110/110274.mp3,black hole mystery,tramuc and darius,Experimental
110384,fma_small/110/110384.mp3,Train Coming In,Peter Biedermann,Folk
110410,fma_small/110/110410.mp3,Against The Gates,Vows,Rock
110417,fma_small/110/110417.mp3,The Great Show,Vows,Rock
110436,fma_small/110/110436.mp3,A Stranger's Map Of Texas,Michael Chapman,Folk
110437,fma_small/110/110437.mp3,Cado Lake,Michael Chapman,Folk
110438,fma_small/110/110438.mp3,Just Another Story,Michael Chapman,Folk
110439,fma_small/110/110439.mp3,Back In Fishtown,Michael Chapman,Folk
110440,fma_small/110/110440.mp3,Fahey's Flag,Michael Chapman,Folk
110441,fma_small/110/110441.mp3,Ponchatoula,Michael Chapman,Folk
110447,fma_small/110/110447.mp3,Feeling,Papascandy,International
110448,fma_small/110/110448.mp3,Demmadont,Papascandy,International
110449,fma_small/110/110449.mp3,Why wasting,Papascandy,International
110450,fma_small/110/110450.mp3,Warrior,Papascandy,International
110451,fma_small/110/110451.mp3,Linton,Papascandy,International
110452,fma_small/110/110452.mp3,Dubadont (chalart58 remix),Papascandy,International
110546,fma_small/110/110546.mp3,Two Maps And A Live Shot,High Times,Rock
110610,fma_small/110/110610.mp3,Power ON,Jeff Kolar,Experimental
110611,fma_small/110/110611.mp3,Happy Birthday To You,Jeff Kolar,Experimental
110623,fma_small/110/110623.mp3,Albertine,Mirbeau,Experimental
110629,fma_small/110/110629.mp3,"Red, Like a Lock of Her Hair",Mirbeau,Experimental
110630,fma_small/110/110630.mp3,Worried Notes,Mirbeau,Experimental
110634,fma_small/110/110634.mp3,No Pilot,Eidetic Seeing,Rock
110636,fma_small/110/110636.mp3,It's Not Blood It's Gamelan,Eidetic Seeing,Rock
110637,fma_small/110/110637.mp3,Variations on a Reinterpretation of Lord Śiva,Eidetic Seeing,Rock
110647,fma_small/110/110647.mp3,Partisian Song,Il Sogno Del Marinaio,Instrumental
110648,fma_small/110/110648.mp3,Nanos' Waltz,Il Sogno Del Marinaio,Instrumental
110649,fma_small/110/110649.mp3,Animal Farm Tango,Il Sogno Del Marinaio,Instrumental
110650,fma_small/110/110650.mp3,Punkinhead Ahoy!,Il Sogno Del Marinaio,Instrumental
110651,fma_small/110/110651.mp3,Stucazz?!!,Il Sogno Del Marinaio,Instrumental
110652,fma_small/110/110652.mp3,Verse IX,Il Sogno Del Marinaio,Instrumental
110653,fma_small/110/110653.mp3,Il Sogno Del Fienile,Il Sogno Del Marinaio,Instrumental
110654,fma_small/110/110654.mp3,Skinny Cat,Il Sogno Del Marinaio,Instrumental
110681,fma_small/110/110681.mp3,Suspiciously Unhealing Tools,HighWay17,Experimental
110684,fma_small/110/110684.mp3,Fragile Jaws,HighWay17,Experimental
110687,fma_small/110/110687.mp3,Soaring Together,Anima,Electronic
110688,fma_small/110/110688.mp3,The Beating Sun,Anima,Electronic
110689,fma_small/110/110689.mp3,Gli Spiriti,Anima,Electronic
110690,fma_small/110/110690.mp3,Spirit of the Valley (feat. M-PeX),Anima,Electronic
110691,fma_small/110/110691.mp3,The Waning Moon,Anima,Electronic
110711,fma_small/110/110711.mp3,Fumi Distanti,Chris Silver T and Mauro Sambo,Experimental
110735,fma_small/110/110735.mp3,Bloc Party 2 (Instrumental),D3Zs,Hip-Hop
110736,fma_small/110/110736.mp3,"Bloc Party 2 (Accapella) (Featuring CM aka Creative, C-Doc, The Honorable Sleaze, L-Mega & Pot-C)",D3Zs,Hip-Hop
110743,fma_small/110/110743.mp3,Textbook,The Impossebulls,Hip-Hop
110744,fma_small/110/110744.mp3,Textbook Response,The Impossebulls,Hip-Hop
110756,fma_small/110/110756.mp3,Mediaocrity,The Impossebulls,Hip-Hop
110764,fma_small/110/110764.mp3,Strictly Hiphop (Undertheunderground Mixx),The Impossebulls,Hip-Hop
110765,fma_small/110/110765.mp3,Hellidays (b/w Christmas in Hollis),The Impossebulls,Hip-Hop
110768,fma_small/110/110768.mp3,Strictly Hiphop (A Tribute to Rick James) LIVE,The Impossebulls,Hip-Hop
110771,fma_small/110/110771.mp3,For More Years (Instrumental),The Impossebulls,Hip-Hop
110772,fma_small/110/110772.mp3,Circle of Lies (Instrumental),The Impossebulls,Hip-Hop
110774,fma_small/110/110774.mp3,RSVP (Part 2),The Impossebulls,Hip-Hop
110775,fma_small/110/110775.mp3,Volume (Video Edit),The Impossebulls,Hip-Hop
110776,fma_small/110/110776.mp3,1Nation (One Fam) (MMC Remix),The Impossebulls,Hip-Hop
110777,fma_small/110/110777.mp3,Volume (Mad Apples Remix),The Impossebulls,Hip-Hop
110778,fma_small/110/110778.mp3,Circle of Lies (Mad Apples Remix),The Impossebulls,Hip-Hop
110779,fma_small/110/110779.mp3,Volume (Original Demo Instrumental),The Impossebulls,Hip-Hop
110923,fma_small/110/110923.mp3,Carnival Song,Humble Tripe,Folk
110927,fma_small/110/110927.mp3,Anchors,Humble Tripe,Folk
110928,fma_small/110/110928.mp3,Alice,Humble Tripe,Folk
110980,fma_small/110/110980.mp3,Time Forward,Antethic,Rock
110982,fma_small/110/110982.mp3,This Game Has No Name,Antethic,Rock
110983,fma_small/110/110983.mp3,Morning Glory,Antethic,Rock
110985,fma_small/110/110985.mp3,Cheliuskin,Antethic,Rock
111015,fma_small/111/111015.mp3,All is Lost is Found,krackatoa,Instrumental
111146,fma_small/111/111146.mp3,Prelude 1,Rod Hamilton,Instrumental
111147,fma_small/111/111147.mp3,Dance 1-4,Rod Hamilton,Instrumental
111148,fma_small/111/111148.mp3,Prelude 3,Rod Hamilton,Instrumental
111149,fma_small/111/111149.mp3,Aqua 2,Rod Hamilton,Instrumental
111150,fma_small/111/111150.mp3,Treppe 4,Rod Hamilton,Instrumental
111151,fma_small/111/111151.mp3,Prelude 2,Rod Hamilton,Instrumental
111153,fma_small/111/111153.mp3,Aqua 1,Rod Hamilton,Instrumental
111154,fma_small/111/111154.mp3,Treppe 3,Rod Hamilton,Instrumental
111182,fma_small/111/111182.mp3,The Light Resides,Sondra Sun-Odeon,Folk
111186,fma_small/111/111186.mp3,Paradise,Sondra Sun-Odeon,Folk
111187,fma_small/111/111187.mp3,Oaks,Sondra Sun-Odeon,Folk
111188,fma_small/111/111188.mp3,Moved By Joy,Sondra Sun-Odeon,Folk
111216,fma_small/111/111216.mp3,Un quintero normal,Minicomponente,Experimental
111220,fma_small/111/111220.mp3,Traveller Theme,Mystified,Instrumental
111221,fma_small/111/111221.mp3,Running From An Evil Force,Mystified,Instrumental
111222,fma_small/111/111222.mp3,Spooky Theme,Mystified,Instrumental
111223,fma_small/111/111223.mp3,Stalker Theme,Mystified,Instrumental
111224,fma_small/111/111224.mp3,Calm Before The Storm,Mystified,Instrumental
111225,fma_small/111/111225.mp3,Zombie Theme,Mystified,Instrumental
111226,fma_small/111/111226.mp3,Alien Mayor Theme,Mystified,Instrumental
111227,fma_small/111/111227.mp3,Space Traveller Theme,Mystified,Instrumental
111228,fma_small/111/111228.mp3,Detective Theme,Mystified,Instrumental
111229,fma_small/111/111229.mp3,Searching Streets,Mystified,Instrumental
111230,fma_small/111/111230.mp3,Vortex Theme,Mystified,Instrumental
111306,fma_small/111/111306.mp3,Where Is My Jaw?,Lately Kind of Yeah,Rock
111311,fma_small/111/111311.mp3,+4294 69 -1427,Lately Kind of Yeah,Rock
111335,fma_small/111/111335.mp3,springtide,springtide,Rock
111367,fma_small/111/111367.mp3,Anger Lavanda,Fierbinteanu,Pop
111368,fma_small/111/111368.mp3,Chinese Sister,Fierbinteanu,Pop
111371,fma_small/111/111371.mp3,Did You Miss Me,Fierbinteanu,Pop
111372,fma_small/111/111372.mp3,Disco,Fierbinteanu,Pop
111375,fma_small/111/111375.mp3,Fire,Fierbinteanu,Pop
111376,fma_small/111/111376.mp3,Gold,Fierbinteanu,Pop
111377,fma_small/111/111377.mp3,I Want to Reach the Stars With You,Fierbinteanu,Pop
111378,fma_small/111/111378.mp3,Keep Walking Away,Fierbinteanu,Pop
111379,fma_small/111/111379.mp3,Killing Me With Your Love,Fierbinteanu,Pop
111382,fma_small/111/111382.mp3,Love Will Keep Us Rocking,Fierbinteanu,Pop
111385,fma_small/111/111385.mp3,Modest Valhala,Fierbinteanu,Pop
111386,fma_small/111/111386.mp3,Monsterina,Fierbinteanu,Pop
111387,fma_small/111/111387.mp3,Negotiable Start,Fierbinteanu,Pop
111388,fma_small/111/111388.mp3,No Knights In Armour,Fierbinteanu,Pop
111389,fma_small/111/111389.mp3,One Day,Fierbinteanu,Pop
111390,fma_small/111/111390.mp3,Partners,Fierbinteanu,Pop
111391,fma_small/111/111391.mp3,Ramirez,Fierbinteanu,Pop
111392,fma_small/111/111392.mp3,Sumatran Tiger,Fierbinteanu,Pop
111393,fma_small/111/111393.mp3,Sweet Punx,Fierbinteanu,Pop
111394,fma_small/111/111394.mp3,"Thank You, Mr. Spot",Fierbinteanu,Pop
111395,fma_small/111/111395.mp3,The Beast Is A Computer In Luxemburg,Fierbinteanu,Pop
111396,fma_small/111/111396.mp3,The Cop,Fierbinteanu,Pop
111397,fma_small/111/111397.mp3,Think I Fall In Love,Fierbinteanu,Pop
111398,fma_small/111/111398.mp3,TX12NO1,Fierbinteanu,Pop
111399,fma_small/111/111399.mp3,Unaware,Fierbinteanu,Pop
111400,fma_small/111/111400.mp3,Vegas,Fierbinteanu,Pop
111401,fma_small/111/111401.mp3,We Wanna Change The World,Fierbinteanu,Pop
111402,fma_small/111/111402.mp3,Yvelines,Fierbinteanu,Pop
111413,fma_small/111/111413.mp3,Jungle Simple,JTPE,Electronic
111416,fma_small/111/111416.mp3,Zoeloe,JTPE,Electronic
111460,fma_small/111/111460.mp3,Jaguar Witch,Fields Ohio,Experimental
111579,fma_small/111/111579.mp3,ready for the tomatoes,Jarby Mc Coy,Experimental
111658,fma_small/111/111658.mp3,awake,springtide,Rock
111747,fma_small/111/111747.mp3,We Might Be Dead By Tomorrow,Soko,Rock
111793,fma_small/111/111793.mp3,hobhor,Nightech,Instrumental
111819,fma_small/111/111819.mp3,Ad Astra,P C III,Electronic
111871,fma_small/111/111871.mp3,Taint,MOAN,Instrumental
111872,fma_small/111/111872.mp3,"Between / Associated (live in Cogitatur Theatre, Katowice, 23.03.2002)",MOAN,Instrumental
111873,fma_small/111/111873.mp3,Sin By Sin (severe illusions - MOAN remix),MULTIPOINT INJECTOR,Instrumental
111911,fma_small/111/111911.mp3,"Darling, Applaud",Camden,Rock
111933,fma_small/111/111933.mp3,P25,EG111111,Electronic
111934,fma_small/111/111934.mp3,A Thing or Two,Ebsa,Hip-Hop
111935,fma_small/111/111935.mp3,Hustle Legit,Ebsa,Hip-Hop
111936,fma_small/111/111936.mp3,Like it or Not,Ebsa,Hip-Hop
111937,fma_small/111/111937.mp3,Remain Resolute,Ebsa,Hip-Hop
111938,fma_small/111/111938.mp3,Not Without a Fight,Ebsa,Hip-Hop
111974,fma_small/111/111974.mp3,Earthquake,Gal Pals,Rock
111982,fma_small/111/111982.mp3,Eat Your Heart Out,Chat Logs,Rock
111994,fma_small/111/111994.mp3,Aego,Serakhe0n,Instrumental
112000,fma_small/112/112000.mp3,Green,Serakhe0n,Instrumental
112001,fma_small/112/112001.mp3,Blue,Serakhe0n,Instrumental
112020,fma_small/112/112020.mp3,Cherry Trees,springtide,Rock
112065,fma_small/112/112065.mp3,She,Still Pluto,Rock
112066,fma_small/112/112066.mp3,Lullaby,Still Pluto,Rock
112088,fma_small/112/112088.mp3,Anxious,Martin Rach,Experimental
112133,fma_small/112/112133.mp3,1+i,Martin Rach,Experimental
112196,fma_small/112/112196.mp3,A Nice Phat Juicy One,Dead Peoples Records,Experimental
112197,fma_small/112/112197.mp3,Fairies at the Bottom of Our Garden,Dead Peoples Records,Experimental
112198,fma_small/112/112198.mp3,I Think We'd Better Wire You Up,Dead Peoples Records,Experimental
112199,fma_small/112/112199.mp3,Me!,Dead Peoples Records,Experimental
112209,fma_small/112/112209.mp3,Flurry,The OO-Ray,Instrumental
112210,fma_small/112/112210.mp3,Willow,The OO-Ray,Instrumental
112211,fma_small/112/112211.mp3,Drifts,The OO-Ray,Instrumental
112215,fma_small/112/112215.mp3,Tried Tree,long_loaf,Experimental
112252,fma_small/112/112252.mp3,Capullo,Anamoli,Folk
112314,fma_small/112/112314.mp3,Chameleon,Cloudkicker,Rock
112315,fma_small/112/112315.mp3,Digital Lightning,Cloudkicker,Rock
112316,fma_small/112/112316.mp3,Hassan,Cloudkicker,Rock
112317,fma_small/112/112317.mp3,Signal/Noise,Cloudkicker,Rock
112318,fma_small/112/112318.mp3,Sky Guide,Cloudkicker,Rock
112468,fma_small/112/112468.mp3,Think (About It) (Plead the 5th Dimension Mixx),The Impossebulls,Hip-Hop
112481,fma_small/112/112481.mp3,Runnin' With The Bulls (Instrumental),The Impossebulls,Hip-Hop
112483,fma_small/112/112483.mp3,Bigger Than You (Instrumental),The Impossebulls,Hip-Hop
112484,fma_small/112/112484.mp3,The Breath I Got Left (Instrumental),The Impossebulls,Hip-Hop
112485,fma_small/112/112485.mp3,Erykah & Jean (Instrumental),The Impossebulls,Hip-Hop
112486,fma_small/112/112486.mp3,HaveNots Mascot (Instrumental),The Impossebulls,Hip-Hop
112487,fma_small/112/112487.mp3,Breaker 1-2 (Instrumental),The Impossebulls,Hip-Hop
112488,fma_small/112/112488.mp3,FreeSpit (Instrumental),The Impossebulls,Hip-Hop
112490,fma_small/112/112490.mp3,Dockin' around the Christmas tree,Jubal,Electronic
112526,fma_small/112/112526.mp3,Time bomb,Action Will Be Taken,Rock
112527,fma_small/112/112527.mp3,While you're waiting for the revolution,Action Will Be Taken,Rock
112528,fma_small/112/112528.mp3,Fix yourself,Action Will Be Taken,Rock
112529,fma_small/112/112529.mp3,Remix 1,Action Will Be Taken,Rock
112583,fma_small/112/112583.mp3,Snowflakes Falling Down,Simon Panrucker,Experimental
112584,fma_small/112/112584.mp3,Everyone Is Sleeping,Simon Panrucker,Experimental
112585,fma_small/112/112585.mp3,"Happy Christmas, You Guys!",Simon Panrucker,Experimental
112586,fma_small/112/112586.mp3,Leave My Nuts Alone,Simon Panrucker,Experimental
112587,fma_small/112/112587.mp3,Stacks Of Stuff,Simon Panrucker,Experimental
112588,fma_small/112/112588.mp3,"Christmas Time, I Love You",Simon Panrucker,Experimental
112668,fma_small/112/112668.mp3,45,ODOR BABY,Experimental
112733,fma_small/112/112733.mp3,Forsaken,Is,Rock
112734,fma_small/112/112734.mp3,Summoning,Is,Rock
112735,fma_small/112/112735.mp3,Reign of Incontestable Greatness,Is,Rock
112767,fma_small/112/112767.mp3,wake up punk ass,Richard Jonas,Electronic
112768,fma_small/112/112768.mp3,w8 4 the dark 4ce!!,Richard Jonas,Electronic
112769,fma_small/112/112769.mp3,snelle asswiper,Richard Jonas,Electronic
112770,fma_small/112/112770.mp3,iks rated,Richard Jonas,Electronic
112780,fma_small/112/112780.mp3,CRISIS WAR,ODOR BABY,Experimental
112781,fma_small/112/112781.mp3,WAR ON CRISIS,ODOR BABY,Experimental
112785,fma_small/112/112785.mp3,GLOBAL DEATH MATCH,ODOR BABY,Experimental
112788,fma_small/112/112788.mp3,BROKEN NEWS,ODOR BABY,Experimental
112789,fma_small/112/112789.mp3,FACT-FREE INFORMATION,ODOR BABY,Experimental
112790,fma_small/112/112790.mp3,Counting Sundays,Pyrn,Experimental
112821,fma_small/112/112821.mp3,I% откровение ... ...... .. ..   ...   ...  .. by Kosta T,Castello di Trokai,Experimental
112975,fma_small/112/112975.mp3,All Eventualities,Gillicuddy,Instrumental
112976,fma_small/112/112976.mp3,Bending The Reed,Gillicuddy,Instrumental
112977,fma_small/112/112977.mp3,Fudge,Gillicuddy,Instrumental
112978,fma_small/112/112978.mp3,That Old Harpoon,Gillicuddy,Instrumental
113016,fma_small/113/113016.mp3,Spanish BEEEYYAAACHHH,Malaventura,Pop
113017,fma_small/113/113017.mp3,Nostalgia,Malaventura,Pop
113018,fma_small/113/113018.mp3,Troubles I've seen,Malaventura,Pop
113019,fma_small/113/113019.mp3,Agora,Malaventura,Pop
113020,fma_small/113/113020.mp3,Polinesia,Malaventura,Pop
113021,fma_small/113/113021.mp3,El Burrito,Malaventura,Pop
113022,fma_small/113/113022.mp3,Let's the kids play,Malaventura,Pop
113023,fma_small/113/113023.mp3,The plot,Malaventura,Pop
113024,fma_small/113/113024.mp3,Soleares&beats,Malaventura,Pop
113025,fma_small/113/113025.mp3,Breeze Funk,Malaventura,Pop
113026,fma_small/113/113026.mp3,Space is my pace,Malaventura,Pop
113027,fma_small/113/113027.mp3,The Queen,Malaventura,Pop
113028,fma_small/113/113028.mp3,Convicted Jazz Drones,Malaventura,Pop
113030,fma_small/113/113030.mp3,Poetikal Refugee ft. Mikey Krumins aka Dyems,One S.P.,Hip-Hop
113031,fma_small/113/113031.mp3,Red Weed ft. DJ Swiss Cheez,One S.P.,Hip-Hop
113032,fma_small/113/113032.mp3,I Told Jesus ft. Sharam Shahbazi,One S.P.,Hip-Hop
113033,fma_small/113/113033.mp3,I Told Jesus ft. Sharam Shahbazi (Asthmatic Astronaut Remix),One S.P.,Hip-Hop
113034,fma_small/113/113034.mp3,The Drop (Asthmatic Astronaut Version),Tickle,Hip-Hop
113035,fma_small/113/113035.mp3,The Drop (Thomas The Search Engine Version),Tickle,Hip-Hop
113036,fma_small/113/113036.mp3,The Drop (Gung Who Version),Tickle,Hip-Hop
113037,fma_small/113/113037.mp3,The Drop (Dalai Dahmer & Brad Manners Version),Tickle,Hip-Hop
113063,fma_small/113/113063.mp3,Lust,intouch,Rock
113110,fma_small/113/113110.mp3,The Tragedy of Loss,Ian Alex Mac,Instrumental
113164,fma_small/113/113164.mp3,Il Re del Surf,I Re della Spiaggia,Rock
113165,fma_small/113/113165.mp3,Un' Ultima Carezza,I Re della Spiaggia,Rock
113166,fma_small/113/113166.mp3,Nano Riflesso,I Re della Spiaggia,Rock
113167,fma_small/113/113167.mp3,Life on Earth,Mary Caroline,Folk
113203,fma_small/113/113203.mp3,"Miss Roth, This Is Your 5 Minute Call",Dead Peoples Records,Experimental
113259,fma_small/113/113259.mp3,Povo Que Caís Descalço,Dead Combo,International
113260,fma_small/113/113260.mp3,Verde Sonambulo,Triolocria,International
113261,fma_small/113/113261.mp3,Enxugando o Gelo,BNegão and Seletores de Freqüência,International
113262,fma_small/113/113262.mp3,Volcán,Cartas a Felice,International
113263,fma_small/113/113263.mp3,Pasadinha,Mendes Brothers,International
113264,fma_small/113/113264.mp3,Sweet Mother,Sly COLLINS,International
113265,fma_small/113/113265.mp3,Why,Mc Norman,International
113266,fma_small/113/113266.mp3,YEIZON,YEIZON,International
113267,fma_small/113/113267.mp3,1 A. I (with Danish National Symphony Orchestra),Periskop,International
113268,fma_small/113/113268.mp3,Saviour,NERO ONE,International
113269,fma_small/113/113269.mp3,Demons,Qina,International
113270,fma_small/113/113270.mp3,Kofein i CO2,inje,International
113271,fma_small/113/113271.mp3,Takeru Ishikawa & Anji Bee - Favor Tweet,CC Asia Band,International
113272,fma_small/113/113272.mp3,Planet Shakers (The Paragraph Remix),MONK,International
113273,fma_small/113/113273.mp3,Ubogi Poeta,Ortalio,International
113274,fma_small/113/113274.mp3,Dados con el Diablo,Rey Nocivo.,International
113275,fma_small/113/113275.mp3,"Find, Fix & Save",iNCH.,International
113276,fma_small/113/113276.mp3,Sweet,Tamara Laurel,International
113277,fma_small/113/113277.mp3,Flowers Tell,One In A Googolplex,International
113278,fma_small/113/113278.mp3,Choice,N.I.M.,International
113279,fma_small/113/113279.mp3,Hope for Rebirth,Celestial Aeon Project,International
113280,fma_small/113/113280.mp3,You Are My Mansion,Athuzela Brown,International
113281,fma_small/113/113281.mp3,Άλλες Ζωές,Dimitris Bakoulis,International
113282,fma_small/113/113282.mp3,Žiletky,Tvrdý / Havelka,International
113284,fma_small/113/113284.mp3,Not Enough,TaaPet,International
113294,fma_small/113/113294.mp3,Super Bestias,Los Margaritos,Rock
113303,fma_small/113/113303.mp3,Disparales!!! (Post apocalipsis),Los Margaritos,Rock
113304,fma_small/113/113304.mp3,Dios anda pedo,Los Margaritos,Rock
113305,fma_small/113/113305.mp3,Dios anda pedo (DJ Edwin Remix),Los Margaritos,Rock
113311,fma_small/113/113311.mp3,Tarta pop,Mamá Burger,Rock
113334,fma_small/113/113334.mp3,Tick Blood,Chtin Mara,Electronic
113335,fma_small/113/113335.mp3,Like a Fish,Chtin Mara,Electronic
113336,fma_small/113/113336.mp3,Sloth Step,Chtin Mara,Electronic
113342,fma_small/113/113342.mp3,Paraty,Mia Doi Todd,Folk
113343,fma_small/113/113343.mp3,The RisingTide,Mia Doi Todd,Folk
113344,fma_small/113/113344.mp3,Wainiha Valley,Mia Doi Todd,Folk
113357,fma_small/113/113357.mp3,Hurt,Samuel Vas Y,Folk
113359,fma_small/113/113359.mp3,Coucou,Samuel Vas Y,Folk
113360,fma_small/113/113360.mp3,My Head Of Curls,Samuel Vas Y,Folk
113453,fma_small/113/113453.mp3,Lucky Dip,Mr Frisby's Beat Pocket,Electronic
113511,fma_small/113/113511.mp3,Dark Spots,A Crooked Pulse,Rock
113512,fma_small/113/113512.mp3,Once the Sky,A Crooked Pulse,Rock
113513,fma_small/113/113513.mp3,Distorted Course,A Crooked Pulse,Rock
113530,fma_small/113/113530.mp3,Apparitions Under Glass (Alternate Version),Sarin,Rock
113558,fma_small/113/113558.mp3,La voie lactée,Hazy Montagne Mystique,Experimental
113564,fma_small/113/113564.mp3,"Danzad, Danzad, Malditos",Bit Laden,Experimental
113574,fma_small/113/113574.mp3,I Never Wanted To Say,Lorenzo's Music,Rock
113696,fma_small/113/113696.mp3,Immigrantes #1,La Tabù,International
113697,fma_small/113/113697.mp3,Fuego Fatal #1,La Tabù,International
113698,fma_small/113/113698.mp3,Nada #1,La Tabù,International
113699,fma_small/113/113699.mp3,¿Que? #1,La Tabù,International
113700,fma_small/113/113700.mp3,Horas Habiles #1,La Tabù,International
113701,fma_small/113/113701.mp3,Ocho Octubre #1,La Tabù,International
113702,fma_small/113/113702.mp3,Why Just A Bunch Of Noise?,Hermit,Experimental
113787,fma_small/113/113787.mp3,Kraken in the harbor of Primston,Phlox.s,Instrumental
113788,fma_small/113/113788.mp3,Deeper,Phlox.s,Instrumental
113789,fma_small/113/113789.mp3,Krakens eye,Phlox.s,Instrumental
113790,fma_small/113/113790.mp3,Obey the Sun,Phlox.s,Instrumental
113808,fma_small/113/113808.mp3,Next Life,The Copycuts,Pop
113809,fma_small/113/113809.mp3,Lovers Like Neon,The Copycuts,Pop
113810,fma_small/113/113810.mp3,Soul Rising,The Copycuts,Pop
113822,fma_small/113/113822.mp3,Local News,Fixtures,Rock
113932,fma_small/113/113932.mp3,Unsunny Sundays,Chris Herb,Pop
113933,fma_small/113/113933.mp3,The Self-Induced Lap Dance,Chris Herb,Pop
113934,fma_small/113/113934.mp3,Skyvory,Chris Herb,Pop
113935,fma_small/113/113935.mp3,Kindsein (Reprise),Chris Herb,Pop
113946,fma_small/113/113946.mp3,From The Living Room,Brett Saxon,Folk
113949,fma_small/113/113949.mp3,One Thing,Brett Saxon,Folk
113950,fma_small/113/113950.mp3,Atavistic,Brett Saxon,Folk
113969,fma_small/113/113969.mp3,An Unearthly Child,Fearless Super Pictures,Instrumental
113970,fma_small/113/113970.mp3,Clover,Little Glass Men,Electronic
113971,fma_small/113/113971.mp3,Dream Blaze,Little Glass Men,Electronic
113972,fma_small/113/113972.mp3,Your Pulse,Little Glass Men,Electronic
113973,fma_small/113/113973.mp3,Spontaneous Existence,Little Glass Men,Electronic
114006,fma_small/114/114006.mp3,Halo Hand,LAZY SALON,Instrumental
114007,fma_small/114/114007.mp3,DAM,LAZY SALON,Instrumental
114036,fma_small/114/114036.mp3,Beets,Aviscerall,Hip-Hop
114037,fma_small/114/114037.mp3,Late Nights,Aviscerall,Hip-Hop
114040,fma_small/114/114040.mp3,Whatever You Want (Feat. Crystal Tokyo),Aviscerall,Hip-Hop
114041,fma_small/114/114041.mp3,Mountains (Feat. T),Aviscerall,Hip-Hop
114042,fma_small/114/114042.mp3,The Darkest Hour,Aviscerall,Hip-Hop
114044,fma_small/114/114044.mp3,Stuck In Dreamland,Aviscerall,Hip-Hop
114045,fma_small/114/114045.mp3,Gotta Believe,Aviscerall,Hip-Hop
114047,fma_small/114/114047.mp3,Keeping It Real,Aviscerall,Hip-Hop
114048,fma_small/114/114048.mp3,Us,Aviscerall,Hip-Hop
114049,fma_small/114/114049.mp3,Zaduu (Feat. Crystal Tokyo),Aviscerall,Hip-Hop
114050,fma_small/114/114050.mp3,Stay Positive Babe,Aviscerall,Hip-Hop
114051,fma_small/114/114051.mp3,The End Of The Show,Aviscerall,Hip-Hop
114061,fma_small/114/114061.mp3,New Horizons (Raw Mix),Decktonic,Electronic
114062,fma_small/114/114062.mp3,Union Square (Anthony Seeha Remix),Decktonic,Electronic
114063,fma_small/114/114063.mp3,Transcendence (Decktonic Remix),Anthony Seeha,Electronic
114064,fma_small/114/114064.mp3,Any Time Any Place,Decktonic,Electronic
114065,fma_small/114/114065.mp3,This Love Is Faux Real (Raw Mix),Decktonic,Electronic
114066,fma_small/114/114066.mp3,NEStonic,Decktonic,Electronic
114067,fma_small/114/114067.mp3,Dancing is Permitted,Decktonic,Electronic
114069,fma_small/114/114069.mp3,Deathly Recitation,Blue Dot Sessions,Instrumental
114070,fma_small/114/114070.mp3,Grand Fell,Blue Dot Sessions,Instrumental
114072,fma_small/114/114072.mp3,Sweetly,Blue Dot Sessions,Instrumental
114073,fma_small/114/114073.mp3,The Crossing,Blue Dot Sessions,Instrumental
114074,fma_small/114/114074.mp3,This Passage,Blue Dot Sessions,Instrumental
114076,fma_small/114/114076.mp3,Uneasy,Blue Dot Sessions,Instrumental
114077,fma_small/114/114077.mp3,Winter Theme,Blue Dot Sessions,Instrumental
114198,fma_small/114/114198.mp3,"From The Outside, Looking In",Fallen to Flux,Rock
114199,fma_small/114/114199.mp3,Living With The Pain,Fallen to Flux,Rock
114200,fma_small/114/114200.mp3,Relapse,Fallen to Flux,Rock
114201,fma_small/114/114201.mp3,Disenchanted,Fallen to Flux,Rock
114212,fma_small/114/114212.mp3,Old Fashioned Lullaby,Squire Tuck,Instrumental
114222,fma_small/114/114222.mp3,Ukulele Blues,Squire Tuck,Instrumental
114223,fma_small/114/114223.mp3,Ukulele Rising,Squire Tuck,Instrumental
114231,fma_small/114/114231.mp3,We Drive 3 Days,Blue Dot Sessions,Instrumental
114232,fma_small/114/114232.mp3,Waypost,Blue Dot Sessions,Instrumental
114233,fma_small/114/114233.mp3,Sandstorm,Blue Dot Sessions,Instrumental
114234,fma_small/114/114234.mp3,Pacing,Blue Dot Sessions,Instrumental
114235,fma_small/114/114235.mp3,Micro,Blue Dot Sessions,Instrumental
114236,fma_small/114/114236.mp3,Master,Blue Dot Sessions,Instrumental
114237,fma_small/114/114237.mp3,Lonely Pub,Blue Dot Sessions,Instrumental
114238,fma_small/114/114238.mp3,Grand Caravan,Blue Dot Sessions,Instrumental
114239,fma_small/114/114239.mp3,Horizontal Glow,Blue Dot Sessions,Instrumental
114242,fma_small/114/114242.mp3,Disco Time,Tentacles,Electronic
114245,fma_small/114/114245.mp3,Lavanda (We Are Not Dj's Nu Disco Remix),Tentacles,Electronic
114265,fma_small/114/114265.mp3,Ruggles (ft epsilon not),Uncle Milk,Hip-Hop
114266,fma_small/114/114266.mp3,On two hours sleep,Uncle Milk,Hip-Hop
114268,fma_small/114/114268.mp3,poison ivy yard work,Uncle Milk,Hip-Hop
114272,fma_small/114/114272.mp3,Travelor _.sinh remix,Uncle Milk,Hip-Hop
114274,fma_small/114/114274.mp3,Kalaarmari,Uncle Milk,Hip-Hop
114275,fma_small/114/114275.mp3,eat it with a fork,Uncle Milk,Hip-Hop
114279,fma_small/114/114279.mp3,Bipolar Bear,Azureflux,Electronic
114282,fma_small/114/114282.mp3,Boss Ass Bits,Azureflux,Electronic
114283,fma_small/114/114283.mp3,Quantum Leaper (feat. Lady Parsec),Azureflux,Electronic
114289,fma_small/114/114289.mp3,Dancing Til Dawn,Track Jackit,Electronic
114290,fma_small/114/114290.mp3,Elevation,Track Jackit,Electronic
114291,fma_small/114/114291.mp3,In Deep Soul,Track Jackit,Electronic
114292,fma_small/114/114292.mp3,Meet Me On The Dancefloor,Track Jackit,Electronic
114293,fma_small/114/114293.mp3,Night In Chicago,Track Jackit,Electronic
114294,fma_small/114/114294.mp3,Questions Answered,Track Jackit,Electronic
114295,fma_small/114/114295.mp3,Smooth Sailing,Track Jackit,Electronic
114296,fma_small/114/114296.mp3,"Soul, Funk, & Disco",Track Jackit,Electronic
114297,fma_small/114/114297.mp3,Time For The New Jack,Track Jackit,Electronic
114298,fma_small/114/114298.mp3,Track Jack Yo Body Now,Track Jackit,Electronic
114371,fma_small/114/114371.mp3,Wind,Madoka,Instrumental
114372,fma_small/114/114372.mp3,Humming,Madoka,Instrumental
114373,fma_small/114/114373.mp3,Explore,Madoka,Instrumental
114374,fma_small/114/114374.mp3,Thinking,Madoka,Instrumental
114375,fma_small/114/114375.mp3,Calmness,Madoka,Instrumental
114384,fma_small/114/114384.mp3,Back to the Fire,Quaro,Electronic
114385,fma_small/114/114385.mp3,Black Radiations,Quaro,Electronic
114386,fma_small/114/114386.mp3,Lost,Quaro/Bruno Del Ben,Electronic
114387,fma_small/114/114387.mp3,Mutter (Instrumental),Quaro,Electronic
114388,fma_small/114/114388.mp3,Mutter,Quaro,Electronic
114389,fma_small/114/114389.mp3,Nidra,Quaro,Electronic
114390,fma_small/114/114390.mp3,Poison,Quaro,Electronic
114391,fma_small/114/114391.mp3,Psion,Quaro,Electronic
114392,fma_small/114/114392.mp3,Summon,Quaro,Electronic
114393,fma_small/114/114393.mp3,Yojimbo,Quaro,Electronic
114395,fma_small/114/114395.mp3,Reflections Across The Sky,Scott Holmes,Rock
114396,fma_small/114/114396.mp3,Breathe New Life,Scott Holmes,Rock
114397,fma_small/114/114397.mp3,Chasing Shadows,Scott Holmes,Rock
114398,fma_small/114/114398.mp3,Uninvited,Scott Holmes,Rock
114399,fma_small/114/114399.mp3,Origin l,Scott Holmes,Rock
114400,fma_small/114/114400.mp3,Origin ll,Scott Holmes,Rock
114401,fma_small/114/114401.mp3,Wash Away,Scott Holmes,Rock
114402,fma_small/114/114402.mp3,Remember The Archer,Scott Holmes,Rock
114403,fma_small/114/114403.mp3,Close To The Distance,Scott Holmes,Rock
114404,fma_small/114/114404.mp3,Colossal Stillness,Scott Holmes,Rock
114405,fma_small/114/114405.mp3,Reminiscence,Scott Holmes,Rock
114406,fma_small/114/114406.mp3,Breathe New Life ll,Scott Holmes,Rock
114408,fma_small/114/114408.mp3,Feather,Scott Holmes,Rock
114409,fma_small/114/114409.mp3,Always The Last To Know,Scott Holmes,Rock
114410,fma_small/114/114410.mp3,Ascension,Scott Holmes,Rock
114411,fma_small/114/114411.mp3,Levels Of Greatness,Scott Holmes,Rock
114412,fma_small/114/114412.mp3,October,Scott Holmes,Rock
114413,fma_small/114/114413.mp3,Signals,Scott Holmes,Rock
114414,fma_small/114/114414.mp3,We Used To Paint Stars In The Sky,Scott Holmes,Rock
114415,fma_small/114/114415.mp3,Death Of An Orchid,Scott Holmes,Rock
114416,fma_small/114/114416.mp3,Beyond Something Beautiful,Scott Holmes,Rock
114430,fma_small/114/114430.mp3,Warming Days,Patrick Lee,Rock
114532,fma_small/114/114532.mp3,Diner Gothic - Bottomless,Blue Dot Sessions,Instrumental
114533,fma_small/114/114533.mp3,Diner Gothic - Closing,Blue Dot Sessions,Instrumental
114534,fma_small/114/114534.mp3,Diner Gothic - Dasher,Blue Dot Sessions,Instrumental
114535,fma_small/114/114535.mp3,Diner Gothic - Doubled,Blue Dot Sessions,Instrumental
114536,fma_small/114/114536.mp3,Diner Gothic - Intercept,Blue Dot Sessions,Instrumental
114538,fma_small/114/114538.mp3,Liquor Files - Hickory,Blue Dot Sessions,Instrumental
114539,fma_small/114/114539.mp3,Liquor Files - Limon,Blue Dot Sessions,Instrumental
114541,fma_small/114/114541.mp3,Liquor Files - Treacle,Blue Dot Sessions,Instrumental
114544,fma_small/114/114544.mp3,other side of the wave,epsilon not,Electronic
114545,fma_small/114/114545.mp3,shmoove,epsilon not,Electronic
114556,fma_small/114/114556.mp3,keep the money,epsilon not,Electronic
114558,fma_small/114/114558.mp3,delete_me,epsilon not,Electronic
114559,fma_small/114/114559.mp3,space funk systems 199X,epsilon not,Electronic
114879,fma_small/114/114879.mp3,Shto Mi E Milo,Yale Women's Slavic Chorus,International
114880,fma_small/114/114880.mp3,Erghen Deda,Yale Women's Slavic Chorus,International
114884,fma_small/114/114884.mp3,Prexvruxna Pfichlea,Yale Women's Slavic Chorus,International
114936,fma_small/114/114936.mp3,Ikn hob ongehoybn shplin a libe,Zingeray!,International
114937,fma_small/114/114937.mp3,Viglid far zikh aleyn,Zingeray!,International
114938,fma_small/114/114938.mp3,Vus geyst arim many kind azoy batsornt,Zingeray!,International
114939,fma_small/114/114939.mp3,"Oy vey mame, ikh shpil a libe",Zingeray!,International
114940,fma_small/114/114940.mp3,Di fishelekh in vaser,Zingeray!,International
114941,fma_small/114/114941.mp3,Lullaby - Song of the French Revolution,Zingeray!,International
114942,fma_small/114/114942.mp3,Who Will Plant the Seeds of Peace,Zingeray!,International
114943,fma_small/114/114943.mp3,Hob ikh mir a mantl,Zingeray!,International
114974,fma_small/114/114974.mp3,stormy castles (past),last king of poland,Experimental
114976,fma_small/114/114976.mp3,stormy castles (future),last king of poland,Experimental
115002,fma_small/115/115002.mp3,Squire Tuck - Get on the Funky Train to Groove Town,Squire Tuck,Instrumental
115011,fma_small/115/115011.mp3,"Squire Tuck - Funk In, Funk Out",Squire Tuck,Instrumental
115125,fma_small/115/115125.mp3,Time To Climb,PC-ONE,Experimental
115176,fma_small/115/115176.mp3,Squire Tuck - Homage to John Carpenter,Squire Tuck,Instrumental
115262,fma_small/115/115262.mp3,Mace Mace,Niva,International
115263,fma_small/115/115263.mp3,Taya Vecher,Niva,International
115267,fma_small/115/115267.mp3,Neli Storime,Niva,International
115268,fma_small/115/115268.mp3,Salzi Ronya/Snoshti Sum Libe,Niva,International
115269,fma_small/115/115269.mp3,Snoshti Ti Dojdovna Gosti,Niva,International
115271,fma_small/115/115271.mp3,Čoček of Vranje,Catherine Foster Brass Band,International
115272,fma_small/115/115272.mp3,Ilčovice mlada nevesta,Catherine Foster Brass Band,International
115273,fma_small/115/115273.mp3,Palma Il,Catherine Foster Brass Band,International
115288,fma_small/115/115288.mp3,Squire Tuck - Tongue-Tied & Twisted (for Your Love),Squire Tuck,Instrumental
115289,fma_small/115/115289.mp3,Squire Tuck - Overjoyed,Squire Tuck,Instrumental
115290,fma_small/115/115290.mp3,Squire Tuck - Ukulele Rising,Squire Tuck,Instrumental
115292,fma_small/115/115292.mp3,Squire Tuck - Ukulele Blues,Squire Tuck,Instrumental
115293,fma_small/115/115293.mp3,Squire Tuck - Rush to the Head,Squire Tuck,Instrumental
115294,fma_small/115/115294.mp3,Squire Tuck - Old Fashioned Lullaby,Squire Tuck,Instrumental
115321,fma_small/115/115321.mp3,Desert Castles,Little Glass Men,Electronic
115339,fma_small/115/115339.mp3,Whiteout,Little Glass Men,Electronic
115391,fma_small/115/115391.mp3,Yaataaru,505,Electronic
115392,fma_small/115/115392.mp3,Z,505,Electronic
115470,fma_small/115/115470.mp3,Farsical - Interlude,Blue Dot Sessions,Instrumental
115471,fma_small/115/115471.mp3,Farsical - Pieces,Blue Dot Sessions,Instrumental
115472,fma_small/115/115472.mp3,Farsical - Slow Driver,Blue Dot Sessions,Instrumental
115473,fma_small/115/115473.mp3,Farsical - The PI Sleeps,Blue Dot Sessions,Instrumental
115474,fma_small/115/115474.mp3,Farsical - Thematic,Blue Dot Sessions,Instrumental
115475,fma_small/115/115475.mp3,Farsical - Then a Gambling Problem,Blue Dot Sessions,Instrumental
115591,fma_small/115/115591.mp3,Coming Down,PC-ONE,Experimental
115592,fma_small/115/115592.mp3,RUDA,How I Quit Crack,Experimental
115597,fma_small/115/115597.mp3,ARTEMESIA PONTICA,How I Quit Crack,Experimental
115697,fma_small/115/115697.mp3,Emphase feat. Cansu,Ultratech,Electronic
115698,fma_small/115/115698.mp3,Emphase (Mseq Remix),Ultratech,Electronic
115699,fma_small/115/115699.mp3,Burn it down girl,Ultratech,Electronic
115700,fma_small/115/115700.mp3,Limmatrausch,Ultratech,Electronic
115721,fma_small/115/115721.mp3,Blue Pill,Martin R.,Electronic
115722,fma_small/115/115722.mp3,Sunrise,Martin R.,Electronic
115723,fma_small/115/115723.mp3,Acidamine,Martin R.,Electronic
115724,fma_small/115/115724.mp3,Theme for a Raven,Martin R.,Electronic
115735,fma_small/115/115735.mp3,Rage (feat Vosmoy),Still Pluto,Rock
115761,fma_small/115/115761.mp3,Roland Garros 2048,Zoliborz,Rock
115762,fma_small/115/115762.mp3,Poincare Conjecture,Zoliborz,Rock
115764,fma_small/115/115764.mp3,Hangovered,Zoliborz,Rock
115765,fma_small/115/115765.mp3,To Balagopalan Ganapathy,Zoliborz,Rock
115766,fma_small/115/115766.mp3,The Call of the Polar Star,Zoliborz,Rock
115767,fma_small/115/115767.mp3,The Last Whale,Jelsonic,Instrumental
115768,fma_small/115/115768.mp3,Lost Star,Jelsonic,Instrumental
115769,fma_small/115/115769.mp3,Moonsea,Jelsonic,Instrumental
115771,fma_small/115/115771.mp3,Saying Goodbye In The Rain (piano),Jelsonic,Instrumental
115772,fma_small/115/115772.mp3,The Returning,Jelsonic,Instrumental
115773,fma_small/115/115773.mp3,Theme For An Unmade Space Film,Jelsonic,Instrumental
115774,fma_small/115/115774.mp3,Time Is Picking Away,Jelsonic,Instrumental
115775,fma_small/115/115775.mp3,Vapour Trails,Jelsonic,Instrumental
115811,fma_small/115/115811.mp3,OST 01 Tutorial,sawsquarenoise,Electronic
115812,fma_small/115/115812.mp3,OST 02 Splash,sawsquarenoise,Electronic
115813,fma_small/115/115813.mp3,OST 03 Ship,sawsquarenoise,Electronic
115814,fma_small/115/115814.mp3,OST 04 Ship under attack,sawsquarenoise,Electronic
115815,fma_small/115/115815.mp3,OST 05 Go Go Go,sawsquarenoise,Electronic
115816,fma_small/115/115816.mp3,OST 06 Go Go Faster Faster,sawsquarenoise,Electronic
115817,fma_small/115/115817.mp3,On Axis,PC-ONE,Experimental
115849,fma_small/115/115849.mp3,8am,Dead Peoples Records,Experimental
115850,fma_small/115/115850.mp3,11am,Dead Peoples Records,Experimental
115852,fma_small/115/115852.mp3,8pm,Dead Peoples Records,Experimental
115888,fma_small/115/115888.mp3,Story Four - Fellows,Blue Dot Sessions,Instrumental
115891,fma_small/115/115891.mp3,Story Four - The Method,Blue Dot Sessions,Instrumental
115892,fma_small/115/115892.mp3,Story Four - Theme,Blue Dot Sessions,Instrumental
115922,fma_small/115/115922.mp3,Te quiero,Dj Dabadabakoski,Folk
115923,fma_small/115/115923.mp3,Lacrimosa golondrina,Bit Laden,Folk
115925,fma_small/115/115925.mp3,Para Tomás,Síndrome Amok,Folk
115926,fma_small/115/115926.mp3,Brian de Palma,Nestor +3,Folk
115927,fma_small/115/115927.mp3,Río,Flor Braier,Folk
115930,fma_small/115/115930.mp3,Pony Feelings,Flor Braier,Folk
115932,fma_small/115/115932.mp3,Al Revés,Flor Braier,Folk
115935,fma_small/115/115935.mp3,You are so apricot,Flor Braier,Folk
115944,fma_small/115/115944.mp3,Threnody,Myriam Gendron,Folk
115948,fma_small/115/115948.mp3,Solace,Myriam Gendron,Folk
116029,fma_small/116/116029.mp3,In a Heart of Jade,T(h)ree,Electronic
116068,fma_small/116/116068.mp3,Daybreak (feat. Henk),Jens East,Electronic
116098,fma_small/116/116098.mp3,Stingray - Dangerous Thought,Blue Dot Sessions,Instrumental
116099,fma_small/116/116099.mp3,Stingray - On the Court,Blue Dot Sessions,Instrumental
116101,fma_small/116/116101.mp3,Stingray - Theme,Blue Dot Sessions,Instrumental
116116,fma_small/116/116116.mp3,Commercial Industrial,10ksqft Werehaus,Experimental
116119,fma_small/116/116119.mp3,Electric Skeleton,10ksqft Werehaus,Experimental
116175,fma_small/116/116175.mp3,Misty Mountain Rendezvous,Squire Tuck,Instrumental
116176,fma_small/116/116176.mp3,Add Another Log to the Funeral Pyre,Squire Tuck,Instrumental
116177,fma_small/116/116177.mp3,A Mexican Love Affair,Squire Tuck,Instrumental
116235,fma_small/116/116235.mp3,Walpurgis Night,A.J.,Electronic
116236,fma_small/116/116236.mp3,Deep Window,Citofono,Electronic
116237,fma_small/116/116237.mp3,Voight-Kampff,DJ Puffin,Electronic
116238,fma_small/116/116238.mp3,In Between Moments (Motëm's Poser Mix),Motëm,Electronic
116239,fma_small/116/116239.mp3,Bonus Life,Radarsat-1,Electronic
116240,fma_small/116/116240.mp3,Rah Rah Rah,RPG-H8R,Electronic
116241,fma_small/116/116241.mp3,Space Cop,Smoked Meat Fax Machine,Electronic
116242,fma_small/116/116242.mp3,Cellularr,Synaptic,Electronic
116243,fma_small/116/116243.mp3,South Shore Strut,The Crayon Industry,Electronic
116261,fma_small/116/116261.mp3,000010KSQFT00564-T4,10ksqft Werehaus,Experimental
116344,fma_small/116/116344.mp3,Bitstrain,Csum,Electronic
116345,fma_small/116/116345.mp3,Should've Been a Hidden Track,Csum,Electronic
116372,fma_small/116/116372.mp3,Cornstalkers CBC Is a Liar,{AN} Eel,Experimental
116383,fma_small/116/116383.mp3,The Flight of the Bumblebee (Nikolai Andrejewitsch Rimski-Korsakow),Jaan Patterson,Experimental
116388,fma_small/116/116388.mp3,Electronica 3,Asthmatic Astronaut,Hip-Hop
116389,fma_small/116/116389.mp3,My heart beats to the break,Asthmatic Astronaut,Hip-Hop
116390,fma_small/116/116390.mp3,Jazz soul,Asthmatic Astronaut,Hip-Hop
116407,fma_small/116/116407.mp3,Dub step next left (feat Tom Wilkinson),Asthmatic Astronaut,Hip-Hop
116446,fma_small/116/116446.mp3,Gringo Flamenco,Montana Skies,Folk
116447,fma_small/116/116447.mp3,Malaguena (live),Montana Skies,Folk
116448,fma_small/116/116448.mp3,L.C.P. (Locomotion Commotion Potion) pre-mastered,Montana Skies,Folk
116449,fma_small/116/116449.mp3,Lift (with six string electric cello),Montana Skies,Folk
116451,fma_small/116/116451.mp3,December Mourning,Montana Skies,Folk
116452,fma_small/116/116452.mp3,The Edge of Night,Montana Skies,Folk
116453,fma_small/116/116453.mp3,House of the Rising Sun (live),Montana Skies,Folk
116454,fma_small/116/116454.mp3,Tunnels,Montana Skies,Folk
116455,fma_small/116/116455.mp3,Montana Skies,Montana Skies,Folk
116456,fma_small/116/116456.mp3,Canyon Breeze,Montana Skies,Folk
116457,fma_small/116/116457.mp3,Canyon Breeze (live),Montana Skies,Folk
116458,fma_small/116/116458.mp3,Gringo Flamenco (live),Montana Skies,Folk
116464,fma_small/116/116464.mp3,Tango Anal,Bit Laden,Experimental
116465,fma_small/116/116465.mp3,Max Hardcore's Chainsaw Party,Bit Laden,Experimental
116466,fma_small/116/116466.mp3,Anders,Blue Dot Sessions,Instrumental
116467,fma_small/116/116467.mp3,Enders,Blue Dot Sessions,Instrumental
116468,fma_small/116/116468.mp3,Theme,Blue Dot Sessions,Instrumental
116487,fma_small/116/116487.mp3,Scraper,Blue Dot Sessions,Instrumental
116488,fma_small/116/116488.mp3,Slider,Blue Dot Sessions,Instrumental
116489,fma_small/116/116489.mp3,Tossed,Blue Dot Sessions,Instrumental
116490,fma_small/116/116490.mp3,Transit,Blue Dot Sessions,Instrumental
116491,fma_small/116/116491.mp3,Wistful,Blue Dot Sessions,Instrumental
116514,fma_small/116/116514.mp3,R.A.H.M.A.V.N. [221],SULCUS,Experimental
116517,fma_small/116/116517.mp3,1-player zero-sum game,SULCUS,Experimental
116525,fma_small/116/116525.mp3,ghost cat glitch,SULCUS,Experimental
116526,fma_small/116/116526.mp3,My Magnificent Melancholy Muse,Squire Tuck,Instrumental
116527,fma_small/116/116527.mp3,Declaration of Love,Squire Tuck,Instrumental
116528,fma_small/116/116528.mp3,Passing of Friends & Past True Loves,Squire Tuck,Instrumental
116547,fma_small/116/116547.mp3,Waiting,Andrew Howes,Rock
116549,fma_small/116/116549.mp3,Charge into 2015,Dexter Britain,Instrumental
116586,fma_small/116/116586.mp3,Morceau de Fantaisie Elegie in E-min (Serguéi Vasilievich Rachmaninoff),Jaan Patterson,Experimental
116587,fma_small/116/116587.mp3,Toccata and Fugue (Johann Sebastian Bach),Jaan Patterson,Experimental
116704,fma_small/116/116704.mp3,Deep Blue Sea (with Jean Ritchie),Howie Mitchell,Folk
116706,fma_small/116/116706.mp3,Henry Martin,Howie Mitchell,Folk
116707,fma_small/116/116707.mp3,About Dulcimers,Howie Mitchell,Folk
116709,fma_small/116/116709.mp3,Gnossiennes No.1 (Éric Alfred Leslie Satie),Jaan Patterson,Experimental
116733,fma_small/116/116733.mp3,The Nocturne - Mandel,Blue Dot Sessions,Instrumental
116735,fma_small/116/116735.mp3,The Nocturne - Castillo,Blue Dot Sessions,Instrumental
116736,fma_small/116/116736.mp3,The Nocturne - Eleven,Blue Dot Sessions,Instrumental
116753,fma_small/116/116753.mp3,It's Time To Go,Alex Mason,Instrumental
116755,fma_small/116/116755.mp3,Emptiness,Alex Mason,Instrumental
116756,fma_small/116/116756.mp3,Inexplicable Fear,Alex Mason,Instrumental
116757,fma_small/116/116757.mp3,Rebels Are Close,Alex Mason,Instrumental
116758,fma_small/116/116758.mp3,Deserted House,Alex Mason,Instrumental
116759,fma_small/116/116759.mp3,Raid On The Camp,Alex Mason,Instrumental
116760,fma_small/116/116760.mp3,The Run,Alex Mason,Instrumental
116833,fma_small/116/116833.mp3,Sad,King Vulture,Rock
116868,fma_small/116/116868.mp3,Ray Gun - Take a Tiny Train,Blue Dot Sessions,Instrumental
116869,fma_small/116/116869.mp3,Ray Gun - Lull,Blue Dot Sessions,Instrumental
116870,fma_small/116/116870.mp3,Ray Gun - FasterFasterBrighter,Blue Dot Sessions,Instrumental
116871,fma_small/116/116871.mp3,Ray Gun - Chrome and Wax,Blue Dot Sessions,Instrumental
116872,fma_small/116/116872.mp3,Sky Ride,Itasca,Folk
116873,fma_small/116/116873.mp3,After Dawn,Itasca,Folk
116874,fma_small/116/116874.mp3,Marcy Rain,Itasca,Folk
116876,fma_small/116/116876.mp3,At The Table,Itasca,Folk
116877,fma_small/116/116877.mp3,8-bit Love Machine,Gumbel,Electronic
116878,fma_small/116/116878.mp3,Tapes,Gumbel,Electronic
116879,fma_small/116/116879.mp3,El Siniestro Y La Velóz,Gumbel,Electronic
116880,fma_small/116/116880.mp3,Levels,Gumbel,Electronic
116881,fma_small/116/116881.mp3,Killing Bosses,Gumbel,Electronic
116882,fma_small/116/116882.mp3,Fortsetzung Folgt,Gumbel,Electronic
116883,fma_small/116/116883.mp3,Something Small,Joan Shelley,Folk
117057,fma_small/117/117057.mp3,Nulla in Mundo Pax Sincera (Vivaldi),Jaan Patterson,Experimental
117159,fma_small/117/117159.mp3,The Answer,Blue Dot Sessions,Instrumental
117160,fma_small/117/117160.mp3,The Stasis,Blue Dot Sessions,Instrumental
117161,fma_small/117/117161.mp3,Reptile Theme,Blue Dot Sessions,Instrumental
117169,fma_small/117/117169.mp3,An Introduction to Beetles,Blue Dot Sessions,Instrumental
117170,fma_small/117/117170.mp3,Insatiable Toad,Blue Dot Sessions,Instrumental
117171,fma_small/117/117171.mp3,Inside the Origami Violin,Blue Dot Sessions,Instrumental
117172,fma_small/117/117172.mp3,Inside the Paper Crane,Blue Dot Sessions,Instrumental
117173,fma_small/117/117173.mp3,Nesting,Blue Dot Sessions,Instrumental
117251,fma_small/117/117251.mp3,Unrequited Love,Squire Tuck,Instrumental
117252,fma_small/117/117252.mp3,Music Box,Squire Tuck,Instrumental
117253,fma_small/117/117253.mp3,The Consequences of Others,Squire Tuck,Instrumental
117287,fma_small/117/117287.mp3,Wee Bird,My brother Daniel,Electronic
117288,fma_small/117/117288.mp3,Ponky McFonky,My brother Daniel,Electronic
117450,fma_small/117/117450.mp3,Don't Play Chicken at Snake Hill!,Vitamin Pets,Rock
117472,fma_small/117/117472.mp3,Patty Cake,Attic Ted,Pop
117473,fma_small/117/117473.mp3,I Dont Mind,Attic Ted,Pop
117609,fma_small/117/117609.mp3,Periodicals,Blue Dot Sessions,Instrumental
117610,fma_small/117/117610.mp3,Outside the Terminal,Blue Dot Sessions,Instrumental
117611,fma_small/117/117611.mp3,More Weather,Blue Dot Sessions,Instrumental
117612,fma_small/117/117612.mp3,Mobile,Blue Dot Sessions,Instrumental
117613,fma_small/117/117613.mp3,City Limits,Blue Dot Sessions,Instrumental
117614,fma_small/117/117614.mp3,Red City Theme,Blue Dot Sessions,Instrumental
117626,fma_small/117/117626.mp3,bonus - La jeune Pierre - alt piano mix,Ulrike Mod,Instrumental
117627,fma_small/117/117627.mp3,Phantasmagoric Sheeps Of The World,Julia K. Mars,Folk
117628,fma_small/117/117628.mp3,Cool Blues,Julia K. Mars,Folk
117629,fma_small/117/117629.mp3,The New Chance,Julia K. Mars,Folk
117630,fma_small/117/117630.mp3,Story Of A Breath,Julia K. Mars,Folk
117631,fma_small/117/117631.mp3,The Answer,Julia K. Mars,Folk
117632,fma_small/117/117632.mp3,Array Of Concerns,Julia K. Mars,Folk
117666,fma_small/117/117666.mp3,Fayah,La Inédita,International
117667,fma_small/117/117667.mp3,No Se Queja,La Inédita,International
117668,fma_small/117/117668.mp3,Pa Viejitos,La Inédita,International
117669,fma_small/117/117669.mp3,Atento,La Inédita,International
117670,fma_small/117/117670.mp3,Chicha Chicha,La Inédita,International
117846,fma_small/117/117846.mp3,C,The Basic Income Earth Network and Ruben D'Hers,Experimental
117883,fma_small/117/117883.mp3,Cruise Control,Connections,Rock
117884,fma_small/117/117884.mp3,Green Skull,Connections,Rock
117885,fma_small/117/117885.mp3,Cul de Sac/Tough City,Connections,Rock
117886,fma_small/117/117886.mp3,You Won't Forget It/Low Low Low,Connections,Rock
117887,fma_small/117/117887.mp3,Month 2 Month/Love St.,Connections,Rock
117942,fma_small/117/117942.mp3,L'amour est enfant dub,Volfoniq,International
117943,fma_small/117/117943.mp3,Comment - Sulitu in dub,Arrogalla,International
117944,fma_small/117/117944.mp3,Whispers remix,mildtape,International
117945,fma_small/117/117945.mp3,Como - Amigos Adubados,Buguinha Dub,International
117946,fma_small/117/117946.mp3,Not too late,Moolen,International
117961,fma_small/117/117961.mp3,"Marcel Duchamp, Frank Zappa, Jean Cocteau",Anal Sadist,Experimental
117966,fma_small/117/117966.mp3,Marcel Duchamp,Vladimír Hirsch,Experimental
117967,fma_small/117/117967.mp3,The Interviews,Fake Cats Project,Experimental
117970,fma_small/117/117970.mp3,The Interviews,Jared C. Balogh,Experimental
117991,fma_small/117/117991.mp3,Anthony Donovan,Ars Sonor,Experimental
118000,fma_small/118/118000.mp3,"Anthony Donovan, Marcel Duchamp, Georges Bataille",Juan Angel Italiano,Experimental
118012,fma_small/118/118012.mp3,"Georges Bataille, Paul Éluard",suRRism,Experimental
118058,fma_small/118/118058.mp3,Black Ballots,Blue Dot Sessions,Instrumental
118059,fma_small/118/118059.mp3,Front Runner,Blue Dot Sessions,Instrumental
118060,fma_small/118/118060.mp3,Janitor,Blue Dot Sessions,Instrumental
118061,fma_small/118/118061.mp3,Masonry,Blue Dot Sessions,Instrumental
118062,fma_small/118/118062.mp3,Tanguedo,Blue Dot Sessions,Instrumental
118063,fma_small/118/118063.mp3,Union Hall Melody,Blue Dot Sessions,Instrumental
118068,fma_small/118/118068.mp3,IIIII - ОНИ ПОПЛАТЯТСЯ by Kosta T,Kosta T,Instrumental
118070,fma_small/118/118070.mp3,After Dark,Project 5am,Electronic
118084,fma_small/118/118084.mp3,Only All,PC-ONE,Experimental
118085,fma_small/118/118085.mp3,Pause,PC-ONE,Experimental
118087,fma_small/118/118087.mp3,Too Much To Never,PC-ONE,Experimental
118195,fma_small/118/118195.mp3,Ave,PC-ONE,Experimental
118196,fma_small/118/118196.mp3,The Blues With No Horizon,PC-ONE,Experimental
118222,fma_small/118/118222.mp3,The March,PC-ONE,Experimental
118223,fma_small/118/118223.mp3,Baptism,PC-ONE,Experimental
118257,fma_small/118/118257.mp3,don't care bar,compost haven,Experimental
118276,fma_small/118/118276.mp3,Love Is The Happiest Way,PC-ONE,Experimental
118277,fma_small/118/118277.mp3,Dreams In Overdrive,PC-ONE,Experimental
118279,fma_small/118/118279.mp3,crucial,springtide,Rock
118327,fma_small/118/118327.mp3,Or Does It Explode?,Tyranny is Tyranny,Rock
118384,fma_small/118/118384.mp3,Horse Helpers Reprise,Vitamin Pets,Rock
118478,fma_small/118/118478.mp3,XI,Ben Townsend,Experimental
118484,fma_small/118/118484.mp3,I,Dina Maccabee,Experimental
118489,fma_small/118/118489.mp3,II,Jesse Krakow,Experimental
118496,fma_small/118/118496.mp3,2,Dan Cantrell,Experimental
118498,fma_small/118/118498.mp3,10,Isaac Silk and Tennessee Mowrey,Experimental
118499,fma_small/118/118499.mp3,8,Jesse Olsen Bay,Experimental
118500,fma_small/118/118500.mp3,3,Jonathan Zorn,Experimental
118502,fma_small/118/118502.mp3,7,Michael Mellender,Experimental
118503,fma_small/118/118503.mp3,5,Ron Shalom,Experimental
118504,fma_small/118/118504.mp3,6,Toby Summerfield,Experimental
118505,fma_small/118/118505.mp3,B,Josh Tillinghast,Experimental
118507,fma_small/118/118507.mp3,A,Mouzhan Yousefi Carton,Experimental
118569,fma_small/118/118569.mp3,Hey You Guys,Cheese N Pot-C,Hip-Hop
118618,fma_small/118/118618.mp3,Hanami Matsuri (花見祭り),Fabian Measures,Instrumental
118629,fma_small/118/118629.mp3,Black Diamond,Marrach with H. Stewart,Electronic
118670,fma_small/118/118670.mp3,When The Rains,Red Trees,Folk
118671,fma_small/118/118671.mp3,Butterfly Shield,Red Trees,Folk
118672,fma_small/118/118672.mp3,Mountain,Red Trees,Folk
118674,fma_small/118/118674.mp3,Driving Just To Drive,Red Trees,Folk
118734,fma_small/118/118734.mp3,Eu Octa 7 8 14bounce,Russell E. L. Butler,Electronic
118735,fma_small/118/118735.mp3,Moonlight,The Golden Dawn,Folk
118738,fma_small/118/118738.mp3,Enjoy the nature,The Golden Dawn,Folk
118739,fma_small/118/118739.mp3,Seagull,The Golden Dawn,Folk
118886,fma_small/118/118886.mp3,Sugary Sweet,Pepper Coat,Folk
118891,fma_small/118/118891.mp3,This Little Light of Mine,Pepper Coat,Folk
118920,fma_small/118/118920.mp3,Golden,Little Glass Men,Electronic
118921,fma_small/118/118921.mp3,Westside Chillers,Little Glass Men,Electronic
118922,fma_small/118/118922.mp3,Modulation of the Spirit,Little Glass Men,Electronic
118923,fma_small/118/118923.mp3,Blackout & Blue,Little Glass Men,Electronic
118950,fma_small/118/118950.mp3,Fall,Igor Khabarov,Instrumental
118951,fma_small/118/118951.mp3,Rise,Igor Khabarov,Instrumental
118952,fma_small/118/118952.mp3,Run,Igor Khabarov,Instrumental
118953,fma_small/118/118953.mp3,Stay,Igor Khabarov,Instrumental
118954,fma_small/118/118954.mp3,Try,Igor Khabarov,Instrumental
118955,fma_small/118/118955.mp3,Wait,Igor Khabarov,Instrumental
118957,fma_small/118/118957.mp3,AVIATION CRAB ORCHESTRA (JAAN PATTERSON - 05 - GI),ODOR BABY,Experimental
118958,fma_small/118/118958.mp3,AVIATION CRAB ORCHESTRA (WAGNER),ODOR BABY,Experimental
118972,fma_small/118/118972.mp3,AVIATION CRAB ORCHESTRA (INTANGIBLE 23 RADIO),ODOR BABY,Experimental
118986,fma_small/118/118986.mp3,Mana,Bagat,Experimental
118987,fma_small/118/118987.mp3,Ventus,Bagat,Experimental
118988,fma_small/118/118988.mp3,Coda,Bagat,Experimental
119025,fma_small/119/119025.mp3,The Sun Has Wings,Change!,Experimental
119026,fma_small/119/119026.mp3,Colourdome,Change!,Experimental
119027,fma_small/119/119027.mp3,How Do I Say Goodbye To Myself,Change!,Experimental
119063,fma_small/119/119063.mp3,Nature World Love,FortyOne,Experimental
119086,fma_small/119/119086.mp3,Battle Hymn Of The Children,FortyOne,Experimental
119095,fma_small/119/119095.mp3,Hip Hip Hop,FortyOne,Experimental
119097,fma_small/119/119097.mp3,A Happy Little Song,FortyOne,Experimental
119118,fma_small/119/119118.mp3,human nature is nature nature,FortyOne,Experimental
119134,fma_small/119/119134.mp3,i want the princess!,FortyOne,Experimental
119187,fma_small/119/119187.mp3,The I love you song,Puyo Puyo,Pop
119193,fma_small/119/119193.mp3,Tangerine cream,Puyo Puyo,Pop
119257,fma_small/119/119257.mp3,like love,The Wades,Rock
119369,fma_small/119/119369.mp3,calm,Erick Gallun,Experimental
119379,fma_small/119/119379.mp3,Not_re_Da_me,Erick Gallun,Experimental
119413,fma_small/119/119413.mp3,Waiting For Enlightenment Blues,Eddie The Rat,Experimental
119545,fma_small/119/119545.mp3,Jungle Conflict,Full Load of King,Experimental
119569,fma_small/119/119569.mp3,Devil Hell,Iron Metal,Rock
119571,fma_small/119/119571.mp3,Rock on the Hole - Side 1,Iron Metal,Rock
119574,fma_small/119/119574.mp3,Rock on the Hole - Side 4,Iron Metal,Rock
119575,fma_small/119/119575.mp3,A. Ross Perot With A Disturbing Story / B. Operation Brittany,Nicholas Smith,Experimental
119578,fma_small/119/119578.mp3,A. Darkness... Smile / B. Commercial Break,Nicholas Smith,Experimental
119579,fma_small/119/119579.mp3,"A. And Now! More News, Debate, And Let's Not Forget Their Opinions / B. Commercial Break",Nicholas Smith,Experimental
119580,fma_small/119/119580.mp3,"A. Integrated Love Circle / B. You ""R"" Electronic / C. And Image: - Girls Rule The Earth / D. Economic Isolationism, For Responsolationism, For Response",Nicholas Smith,Experimental
119582,fma_small/119/119582.mp3,A Good Note To End On,Nicholas Smith,Experimental
119583,fma_small/119/119583.mp3,Satan Speaks English,Nicholas Smith,Experimental
119584,fma_small/119/119584.mp3,Dildo Saga,Pee-Bug,Pop
119592,fma_small/119/119592.mp3,Free,Pee-Bug,Pop
119715,fma_small/119/119715.mp3,Side 2,Kraus,Rock
119719,fma_small/119/119719.mp3,imensa prece,manuel gordiani,Folk
119725,fma_small/119/119725.mp3,il vecchio francesco,manuel gordiani,Folk
119726,fma_small/119/119726.mp3,o pescador,manuel gordiani,Folk
119727,fma_small/119/119727.mp3,999,manuelgordiani.it - fabrizioab,Experimental
119745,fma_small/119/119745.mp3,fire music,gordiani,Experimental
119828,fma_small/119/119828.mp3,Song of Hope in a World Without Care,Squire Tuck,Instrumental
119830,fma_small/119/119830.mp3,Future Past,Squire Tuck,Instrumental
119831,fma_small/119/119831.mp3,To Absent Friends,Squire Tuck,Instrumental
119893,fma_small/119/119893.mp3,Xandre,Blue Dot Sessions,Instrumental
119894,fma_small/119/119894.mp3,Villa,Blue Dot Sessions,Instrumental
119895,fma_small/119/119895.mp3,McKrary,Blue Dot Sessions,Instrumental
119896,fma_small/119/119896.mp3,Illway,Blue Dot Sessions,Instrumental
119897,fma_small/119/119897.mp3,Jefferson,Blue Dot Sessions,Instrumental
119898,fma_small/119/119898.mp3,Ferry Landing,Blue Dot Sessions,Instrumental
119899,fma_small/119/119899.mp3,Dash and Slope,Blue Dot Sessions,Instrumental
119900,fma_small/119/119900.mp3,Ballast,Blue Dot Sessions,Instrumental
119901,fma_small/119/119901.mp3,Chalk,Blue Dot Sessions,Instrumental
119922,fma_small/119/119922.mp3,The Exit to the Rainbow,springtide,Rock
119938,fma_small/119/119938.mp3,Showtime,J Mano,Hip-Hop
119939,fma_small/119/119939.mp3,Riding Music,J Mano,Hip-Hop
119940,fma_small/119/119940.mp3,Be Yourself,J Mano,Hip-Hop
119941,fma_small/119/119941.mp3,Winners,J Mano,Hip-Hop
119942,fma_small/119/119942.mp3,Goals,J Mano,Hip-Hop
119979,fma_small/119/119979.mp3,Hey You Guys (Acapella),Cheese N Pot-C,Hip-Hop
119985,fma_small/119/119985.mp3,Director's Cut,Cassette Tape Bandits,Hip-Hop
119988,fma_small/119/119988.mp3,Spot Rockers,Cassette Tape Bandits,Hip-Hop
119991,fma_small/119/119991.mp3,You Lost On Price Is Right,Cassette Tape Bandits,Hip-Hop
119992,fma_small/119/119992.mp3,Kids Say The Darndest Things,Cassette Tape Bandits,Hip-Hop
119993,fma_small/119/119993.mp3,ET The Extra Testicle,Cassette Tape Bandits,Hip-Hop
119994,fma_small/119/119994.mp3,Bird Up!,Cassette Tape Bandits,Hip-Hop
120099,fma_small/120/120099.mp3,Do The Food,The Nourishment,Pop
120105,fma_small/120/120105.mp3,Happy Boccherini,Lanark,Pop
120109,fma_small/120/120109.mp3,Accidental Beatnik,Coconut Monkeyrocket,Pop
120111,fma_small/120/120111.mp3,Bicycle Fascism,Erick Gallun & Chris Stecker (Brain Science),Pop
120112,fma_small/120/120112.mp3,Very Happy Encounters,Inzah,Pop
120150,fma_small/120/120150.mp3,Old Long Sin,The Slate Pipe Banjo Draggers,Experimental
120160,fma_small/120/120160.mp3,Excelsior Lang Syne,The Holiday Squad,Experimental
120161,fma_small/120/120161.mp3,Abchied Bruder (Happy Little Auld Lang Syne),Bros II,Experimental
120171,fma_small/120/120171.mp3,One Minute To Midnight (Or: How I Spent New Year's Eve 2005),mr_melvis,Experimental
120172,fma_small/120/120172.mp3,Come Back,Hope For Agoldensummer,Folk
120177,fma_small/120/120177.mp3,Daniel Bloom,Hope For Agoldensummer,Folk
120178,fma_small/120/120178.mp3,Fix This,Hope For Agoldensummer,Folk
120179,fma_small/120/120179.mp3,Intro Monstro Crescendo,Messer Chups,Pop
120183,fma_small/120/120183.mp3,Graduation Day,Math and Physics Club,Pop
120184,fma_small/120/120184.mp3,Lavender Hip Mob,Lee Rosevere,Pop
120188,fma_small/120/120188.mp3,New Years Party by Toptygin (live),Kim & Buran,Pop
120189,fma_small/120/120189.mp3,Rock'n Roll Boy,Chenard Walcker,Pop
120194,fma_small/120/120194.mp3,Devil Exit From Fashion,Messer Chups,Pop
120196,fma_small/120/120196.mp3,Alien Pops Trilogy (featuring Midas),FortyOne,Pop
120199,fma_small/120/120199.mp3,Tegwar,Lee Rosevere,Pop
120200,fma_small/120/120200.mp3,Polivox Box + Garage,Messer Chups,Pop
120201,fma_small/120/120201.mp3,"So Be It Soviet, The Undertow",R. Stevie Moore (with Irwin Chusid),Pop
120203,fma_small/120/120203.mp3,Birthday Party,Kim & Buran,Pop
120206,fma_small/120/120206.mp3,Just Believe (We'll Get There),Very Proper Dragonflies,Pop
120207,fma_small/120/120207.mp3,Like A Virgin,The Apartment,Pop
120208,fma_small/120/120208.mp3,Comfort Stand Records Remix Project : Song #2,FortyOne,Pop
120296,fma_small/120/120296.mp3,All My Light,Cory Gray,Instrumental
120297,fma_small/120/120297.mp3,Anthills,Cory Gray,Instrumental
120298,fma_small/120/120298.mp3,Attic,Cory Gray,Instrumental
120299,fma_small/120/120299.mp3,Build A View,Cory Gray,Instrumental
120300,fma_small/120/120300.mp3,Call In Sick,Cory Gray,Instrumental
120302,fma_small/120/120302.mp3,Coast To Coast,Cory Gray,Instrumental
120303,fma_small/120/120303.mp3,Concrete Clock,Cory Gray,Instrumental
120304,fma_small/120/120304.mp3,Doctor 1,Cory Gray,Instrumental
120305,fma_small/120/120305.mp3,Doctor 2,Cory Gray,Instrumental
120306,fma_small/120/120306.mp3,Down To The Street,Cory Gray,Instrumental
120307,fma_small/120/120307.mp3,Driveway Chunk,Cory Gray,Instrumental
120308,fma_small/120/120308.mp3,Dudes On A Roof,Cory Gray,Instrumental
120309,fma_small/120/120309.mp3,Follow The Trail,Cory Gray,Instrumental
120310,fma_small/120/120310.mp3,Gold Sunset,Cory Gray,Instrumental
120312,fma_small/120/120312.mp3,House Arrest,Cory Gray,Instrumental
120313,fma_small/120/120313.mp3,Interstate Prelude,Cory Gray,Instrumental
120314,fma_small/120/120314.mp3,Killingsworth Drop,Cory Gray,Instrumental
120315,fma_small/120/120315.mp3,Life Size Head,Cory Gray,Instrumental
120316,fma_small/120/120316.mp3,Mountains 2,Cory Gray,Instrumental
120317,fma_small/120/120317.mp3,Mountains,Cory Gray,Instrumental
120318,fma_small/120/120318.mp3,Nothing More Than Something,Cory Gray,Instrumental
120319,fma_small/120/120319.mp3,One Shot Charlie,Cory Gray,Instrumental
120320,fma_small/120/120320.mp3,Plans For The Day,Cory Gray,Instrumental
120321,fma_small/120/120321.mp3,Quoting Dead Comedians,Cory Gray,Instrumental
120322,fma_small/120/120322.mp3,Rosie,Cory Gray,Instrumental
120323,fma_small/120/120323.mp3,Someone Kill Jt,Cory Gray,Instrumental
120324,fma_small/120/120324.mp3,Spit Off The Bridge,Cory Gray,Instrumental
120325,fma_small/120/120325.mp3,Tell The Future,Cory Gray,Instrumental
120326,fma_small/120/120326.mp3,The Sink,Cory Gray,Instrumental
120327,fma_small/120/120327.mp3,Walls Of A Cave,Cory Gray,Instrumental
120328,fma_small/120/120328.mp3,Walls Of The World,Cory Gray,Instrumental
120329,fma_small/120/120329.mp3,When The New Line Finds You,Cory Gray,Instrumental
120330,fma_small/120/120330.mp3,Wind Tunnel,Cory Gray,Instrumental
120331,fma_small/120/120331.mp3,Wrecking Ball,Cory Gray,Instrumental
120332,fma_small/120/120332.mp3,WTS,Cory Gray,Instrumental
120333,fma_small/120/120333.mp3,Clear Your Head,Cory Gray,Instrumental
120462,fma_small/120/120462.mp3,Gravity,SPCZ,Electronic
120466,fma_small/120/120466.mp3,Stratoskop,SPCZ,Electronic
120467,fma_small/120/120467.mp3,Space Night,SPCZ,Electronic
120468,fma_small/120/120468.mp3,Amal,SPCZ,Electronic
120469,fma_small/120/120469.mp3,Dust,SPCZ,Electronic
120470,fma_small/120/120470.mp3,Legend,SPCZ,Electronic
120471,fma_small/120/120471.mp3,Sphere,SPCZ,Electronic
120504,fma_small/120/120504.mp3,Explosion,Nick Davies,Instrumental
120513,fma_small/120/120513.mp3,Nesco Gloss,LAZY SALON,Instrumental
120514,fma_small/120/120514.mp3,Upside Crown,LAZY SALON,Instrumental
120515,fma_small/120/120515.mp3,Rai,LAZY SALON,Instrumental
120518,fma_small/120/120518.mp3,Zaczek,Kotúče DM,Rock
120769,fma_small/120/120769.mp3,Wait For Me,Aaron Mist,Instrumental
120770,fma_small/120/120770.mp3,Nuclear Ashes,Aaron Mist,Instrumental
120771,fma_small/120/120771.mp3,They Made Me Monster,Aaron Mist,Instrumental
120772,fma_small/120/120772.mp3,Burning Forest,Aaron Mist,Instrumental
120773,fma_small/120/120773.mp3,Revenge,Aaron Mist,Instrumental
120774,fma_small/120/120774.mp3,Be The Light,Aaron Mist,Instrumental
120775,fma_small/120/120775.mp3,I Want You'll be Proud of Me,Aaron Mist,Instrumental
120776,fma_small/120/120776.mp3,Whales Inside,Aaron Mist,Instrumental
120777,fma_small/120/120777.mp3,Rainmaker,Aaron Mist,Instrumental
120778,fma_small/120/120778.mp3,Through the ages,Aaron Mist,Instrumental
120779,fma_small/120/120779.mp3,what hath god wrought,Teleg.,Experimental
120782,fma_small/120/120782.mp3,things are not as they seem,Teleg.,Experimental
121251,fma_small/121/121251.mp3,El Horror Sucesivo del Vacío,Guerra de Cerdos,Rock
121256,fma_small/121/121256.mp3,Shake the Dust,King Capisce,Rock
121257,fma_small/121/121257.mp3,Never Spoken (Extended Edit),King Capisce,Rock
121273,fma_small/121/121273.mp3,Winter Vines,Talugung,Experimental
121288,fma_small/121/121288.mp3,Time-Scene #2,Running Point,Experimental
121312,fma_small/121/121312.mp3,cloud cover,Coin Locker Kid,Hip-Hop
121313,fma_small/121/121313.mp3,zentropa,Coin Locker Kid,Hip-Hop
121314,fma_small/121/121314.mp3,anxiety,Coin Locker Kid,Hip-Hop
121315,fma_small/121/121315.mp3,sollerod fascists,Coin Locker Kid,Hip-Hop
121316,fma_small/121/121316.mp3,prometheus,Coin Locker Kid,Hip-Hop
121317,fma_small/121/121317.mp3,return to malice,Coin Locker Kid,Hip-Hop
121318,fma_small/121/121318.mp3,something brewing,Coin Locker Kid,Hip-Hop
121319,fma_small/121/121319.mp3,the monorail,Coin Locker Kid,Hip-Hop
121320,fma_small/121/121320.mp3,goldheart,Coin Locker Kid,Hip-Hop
121321,fma_small/121/121321.mp3,annabelle,Coin Locker Kid,Hip-Hop
121322,fma_small/121/121322.mp3,crumbs,Coin Locker Kid,Hip-Hop
121323,fma_small/121/121323.mp3,idiotik,Coin Locker Kid,Hip-Hop
121346,fma_small/121/121346.mp3,AVIATION CRAB ORCHESTRA (HARSH NOISE POSER),ODOR BABY,Experimental
121366,fma_small/121/121366.mp3,Pedro Sousa - Pós Africanismos Redundantes,YANSR & CCC,Experimental
121415,fma_small/121/121415.mp3,The Western Front,Dead End Canada,Rock
121449,fma_small/121/121449.mp3,Happy Feelings,Dan Lizard,Electronic
121450,fma_small/121/121450.mp3,Kalimba Funk,Dan Lizard,Electronic
121451,fma_small/121/121451.mp3,Make It Funky,Dan Lizard,Electronic
121452,fma_small/121/121452.mp3,Strawberry Boogie,Dan Lizard,Electronic
121453,fma_small/121/121453.mp3,The Look In Your Eyes,Dan Lizard,Electronic
121454,fma_small/121/121454.mp3,Thinking About Your Love,Dan Lizard,Electronic
121472,fma_small/121/121472.mp3,Archival (Emergence),Satellite Ensemble,Instrumental
121473,fma_small/121/121473.mp3,Duets,Satellite Ensemble,Instrumental
121474,fma_small/121/121474.mp3,Three Pianos,Satellite Ensemble,Instrumental
121475,fma_small/121/121475.mp3,Time=Pain,Satellite Ensemble,Instrumental
121570,fma_small/121/121570.mp3,Japanese Vacation,Spider Bags,Rock
121589,fma_small/121/121589.mp3,Weekend Girls / Can't Have Her Back,Kurt Baker,Pop
121590,fma_small/121/121590.mp3,Why You Gotta Lie,Kurt Baker,Pop
121591,fma_small/121/121591.mp3,Everybody Knows,Kurt Baker,Pop
121592,fma_small/121/121592.mp3,Partied Out,Kurt Baker,Pop
121593,fma_small/121/121593.mp3,Don't Go Falling In Love,Kurt Baker,Pop
121594,fma_small/121/121594.mp3,I Can't Wait,Kurt Baker,Pop
121595,fma_small/121/121595.mp3,'85s,Phatte Harry,Electronic
121651,fma_small/121/121651.mp3,Her History of Water,happiness in aeroplanes,Instrumental
121652,fma_small/121/121652.mp3,The Silent World,happiness in aeroplanes,Instrumental
121653,fma_small/121/121653.mp3,Voyage of the Pequod,happiness in aeroplanes,Instrumental
121654,fma_small/121/121654.mp3,An Ocean Like The Others,happiness in aeroplanes,Instrumental
121655,fma_small/121/121655.mp3,The Dream Room,happiness in aeroplanes,Instrumental
121656,fma_small/121/121656.mp3,Of Sargasso Sea,happiness in aeroplanes,Instrumental
121657,fma_small/121/121657.mp3,Je suis Partout,happiness in aeroplanes,Instrumental
121658,fma_small/121/121658.mp3,The Encantadas,happiness in aeroplanes,Instrumental
121659,fma_small/121/121659.mp3,The Isle of Lost Ships,happiness in aeroplanes,Instrumental
121660,fma_small/121/121660.mp3,Paper Moons,happiness in aeroplanes,Instrumental
121661,fma_small/121/121661.mp3,A Black Obelisk In A Narrow Sea,happiness in aeroplanes,Instrumental
121662,fma_small/121/121662.mp3,Kyoko's House,happiness in aeroplanes,Instrumental
121663,fma_small/121/121663.mp3,Bridgewater Triangle,happiness in aeroplanes,Instrumental
121664,fma_small/121/121664.mp3,Sunken Lighthouse,happiness in aeroplanes,Instrumental
121665,fma_small/121/121665.mp3,Wayward Docks,happiness in aeroplanes,Instrumental
121666,fma_small/121/121666.mp3,Upstream Harbour,happiness in aeroplanes,Instrumental
121734,fma_small/121/121734.mp3,Stars on the Boulevard,Frozen Houses,Pop
121735,fma_small/121/121735.mp3,Trouble Outside,Frozen Houses,Pop
121736,fma_small/121/121736.mp3,Listen,Frozen Houses,Pop
121737,fma_small/121/121737.mp3,Back On The Train,Frozen Houses,Pop
121738,fma_small/121/121738.mp3,Hummingbird,Frozen Houses,Pop
121739,fma_small/121/121739.mp3,Birmingham Road Birthday Song featuring Lucy Hill,Frozen Houses,Pop
121740,fma_small/121/121740.mp3,finished enconomic survivor,Frozen Houses,Pop
121813,fma_small/121/121813.mp3,"Blood, Devastation, Death, War and Horror",Argument Clinic,Rock
121866,fma_small/121/121866.mp3,Perfect Day,The Britemores,Rock
121867,fma_small/121/121867.mp3,Shot Down,The Britemores,Rock
121869,fma_small/121/121869.mp3,Sick Of You,The Britemores,Rock
121913,fma_small/121/121913.mp3,Dubbing into di wild,Negritage,International
121915,fma_small/121/121915.mp3,Dub Kontrol Skank,Negritage,International
121922,fma_small/121/121922.mp3,Babylon fall dubwize ft Jam York,Negritage,International
121926,fma_small/121/121926.mp3,Youthman Stepwise (Bass cut),Negritage,International
121929,fma_small/121/121929.mp3,Dubbing time,Negritage,International
121930,fma_small/121/121930.mp3,Guetto Rockers in dub,Negritage,International
121976,fma_small/121/121976.mp3,Every Day is a Celebration,Zatan,Experimental
121985,fma_small/121/121985.mp3,Broken Shadows,Faster,Experimental
121987,fma_small/121/121987.mp3,Good For You (Piano Phase),Matt Riggen Quintet,Experimental
121998,fma_small/121/121998.mp3,Leftover Skin,Beauty School,Experimental
122001,fma_small/122/122001.mp3,Blues For Puck,Dimmer Twins,Experimental
122003,fma_small/122/122003.mp3,No Brainium in de Cranium,Bret Harold Hart,Experimental
122004,fma_small/122/122004.mp3,For Ornette,Christopher Petkus,Experimental
122066,fma_small/122/122066.mp3,A Message,Jahzzar,Rock
122077,fma_small/122/122077.mp3,1000 Miles,Jahzzar,Rock
122079,fma_small/122/122079.mp3,Black Jar,Jahzzar,Rock
122080,fma_small/122/122080.mp3,Dory Honey,Jahzzar,Rock
122081,fma_small/122/122081.mp3,Eyewitness,Jahzzar,Rock
122082,fma_small/122/122082.mp3,Gonzo,Jahzzar,Rock
122083,fma_small/122/122083.mp3,In my pocket,Jahzzar,Rock
122084,fma_small/122/122084.mp3,March Madness,Jahzzar,Rock
122085,fma_small/122/122085.mp3,Placeholder,Jahzzar,Rock
122086,fma_small/122/122086.mp3,Sometimes,Jahzzar,Rock
122087,fma_small/122/122087.mp3,Wastecnology,Jahzzar,Rock
122088,fma_small/122/122088.mp3,What?,Jahzzar,Rock
122106,fma_small/122/122106.mp3,"Gentle, Cruel Orb",Electroblurgen,Experimental
122107,fma_small/122/122107.mp3,A Cheetah Grimly Grooms,Electroblurgen,Experimental
122132,fma_small/122/122132.mp3,Woman of the Rain,J. Karl Bogartte & Jaan Patterson,Experimental
122143,fma_small/122/122143.mp3,Genome Chomsky (pt I),Anthony Donovan & Jaan Patterson,Experimental
122153,fma_small/122/122153.mp3,daRundada Sys,suRRism,Experimental
122155,fma_small/122/122155.mp3,Destroyer,John Hyatt & Jaan Patterson,Experimental
122166,fma_small/122/122166.mp3,Grimaces and other useful techniques,"Binary Slim, John Juan & Jaan Patterson",Experimental
122168,fma_small/122/122168.mp3,Victim of Dreams,Jeremy Gluck & Jaan Patterson,Experimental
122190,fma_small/122/122190.mp3,I Am Ed Sullivan,Vitamin Pets,Rock
122199,fma_small/122/122199.mp3,Nudo de cables en la garganta,Alas de Mosca,Experimental
122201,fma_small/122/122201.mp3,Film noir,Alas de Mosca,Experimental
122204,fma_small/122/122204.mp3,Piano de cola suspendido en el aire,Alas de Mosca,Experimental
122247,fma_small/122/122247.mp3,AVIATION CRAB ORCHESTRA (BEEATZ V2 0 NOISEBERG 9),ODOR BABY,Experimental
122261,fma_small/122/122261.mp3,thirtyone,CXLVIII,Experimental
122352,fma_small/122/122352.mp3,Lover,David Mumford,Folk
122353,fma_small/122/122353.mp3,Walking In The Country,David Mumford,Folk
122354,fma_small/122/122354.mp3,Mockingbird,David Mumford,Folk
122355,fma_small/122/122355.mp3,Light On In My Heart,David Mumford,Folk
122356,fma_small/122/122356.mp3,Wayfaring Stranger,David Mumford,Folk
122357,fma_small/122/122357.mp3,Singing In The Rain,David Mumford,Folk
122358,fma_small/122/122358.mp3,Night Without Sleep,David Mumford,Folk
122359,fma_small/122/122359.mp3,The Wilderness / Ghosts,David Mumford,Folk
122360,fma_small/122/122360.mp3,The Path,David Mumford,Folk
122362,fma_small/122/122362.mp3,Twinkle Twinkle,David Mumford,Folk
122363,fma_small/122/122363.mp3,Bonfire Music,David Mumford,Folk
122364,fma_small/122/122364.mp3,Hannahlove,David Mumford,Folk
122365,fma_small/122/122365.mp3,Meet Me In The Morning,David Mumford,Folk
122395,fma_small/122/122395.mp3,Intro,Gorilla Chief,Rock
122397,fma_small/122/122397.mp3,Cocaine Girl,Gorilla Chief,Rock
122398,fma_small/122/122398.mp3,Outta Sight,Gorilla Chief,Rock
122399,fma_small/122/122399.mp3,You're Not A Fighter,Gorilla Chief,Rock
122400,fma_small/122/122400.mp3,Problems,Gorilla Chief,Rock
122456,fma_small/122/122456.mp3,Ghost By Nature - Soul Inspector,Krowne,Electronic
122457,fma_small/122/122457.mp3,Ghost By Nature - Pushing Situation,Krowne,Electronic
122472,fma_small/122/122472.mp3,Merry-Go-Round Heart,Eric & Magill,Rock
122473,fma_small/122/122473.mp3,"""Nina Goes Abroad""",Alessandro Coronas/Laura Mura,Pop
122474,fma_small/122/122474.mp3,"""nu pop2""",Plusplus,Pop
122475,fma_small/122/122475.mp3,"""Where has she gone""",Summerfugl,Pop
122498,fma_small/122/122498.mp3,"""Ibuki""",Madoka Ogitani,Pop
122499,fma_small/122/122499.mp3,"""Wheel of time""",N-qia,Pop
122500,fma_small/122/122500.mp3,"""Outsider girl""",Elisa Luu,Pop
122503,fma_small/122/122503.mp3,"""Early bird""",Neeva feat Carol,Pop
122504,fma_small/122/122504.mp3,"""Lost umbrella""",Frank Wilke/Andrè Darius,Pop
122510,fma_small/122/122510.mp3,Solitude Amongst the Wild Meadow Flowers,Squire Tuck,Instrumental
122511,fma_small/122/122511.mp3,What Price Love?,Squire Tuck,Instrumental
122533,fma_small/122/122533.mp3,"""Lucy's headphones""",Di Bos,Pop
122534,fma_small/122/122534.mp3,"""Young at Heart""",Adriano Orru,Pop
122578,fma_small/122/122578.mp3,"""Per uomini in pensione""",Medo's Little Trap,Pop
122579,fma_small/122/122579.mp3,"""Point of no return""",Menion,Pop
122620,fma_small/122/122620.mp3,Sadly Yes,Monk Parker,Rock
122621,fma_small/122/122621.mp3,Jonah's Message for New York,Doctor Turtle,Instrumental
122622,fma_small/122/122622.mp3,Leap Second,Doctor Turtle,Instrumental
122623,fma_small/122/122623.mp3,Two Hat Rag,Doctor Turtle,Instrumental
122624,fma_small/122/122624.mp3,We Are;,A Ninja Slob Drew Me,Instrumental
122625,fma_small/122/122625.mp3,Withering Trash Receptacle,A Ninja Slob Drew Me,Instrumental
122626,fma_small/122/122626.mp3,Cosmic Sound Waves Rule,A Ninja Slob Drew Me,Instrumental
122627,fma_small/122/122627.mp3,Nest,A Ninja Slob Drew Me,Instrumental
122628,fma_small/122/122628.mp3,Nallikari,A Ninja Slob Drew Me,Instrumental
122630,fma_small/122/122630.mp3,The Infinite,A Ninja Slob Drew Me,Instrumental
122631,fma_small/122/122631.mp3,Miu,A Ninja Slob Drew Me,Instrumental
122632,fma_small/122/122632.mp3,The Glance,A Ninja Slob Drew Me,Instrumental
122633,fma_small/122/122633.mp3,Inside,A Ninja Slob Drew Me,Instrumental
122634,fma_small/122/122634.mp3,Morsa (One Week),A Ninja Slob Drew Me,Instrumental
122635,fma_small/122/122635.mp3,Eden Bloom,A Ninja Slob Drew Me,Instrumental
122644,fma_small/122/122644.mp3,Ghost Wife,Josh Spacek,Instrumental
122645,fma_small/122/122645.mp3,In The End,Josh Spacek,Instrumental
122646,fma_small/122/122646.mp3,Little Strings,Josh Spacek,Instrumental
122647,fma_small/122/122647.mp3,Loaded,Josh Spacek,Instrumental
122648,fma_small/122/122648.mp3,Marianne,Josh Spacek,Instrumental
122649,fma_small/122/122649.mp3,Rivers And Mountains,Josh Spacek,Instrumental
122650,fma_small/122/122650.mp3,Sports!,Josh Spacek,Instrumental
122651,fma_small/122/122651.mp3,Starting Over,Josh Spacek,Instrumental
122654,fma_small/122/122654.mp3,"Young, Tough And Terrible",Josh Spacek,Instrumental
122671,fma_small/122/122671.mp3,The Whisper,P C III,Instrumental
122673,fma_small/122/122673.mp3,Onistwave,P C III,Instrumental
122675,fma_small/122/122675.mp3,Snoday,P C III,Instrumental
122683,fma_small/122/122683.mp3,L'intermede,Salmo,Rock
122685,fma_small/122/122685.mp3,Kaos o MoMa,Salmo,Rock
122686,fma_small/122/122686.mp3,69 la dernière seconde,Salmo,Rock
122798,fma_small/122/122798.mp3,singaling,The Carnys,Pop
122799,fma_small/122/122799.mp3,impossible,The Carnys,Pop
122800,fma_small/122/122800.mp3,jumpy,The Carnys,Pop
122803,fma_small/122/122803.mp3,wildly unexpected,The Carnys,Pop
122804,fma_small/122/122804.mp3,smelliest,The Carnys,Pop
122805,fma_small/122/122805.mp3,having fun,The Carnys,Pop
122806,fma_small/122/122806.mp3,bearded,The Carnys,Pop
122807,fma_small/122/122807.mp3,nitemare,The Carnys,Pop
122808,fma_small/122/122808.mp3,lions,The Carnys,Pop
122809,fma_small/122/122809.mp3,foolsgame,The Carnys,Pop
122810,fma_small/122/122810.mp3,no smilage,The Carnys,Pop
122832,fma_small/122/122832.mp3,Mount Rey,Sci Fi Industries,Electronic
122901,fma_small/122/122901.mp3,Zeffa,Hicham Chahidi,International
122910,fma_small/122/122910.mp3,GOODNIGHT ZUKI,ODOR BABY,Experimental
122911,fma_small/122/122911.mp3,Hibernation Sickness / Replicate,Disappears,Rock
122932,fma_small/122/122932.mp3,Long Gone,Eszter Balint,Folk
122934,fma_small/122/122934.mp3,All You Need,Eszter Balint,Folk
122935,fma_small/122/122935.mp3,The Mother,Eszter Balint,Folk
122936,fma_small/122/122936.mp3,Exit at 63,Eszter Balint,Folk
122959,fma_small/122/122959.mp3,Ups and Downs (Single Version),Third Mind Movement,Experimental
122999,fma_small/122/122999.mp3,Overlooking Eternity,Anima,Electronic
123000,fma_small/123/123000.mp3,Incubating In Ice,Anima,Electronic
123001,fma_small/123/123001.mp3,The Rain Dance,Anima,Electronic
123002,fma_small/123/123002.mp3,You Are Truth,Anima,Electronic
123003,fma_small/123/123003.mp3,Convalescence I: Walk Again,Anima,Electronic
123004,fma_small/123/123004.mp3,Convalescence II: Love Again,Anima,Electronic
123094,fma_small/123/123094.mp3,A Country Dance,Joanna Sternberg,Folk
123096,fma_small/123/123096.mp3,The Love I Give,Joanna Sternberg,Folk
123097,fma_small/123/123097.mp3,Lullaby To Myself,Joanna Sternberg,Folk
123099,fma_small/123/123099.mp3,I'll Make You Mine,Joanna Sternberg,Folk
123147,fma_small/123/123147.mp3,One Million Ways,K3N,Hip-Hop
123273,fma_small/123/123273.mp3,Relax,Son Altesse Furieuse,Rock
123278,fma_small/123/123278.mp3,Turf (Raw - Live),STYPTIC,Rock
123333,fma_small/123/123333.mp3,They Don't Want My Blood,Zena,Experimental
123342,fma_small/123/123342.mp3,Seen,Zena,Experimental
123427,fma_small/123/123427.mp3,Don't Wanna Lose,Ex Hex,Rock
123438,fma_small/123/123438.mp3,Mustard Sally,The Dread,Hip-Hop
123439,fma_small/123/123439.mp3,Permission,The Dread,Hip-Hop
123440,fma_small/123/123440.mp3,Staring At The Sun,The Dread,Hip-Hop
123441,fma_small/123/123441.mp3,Thrashin,The Dread,Hip-Hop
123442,fma_small/123/123442.mp3,Wheels Of Fortune (411),The Dread,Hip-Hop
123458,fma_small/123/123458.mp3,Vincent - Demo Tape Track 5,Ian Alex Mac,Instrumental
123461,fma_small/123/123461.mp3,Acoustic Douchedick - Demo Tape Bonus Track 3,Ian Alex Mac,Instrumental
123467,fma_small/123/123467.mp3,Let Her Go - Studio Tape Track 4,Ian Alex Mac,Instrumental
123468,fma_small/123/123468.mp3,Carol Annes Crunch - Studio Tape Track 5,Ian Alex Mac,Instrumental
123474,fma_small/123/123474.mp3,Dificult Landscapes,Dropout Patrol,Rock
123484,fma_small/123/123484.mp3,A Home in a Lighthouse,Andrew Seistrup,Instrumental
123485,fma_small/123/123485.mp3,Footsteps,Andrew Seistrup,Instrumental
123486,fma_small/123/123486.mp3,Good Will Come,Andrew Seistrup,Instrumental
123487,fma_small/123/123487.mp3,In Our Hands,Andrew Seistrup,Instrumental
123488,fma_small/123/123488.mp3,Lanterns,Andrew Seistrup,Instrumental
123490,fma_small/123/123490.mp3,Ketchup,David Mumford,Folk
123494,fma_small/123/123494.mp3,The Right Train Meet / Meet Me Tomorrow,David Mumford,Folk
123501,fma_small/123/123501.mp3,Bit Bossa,Azureflux,Electronic
123502,fma_small/123/123502.mp3,Pocket Mirror Main Theme,Azureflux,Electronic
123503,fma_small/123/123503.mp3,shine (Azureflux Remix),ogui,Electronic
123504,fma_small/123/123504.mp3,Sustos (Azureflux Remix),Dragão Inkomodo,Electronic
123505,fma_small/123/123505.mp3,Reformat The Planet (Azureflux Remix),Bit Shifter,Electronic
123506,fma_small/123/123506.mp3,About 10 Hours Looking At The Ceiling (Azureflux Arrange),Irisu Syndrome,Electronic
123509,fma_small/123/123509.mp3,"""Woman""",Red Trees,Pop
123523,fma_small/123/123523.mp3,Here At Last,Andrew Seistrup,Instrumental
123614,fma_small/123/123614.mp3,Number 1 Good Time Rap Song (A Mixx for '86),Cassette Tape Bandits,Hip-Hop
123641,fma_small/123/123641.mp3,Pop Tart,Tha Silent Partner,Hip-Hop
123645,fma_small/123/123645.mp3,Simon Pegg,Tha Silent Partner,Hip-Hop
123647,fma_small/123/123647.mp3,Side B: Hall Of Dope / Chaos On The One (Part 2) / Old Snow,C-Doc,Hip-Hop
123760,fma_small/123/123760.mp3,Woods,Hawkin,Instrumental
123761,fma_small/123/123761.mp3,Week 1 - rain,Hawkin,Instrumental
123762,fma_small/123/123762.mp3,Week 2 - reminder,Hawkin,Instrumental
123763,fma_small/123/123763.mp3,Week 3 - star,Hawkin,Instrumental
123764,fma_small/123/123764.mp3,Week 4 - clarity,Hawkin,Instrumental
123821,fma_small/123/123821.mp3,...E Você Espera Por Tanto Tempo Que Já Não Lembra Mais o Porquê,E A Terra Nunca Me Pareceu Tão Distante,Rock
123825,fma_small/123/123825.mp3,Strength,Mesmerists,Rock
123832,fma_small/123/123832.mp3,Drawn by the Stars,Mesmerists,Rock
123834,fma_small/123/123834.mp3,Three Times,Mesmerists,Rock
123835,fma_small/123/123835.mp3,Ocean,Mesmerists,Rock
123866,fma_small/123/123866.mp3,Nasty Boots,The Barreracudas,Rock
123867,fma_small/123/123867.mp3,Cut Me Loose,The Barreracudas,Rock
123868,fma_small/123/123868.mp3,Promises,The Barreracudas,Rock
123899,fma_small/123/123899.mp3,Rebel Angels,Rachel Mason,Folk
123932,fma_small/123/123932.mp3,Dekotoraaaa!,Taseh,Electronic
123933,fma_small/123/123933.mp3,Birds of Paradise Marching Band,Taseh,Electronic
123934,fma_small/123/123934.mp3,Honk Kong,Taseh,Electronic
123935,fma_small/123/123935.mp3,Lorry,Taseh,Electronic
123936,fma_small/123/123936.mp3,Shiny Stainless Steel,Taseh,Electronic
123937,fma_small/123/123937.mp3,Love of a Neon Girl,Taseh,Electronic
123938,fma_small/123/123938.mp3,Eagle Over Mount Fuji,Taseh,Electronic
123964,fma_small/123/123964.mp3,5-11-15,BenJamin Banger,Hip-Hop
123965,fma_small/123/123965.mp3,Freestlye 30,BenJamin Banger,Hip-Hop
123966,fma_small/123/123966.mp3,Bruce Wayne,BenJamin Banger,Hip-Hop
123968,fma_small/123/123968.mp3,Michael Van Allen,BenJamin Banger,Hip-Hop
123969,fma_small/123/123969.mp3,Ric Flair,BenJamin Banger,Hip-Hop
123970,fma_small/123/123970.mp3,Agoge,BenJamin Banger,Hip-Hop
123971,fma_small/123/123971.mp3,Freestyle 32,BenJamin Banger,Hip-Hop
123972,fma_small/123/123972.mp3,Awkward Romance,BenJamin Banger,Hip-Hop
123973,fma_small/123/123973.mp3,Ric Flair 1.5,BenJamin Banger,Hip-Hop
123974,fma_small/123/123974.mp3,Everything New (2015),BenJamin Banger,Hip-Hop
123975,fma_small/123/123975.mp3,AYYYYYYYYYYYYYY,BenJamin Banger,Hip-Hop
123976,fma_small/123/123976.mp3,Big Gete Star,BenJamin Banger,Hip-Hop
123977,fma_small/123/123977.mp3,Freestyle 33,BenJamin Banger,Hip-Hop
123978,fma_small/123/123978.mp3,"Fuck Yall, Im Goin Pop",BenJamin Banger,Hip-Hop
123979,fma_small/123/123979.mp3,Moments,BenJamin Banger,Hip-Hop
123980,fma_small/123/123980.mp3,Ric Flair 2,BenJamin Banger,Hip-Hop
123981,fma_small/123/123981.mp3,Shine Bright,"The Polish Ambassador, Mr. Lif, Ayla Nereo",Hip-Hop
123986,fma_small/123/123986.mp3,Dreaming of Banjos,"The Polish Ambassador, Mr. Lif, Ayla Nereo",Hip-Hop
124154,fma_small/124/124154.mp3,не осуждайте Гитлера (он болен) ...,Kosta T,Experimental
124175,fma_small/124/124175.mp3,Breeeze,Jelsonic,Instrumental
124176,fma_small/124/124176.mp3,Lost Longing,Jelsonic,Instrumental
124177,fma_small/124/124177.mp3,Darkling Skies,Jelsonic,Instrumental
124178,fma_small/124/124178.mp3,Seasong,Jelsonic,Instrumental
124179,fma_small/124/124179.mp3,Another Brilliant Age,Jelsonic,Instrumental
124180,fma_small/124/124180.mp3,No Doubt,Jelsonic,Instrumental
124181,fma_small/124/124181.mp3,Haven,Jelsonic,Instrumental
124183,fma_small/124/124183.mp3,Saying Goodbye In The Rain (string),Jelsonic,Instrumental
124184,fma_small/124/124184.mp3,Heist,Bloodgod,Rock
124185,fma_small/124/124185.mp3,Wrecking Ball Surprise,Bloodgod,Rock
124186,fma_small/124/124186.mp3,Bloodgod,Bloodgod,Rock
124201,fma_small/124/124201.mp3,Sungazers,Octagrape,Rock
124231,fma_small/124/124231.mp3,AVIATION CRAB ORCHESTRA (PACHELBELS CANNON),ODOR BABY,Experimental
124391,fma_small/124/124391.mp3,Impulsion pt.1,Radius System,Rock
124392,fma_small/124/124392.mp3,Into Orbit,Radius System,Rock
124393,fma_small/124/124393.mp3,Impulsion pt.2,Radius System,Rock
124394,fma_small/124/124394.mp3,Not Coming Back,Radius System,Rock
124409,fma_small/124/124409.mp3,Race Against Time,Furchick,Experimental
124411,fma_small/124/124411.mp3,Get A Haircut,Furchick,Experimental
124424,fma_small/124/124424.mp3,Variations On A Theme by V-Effect,Bob Bannister,Folk
124425,fma_small/124/124425.mp3,One Tortured Winter,Bob Bannister,Folk
124426,fma_small/124/124426.mp3,House Was On Fire,Bob Bannister,Folk
124460,fma_small/124/124460.mp3,Devil's Own Strumpet,Clean,Rock
124461,fma_small/124/124461.mp3,Inheritance From The Classical World,Clean,Rock
124470,fma_small/124/124470.mp3,Poppers,Natural Causes,Rock
124474,fma_small/124/124474.mp3,Funny Ways,Attic Ted,Pop
124477,fma_small/124/124477.mp3,Ring Goes The Phone,Attic Ted,Pop
124479,fma_small/124/124479.mp3,Sounds Of Sold,Attic Ted,Pop
124480,fma_small/124/124480.mp3,The Black Condor,Attic Ted,Pop
124481,fma_small/124/124481.mp3,Farmer John,Attic Ted,Pop
124482,fma_small/124/124482.mp3,Went To Sea,Attic Ted,Pop
124483,fma_small/124/124483.mp3,Stilts,Attic Ted,Pop
124484,fma_small/124/124484.mp3,Adios,Attic Ted,Pop
124485,fma_small/124/124485.mp3,Hopper's Encore,Attic Ted,Pop
124509,fma_small/124/124509.mp3,'n Wind fuatan,Josef Nadek,Experimental
124517,fma_small/124/124517.mp3,Sad Songs Pt.I - Bells,Fake Cats Project,Experimental
124518,fma_small/124/124518.mp3,Sad Songs Pt.II - Unverklaerte Nacht,Fake Cats Project,Experimental
124519,fma_small/124/124519.mp3,Sad Songs Pt.III - A Simple Etude For Overdriven Bass,Fake Cats Project,Experimental
124554,fma_small/124/124554.mp3,The Need,Uno Datwangi,Electronic
124555,fma_small/124/124555.mp3,To Survive,Uno Datwangi,Electronic
124702,fma_small/124/124702.mp3,Campus News Set Back Bill Interlude,K. Sparks,Hip-Hop
124752,fma_small/124/124752.mp3,Aitken Basin,Damscray,Electronic
124753,fma_small/124/124753.mp3,Kyoketsu Shoge,IM140,Electronic
124754,fma_small/124/124754.mp3,Carry A Nation,Maartez,Electronic
124755,fma_small/124/124755.mp3,The Void,Gritt,Electronic
124756,fma_small/124/124756.mp3,Ninja,Indikings,Electronic
124870,fma_small/124/124870.mp3,"Five-O (Improvisation for Five Police Scanners, Three Synthesizers, and Sound Effects Tape)",Ross Oldenburg,Experimental
124872,fma_small/124/124872.mp3,Drown in Mirrors,Sergey Cheremisinov,Instrumental
124873,fma_small/124/124873.mp3,Crystal Echoes,Sergey Cheremisinov,Instrumental
124874,fma_small/124/124874.mp3,Mindship,Sergey Cheremisinov,Instrumental
124875,fma_small/124/124875.mp3,Sea & Night,Sergey Cheremisinov,Instrumental
124876,fma_small/124/124876.mp3,Fragile Ice,Sergey Cheremisinov,Instrumental
124877,fma_small/124/124877.mp3,North,Sergey Cheremisinov,Instrumental
124891,fma_small/124/124891.mp3,Proyecto U-90,Gabriel Pereira Spurr,Experimental
124892,fma_small/124/124892.mp3,Proyecto U-4 (coda U-20),Gabriel Pereira Spurr,Experimental
124912,fma_small/124/124912.mp3,Runner,Six Umbrellas,Electronic
124913,fma_small/124/124913.mp3,Monster,Six Umbrellas,Electronic
124915,fma_small/124/124915.mp3,Monument,Six Umbrellas,Electronic
124916,fma_small/124/124916.mp3,Zombie Disco,Six Umbrellas,Electronic
124917,fma_small/124/124917.mp3,The And Of The World,Six Umbrellas,Electronic
124918,fma_small/124/124918.mp3,She Does Her Best (feat. Small Colin),Six Umbrellas,Electronic
124971,fma_small/124/124971.mp3,AVIATION CRAB ORCHESTRA (KOPER BUSKING),ODOR BABY,Experimental
124992,fma_small/124/124992.mp3,Intro,Let Me Crazy,Rock
124996,fma_small/124/124996.mp3,Life's A Beach,Let Me Crazy,Rock
125001,fma_small/125/125001.mp3,899 Seconds,Let Me Crazy,Rock
125002,fma_small/125/125002.mp3,Maiden Voyage,Let Me Crazy,Rock
125003,fma_small/125/125003.mp3,Thanks A Million,Let Me Crazy,Rock
125004,fma_small/125/125004.mp3,Outro,Let Me Crazy,Rock
125154,fma_small/125/125154.mp3,Hipster's Call,Gorowski,Electronic
125156,fma_small/125/125156.mp3,Big Fatty,Gorowski,Electronic
125157,fma_small/125/125157.mp3,The Far Land,Gorowski,Electronic
125158,fma_small/125/125158.mp3,Rhubarb,Gorowski,Electronic
125159,fma_small/125/125159.mp3,Reel Life,Gorowski,Electronic
125160,fma_small/125/125160.mp3,Stargate Pumpin,Gorowski,Electronic
125161,fma_small/125/125161.mp3,Love Is All,Gorowski,Electronic
125182,fma_small/125/125182.mp3,Loose Fur,Derek Clegg,Folk
125183,fma_small/125/125183.mp3,Marvelous,Derek Clegg,Folk
125185,fma_small/125/125185.mp3,Life Unfolds,Derek Clegg,Folk
125186,fma_small/125/125186.mp3,Summer,Derek Clegg,Folk
125187,fma_small/125/125187.mp3,Too Late,Derek Clegg,Folk
125188,fma_small/125/125188.mp3,Be Free,Derek Clegg,Folk
125189,fma_small/125/125189.mp3,I'd Rather Take the Old Way,Derek Clegg,Folk
125190,fma_small/125/125190.mp3,Lucky,Derek Clegg,Folk
125191,fma_small/125/125191.mp3,Alive,Derek Clegg,Folk
125192,fma_small/125/125192.mp3,The Mountains Will Collide,Derek Clegg,Folk
125193,fma_small/125/125193.mp3,Fall In Love Again,Derek Clegg,Folk
125194,fma_small/125/125194.mp3,Found It All,Derek Clegg,Folk
125195,fma_small/125/125195.mp3,Deck Of Cards,Derek Clegg,Folk
125196,fma_small/125/125196.mp3,Who We Are,Derek Clegg,Folk
125237,fma_small/125/125237.mp3,Teo,Derek Baron,Experimental
125238,fma_small/125/125238.mp3,Palmillas,Derek Baron,Experimental
125239,fma_small/125/125239.mp3,Iglesia de Nuestra Señora de Fatima,Derek Baron,Experimental
125240,fma_small/125/125240.mp3,Allende,Derek Baron,Experimental
125286,fma_small/125/125286.mp3,Tonight (Beat Doctor edit),Redmann,Electronic
125287,fma_small/125/125287.mp3,Follow Me (edit),Pitchcraft,Electronic
125288,fma_small/125/125288.mp3,Lava Lamp (Blastculture 3:28AM remix),Phish Funk,Electronic
125289,fma_small/125/125289.mp3,Sands Of Time,Psychadelik Pedestrian,Electronic
125291,fma_small/125/125291.mp3,The Piano Tune,Beat Doctor,Electronic
125293,fma_small/125/125293.mp3,Against The Grain (Phish Funk remix),Psychadelik Pedestrian,Electronic
125298,fma_small/125/125298.mp3,Liquid Nitrogen,Psychadelik Pedestrian,Electronic
125299,fma_small/125/125299.mp3,Organic (electric edit),Beat Doctor,Electronic
125312,fma_small/125/125312.mp3,Girl From The North,Dengue Fever,International
125313,fma_small/125/125313.mp3,No Sudden Moves,Dengue Fever,International
125314,fma_small/125/125314.mp3,Tokay,Dengue Fever,International
125315,fma_small/125/125315.mp3,Blacknote,JVS,Electronic
125333,fma_small/125/125333.mp3,trASh piANo 1,Martin Rach,Experimental
125337,fma_small/125/125337.mp3,traSH piaNO thEMe,Martin Rach,Experimental
125375,fma_small/125/125375.mp3,Climbing Up,Attic Ted,Pop
125377,fma_small/125/125377.mp3,Hopper's Encore,Attic Ted,Pop
125432,fma_small/125/125432.mp3,Haunted Beach Party,The Pandoras,Rock
125551,fma_small/125/125551.mp3,Cyber-nez-tiques,Marylin-Rambo,Rock
125612,fma_small/125/125612.mp3,Chain Link,Blue Dot Sessions,Instrumental
125614,fma_small/125/125614.mp3,Smooth Stone,Blue Dot Sessions,Instrumental
125616,fma_small/125/125616.mp3,Waypoint 7,Blue Dot Sessions,Instrumental
125617,fma_small/125/125617.mp3,Drifting Spade,Blue Dot Sessions,Instrumental
125618,fma_small/125/125618.mp3,Flitless,Blue Dot Sessions,Instrumental
125620,fma_small/125/125620.mp3,Likin,Blue Dot Sessions,Instrumental
125621,fma_small/125/125621.mp3,Tranceless,Blue Dot Sessions,Instrumental
125622,fma_small/125/125622.mp3,Interm,Blue Dot Sessions,Instrumental
125657,fma_small/125/125657.mp3,Demalion - Copper Halls,Blue Dot Sessions,Instrumental
125659,fma_small/125/125659.mp3,Demalion - Theme,Blue Dot Sessions,Instrumental
125680,fma_small/125/125680.mp3,Comma,Blue Dot Sessions,Instrumental
125681,fma_small/125/125681.mp3,Eventual Victory,Blue Dot Sessions,Instrumental
125721,fma_small/125/125721.mp3,Swims,Babe Parade,Pop
125722,fma_small/125/125722.mp3,Stutter,Babe Parade,Pop
125723,fma_small/125/125723.mp3,Vacation,Babe Parade,Pop
125774,fma_small/125/125774.mp3,Bone Rattle,Atlantic Thrills,Rock
125776,fma_small/125/125776.mp3,Vices / So Long,Atlantic Thrills,Rock
125777,fma_small/125/125777.mp3,Bed Bugs,Atlantic Thrills,Rock
125778,fma_small/125/125778.mp3,Weekend,Atlantic Thrills,Rock
125779,fma_small/125/125779.mp3,Acid Rain,Atlantic Thrills,Rock
125809,fma_small/125/125809.mp3,Alchemical,Blue Dot Sessions,Instrumental
125812,fma_small/125/125812.mp3,Marble Chase,Blue Dot Sessions,Instrumental
125813,fma_small/125/125813.mp3,Marble Transit,Blue Dot Sessions,Instrumental
125814,fma_small/125/125814.mp3,Shadow Play,Blue Dot Sessions,Instrumental
125815,fma_small/125/125815.mp3,Bouncing,Blue Dot Sessions,Instrumental
125816,fma_small/125/125816.mp3,Grimmer,Blue Dot Sessions,Instrumental
125817,fma_small/125/125817.mp3,Indirect,Blue Dot Sessions,Instrumental
125818,fma_small/125/125818.mp3,Lowbrow,Blue Dot Sessions,Instrumental
125819,fma_small/125/125819.mp3,Lubber,Blue Dot Sessions,Instrumental
125820,fma_small/125/125820.mp3,Master,Blue Dot Sessions,Instrumental
125821,fma_small/125/125821.mp3,Micro,Blue Dot Sessions,Instrumental
125822,fma_small/125/125822.mp3,Slimm,Blue Dot Sessions,Instrumental
125823,fma_small/125/125823.mp3,Delicious,Blue Dot Sessions,Instrumental
125824,fma_small/125/125824.mp3,Festering,Blue Dot Sessions,Instrumental
125825,fma_small/125/125825.mp3,Gondola Blue,Blue Dot Sessions,Instrumental
125826,fma_small/125/125826.mp3,Theme,Blue Dot Sessions,Instrumental
125827,fma_small/125/125827.mp3,Transit Alias,Blue Dot Sessions,Instrumental
125999,fma_small/125/125999.mp3,Zon,Gorowski,Electronic
126014,fma_small/126/126014.mp3,Domina Transit,Blue Dot Sessions,Instrumental
126015,fma_small/126/126015.mp3,Flower,Blue Dot Sessions,Instrumental
126016,fma_small/126/126016.mp3,Midday,Blue Dot Sessions,Instrumental
126017,fma_small/126/126017.mp3,Pickers,Blue Dot Sessions,Instrumental
126018,fma_small/126/126018.mp3,Tripoli,Blue Dot Sessions,Instrumental
126047,fma_small/126/126047.mp3,"""I'm Eating Plastic""",Neutral Fixation,Rock
126055,fma_small/126/126055.mp3,Temporal Parallax,Dolores Catherino,Experimental
126102,fma_small/126/126102.mp3,Conscience Down,No Lala,Pop
126103,fma_small/126/126103.mp3,Extra Pay,No Lala,Pop
126104,fma_small/126/126104.mp3,Just Fine,No Lala,Pop
126105,fma_small/126/126105.mp3,Nice,No Lala,Pop
126180,fma_small/126/126180.mp3,Heavy Falling Feather,Joao Picoito,Instrumental
126181,fma_small/126/126181.mp3,Hope,Joao Picoito,Instrumental
126182,fma_small/126/126182.mp3,Funkymeter,Joao Picoito,Instrumental
126183,fma_small/126/126183.mp3,The Rise and The Fall,Joao Picoito,Instrumental
126185,fma_small/126/126185.mp3,Third Floor,Joao Picoito,Instrumental
126186,fma_small/126/126186.mp3,Frustration,Joao Picoito,Instrumental
126187,fma_small/126/126187.mp3,Palavras do Silencio,Joao Picoito,Instrumental
126188,fma_small/126/126188.mp3,Just Dream,Joao Picoito,Instrumental
126189,fma_small/126/126189.mp3,Joy,Joao Picoito,Instrumental
126214,fma_small/126/126214.mp3,Andelo,Blue Dot Sessions,Instrumental
126215,fma_small/126/126215.mp3,Cab Ride,Blue Dot Sessions,Instrumental
126216,fma_small/126/126216.mp3,Cach,Blue Dot Sessions,Instrumental
126217,fma_small/126/126217.mp3,Helado,Blue Dot Sessions,Instrumental
126218,fma_small/126/126218.mp3,La Focsa,Blue Dot Sessions,Instrumental
126219,fma_small/126/126219.mp3,Minutes,Blue Dot Sessions,Instrumental
126220,fma_small/126/126220.mp3,Monder,Blue Dot Sessions,Instrumental
126221,fma_small/126/126221.mp3,Naram​-​Sin,Ø+yn + GMC,Experimental
126223,fma_small/126/126223.mp3,Cumbia Masonica,Ø+yn + GMC,Experimental
126224,fma_small/126/126224.mp3,Estela Tractus,Ø+yn + GMC,Experimental
126225,fma_small/126/126225.mp3,Medusa Mayorina,Ø+yn + GMC,Experimental
126226,fma_small/126/126226.mp3,الغول,Ø+yn + GMC,Experimental
126227,fma_small/126/126227.mp3,La Barcaza,Ø+yn + GMC,Experimental
126229,fma_small/126/126229.mp3,Javan,Blue Dot Sessions,Instrumental
126230,fma_small/126/126230.mp3,Mosic,Blue Dot Sessions,Instrumental
126231,fma_small/126/126231.mp3,Silky,Blue Dot Sessions,Instrumental
126232,fma_small/126/126232.mp3,Thread Indigo,Blue Dot Sessions,Instrumental
126233,fma_small/126/126233.mp3,Thread Magenta,Blue Dot Sessions,Instrumental
126234,fma_small/126/126234.mp3,Three for Julia,Blue Dot Sessions,Instrumental
126240,fma_small/126/126240.mp3,Speaking in Hushed Tones,Squire Tuck,Instrumental
126241,fma_small/126/126241.mp3,Walking in the Boots of Old Cowboys,Squire Tuck,Instrumental
126242,fma_small/126/126242.mp3,What Happened to the Way We Were?,Squire Tuck,Instrumental
126243,fma_small/126/126243.mp3,"Wherever You Are, Whatever You Do, Please Remember Me As I Do You?",Squire Tuck,Instrumental
126276,fma_small/126/126276.mp3,Lights Out,Blue Dot Sessions,Instrumental
126283,fma_small/126/126283.mp3,On Three Legs,Blue Dot Sessions,Instrumental
126289,fma_small/126/126289.mp3,Thread Caramb,Blue Dot Sessions,Instrumental
126290,fma_small/126/126290.mp3,Thread Ceylon,Blue Dot Sessions,Instrumental
126291,fma_small/126/126291.mp3,Thread Jessup,Blue Dot Sessions,Instrumental
126292,fma_small/126/126292.mp3,Universal Warrior (Special Edition),Gorowski,Electronic
126294,fma_small/126/126294.mp3,Sheffield Hall,Andy G. Cohen,Rock
126295,fma_small/126/126295.mp3,Living on the Wind,Andy G. Cohen,Rock
126297,fma_small/126/126297.mp3,Sprocket,Andy G. Cohen,Rock
126300,fma_small/126/126300.mp3,Scramby Eggs,Andy G. Cohen,Rock
126316,fma_small/126/126316.mp3,Humajataritee,Janneh,Instrumental
126317,fma_small/126/126317.mp3,Silent Passing,Janneh,Instrumental
126318,fma_small/126/126318.mp3,Jeemo,Janneh,Instrumental
126319,fma_small/126/126319.mp3,Distress Call,Janneh,Instrumental
126320,fma_small/126/126320.mp3,Juha's Kantele,Janneh,Instrumental
126321,fma_small/126/126321.mp3,Kiitos,Janneh,Instrumental
126354,fma_small/126/126354.mp3,birthday,Boonesboro,Pop
126357,fma_small/126/126357.mp3,wuzzah monster,Boonesboro,Pop
126362,fma_small/126/126362.mp3,deathstar,Boonesboro,Pop
126398,fma_small/126/126398.mp3,Spirituals,Shy Kids,Pop
126400,fma_small/126/126400.mp3,Terminally in Love With You,Shy Kids,Pop
126401,fma_small/126/126401.mp3,Flow Thru Another,Shy Kids,Pop
126402,fma_small/126/126402.mp3,Baldwin,Shy Kids,Pop
126403,fma_small/126/126403.mp3,Forest Friends,Shy Kids,Pop
126404,fma_small/126/126404.mp3,Which Wine?,Shy Kids,Pop
126405,fma_small/126/126405.mp3,® o c k e t s,Shy Kids,Pop
126406,fma_small/126/126406.mp3,Noodie,Shy Kids,Pop
126407,fma_small/126/126407.mp3,Junk Mail,Shy Kids,Pop
126408,fma_small/126/126408.mp3,A Simple Shroud,Blue Dot Sessions,Instrumental
126409,fma_small/126/126409.mp3,Catcher Textile,Blue Dot Sessions,Instrumental
126410,fma_small/126/126410.mp3,Chase and We Follow,Blue Dot Sessions,Instrumental
126411,fma_small/126/126411.mp3,Chromium Blush,Blue Dot Sessions,Instrumental
126412,fma_small/126/126412.mp3,Lesser Gods of Metal,Blue Dot Sessions,Instrumental
126413,fma_small/126/126413.mp3,Reflectors,Blue Dot Sessions,Instrumental
126414,fma_small/126/126414.mp3,Myrian,Blue Dot Sessions,Instrumental
126415,fma_small/126/126415.mp3,Pavement Hack,Blue Dot Sessions,Instrumental
126416,fma_small/126/126416.mp3,Stakes and Things,Blue Dot Sessions,Instrumental
126417,fma_small/126/126417.mp3,Tyrano Theme,Blue Dot Sessions,Instrumental
126425,fma_small/126/126425.mp3,First the bird fell,Shy and the Fight,Pop
126426,fma_small/126/126426.mp3,"Pick a subject, let's have an argument",Shy and the Fight,Pop
126427,fma_small/126/126427.mp3,Stop motion,Shy and the Fight,Pop
126428,fma_small/126/126428.mp3,Here the sea speaks in whispers,Shy and the Fight,Pop
126429,fma_small/126/126429.mp3,It's the end of the world... shhh don't tell the kids,Shy and the Fight,Pop
126430,fma_small/126/126430.mp3,-,Shy and the Fight,Pop
126431,fma_small/126/126431.mp3,I'd rather you lied,Shy and the Fight,Pop
126455,fma_small/126/126455.mp3,black walnut vigil,The John Barry Conception,Folk
126489,fma_small/126/126489.mp3,Friends All Around,Nate Maingard,Folk
126490,fma_small/126/126490.mp3,Just Like You,Nate Maingard,Folk
126491,fma_small/126/126491.mp3,I Will Devour,Nate Maingard,Folk
126505,fma_small/126/126505.mp3,Anaximander Fragment,Anthony Donovan,Experimental
126506,fma_small/126/126506.mp3,Anakrosmix,Dave Fuglewicz,Experimental
126507,fma_small/126/126507.mp3,Okružen mrtvima (Hymne de Soleil),CROCODILE TEARS,Experimental
126508,fma_small/126/126508.mp3,Cultures All In Harmony,Hectic Head,Experimental
126510,fma_small/126/126510.mp3,Anakrousis,Lezet,Experimental
126512,fma_small/126/126512.mp3,Pythian Chant,Ophed,Experimental
126516,fma_small/126/126516.mp3,Ancient Greece Noise,Seiei Jack,Experimental
126519,fma_small/126/126519.mp3,Agia Kore,Autumna X Triage,Experimental
126520,fma_small/126/126520.mp3,Αρχαία Μουσική Για Σύγχρονη Φορές (Ancient Music For Modern Times),Jared C. Balogh,Experimental
126521,fma_small/126/126521.mp3,Hymne de apophia,L o W & CROCODILE TEARS,Experimental
126522,fma_small/126/126522.mp3,Phrygian Alure (Γιαάν Πάτερσον),Jaan Patterson,Experimental
126550,fma_small/126/126550.mp3,Matter001,Nate Scheible,Experimental
126557,fma_small/126/126557.mp3,Matter008,Nate Scheible,Experimental
126559,fma_small/126/126559.mp3,Matter003,Nate Scheible,Experimental
126584,fma_small/126/126584.mp3,Touch The Send,Maxim Kornyshev,Instrumental
126585,fma_small/126/126585.mp3,Autumnal Time,Maxim Kornyshev,Instrumental
126586,fma_small/126/126586.mp3,The Mountain Breeze of Nostalgia,Maxim Kornyshev,Instrumental
126587,fma_small/126/126587.mp3,After Midnight,Maxim Kornyshev,Instrumental
126588,fma_small/126/126588.mp3,Look Out The Window At The Rain,Maxim Kornyshev,Instrumental
126589,fma_small/126/126589.mp3,The Galactic Cluster In A Burning Fireplace,Maxim Kornyshev,Instrumental
126598,fma_small/126/126598.mp3,Sixes Are Silent (Alternate Version),Skyjelly,Rock
126600,fma_small/126/126600.mp3,Follow An Ar Christ Rabbit,Fields Ohio,Experimental
126601,fma_small/126/126601.mp3,The Taylor Swift Capitalist Death Cult,Fields Ohio,Experimental
126602,fma_small/126/126602.mp3,Neon Hippies,Fields Ohio,Experimental
126603,fma_small/126/126603.mp3,Hipster Cop,Fields Ohio,Experimental
126605,fma_small/126/126605.mp3,Urban Coyote,Fields Ohio,Experimental
126606,fma_small/126/126606.mp3,Drugged Pedestrians,Fields Ohio,Experimental
126607,fma_small/126/126607.mp3,Rogue Owl,Fields Ohio,Experimental
126608,fma_small/126/126608.mp3,Wolf Dunes,Fields Ohio,Experimental
126646,fma_small/126/126646.mp3,LifeCycle,Fabian Measures,Instrumental
126666,fma_small/126/126666.mp3,Graceland Cemetery,Sleep Out,Rock
126667,fma_small/126/126667.mp3,Halloween Parade,Sleep Out,Rock
126668,fma_small/126/126668.mp3,I'll Take Care Of It,Sleep Out,Rock
126669,fma_small/126/126669.mp3,Lake On Draft,Sleep Out,Rock
126670,fma_small/126/126670.mp3,Not Even Dust,Sleep Out,Rock
126671,fma_small/126/126671.mp3,Ross Sea Party,Sleep Out,Rock
126672,fma_small/126/126672.mp3,Three Towns,Sleep Out,Rock
126673,fma_small/126/126673.mp3,To Ruin,Sleep Out,Rock
126674,fma_small/126/126674.mp3,We Keep The Same Hours,Sleep Out,Rock
126675,fma_small/126/126675.mp3,You Look Pale,Sleep Out,Rock
126676,fma_small/126/126676.mp3,You Wouldn't Lie To Me,Sleep Out,Rock
126716,fma_small/126/126716.mp3,Slow Slow Sky,Blue Dot Sessions,Instrumental
126717,fma_small/126/126717.mp3,Nuthatch,Blue Dot Sessions,Instrumental
126718,fma_small/126/126718.mp3,Jackbird,Blue Dot Sessions,Instrumental
126719,fma_small/126/126719.mp3,Cottonwoods,Blue Dot Sessions,Instrumental
126720,fma_small/126/126720.mp3,Blue Jay,Blue Dot Sessions,Instrumental
126743,fma_small/126/126743.mp3,Last Chance,Derek Clegg,Folk
126746,fma_small/126/126746.mp3,Best Of Me,Derek Clegg,Folk
126747,fma_small/126/126747.mp3,Child of the 70's,Derek Clegg,Folk
126748,fma_small/126/126748.mp3,Crooked Ears,Derek Clegg,Folk
126749,fma_small/126/126749.mp3,Malorie,Derek Clegg,Folk
126773,fma_small/126/126773.mp3,Emu In The Bass,Gorowski,Electronic
126778,fma_small/126/126778.mp3,I Miss You Already,Connie Acher & Jelly,Folk
126781,fma_small/126/126781.mp3,Pop Boy,Connie Acher & Jelly,Folk
126782,fma_small/126/126782.mp3,Happy Harlem (explicit),Connie Acher & Jelly,Folk
126786,fma_small/126/126786.mp3,Leaping Frogs,Connie Acher & Blind Drunk John,Folk
126789,fma_small/126/126789.mp3,Art School Lover,Connie Acher & Blind Drunk John,Folk
126790,fma_small/126/126790.mp3,Golden Success,Connie Acher & Blind Drunk John,Folk
126882,fma_small/126/126882.mp3,Heliotrope,Blue Dot Sessions,Instrumental
126883,fma_small/126/126883.mp3,In Paler Skies,Blue Dot Sessions,Instrumental
126884,fma_small/126/126884.mp3,Surly Bonds,Blue Dot Sessions,Instrumental
126885,fma_small/126/126885.mp3,The Envelope,Blue Dot Sessions,Instrumental
126886,fma_small/126/126886.mp3,The Zeppelin,Blue Dot Sessions,Instrumental
126887,fma_small/126/126887.mp3,Vittoro,Blue Dot Sessions,Instrumental
126899,fma_small/126/126899.mp3,Kuma,SPCZ,Electronic
126900,fma_small/126/126900.mp3,Lesath,SPCZ,Electronic
126944,fma_small/126/126944.mp3,Here They Come,The Degs,Rock
126979,fma_small/126/126979.mp3,Listening for Sounds,Vio/Mire,Folk
127036,fma_small/127/127036.mp3,Cousin Silas - View from a stationary train,Cousin Silas / Black Hill,Instrumental
127037,fma_small/127/127037.mp3,Bonus track: Cousin Silas & Black Hill - Sand of the South,Cousin Silas / Black Hill,Instrumental
127062,fma_small/127/127062.mp3,When I'm Gone,Robin Mitchell,Folk
127066,fma_small/127/127066.mp3,Mirror,Robin Mitchell,Folk
127155,fma_small/127/127155.mp3,So Sad,SHOMOMOSE,Experimental
127159,fma_small/127/127159.mp3,Rooter (Happy'n Deep Mix),Argon,Electronic
127180,fma_small/127/127180.mp3,Le Paradis,Wintermitts,Pop
127181,fma_small/127/127181.mp3,Sharks,Wintermitts,Pop
127182,fma_small/127/127182.mp3,Springtime,Wintermitts,Pop
127183,fma_small/127/127183.mp3,Birds,Wintermitts,Pop
127184,fma_small/127/127184.mp3,I Saw A Ghost,Wintermitts,Pop
127185,fma_small/127/127185.mp3,Oceans Apart,Wintermitts,Pop
127186,fma_small/127/127186.mp3,People Of The Eternal Sun,Wintermitts,Pop
127187,fma_small/127/127187.mp3,Careful,Wintermitts,Pop
127188,fma_small/127/127188.mp3,Basquiat,Wintermitts,Pop
127189,fma_small/127/127189.mp3,A La Fraîche,Wintermitts,Pop
127190,fma_small/127/127190.mp3,Tag med på landet,Stærosaurus,Folk
127191,fma_small/127/127191.mp3,Hvis du ser mig går det skidt,Stærosaurus,Folk
127192,fma_small/127/127192.mp3,Højt op,Stærosaurus,Folk
127193,fma_small/127/127193.mp3,Darwinisme,Stærosaurus,Folk
127194,fma_small/127/127194.mp3,Mareridt,Stærosaurus,Folk
127203,fma_small/127/127203.mp3,Total Nightmare,Shwa Losben,Pop
127204,fma_small/127/127204.mp3,Chop Chop,Shwa Losben,Pop
127205,fma_small/127/127205.mp3,Everything Fell Into Place,Shwa Losben,Pop
127206,fma_small/127/127206.mp3,Annie in Luck,Shwa Losben,Pop
127207,fma_small/127/127207.mp3,Marichi,Satori Ensemble,Instrumental
127208,fma_small/127/127208.mp3,Sequoia,Satori Ensemble,Instrumental
127209,fma_small/127/127209.mp3,The Abyss,Satori Ensemble,Instrumental
127210,fma_small/127/127210.mp3,The Chamber,Satori Ensemble,Instrumental
127211,fma_small/127/127211.mp3,Sonar,Satori Ensemble,Instrumental
127212,fma_small/127/127212.mp3,Una bella,Satori Ensemble,Instrumental
127263,fma_small/127/127263.mp3,OST 08 Rescued :-),sawsquarenoise,Electronic
127265,fma_small/127/127265.mp3,Every Time,Katy Kirby,Folk
127266,fma_small/127/127266.mp3,Come Back to Nashville,Katy Kirby,Folk
127267,fma_small/127/127267.mp3,All of Everything,Katy Kirby,Folk
127268,fma_small/127/127268.mp3,Bad Kisingen,Hissing Fauna,Pop
127269,fma_small/127/127269.mp3,Shine and Hum,Hissing Fauna,Pop
127271,fma_small/127/127271.mp3,Do You Like Forces of Nature?,Hissing Fauna,Pop
127273,fma_small/127/127273.mp3,Appeal To,Hissing Fauna,Pop
127274,fma_small/127/127274.mp3,This Turkey Town,Hissing Fauna,Pop
127275,fma_small/127/127275.mp3,Do You Want To Talk About It?,Hissing Fauna,Pop
127276,fma_small/127/127276.mp3,Shin A-lam,Hissing Fauna,Pop
127277,fma_small/127/127277.mp3,Chasy Trapman,Myndra,Pop
127278,fma_small/127/127278.mp3,Distant Lover,Myndra,Pop
127279,fma_small/127/127279.mp3,Don't Fall Asleep,Myndra,Pop
127280,fma_small/127/127280.mp3,Muscle Memory,Myndra,Pop
127281,fma_small/127/127281.mp3,Magic Tool,Myndra,Pop
127285,fma_small/127/127285.mp3,Oceans Now,Myndra,Pop
127286,fma_small/127/127286.mp3,Napapiiri,Myndra,Pop
127287,fma_small/127/127287.mp3,Tide Rising,Myndra,Pop
127288,fma_small/127/127288.mp3,Colloquial,Myndra,Pop
127289,fma_small/127/127289.mp3,Please Let Me Stay,Myndra,Pop
127290,fma_small/127/127290.mp3,Bruxelles,Myndra,Pop
127294,fma_small/127/127294.mp3,Autopsy,"Oh Yeah, the Future",Pop
127295,fma_small/127/127295.mp3,Hungry,"Oh Yeah, the Future",Pop
127296,fma_small/127/127296.mp3,First Glance,"Oh Yeah, the Future",Pop
127297,fma_small/127/127297.mp3,The Pursuit of Unintentional Humor,"Oh Yeah, the Future",Pop
127298,fma_small/127/127298.mp3,Lovedreams,"Oh Yeah, the Future",Pop
127299,fma_small/127/127299.mp3,With the Summer,"Oh Yeah, the Future",Pop
127300,fma_small/127/127300.mp3,Lackadaisical,"Oh Yeah, the Future",Pop
127301,fma_small/127/127301.mp3,New Brave Face,"Oh Yeah, the Future",Pop
127302,fma_small/127/127302.mp3,Roundtrip,"Oh Yeah, the Future",Pop
127303,fma_small/127/127303.mp3,Snowday,"Oh Yeah, the Future",Pop
127330,fma_small/127/127330.mp3,In A Dream,Sunshine and the Rain,Rock
127331,fma_small/127/127331.mp3,Alone Again,Squire Tuck,Instrumental
127339,fma_small/127/127339.mp3,Nine Stones,Andrew Howes,Rock
127343,fma_small/127/127343.mp3,O2,Lately Kind of Yeah,Electronic
127349,fma_small/127/127349.mp3,P.Mantium,Lately Kind of Yeah,Electronic
127350,fma_small/127/127350.mp3,恐怖,Lately Kind of Yeah,Electronic
127356,fma_small/127/127356.mp3,I Apologize (Medley),Teddy Brown,International
127357,fma_small/127/127357.mp3,Crazy U,Teddy Brown,International
127358,fma_small/127/127358.mp3,Push Button Generation,Colin Ska Johnson,International
127359,fma_small/127/127359.mp3,Come When You Can,Colin Ska Johnson,International
127360,fma_small/127/127360.mp3,My Soul,Colin Ska Johnson,International
127402,fma_small/127/127402.mp3,C8H11NO2,chicago_word_brigade & brass-lines,Experimental
127422,fma_small/127/127422.mp3,Violoncello Intermezzo,Mal Occhio,Experimental
127469,fma_small/127/127469.mp3,Mama Medusa,HighWay17,Experimental
127484,fma_small/127/127484.mp3,Under the Labyrinth,Hyaena Fierling & MUTATE,Experimental
127494,fma_small/127/127494.mp3,Begrudge,Blue Dot Sessions,Instrumental
127495,fma_small/127/127495.mp3,Distill,Blue Dot Sessions,Instrumental
127496,fma_small/127/127496.mp3,Entrap,Blue Dot Sessions,Instrumental
127497,fma_small/127/127497.mp3,In Other Times,Blue Dot Sessions,Instrumental
127498,fma_small/127/127498.mp3,Scratcher,Blue Dot Sessions,Instrumental
127499,fma_small/127/127499.mp3,Stale Case,Blue Dot Sessions,Instrumental
127519,fma_small/127/127519.mp3,A Journey In To The Great Unknown,Squire Tuck,Instrumental
127520,fma_small/127/127520.mp3,Unfinished Business,Squire Tuck,Instrumental
127532,fma_small/127/127532.mp3,No Brain,Space Monkey Death Sequence,Experimental
127541,fma_small/127/127541.mp3,The Trap Door,Space Monkey Death Sequence,Experimental
127542,fma_small/127/127542.mp3,Alike After All,Space Monkey Death Sequence,Experimental
127559,fma_small/127/127559.mp3,High Hopes,Droopies,Rock
127620,fma_small/127/127620.mp3,Ein Art Einleitung,Music for Rabbits,Pop
127623,fma_small/127/127623.mp3,Space Kreuzfahrt,Music for Rabbits,Pop
127648,fma_small/127/127648.mp3,Bkls,Blue Dot Sessions,Instrumental
127660,fma_small/127/127660.mp3,Mknt,Blue Dot Sessions,Instrumental
127661,fma_small/127/127661.mp3,Krok,Blue Dot Sessions,Instrumental
127662,fma_small/127/127662.mp3,Gtks,Blue Dot Sessions,Instrumental
127663,fma_small/127/127663.mp3,Drch,Blue Dot Sessions,Instrumental
127720,fma_small/127/127720.mp3,Rich Albertoni / Stinge,Mellow Harsher,Rock
127722,fma_small/127/127722.mp3,Aus,Andreas Woiger,Folk
127726,fma_small/127/127726.mp3,Schankeshaus,Andreas Woiger,Folk
127798,fma_small/127/127798.mp3,FÜSSGANGER,ODOR BABY,Experimental
127804,fma_small/127/127804.mp3,Starlight,Psychadelik Pedestrian,Electronic
127806,fma_small/127/127806.mp3,The Dead Of Night,Psychadelik Pedestrian,Electronic
127865,fma_small/127/127865.mp3,Accordion Dirge,Dana Boulé,International
127866,fma_small/127/127866.mp3,Paris Ballade,Dana Boulé,International
127867,fma_small/127/127867.mp3,Rainy Night (accordion),Dana Boulé,International
127868,fma_small/127/127868.mp3,Clichy Waltz,Dana Boulé,International
127869,fma_small/127/127869.mp3,Sad French Accordion,Dana Boulé,International
127870,fma_small/127/127870.mp3,Tomorrow Comes (accordion),Dana Boulé,International
127871,fma_small/127/127871.mp3,Swinging in the 7th,Dana Boulé,International
127878,fma_small/127/127878.mp3,Reaper,Razen,Experimental
127908,fma_small/127/127908.mp3,Jump Rope,Gingerlys,Pop
127909,fma_small/127/127909.mp3,Playgrounds,Gingerlys,Pop
127910,fma_small/127/127910.mp3,Set You Off,Gingerlys,Pop
127911,fma_small/127/127911.mp3,Elsewhere,Gingerlys,Pop
127912,fma_small/127/127912.mp3,Incandescent,Gingerlys,Pop
127913,fma_small/127/127913.mp3,See You Cry,Gingerlys,Pop
127914,fma_small/127/127914.mp3,Turtle Doves,Gingerlys,Pop
127915,fma_small/127/127915.mp3,Purple Sunshine,Gingerlys,Pop
127916,fma_small/127/127916.mp3,Hurry,Stephen Chopek,Folk
127936,fma_small/127/127936.mp3,Armageddon,Synapsis,Electronic
127996,fma_small/127/127996.mp3,Labyrinth,Sergey Cheremisinov,Instrumental
128441,fma_small/128/128441.mp3,The More Things Change,The Impossebulls,Hip-Hop
128443,fma_small/128/128443.mp3,a night lost,Mitchmatic,Hip-Hop
128448,fma_small/128/128448.mp3,Low,Lorenzo's Music,Rock
128469,fma_small/128/128469.mp3,The Shoes They Wear,Blue Dot Sessions,Instrumental
128470,fma_small/128/128470.mp3,Over the Fence,Blue Dot Sessions,Instrumental
128471,fma_small/128/128471.mp3,Flattered,Blue Dot Sessions,Instrumental
128472,fma_small/128/128472.mp3,At All Ends,Blue Dot Sessions,Instrumental
128473,fma_small/128/128473.mp3,A Burst of Light,Blue Dot Sessions,Instrumental
128476,fma_small/128/128476.mp3,Memories=Lies,cellardoor,Pop
128477,fma_small/128/128477.mp3,GO!GO!GO!,Emerald Park,Pop
128482,fma_small/128/128482.mp3,Wild Waste,Solar Estates,Pop
128484,fma_small/128/128484.mp3,Wrists Like Little Branches (Basement Skylights Remix),Terrible Terrible,Pop
128494,fma_small/128/128494.mp3,You Ain't Nothin (Featuring Drano & Joey Ripps),Ant The Symbol,Hip-Hop
128500,fma_small/128/128500.mp3,Turnin Clouds into Mountains,Mr. & Mrs. Smith,Folk
128504,fma_small/128/128504.mp3,Ocean,Zebra,Rock
128619,fma_small/128/128619.mp3,Chillout Arena,Cloudjumper,Instrumental
128666,fma_small/128/128666.mp3,We Can Talk About That (Instrumental),Ant The Symbol,Hip-Hop
128668,fma_small/128/128668.mp3,Blue Steel (Instrumental),Ant The Symbol,Hip-Hop
128699,fma_small/128/128699.mp3,Could it be so Hard,The Degs,Rock
128709,fma_small/128/128709.mp3,Ate A Pizza,The Crypts!,Rock
128710,fma_small/128/128710.mp3,Ghost Baby,The Crypts!,Rock
128711,fma_small/128/128711.mp3,Junky Magician,The Crypts!,Rock
128758,fma_small/128/128758.mp3,Here Come The Horses,Synapsis,Electronic
128759,fma_small/128/128759.mp3,Atrusion Fusion,Synapsis,Electronic
128760,fma_small/128/128760.mp3,AT1,Synapsis,Electronic
128799,fma_small/128/128799.mp3,a.,RPM Orchestra,Experimental
128811,fma_small/128/128811.mp3,Hidden Tiles,Blue Dot Sessions,Instrumental
128812,fma_small/128/128812.mp3,Lathe,Blue Dot Sessions,Instrumental
128813,fma_small/128/128813.mp3,Seamless,Blue Dot Sessions,Instrumental
128814,fma_small/128/128814.mp3,Tar and Spackle,Blue Dot Sessions,Instrumental
128815,fma_small/128/128815.mp3,Toppler,Blue Dot Sessions,Instrumental
128816,fma_small/128/128816.mp3,The big out there,krackatoa,Instrumental
128825,fma_small/128/128825.mp3,Nephew Playing Happy Wheels,Lezet,Experimental
128827,fma_small/128/128827.mp3,"Gas, Opera, Guitars",Lezet,Experimental
128828,fma_small/128/128828.mp3,"Laughing, Cheering, Sobbing, Selling",Lezet,Experimental
128835,fma_small/128/128835.mp3,I,Jaan Patterson,Experimental
128845,fma_small/128/128845.mp3,XI,Jaan Patterson,Experimental
128878,fma_small/128/128878.mp3,Festive Felicitations,Squire Tuck,Experimental
128879,fma_small/128/128879.mp3,Bringing Joy at Christmas,Squire Tuck,Experimental
128880,fma_small/128/128880.mp3,To Absent Friends this Christmas,Squire Tuck,Experimental
128881,fma_small/128/128881.mp3,Alone Again at Christmas,Squire Tuck,Experimental
128882,fma_small/128/128882.mp3,"New Year, New Beginning",Squire Tuck,Experimental
128885,fma_small/128/128885.mp3,Why?,Squire Tuck,Instrumental
128886,fma_small/128/128886.mp3,Sad Times,Squire Tuck,Instrumental
128887,fma_small/128/128887.mp3,Love will Conquer All,Squire Tuck,Instrumental
128888,fma_small/128/128888.mp3,The Last Goodbyes of Planet Earth,Squire Tuck,Instrumental
128927,fma_small/128/128927.mp3,Lose None (Featuring Noah O.),Ant The Symbol,Hip-Hop
128992,fma_small/128/128992.mp3,Dawn Breaking,moody alien,Experimental
129039,fma_small/129/129039.mp3,Parade Shoes,Blue Dot Sessions,Instrumental
129040,fma_small/129/129040.mp3,Slow Strutt,Blue Dot Sessions,Instrumental
129042,fma_small/129/129042.mp3,Third in Line,Blue Dot Sessions,Instrumental
129043,fma_small/129/129043.mp3,When We Set Out,Blue Dot Sessions,Instrumental
129044,fma_small/129/129044.mp3,Streamer,Blue Dot Sessions,Instrumental
129046,fma_small/129/129046.mp3,Say You Are Mine,One Watt Of Love,Rock
129048,fma_small/129/129048.mp3,Hanuman,Total Unicorn,Pop
129049,fma_small/129/129049.mp3,ICUu,Total Unicorn,Pop
129051,fma_small/129/129051.mp3,Whole Lot Of Louvre,Total Unicorn,Pop
129052,fma_small/129/129052.mp3,(o)(o)(o),Total Unicorn,Pop
129053,fma_small/129/129053.mp3,Approaching the Surface,Total Unicorn,Pop
129054,fma_small/129/129054.mp3,You're Stealing Sound,Total Unicorn,Pop
129055,fma_small/129/129055.mp3,Xtal Saturation,Total Unicorn,Pop
129056,fma_small/129/129056.mp3,^!^!^,Total Unicorn,Pop
129088,fma_small/129/129088.mp3,Vodka And Beer,The Vivisectors,Rock
129089,fma_small/129/129089.mp3,Loco Banana,The Vivisectors,Rock
129090,fma_small/129/129090.mp3,Happy Halloween,The Vivisectors,Rock
129091,fma_small/129/129091.mp3,Cemetery Dance,The Vivisectors,Rock
129092,fma_small/129/129092.mp3,Beach Boogie,The Vivisectors,Rock
129093,fma_small/129/129093.mp3,Duane Stomp,The Vivisectors,Rock
129094,fma_small/129/129094.mp3,Tsunamy,The Vivisectors,Rock
129095,fma_small/129/129095.mp3,Cowboy Surfer,The Vivisectors,Rock
129096,fma_small/129/129096.mp3,Black Angel,The Vivisectors,Rock
129097,fma_small/129/129097.mp3,Blood On Pavement,The Vivisectors,Rock
129098,fma_small/129/129098.mp3,One Is Always Right,The Vivisectors,Rock
129184,fma_small/129/129184.mp3,Great is the Contessa,Blue Dot Sessions,Instrumental
129185,fma_small/129/129185.mp3,Headlights/Mountain Road,Blue Dot Sessions,Instrumental
129186,fma_small/129/129186.mp3,Paper Napkin,Blue Dot Sessions,Instrumental
129187,fma_small/129/129187.mp3,Paving Stones,Blue Dot Sessions,Instrumental
129188,fma_small/129/129188.mp3,Threads and Veils,Blue Dot Sessions,Instrumental
129189,fma_small/129/129189.mp3,When the Guests Have Left,Blue Dot Sessions,Instrumental
129190,fma_small/129/129190.mp3,Wisteria,Blue Dot Sessions,Instrumental
129268,fma_small/129/129268.mp3,Under The Sea,The IMG,Rock
129362,fma_small/129/129362.mp3,Sous La Mansarde,Lonely Kid Quentin Ensemble,Pop
129372,fma_small/129/129372.mp3,Le Styliste,Lonely Kid Quentin Ensemble,Pop
129374,fma_small/129/129374.mp3,L'Universitaire,Lonely Kid Quentin Ensemble,Pop
129375,fma_small/129/129375.mp3,L'Ecrivaine,Lonely Kid Quentin Ensemble,Pop
129391,fma_small/129/129391.mp3,Mountaintop,A la Mode,Pop
129392,fma_small/129/129392.mp3,To The Wind,A la Mode,Pop
129393,fma_small/129/129393.mp3,New Leaves,A la Mode,Pop
129395,fma_small/129/129395.mp3,Spreading All Over,Jerry Harris,International
129396,fma_small/129/129396.mp3,Just A Little Love We Need,Jerry Harris,International
129397,fma_small/129/129397.mp3,I'm So Glad,Jerry Harris,International
129398,fma_small/129/129398.mp3,Rock This Session,Jerry Harris,International
129399,fma_small/129/129399.mp3,Don't You Think It's Time?,Andy G. Cohen,Rock
129400,fma_small/129/129400.mp3,Homeland,Trevor Flowers and Iheka-Chama,International
129401,fma_small/129/129401.mp3,Nightmare,Trevor Flowers and Iheka-Chama,International
129402,fma_small/129/129402.mp3,Slow Down,Trevor Flowers and Iheka-Chama,International
129403,fma_small/129/129403.mp3,Should I,Trevor Flowers and Iheka-Chama,International
129404,fma_small/129/129404.mp3,Jehovah,Trevor Flowers and Iheka-Chama,International
129405,fma_small/129/129405.mp3,Satisfaction,Trevor Flowers and Iheka-Chama,International
129406,fma_small/129/129406.mp3,Make It With You,Trevor Flowers and Iheka-Chama,International
129407,fma_small/129/129407.mp3,Mandingo Tribe,Trevor Flowers and Iheka-Chama,International
129439,fma_small/129/129439.mp3,The Hole In Your Heart,Bridget St John,Folk
129442,fma_small/129/129442.mp3,Fly High,Bridget St John,Folk
129444,fma_small/129/129444.mp3,Song One,Bridget St John,Folk
129620,fma_small/129/129620.mp3,Jesus Punk,Joan's Diary,Experimental
129622,fma_small/129/129622.mp3,no title,Molestia Auricularum,Experimental
129624,fma_small/129/129624.mp3,Tentacle Hentaij - Core Noisetone,Ralph Brown,Experimental
129674,fma_small/129/129674.mp3,The True Black (Instrumental),Ant The Symbol,Hip-Hop
129675,fma_small/129/129675.mp3,You Don't See (Instrumental),Ant The Symbol,Hip-Hop
129683,fma_small/129/129683.mp3,Child of the 70's,Derek Clegg,Folk
129694,fma_small/129/129694.mp3,The One We Love the Most,Derek Clegg,Folk
129695,fma_small/129/129695.mp3,All of My Love Resides in Paris,Derek Clegg,Folk
129696,fma_small/129/129696.mp3,Laws,Derek Clegg,Folk
129742,fma_small/129/129742.mp3,Eclipsi - anular,-ono-,Electronic
129806,fma_small/129/129806.mp3,Oak Bloke,Captive Portal,Hip-Hop
129807,fma_small/129/129807.mp3,Penny17,Captive Portal,Hip-Hop
129808,fma_small/129/129808.mp3,Sitting On A Song,Captive Portal,Hip-Hop
129816,fma_small/129/129816.mp3,Fam Martinia Dou,Les Vilians Chicots,International
129874,fma_small/129/129874.mp3,I,Tzelalot,International
129875,fma_small/129/129875.mp3,Enchant Down Babylon,Tzelalot,International
129876,fma_small/129/129876.mp3,Cali,Tzelalot,International
129879,fma_small/129/129879.mp3,Apparent,Tzelalot,International
129880,fma_small/129/129880.mp3,Wheel,Tzelalot,International
129882,fma_small/129/129882.mp3,Jah-I-full,Tzelalot,International
129883,fma_small/129/129883.mp3,Albayan,Tzelalot,International
129884,fma_small/129/129884.mp3,Om,Tzelalot,International
129885,fma_small/129/129885.mp3,Ras Amlak,Tzelalot,International
129886,fma_small/129/129886.mp3,WhoShall I Lah,Tzelalot,International
129887,fma_small/129/129887.mp3,Hoy,Tzelalot,International
129889,fma_small/129/129889.mp3,Sidov,Tzelalot,International
129904,fma_small/129/129904.mp3,Trap Niggaz,Dollar Boyz,Hip-Hop
129910,fma_small/129/129910.mp3,In Da Trap,Dollar Boyz,Hip-Hop
129914,fma_small/129/129914.mp3,King Of Da City,Dollar Boyz,Hip-Hop
129915,fma_small/129/129915.mp3,Spit Yo Shit,Dollar Boyz,Hip-Hop
129918,fma_small/129/129918.mp3,Soul Survivor,Dollar Boyz,Hip-Hop
129919,fma_small/129/129919.mp3,Stay Fly,Dollar Boyz,Hip-Hop
129920,fma_small/129/129920.mp3,My City,Dollar Boyz,Hip-Hop
129922,fma_small/129/129922.mp3,Coco,Radio Jarocho and Zenen Zeferino Huervo,International
129923,fma_small/129/129923.mp3,Guacamaya,Radio Jarocho and Zenen Zeferino Huervo,International
129924,fma_small/129/129924.mp3,Misterio,Radio Jarocho and Zenen Zeferino Huervo,International
129925,fma_small/129/129925.mp3,Morena,Radio Jarocho and Zenen Zeferino Huervo,International
129926,fma_small/129/129926.mp3,Vieja,Radio Jarocho and Zenen Zeferino Huervo,International
129927,fma_small/129/129927.mp3,'Colas,Radio Jarocho and Zenen Zeferino Huervo,International
129962,fma_small/129/129962.mp3,Lights Up,Pipe Choir,Rock
129968,fma_small/129/129968.mp3,Infinite Light,Pipe Choir,Rock
129969,fma_small/129/129969.mp3,Sonzis FM,Pipe Choir,Rock
129970,fma_small/129/129970.mp3,On Axis,Pipe Choir,Rock
129972,fma_small/129/129972.mp3,Mettle,Pipe Choir,Rock
129973,fma_small/129/129973.mp3,Savior,Pipe Choir,Rock
129997,fma_small/129/129997.mp3,Bright Sunny End,springtide,Rock
130016,fma_small/130/130016.mp3,A Sport & A Pastime,Camden,Rock
130084,fma_small/130/130084.mp3,Days Gone By,Terry & Louie,Rock
130129,fma_small/130/130129.mp3,Artificial anxiety,Michett,Electronic
130130,fma_small/130/130130.mp3,Atmo,Michett,Electronic
130131,fma_small/130/130131.mp3,Brood,Michett,Electronic
130132,fma_small/130/130132.mp3,Droids in a bar,Michett,Electronic
130133,fma_small/130/130133.mp3,Minora,Michett,Electronic
130134,fma_small/130/130134.mp3,Oceanic,Michett,Electronic
130135,fma_small/130/130135.mp3,Picnic at the reactor,Michett,Electronic
130136,fma_small/130/130136.mp3,Wet,Michett,Electronic
130137,fma_small/130/130137.mp3,Yurtology,Michett,Electronic
130168,fma_small/130/130168.mp3,Funky Motion (Stripped To Da Cuts Crazy Wack Funkee Mix Instrumental),Cheese N Pot-C,Hip-Hop
130170,fma_small/130/130170.mp3,Funky Motion (Clean Version),Cheese N Pot-C,Hip-Hop
130218,fma_small/130/130218.mp3,Changes,OpVious,Hip-Hop
130265,fma_small/130/130265.mp3,Show The Way,Rockit Maxx,Pop
130347,fma_small/130/130347.mp3,Groen Hoek Man,Goddess,Folk
130349,fma_small/130/130349.mp3,Paradise,Goddess,Folk
130367,fma_small/130/130367.mp3,Waiting / Wanting,TransFX,Pop
130368,fma_small/130/130368.mp3,Into the Blu,TransFX,Pop
130369,fma_small/130/130369.mp3,If Im Losing You Sunset Strip,TransFX,Pop
130370,fma_small/130/130370.mp3,Davanna CA,TransFX,Pop
130371,fma_small/130/130371.mp3,Fugue 7,TransFX,Pop
130372,fma_small/130/130372.mp3,Like a Glove,TransFX,Pop
130440,fma_small/130/130440.mp3,Kids Room,Pot-C,Hip-Hop
130454,fma_small/130/130454.mp3,Qwak Qwak Qwak,Pot-C,Hip-Hop
130456,fma_small/130/130456.mp3,Til It Hurts (Munkee Mixx),Pot-C,Hip-Hop
130650,fma_small/130/130650.mp3,Funky Motion,Cheese N Pot-C,Hip-Hop
130667,fma_small/130/130667.mp3,Shelter From The Ash,Six Organs of Admittance,Folk
130682,fma_small/130/130682.mp3,Halloween Again,The Zombie Dandies,Rock
130683,fma_small/130/130683.mp3,The Friendly Monster Shop,The Zombie Dandies,Rock
130689,fma_small/130/130689.mp3,Flaying with Fire,Cryosyncopy,Rock
130691,fma_small/130/130691.mp3,Dark Path,Cryosyncopy,Rock
130692,fma_small/130/130692.mp3,Lamia 2,Cryosyncopy,Rock
130693,fma_small/130/130693.mp3,Everlasting Rot,Cryosyncopy,Rock
130702,fma_small/130/130702.mp3,Deero,G8,Hip-Hop
130709,fma_small/130/130709.mp3,Silly Guy,Jimmy & The Threats,Hip-Hop
130710,fma_small/130/130710.mp3,This Party,Jimmy & The Threats,Hip-Hop
130711,fma_small/130/130711.mp3,Twenty Somethin',Jimmy & The Threats,Hip-Hop
130752,fma_small/130/130752.mp3,Song for the Cameleon,Squire Tuck,Instrumental
130758,fma_small/130/130758.mp3,Today Is the Night,Keijo,Folk
130920,fma_small/130/130920.mp3,Sober Lullaby,mathgrant,Electronic
130921,fma_small/130/130921.mp3,Perfect Boy,mathgrant,Electronic
130922,fma_small/130/130922.mp3,A Jubilant Sport,mathgrant,Electronic
130923,fma_small/130/130923.mp3,Victorious Accomplishment,mathgrant,Electronic
130927,fma_small/130/130927.mp3,The Stars Look Different (Ziggy Stardust Mix),spinningmerkaba,Instrumental
130929,fma_small/130/130929.mp3,Charcoal Lines,Blue Dot Sessions,Instrumental
130930,fma_small/130/130930.mp3,Contrarian,Blue Dot Sessions,Instrumental
130931,fma_small/130/130931.mp3,Diagram K,Blue Dot Sessions,Instrumental
130932,fma_small/130/130932.mp3,That Horse Ithica,Blue Dot Sessions,Instrumental
130933,fma_small/130/130933.mp3,That River Wide,Blue Dot Sessions,Instrumental
130934,fma_small/130/130934.mp3,The Terrarium,Blue Dot Sessions,Instrumental
130937,fma_small/130/130937.mp3,Le grand large,La Cantine Boga,Folk
130940,fma_small/130/130940.mp3,Ma petite est comme l'eau,La Cantine Boga,Folk
130944,fma_small/130/130944.mp3,Bonus - Pique-assiette sentimental,La Cantine Boga,Folk
130945,fma_small/130/130945.mp3,Mayfly,Albin Andersson,Folk
130948,fma_small/130/130948.mp3,A Penny For Your Dreams,Albin Andersson,Folk
130950,fma_small/130/130950.mp3,Blind,Albin Andersson,Folk
130951,fma_small/130/130951.mp3,All The Stupid Things You Say,Albin Andersson,Folk
130952,fma_small/130/130952.mp3,You Never Took Me For A Walk,Albin Andersson,Folk
130953,fma_small/130/130953.mp3,The Fences,Albin Andersson,Folk
130954,fma_small/130/130954.mp3,Are We?,Albin Andersson,Folk
130955,fma_small/130/130955.mp3,Even If It's True,Albin Andersson,Folk
130956,fma_small/130/130956.mp3,daughter no more,Martha Rose,Folk
130963,fma_small/130/130963.mp3,paranoid,Martha Rose,Folk
130964,fma_small/130/130964.mp3,save me starsigns,Martha Rose,Folk
130986,fma_small/130/130986.mp3,"Doctor, what has Cesuacantho to do with this?",Jaan Patterson,Experimental
130988,fma_small/130/130988.mp3,3rd Chair,Blue Dot Sessions,Instrumental
130989,fma_small/130/130989.mp3,4th Chair,Blue Dot Sessions,Instrumental
130990,fma_small/130/130990.mp3,Between Stones,Blue Dot Sessions,Instrumental
130991,fma_small/130/130991.mp3,Bliste,Blue Dot Sessions,Instrumental
130992,fma_small/130/130992.mp3,Petra,Blue Dot Sessions,Instrumental
130993,fma_small/130/130993.mp3,Turning,Blue Dot Sessions,Instrumental
131016,fma_small/131/131016.mp3,Zombies,Pot-C,Hip-Hop
131019,fma_small/131/131019.mp3,Fallin' Apart,Pot-C,Hip-Hop
131020,fma_small/131/131020.mp3,Eternal New Guy,Pot-C,Hip-Hop
131021,fma_small/131/131021.mp3,You Are The World,Pot-C,Hip-Hop
131024,fma_small/131/131024.mp3,"Taylor Swift, Yeah!",Eric Boros & Fritz Welch,Experimental
131166,fma_small/131/131166.mp3,Luck That's Dumb/Happy Birthday Dave!,The Crypts!,Rock
131292,fma_small/131/131292.mp3,Anywhere Else,springtide,Rock
131323,fma_small/131/131323.mp3,Decompression,Blue Dot Sessions,Instrumental
131324,fma_small/131/131324.mp3,Jeramiah's Suit,Blue Dot Sessions,Instrumental
131325,fma_small/131/131325.mp3,Rally,Blue Dot Sessions,Instrumental
131326,fma_small/131/131326.mp3,The Silver Hatch,Blue Dot Sessions,Instrumental
131327,fma_small/131/131327.mp3,Transit Vidal,Blue Dot Sessions,Instrumental
131385,fma_small/131/131385.mp3,ODOR BABY THEME SONG,ODOR BABY,Experimental
131410,fma_small/131/131410.mp3,PITHIA,Suburban Howl,Experimental
131422,fma_small/131/131422.mp3,The Raps Well (dustmotes Instrumental),Cheese N Pot-C,Hip-Hop
131425,fma_small/131/131425.mp3,The Raps Well (Album Version Acapella),Cheese N Pot-C,Hip-Hop
131426,fma_small/131/131426.mp3,The Raps Well (Clean Album Version),Cheese N Pot-C,Hip-Hop
131436,fma_small/131/131436.mp3,A01 Mesh Shirt mp3,Mom Jeans,Pop
131439,fma_small/131/131439.mp3,A04 Smoke Weed,Mom Jeans,Pop
131444,fma_small/131/131444.mp3,A09 I Want It Like That,Mom Jeans,Pop
131446,fma_small/131/131446.mp3,A11 Turn Out The Lights,Mom Jeans,Pop
131448,fma_small/131/131448.mp3,B02 Donkey Kong,Mom Jeans,Pop
131449,fma_small/131/131449.mp3,B03 John Waters,Mom Jeans,Pop
131451,fma_small/131/131451.mp3,B05 Mesh Shirt,Mom Jeans,Pop
131452,fma_small/131/131452.mp3,B06 Say We're Sweethearts Again,Mom Jeans,Pop
131453,fma_small/131/131453.mp3,B07 Ya Dumb Bitch,Mom Jeans,Pop
131454,fma_small/131/131454.mp3,B08 Mario,Mom Jeans,Pop
131476,fma_small/131/131476.mp3,Facing Facts About Growing Old,Squire Tuck,Instrumental
131536,fma_small/131/131536.mp3,Professional Sport,Cheap Talk,Rock
131540,fma_small/131/131540.mp3,AVIATION CRAB ORCHESTRA (PFUDOR),OODR BABY,Experimental
131552,fma_small/131/131552.mp3,You Are a Human,Your Marginally Talented Photographer Girlfriend,Rock
131553,fma_small/131/131553.mp3,My Daughter Likes Dora The Explorer,Your Marginally Talented Photographer Girlfriend,Rock
131554,fma_small/131/131554.mp3,Emily Rose (a duet with Jennifer Carpenter),Your Marginally Talented Photographer Girlfriend,Rock
131567,fma_small/131/131567.mp3,Their Business Model Doesn't Coincide With Reality,Massaccesi,Experimental
131624,fma_small/131/131624.mp3,AVIATION CRAB ORCHESTRA (MERC ZERO),ODOR BABY,Experimental
131656,fma_small/131/131656.mp3,Shake Some Action,The Flamin' Groovies,Rock
131657,fma_small/131/131657.mp3,Let Me Rock,The Flamin' Groovies,Rock
131658,fma_small/131/131658.mp3,Teenage Head,The Flamin' Groovies,Rock
131764,fma_small/131/131764.mp3,This Is The Night,Microscopes,Pop
131767,fma_small/131/131767.mp3,Pictures,Microscopes,Pop
131770,fma_small/131/131770.mp3,Babe,Microscopes,Pop
131771,fma_small/131/131771.mp3,Child's play,Microscopes,Pop
131772,fma_small/131/131772.mp3,Wolfman,Microscopes,Pop
131773,fma_small/131/131773.mp3,Those Summer Days,Microscopes,Pop
131774,fma_small/131/131774.mp3,Dreams Don't Mean Anything,Microscopes,Pop
131787,fma_small/131/131787.mp3,Aurora,Pranavibes,Instrumental
131789,fma_small/131/131789.mp3,Dream & Bass,Pranavibes,Instrumental
131791,fma_small/131/131791.mp3,N'iceland,Pranavibes,Instrumental
131792,fma_small/131/131792.mp3,Invitation,Pranavibes,Instrumental
131794,fma_small/131/131794.mp3,Shanti,Pranavibes,Instrumental
131795,fma_small/131/131795.mp3,Back to Far West,Pranavibes,Instrumental
131796,fma_small/131/131796.mp3,Tempête,Pranavibes,Instrumental
131797,fma_small/131/131797.mp3,Transe animale,Pranavibes,Instrumental
131837,fma_small/131/131837.mp3,『鯖江市日の出』Sabae Sunrise,Fabian Measures,Instrumental
131897,fma_small/131/131897.mp3,Crime Story,David Szesztay,Folk
131899,fma_small/131/131899.mp3,Freezing,David Szesztay,Folk
131900,fma_small/131/131900.mp3,In The Sun,David Szesztay,Folk
131901,fma_small/131/131901.mp3,Joyful Meeting,David Szesztay,Folk
131902,fma_small/131/131902.mp3,One More Round,David Szesztay,Folk
131903,fma_small/131/131903.mp3,The Hangover,David Szesztay,Folk
131904,fma_small/131/131904.mp3,Waiting,David Szesztay,Folk
131911,fma_small/131/131911.mp3,Above Us,David Szesztay,Instrumental
131912,fma_small/131/131912.mp3,Backward,David Szesztay,Instrumental
131913,fma_small/131/131913.mp3,Backyard,David Szesztay,Instrumental
131914,fma_small/131/131914.mp3,Farewell,David Szesztay,Instrumental
131917,fma_small/131/131917.mp3,Old Mans Tale,David Szesztay,Instrumental
131918,fma_small/131/131918.mp3,Open Windows 2,David Szesztay,Instrumental
131919,fma_small/131/131919.mp3,Open Windows,David Szesztay,Instrumental
131922,fma_small/131/131922.mp3,Snow,David Szesztay,Instrumental
131923,fma_small/131/131923.mp3,The End,David Szesztay,Instrumental
131924,fma_small/131/131924.mp3,Underwater,David Szesztay,Instrumental
131925,fma_small/131/131925.mp3,Wind,David Szesztay,Instrumental
131932,fma_small/131/131932.mp3,Sa,Edessa,International
131933,fma_small/131/131933.mp3,Graovsko,Edessa,International
131934,fma_small/131/131934.mp3,Sheikhane,Edessa,International
131935,fma_small/131/131935.mp3,Saskin,Edessa,International
131936,fma_small/131/131936.mp3,Gunel Hirsizi,Edessa,International
131938,fma_small/131/131938.mp3,Revisk Oro,Choban Elektrik,International
131939,fma_small/131/131939.mp3,Rreth e qark beratit,Choban Elektrik,International
131940,fma_small/131/131940.mp3,Illede Roman Olsun,Choban Elektrik,International
131941,fma_small/131/131941.mp3,Unknown Cocek Tune,Choban Elektrik,International
131942,fma_small/131/131942.mp3,Ibrahim,Choban Elektrik,International
131950,fma_small/131/131950.mp3,Tsangala,Yale Women's Slavic Chorus,International
131951,fma_small/131/131951.mp3,Svatba,Yale Women's Slavic Chorus,International
131952,fma_small/131/131952.mp3,Kaval Sviri,Yale Women's Slavic Chorus,International
131953,fma_small/131/131953.mp3,Prekhvrukna Ptichka,Yale Women's Slavic Chorus,International
131978,fma_small/131/131978.mp3,Cena slobode,Nafta,Rock
131979,fma_small/131/131979.mp3,Ti (garage exclusive),Nafta,Rock
131980,fma_small/131/131980.mp3,Petite Route,Zé Trigueiros,Instrumental
131982,fma_small/131/131982.mp3,Shetland Chords,Zé Trigueiros,Instrumental
131983,fma_small/131/131983.mp3,Terra e Mar,Zé Trigueiros,Instrumental
131984,fma_small/131/131984.mp3,Dia Inteiro,Zé Trigueiros,Instrumental
131985,fma_small/131/131985.mp3,Big Road of Burravoe,Zé Trigueiros,Instrumental
131986,fma_small/131/131986.mp3,Pontão,Zé Trigueiros,Instrumental
132019,fma_small/132/132019.mp3,Groovin,Yoghurt For Breakfast,Experimental
132040,fma_small/132/132040.mp3,A.M. Doom,Eddi Front,Folk
132041,fma_small/132/132041.mp3,Intro to Dream B - Texas,Eddi Front,Folk
132042,fma_small/132/132042.mp3,High Hopes,Eddi Front,Folk
132045,fma_small/132/132045.mp3,Sing Sing,Eddi Front,Folk
132117,fma_small/132/132117.mp3,Credit Where Credit Is Due,Timezone LaFontaine,Hip-Hop
132118,fma_small/132/132118.mp3,Just Like That,Humble,Hip-Hop
132122,fma_small/132/132122.mp3,Signal,Starcardigan,Pop
132134,fma_small/132/132134.mp3,OST 12 Wherever Aliens!!!,sawsquarenoise,Electronic
132138,fma_small/132/132138.mp3,OST 13 More Aliens!,sawsquarenoise,Electronic
132139,fma_small/132/132139.mp3,Ciganka Je Malena,Gogofski,International
132140,fma_small/132/132140.mp3,Mostarski Duchani,Gogofski,International
132141,fma_small/132/132141.mp3,Emina,Gogofski,International
132142,fma_small/132/132142.mp3,Mito Bekriyo,Gogofski,International
132171,fma_small/132/132171.mp3,Color Blindness,Ulises Lima,Rock
132272,fma_small/132/132272.mp3,Meditations of a Warrior,The Golden Path,Experimental
132310,fma_small/132/132310.mp3,Twinkle Twinkle (Instrumental),David Mumford,Instrumental
132420,fma_small/132/132420.mp3,OST 15 Super Super,sawsquarenoise,Electronic
132424,fma_small/132/132424.mp3,Acoustic And Intimidating,Cock ESP w/Art Pratten,Experimental
132434,fma_small/132/132434.mp3,"Oh, My Cat!",Tea Man With Tea Gum,Experimental
132436,fma_small/132/132436.mp3,Will See,Urbanoxfailure,Experimental
132448,fma_small/132/132448.mp3,Liberosis (Instrumental),Nihilore,Electronic
132449,fma_small/132/132449.mp3,Not Quite There,Ava Zandieh,Folk
132453,fma_small/132/132453.mp3,Ghost Of You,Ava Zandieh,Folk
132454,fma_small/132/132454.mp3,Catalini,Ava Zandieh,Folk
132455,fma_small/132/132455.mp3,Answers,Ava Zandieh,Folk
132456,fma_small/132/132456.mp3,Calendula,Ava Zandieh,Folk
132561,fma_small/132/132561.mp3,Down Down Down - The Holy Innocents,The Holy Innocents,Instrumental
132566,fma_small/132/132566.mp3,Electronic Composition Two B Craig Mikeski,Craig Mileski,Instrumental
132567,fma_small/132/132567.mp3,Possess - William Hellfire,William Hellfire,Instrumental
132568,fma_small/132/132568.mp3,Upsidedown Stars - Tyrannosaurs Dracula,Tyrannosaurus Dracula,Instrumental
132589,fma_small/132/132589.mp3,intro,pat moonchy and angelo contini,Experimental
132675,fma_small/132/132675.mp3,When I am King,Future Sauce,Instrumental
132677,fma_small/132/132677.mp3,Ratmobile,Future Sauce,Instrumental
132678,fma_small/132/132678.mp3,Lullabye,Future Sauce,Instrumental
132679,fma_small/132/132679.mp3,Giallo Pudding,Future Sauce,Instrumental
132773,fma_small/132/132773.mp3,Aleppo,Poor Alexei,Electronic
132774,fma_small/132/132774.mp3,Interiors,Poor Alexei,Electronic
132775,fma_small/132/132775.mp3,Bipolarity,Poor Alexei,Electronic
132778,fma_small/132/132778.mp3,Stuff,Gardenella,Pop
132779,fma_small/132/132779.mp3,Party boots,Gardenella,Pop
132781,fma_small/132/132781.mp3,Bosa Nova,Gardenella,Pop
132784,fma_small/132/132784.mp3,Fuck Texas,Gardenella,Pop
132786,fma_small/132/132786.mp3,PNC Bach,Gardenella,Pop
132787,fma_small/132/132787.mp3,Secret Santa,Gardenella,Pop
132788,fma_small/132/132788.mp3,Squirrels,Gardenella,Pop
132789,fma_small/132/132789.mp3,Urinating on Myself,Gardenella,Pop
132790,fma_small/132/132790.mp3,She,Gardenella,Pop
132791,fma_small/132/132791.mp3,What it is,Gardenella,Pop
132792,fma_small/132/132792.mp3,Rainbow Jesus,Gardenella,Pop
132793,fma_small/132/132793.mp3,Mount Rainier,Gardenella,Pop
132794,fma_small/132/132794.mp3,Youre so lonely,Gardenella,Pop
132795,fma_small/132/132795.mp3,Who Will It Kill,Gardenella,Pop
132914,fma_small/132/132914.mp3,The Heart Of The Mountain (piano cover by heklAa),Release The Long Ships,Rock
132954,fma_small/132/132954.mp3,Sodomy Dungeon (remastered),Cockmasta Flex,Hip-Hop
132961,fma_small/132/132961.mp3,Gay & Real (remastered),Cockmasta Flex,Hip-Hop
132962,fma_small/132/132962.mp3,Maricones Calientes (remastered),Cockmasta Flex,Hip-Hop
132963,fma_small/132/132963.mp3,Cock (remastered),Cockmasta Flex,Hip-Hop
132964,fma_small/132/132964.mp3,Deeper (remastered),Cockmasta Flex,Hip-Hop
132965,fma_small/132/132965.mp3,Gayngsta Faggot Bruthafuckaz (remastered),Cockmasta Flex,Hip-Hop
133015,fma_small/133/133015.mp3,Star`s End,SPCZ,Electronic
133016,fma_small/133/133016.mp3,Legend,SPCZ,Electronic
133019,fma_small/133/133019.mp3,Space Night,SPCZ,Electronic
133020,fma_small/133/133020.mp3,G-Men in Space,SPCZ,Electronic
133022,fma_small/133/133022.mp3,Hipno,SPCZ,Electronic
133023,fma_small/133/133023.mp3,Gaia,SPCZ,Electronic
133024,fma_small/133/133024.mp3,La Fèe Verte,SPCZ,Electronic
133025,fma_small/133/133025.mp3,Empire,SPCZ,Electronic
133026,fma_small/133/133026.mp3,Sphere,SPCZ,Electronic
133027,fma_small/133/133027.mp3,Gloom,SPCZ,Electronic
133028,fma_small/133/133028.mp3,Eternal Glide,SPCZ,Electronic
133029,fma_small/133/133029.mp3,Pulse,SPCZ,Electronic
133100,fma_small/133/133100.mp3,Mockingbird (Instrumental),David Mumford,Instrumental
133102,fma_small/133/133102.mp3,Natural Groove,Squire Tuck,Instrumental
133272,fma_small/133/133272.mp3,Anger,Movie Theater,Rock
133273,fma_small/133/133273.mp3,Sadness,Movie Theater,Rock
133274,fma_small/133/133274.mp3,Fear,Movie Theater,Rock
133275,fma_small/133/133275.mp3,Regret,Movie Theater,Rock
133276,fma_small/133/133276.mp3,Love,Movie Theater,Rock
133293,fma_small/133/133293.mp3,Mucky's Happy Resort,{AN} Eel,Experimental
133294,fma_small/133/133294.mp3,Jazz Got Fuck'd,AG Davis,Experimental
133297,fma_small/133/133297.mp3,(piano & mosesa7C),Balog and Matthies,Experimental
133332,fma_small/133/133332.mp3,Suspended Animation,Zilmrah,Experimental
133333,fma_small/133/133333.mp3,Alien Samba Kollage and Subversive Intentions Symphodrone Mix,Ziurmuzik and Nick Endee Ocitned,Experimental
133431,fma_small/133/133431.mp3,David Hemmings,TRG Banks,Instrumental
133432,fma_small/133/133432.mp3,Cigar,TRG Banks,Instrumental
133433,fma_small/133/133433.mp3,Horse ride 1,TRG Banks,Instrumental
133434,fma_small/133/133434.mp3,Keith in 1987,TRG Banks,Instrumental
133435,fma_small/133/133435.mp3,Horse ride 2,TRG Banks,Instrumental
133436,fma_small/133/133436.mp3,New world,TRG Banks,Instrumental
133437,fma_small/133/133437.mp3,Horse ride 3,TRG Banks,Instrumental
133438,fma_small/133/133438.mp3,Packed lunch,TRG Banks,Instrumental
133439,fma_small/133/133439.mp3,Horse ride 4,TRG Banks,Instrumental
133440,fma_small/133/133440.mp3,Smooth jacket,TRG Banks,Instrumental
133441,fma_small/133/133441.mp3,Into the sunset,TRG Banks,Instrumental
133442,fma_small/133/133442.mp3,Journey with Russ,TRG Banks,Instrumental
133443,fma_small/133/133443.mp3,Twilight valley,TRG Banks,Instrumental
133444,fma_small/133/133444.mp3,Rainbow,TRG Banks,Instrumental
133445,fma_small/133/133445.mp3,Coast,TRG Banks,Instrumental
133446,fma_small/133/133446.mp3,Adventures with Paddy,TRG Banks,Instrumental
133447,fma_small/133/133447.mp3,After midnight,TRG Banks,Instrumental
133448,fma_small/133/133448.mp3,Extravaganza,TRG Banks,Instrumental
133449,fma_small/133/133449.mp3,Castle Lane,TRG Banks,Instrumental
133450,fma_small/133/133450.mp3,City,TRG Banks,Instrumental
133451,fma_small/133/133451.mp3,Flying,TRG Banks,Instrumental
133452,fma_small/133/133452.mp3,Across the border,TRG Banks,Instrumental
133453,fma_small/133/133453.mp3,Ride with the moon,TRG Banks,Instrumental
133454,fma_small/133/133454.mp3,Farmhouse loaf,TRG Banks,Instrumental
133455,fma_small/133/133455.mp3,Stop the ice cream van,TRG Banks,Instrumental
133456,fma_small/133/133456.mp3,Michael Landon,TRG Banks,Instrumental
133457,fma_small/133/133457.mp3,Fresh pastures,TRG Banks,Instrumental
133459,fma_small/133/133459.mp3,Kevelin and Chestnut,TRG Banks,Instrumental
133479,fma_small/133/133479.mp3,Edemov Sad,Fanny Kaplan,Rock
133535,fma_small/133/133535.mp3,Bizarre Waltz,David Szesztay,Instrumental
133537,fma_small/133/133537.mp3,Cascet,David Szesztay,Instrumental
133538,fma_small/133/133538.mp3,Chains Down,David Szesztay,Instrumental
133544,fma_small/133/133544.mp3,Eve,David Szesztay,Instrumental
133545,fma_small/133/133545.mp3,Execution,David Szesztay,Instrumental
133546,fma_small/133/133546.mp3,First Step Inside,David Szesztay,Instrumental
133551,fma_small/133/133551.mp3,In Action,David Szesztay,Instrumental
133553,fma_small/133/133553.mp3,Linger,David Szesztay,Instrumental
133560,fma_small/133/133560.mp3,Paranoid,David Szesztay,Instrumental
133561,fma_small/133/133561.mp3,Plashes,David Szesztay,Instrumental
133562,fma_small/133/133562.mp3,Prayer,David Szesztay,Instrumental
133563,fma_small/133/133563.mp3,Problem,David Szesztay,Instrumental
133564,fma_small/133/133564.mp3,Reopen,David Szesztay,Instrumental
133567,fma_small/133/133567.mp3,Romance,David Szesztay,Instrumental
133571,fma_small/133/133571.mp3,Spacedrum,David Szesztay,Instrumental
133572,fma_small/133/133572.mp3,Strange Meeting,David Szesztay,Instrumental
133573,fma_small/133/133573.mp3,Surreal 2,David Szesztay,Instrumental
133574,fma_small/133/133574.mp3,Surreal,David Szesztay,Instrumental
133576,fma_small/133/133576.mp3,Swinging Blues,David Szesztay,Instrumental
133579,fma_small/133/133579.mp3,Vanda's Blues,David Szesztay,Instrumental
133580,fma_small/133/133580.mp3,Wake Up,David Szesztay,Instrumental
133632,fma_small/133/133632.mp3,There Goes My Girl,EZTV,Rock
133638,fma_small/133/133638.mp3,Intentional Injury,Bonnie 'Prince' Billy,Folk
133639,fma_small/133/133639.mp3,66,Bonnie 'Prince' Billy,Folk
133681,fma_small/133/133681.mp3,Midnight Chillin',Squire Tuck,Instrumental
133729,fma_small/133/133729.mp3,This Zero Hour,the silence industry,Rock
133731,fma_small/133/133731.mp3,With Arms,the silence industry,Rock
133770,fma_small/133/133770.mp3,AVIATION CRAB ORCHESTRA (BALLAD OF DEREK BAILEY),ODOR BABY,Experimental
133772,fma_small/133/133772.mp3,Grindstone,Hearse Pileup,Rock
133780,fma_small/133/133780.mp3,We Know Time,Nic Falcon,Folk
133781,fma_small/133/133781.mp3,Holiday,Nic Falcon,Folk
133788,fma_small/133/133788.mp3,Waiting for the Hurricane,David Rovics,Folk
133793,fma_small/133/133793.mp3,Angry White American Man,David Rovics,Folk
133798,fma_small/133/133798.mp3,Facebook,David Rovics,Folk
133802,fma_small/133/133802.mp3,Christmas in a Tent,David Rovics,Folk
133803,fma_small/133/133803.mp3,The Ball is Round,David Rovics,Folk
133833,fma_small/133/133833.mp3,Spare Succulence,gunctrl,Rock
133835,fma_small/133/133835.mp3,Evening Raga,Nimisha Shankar,International
133836,fma_small/133/133836.mp3,Gold: A Holi Song,Nimisha Shankar,International
133837,fma_small/133/133837.mp3,Quiet Raga,Nimisha Shankar,International
133838,fma_small/133/133838.mp3,Sunset Raga,Nimisha Shankar,International
133916,fma_small/133/133916.mp3,FUNSHINE BEAR WE ALL GLOW IN THE DARK ODOR BABY REMIX,FUNSHINE BEAR / ODOR BABY,Experimental
133942,fma_small/133/133942.mp3,Plan II,Raul Diaz Palomar,Instrumental
133943,fma_small/133/133943.mp3,"Abdalá (demo, bonus)",Raul Diaz Palomar,Instrumental
133967,fma_small/133/133967.mp3,Breaking Dawn,Marcos H. Bolanos,Instrumental
133968,fma_small/133/133968.mp3,The Journey,Marcos H. Bolanos,Instrumental
133969,fma_small/133/133969.mp3,Calm Like a Trap,Marcos H. Bolanos,Instrumental
133970,fma_small/133/133970.mp3,True Story,Marcos H. Bolanos,Instrumental
133971,fma_small/133/133971.mp3,Slow Motion,Marcos H. Bolanos,Instrumental
133972,fma_small/133/133972.mp3,To Distant Lands,Marcos H. Bolanos,Instrumental
133973,fma_small/133/133973.mp3,The Dream,Marcos H. Bolanos,Instrumental
133974,fma_small/133/133974.mp3,Bound for Adventure,Marcos H. Bolanos,Instrumental
133975,fma_small/133/133975.mp3,Yes She Can,Marcos H. Bolanos,Instrumental
133976,fma_small/133/133976.mp3,Stay in the Light,Marcos H. Bolanos,Instrumental
133977,fma_small/133/133977.mp3,Radioheart,Marcos H. Bolanos,Instrumental
133978,fma_small/133/133978.mp3,Improve Yourself,Marcos H. Bolanos,Instrumental
134034,fma_small/134/134034.mp3,So Unreal,The Spectacular Fantastic,Rock
134052,fma_small/134/134052.mp3,XXOO (XX remixed),Jahzzar,Electronic
134053,fma_small/134/134053.mp3,Mares I AM (Maresia Dance mix),Jahzzar,Electronic
134054,fma_small/134/134054.mp3,Pills & Mantra (Skills Pills & Mantra Mixed & Remixed),Jahzzar,Electronic
134073,fma_small/134/134073.mp3,How many,Windmill,Folk
134077,fma_small/134/134077.mp3,Instrumentale I,Windmill,Folk
134084,fma_small/134/134084.mp3,An ordinary man,Windmill,Folk
134094,fma_small/134/134094.mp3,Live,dj balli and his,Experimental
134359,fma_small/134/134359.mp3,Happy for a While,Gumbel,Electronic
134384,fma_small/134/134384.mp3,Small Town Industry,Scott Holmes,Pop
134385,fma_small/134/134385.mp3,Moving Forward,Scott Holmes,Pop
134388,fma_small/134/134388.mp3,Magical Moments,Scott Holmes,Pop
134389,fma_small/134/134389.mp3,Against All Odds,Scott Holmes,Pop
134443,fma_small/134/134443.mp3,This train doesn't stop at Rugby,TRG Banks,Instrumental
134444,fma_small/134/134444.mp3,Goodbye Earth,TRG Banks,Instrumental
134445,fma_small/134/134445.mp3,Above the Earth,TRG Banks,Instrumental
134446,fma_small/134/134446.mp3,Dark Days,Grav,Electronic
134447,fma_small/134/134447.mp3,Intro,Grav,Electronic
134448,fma_small/134/134448.mp3,Turns Me On,Grav,Electronic
134449,fma_small/134/134449.mp3,Through the asteroid belt,TRG Banks,Instrumental
134452,fma_small/134/134452.mp3,Interstellar breakfast,TRG Banks,Instrumental
134453,fma_small/134/134453.mp3,First stop,TRG Banks,Instrumental
134454,fma_small/134/134454.mp3,Through the gravitational field,TRG Banks,Instrumental
134455,fma_small/134/134455.mp3,Non-stop to Insideoutworld,TRG Banks,Instrumental
134486,fma_small/134/134486.mp3,Love&Heartbreak,Squire Tuck,Pop
134509,fma_small/134/134509.mp3,Get Paid (Mouth Beat Mix) (Featuring DJ Phazer),Donnie Ozone,Hip-Hop
134510,fma_small/134/134510.mp3,Get Paid (Full Mix) (Featuring DJ Phazer),Donnie Ozone,Hip-Hop
134580,fma_small/134/134580.mp3,Old Allу,Sergey Cheremisinov,Instrumental
134586,fma_small/134/134586.mp3,Now You Are Here,Sergey Cheremisinov,Instrumental
134594,fma_small/134/134594.mp3,Instrumental,Purling Hiss (Solo),Rock
134610,fma_small/134/134610.mp3,Roaches (Featuring Pot-C),Donnie Ozone,Hip-Hop
134631,fma_small/134/134631.mp3,Weightlessness of Fire,"Ak'chamel, The Giver of Illness",Experimental
134643,fma_small/134/134643.mp3,AVIATION CRAB ORCHESTRA (BUILD A WALL),ODOR BABY,Experimental
134790,fma_small/134/134790.mp3,Analemma,Pianochocolate,Instrumental
134791,fma_small/134/134791.mp3,Lake Baikal,Pianochocolate,Instrumental
134792,fma_small/134/134792.mp3,Romance,Pianochocolate,Instrumental
134793,fma_small/134/134793.mp3,Sunshower,Pianochocolate,Instrumental
134794,fma_small/134/134794.mp3,Christina,Pianochocolate,Instrumental
134795,fma_small/134/134795.mp3,Promenade,Pianochocolate,Instrumental
134796,fma_small/134/134796.mp3,Eraser,Pianochocolate,Instrumental
134797,fma_small/134/134797.mp3,Everyone will come back home,Pianochocolate,Instrumental
134801,fma_small/134/134801.mp3,Idea,Vir Nocturna,Electronic
134823,fma_small/134/134823.mp3,Take Your Poison,C-Doc,Hip-Hop
134824,fma_small/134/134824.mp3,Pusher For Record,C-Doc,Hip-Hop
134825,fma_small/134/134825.mp3,Needy Ass,Tha Silent Partner,Hip-Hop
134826,fma_small/134/134826.mp3,GoodLookN,Tha Silent Partner,Hip-Hop
134827,fma_small/134/134827.mp3,Mandingo Ocean,Tha Silent Partner,Hip-Hop
134918,fma_small/134/134918.mp3,-Sheydaii,"Turku, Nomads of the Silk Road",International
134919,fma_small/134/134919.mp3,Fidayda,"Turku, Nomads of the Silk Road",International
134922,fma_small/134/134922.mp3,-Shab Ayum,"Turku, Nomads of the Silk Road",International
134923,fma_small/134/134923.mp3,-Sut Ictim Dilim Yandi,"Turku, Nomads of the Silk Road",International
134928,fma_small/134/134928.mp3,-Uskudara Gideriken,"Turku, Nomads of the Silk Road",International
134929,fma_small/134/134929.mp3,-Agri Dagindan Uctum,"Turku, Nomads of the Silk Road",International
134930,fma_small/134/134930.mp3,Mastoom Mastoom   Asmar Asmar,"Turku, Nomads of the Silk Road",International
134931,fma_small/134/134931.mp3,-Anadolu Kavagi,"Turku, Nomads of the Silk Road",International
134932,fma_small/134/134932.mp3,-Rampi Rampi,"Turku, Nomads of the Silk Road",International
134933,fma_small/134/134933.mp3,-Misket,"Turku, Nomads of the Silk Road",International
134934,fma_small/134/134934.mp3,-Saza Niye Glemedin,"Turku, Nomads of the Silk Road",International
134935,fma_small/134/134935.mp3,-Yesilim,"Turku, Nomads of the Silk Road",International
134936,fma_small/134/134936.mp3,-Drum Solo,"Turku, Nomads of the Silk Road",International
134937,fma_small/134/134937.mp3,-Muhabet,"Turku, Nomads of the Silk Road",International
134938,fma_small/134/134938.mp3,"-Ah, Bir Atas Ver","Turku, Nomads of the Silk Road",International
134939,fma_small/134/134939.mp3,-Harman Dali,"Turku, Nomads of the Silk Road",International
134940,fma_small/134/134940.mp3,-Aman Avci Vurma Mani,"Turku, Nomads of the Silk Road",International
134941,fma_small/134/134941.mp3,-Bir Demet Yasemen,"Turku, Nomads of the Silk Road",International
134942,fma_small/134/134942.mp3,-Macka Yollari,"Turku, Nomads of the Silk Road",International
134943,fma_small/134/134943.mp3,Gushe Cheman,"Turku, Nomads of the Silk Road",International
134947,fma_small/134/134947.mp3,-Kamar Barik,"Turku, Nomads of the Silk Road",International
134948,fma_small/134/134948.mp3,-Shupe',"Turku, Nomads of the Silk Road",International
134949,fma_small/134/134949.mp3,"-Olem Ben, Olem Ben","Turku, Nomads of the Silk Road",International
134950,fma_small/134/134950.mp3,-Rumelaj,"Turku, Nomads of the Silk Road",International
134951,fma_small/134/134951.mp3,-Antalyanin Mor Uzumu,"Turku, Nomads of the Silk Road",International
134952,fma_small/134/134952.mp3,Lesgi,"Turku, Nomads of the Silk Road",International
134956,fma_small/134/134956.mp3,Kaytagi,"Turku, Nomads of the Silk Road",International
134959,fma_small/134/134959.mp3,Drum Solo,"Turku, Nomads of the Silk Road",International
134962,fma_small/134/134962.mp3,Penceresi Yola Karsi,"Turku, Nomads of the Silk Road",International
134979,fma_small/134/134979.mp3,Song for Bass VI and Joe Golden's Vibrochamp,talons',Folk
134981,fma_small/134/134981.mp3,Growing Up (pt.2),talons',Folk
135010,fma_small/135/135010.mp3,Jenny,Jackson Grimm,Folk
135028,fma_small/135/135028.mp3,L'herbe verte,Anga,Folk
135039,fma_small/135/135039.mp3,J'ai changé,Anga,Folk
135043,fma_small/135/135043.mp3,Babel,Anga,Folk
135044,fma_small/135/135044.mp3,Le diable,Anga,Folk
135054,fma_small/135/135054.mp3,Hari Karl (for Larry Eisenberg),Zena,Experimental
135089,fma_small/135/135089.mp3,You Washed Your Face in a Mountain Stream,Akpatok,Experimental
135091,fma_small/135/135091.mp3,Tree and Wind,Akpatok,Experimental
135092,fma_small/135/135092.mp3,Eyes Free of Dust,Akpatok,Experimental
135219,fma_small/135/135219.mp3,Karcığar Ud taksim,Ehl-i Keyif,International
135220,fma_small/135/135220.mp3,Karcığar Peşrev,Ehl-i Keyif,International
135221,fma_small/135/135221.mp3,Kerimoğlu Zeybek,Ehl-i Keyif,International
135222,fma_small/135/135222.mp3,Kadifeden Kesesi,Ehl-i Keyif,International
135223,fma_small/135/135223.mp3,Nihavent Oyun Havası,Ehl-i Keyif,International
135224,fma_small/135/135224.mp3,Nihavent Longa,Ehl-i Keyif,International
135225,fma_small/135/135225.mp3,Hicazkar ''Yağcılar'' Zeybek,Ehl-i Keyif,International
135226,fma_small/135/135226.mp3,Yegah Sirto,Ehl-i Keyif,International
135227,fma_small/135/135227.mp3,Rast Zeybek,Ehl-i Keyif,International
135228,fma_small/135/135228.mp3,Hüzzam Sazsemai ''Nargile'',Ehl-i Keyif,International
135229,fma_small/135/135229.mp3,Hüzzam Kanun Taksim,Ehl-i Keyif,International
135336,fma_small/135/135336.mp3,Slow and Steady,Caleb Lemond,Pop
135337,fma_small/135/135337.mp3,The Dream and the Dreamer,Caleb Lemond,Pop
135338,fma_small/135/135338.mp3,The Coldest Winter,Caleb Lemond,Pop
135339,fma_small/135/135339.mp3,I Think From Now On,Caleb Lemond,Pop
135340,fma_small/135/135340.mp3,Kissing Scars,Caleb Lemond,Pop
135341,fma_small/135/135341.mp3,Evil Cannot Create,Caleb Lemond,Pop
135342,fma_small/135/135342.mp3,Outro,Caleb Lemond,Pop
135363,fma_small/135/135363.mp3,Breathe,Lamprey,Rock
135364,fma_small/135/135364.mp3,Colour,Lamprey,Rock
135365,fma_small/135/135365.mp3,Drowning Mud,Lamprey,Rock
135368,fma_small/135/135368.mp3,Faithless,Lamprey,Rock
135369,fma_small/135/135369.mp3,Grethel,Lamprey,Rock
135370,fma_small/135/135370.mp3,Happy,Lamprey,Rock
135371,fma_small/135/135371.mp3,Her,Lamprey,Rock
135372,fma_small/135/135372.mp3,Parasite,Lamprey,Rock
135373,fma_small/135/135373.mp3,Stuck Up,Lamprey,Rock
135374,fma_small/135/135374.mp3,The Grand Prize,Lamprey,Rock
135375,fma_small/135/135375.mp3,Through You,Lamprey,Rock
135986,fma_small/135/135986.mp3,Fate,Marquice Turner,Electronic
135989,fma_small/135/135989.mp3,Yo Yo Check It,Marquice Turner,Electronic
135990,fma_small/135/135990.mp3,Daydreamin' feat. Knwlan Ryn,Marquice Turner,Electronic
136054,fma_small/136/136054.mp3,Vertigo,Sinapsi,Rock
136091,fma_small/136/136091.mp3,I Hate The Weekend,Tacocat,Rock
136094,fma_small/136/136094.mp3,Talk,Tacocat,Rock
136134,fma_small/136/136134.mp3,Summer,Philippa Dowding and Allister Thompson,Folk
136137,fma_small/136/136137.mp3,Spring,Philippa Dowding and Allister Thompson,Folk
136138,fma_small/136/136138.mp3,The Fifth Season,Philippa Dowding and Allister Thompson,Folk
136275,fma_small/136/136275.mp3,Here She Comes Tonight,Holmes,Rock
136276,fma_small/136/136276.mp3,Night Without Sleep (Instrumental),David Mumford,Instrumental
136320,fma_small/136/136320.mp3,Beach House Gateway,D SMILEZ,Electronic
136321,fma_small/136/136321.mp3,Future World,D SMILEZ,Electronic
136322,fma_small/136/136322.mp3,The Wonders of Summer,D SMILEZ,Electronic
136323,fma_small/136/136323.mp3,We Did It! (Fulfillment Tune),D SMILEZ,Electronic
136324,fma_small/136/136324.mp3,A New Step To Life,D SMILEZ,Electronic
136331,fma_small/136/136331.mp3,Delirium,Kai Engel,Instrumental
136404,fma_small/136/136404.mp3,Tragic Prayer,Castles in the Sky,Rock
136424,fma_small/136/136424.mp3,Happy Dream's,D SMILEZ,Electronic
136449,fma_small/136/136449.mp3,The Everyday People,McKinley Dixon,Hip-Hop
136465,fma_small/136/136465.mp3,TheEnsuranceTrap featuring Tab (PMRC Mix),C-Doc,Hip-Hop
136466,fma_small/136/136466.mp3,Underground Press featuring Timezone LaFontaine (OG Mixx),C-Doc,Hip-Hop
136467,fma_small/136/136467.mp3,TheEnsuranceTrap (Tab's Instrumental),C-Doc,Hip-Hop
136468,fma_small/136/136468.mp3,Underground Press (OG Instrumental),C-Doc,Hip-Hop
136469,fma_small/136/136469.mp3,Don't (Bonus Non LP Track),C-Doc,Hip-Hop
136705,fma_small/136/136705.mp3,Surfing,Tojamura 7,Rock
136706,fma_small/136/136706.mp3,Surf Forever,Tojamura 7,Rock
136707,fma_small/136/136707.mp3,100ft Wave,Tojamura 7,Rock
136708,fma_small/136/136708.mp3,Surf Riot,Tojamura 7,Rock
136709,fma_small/136/136709.mp3,Surf Poem pt.2,Tojamura 7,Rock
136928,fma_small/136/136928.mp3,Micro Black Death,Resonancedj,Experimental
136994,fma_small/136/136994.mp3,Hayvanlar Alemi - Equatorial Lies,Hayvanlar Alemi,International
136995,fma_small/136/136995.mp3,Shhjjjjjjj - El Palteado,Shhjjjjjjj,International
137054,fma_small/137/137054.mp3,Oh My God,S-B-J,Electronic
137151,fma_small/137/137151.mp3,Awakening,Cloudjumper,Electronic
137152,fma_small/137/137152.mp3,The morning after,Cloudjumper,Electronic
137166,fma_small/137/137166.mp3,Longing for Home (The Third Circle Mix),Ars Sonor,Instrumental
137167,fma_small/137/137167.mp3,Stargazing (Trekanten Mix),Ars Sonor,Instrumental
137168,fma_small/137/137168.mp3,Alcyone,Ars Sonor,Instrumental
137169,fma_small/137/137169.mp3,The Origin (Infinity Ahead),Ars Sonor,Instrumental
137170,fma_small/137/137170.mp3,Lemurian Forest,Ars Sonor,Instrumental
137171,fma_small/137/137171.mp3,Gaia (The Oneness),Ars Sonor,Instrumental
137172,fma_small/137/137172.mp3,The Frequency Shift,Ars Sonor,Instrumental
137173,fma_small/137/137173.mp3,Ascension,Ars Sonor,Instrumental
137174,fma_small/137/137174.mp3,The Journey Begins (Further Shift),Ars Sonor,Instrumental
137175,fma_small/137/137175.mp3,Ancient Wisdom,Ars Sonor,Instrumental
137176,fma_small/137/137176.mp3,"Remember (We Are Divine, We Are Immortal)",Ars Sonor,Instrumental
137211,fma_small/137/137211.mp3,What Now?,Punk Rock Opera,Rock
137212,fma_small/137/137212.mp3,1984,Punk Rock Opera,Rock
137213,fma_small/137/137213.mp3,Guitars Clash,Punk Rock Opera,Rock
137214,fma_small/137/137214.mp3,Generation X,Punk Rock Opera,Rock
137356,fma_small/137/137356.mp3,NAMAEWANAINAMAEGANAI,Urban Predator,Rock
137417,fma_small/137/137417.mp3,In the Morning,Monkey Mind,Rock
137418,fma_small/137/137418.mp3,All the Happy People,Monkey Mind,Rock
137419,fma_small/137/137419.mp3,The Party,Monkey Mind,Rock
137423,fma_small/137/137423.mp3,My Baby's Love (Is Like the Sun),Monkey Mind,Rock
137424,fma_small/137/137424.mp3,Loser,Monkey Mind,Rock
137425,fma_small/137/137425.mp3,The King and the Queen,Monkey Mind,Rock
137426,fma_small/137/137426.mp3,Hey Little Queenie,Monkey Mind,Rock
137462,fma_small/137/137462.mp3,gurgle,beat.dowsing,Electronic
137463,fma_small/137/137463.mp3,half a world away,beat.dowsing,Electronic
137484,fma_small/137/137484.mp3,An Egg In The Piano Lost In The Box Of Nails,Zreen Toyz,Experimental
137500,fma_small/137/137500.mp3,NORWEGIAN BLAST BEATS,ODOR BABY,Experimental
137551,fma_small/137/137551.mp3,TimeLapse Speed Up,Tristan Horton,Experimental
137561,fma_small/137/137561.mp3,Voices,Luca Forcucci,Experimental
137563,fma_small/137/137563.mp3,Thunder 112915,Robert Kellough,Experimental
137567,fma_small/137/137567.mp3,The World Keeps Changing,Nattbussen,Rock
137593,fma_small/137/137593.mp3,Rock n' Roll (2008),Dyslexic Fudgicle,Rock
137605,fma_small/137/137605.mp3,Nobody Has To Know,Sunshine and the Rain,Rock
137624,fma_small/137/137624.mp3,You Can't Kill Me,The Sun Through A Telescope,Rock
137627,fma_small/137/137627.mp3,I Die Smiling,The Sun Through A Telescope,Rock
137630,fma_small/137/137630.mp3,The Bitten,The Sun Through A Telescope,Rock
137631,fma_small/137/137631.mp3,It's Cold But I'm Warm,The Sun Through A Telescope,Rock
137632,fma_small/137/137632.mp3,Mr. Yawning Infinity Chasm/SuperInfinity,The Sun Through A Telescope,Rock
137715,fma_small/137/137715.mp3,Leopard Girl,The Vivisectors,Rock
137716,fma_small/137/137716.mp3,Sunpowered Surfboard,The Vivisectors,Rock
137717,fma_small/137/137717.mp3,Zombie Spy,The Vivisectors,Rock
137719,fma_small/137/137719.mp3,Shaman,The Vivisectors,Rock
137720,fma_small/137/137720.mp3,Road to Mexico,The Vivisectors,Rock
137721,fma_small/137/137721.mp3,Redemption,The Vivisectors,Rock
137722,fma_small/137/137722.mp3,Great Serpent,The Vivisectors,Rock
137723,fma_small/137/137723.mp3,Ghostly Island,The Vivisectors,Rock
137724,fma_small/137/137724.mp3,Russki Psycho,The Vivisectors,Rock
137725,fma_small/137/137725.mp3,Goddess of The Crossroads,The Vivisectors,Rock
137740,fma_small/137/137740.mp3,We Ride,Rye Coalition,Rock
137895,fma_small/137/137895.mp3,The Rebel featuring Cheese N Pot-C,C-Doc,Hip-Hop
137896,fma_small/137/137896.mp3,The Cafe featuring Donnie Ozone,C-Doc,Hip-Hop
137898,fma_small/137/137898.mp3,Press Rewind featuring Kyle Jason,C-Doc,Hip-Hop
137899,fma_small/137/137899.mp3,Underground Press featuring Timezone LaFontaine,C-Doc,Hip-Hop
137900,fma_small/137/137900.mp3,Far Gone (Acoustic) featuring DJ Def Chad,C-Doc,Hip-Hop
137901,fma_small/137/137901.mp3,Childhood Memories (DocSonic Mixx) featuring D3Zs,C-Doc,Hip-Hop
137907,fma_small/137/137907.mp3,Sally,Matúš Novanský,Folk
137935,fma_small/137/137935.mp3,Epic n' roll,Chafouin,Rock
137990,fma_small/137/137990.mp3,L'amour ailleurs,Unique Comme Tout le Monde,Folk
137998,fma_small/137/137998.mp3,EOS,The Great Cold,Rock
138010,fma_small/138/138010.mp3,Man made lightning,Jardin de la Croix,Rock
138015,fma_small/138/138015.mp3,Come Undone,Pierce,Folk
138016,fma_small/138/138016.mp3,If I Were You feat. Thompson,Pierce,Folk
138017,fma_small/138/138017.mp3,Sober Trip,Pierce,Folk
138018,fma_small/138/138018.mp3,No Ones Trophy,Christian Flanders,Instrumental
138019,fma_small/138/138019.mp3,Asleep,Christian Flanders,Instrumental
138020,fma_small/138/138020.mp3,Dream Prelude,Christian Flanders,Instrumental
138021,fma_small/138/138021.mp3,Evelyn's Dream,Christian Flanders,Instrumental
138022,fma_small/138/138022.mp3,Bruises,Christian Flanders,Instrumental
138023,fma_small/138/138023.mp3,Silas,Christian Flanders,Instrumental
138024,fma_small/138/138024.mp3,Her Tragedy,Christian Flanders,Instrumental
138025,fma_small/138/138025.mp3,Escape,Christian Flanders,Instrumental
138026,fma_small/138/138026.mp3,Black Hole (Remix),Christian Flanders,Instrumental
138038,fma_small/138/138038.mp3,Breaking Up,Massage,Pop
138039,fma_small/138/138039.mp3,Cleaners,Massage,Pop
138040,fma_small/138/138040.mp3,Seventeen,Massage,Pop
138041,fma_small/138/138041.mp3,Lydia,Massage,Pop
138053,fma_small/138/138053.mp3,La nature se déchaîne,Taulard,Rock
138060,fma_small/138/138060.mp3,One Knife,Every Now and Every Then,Rock
138061,fma_small/138/138061.mp3,Bergwald Bergwald,Every Now and Every Then,Rock
138062,fma_small/138/138062.mp3,Dark Angel,Black Flamingo,Pop
138063,fma_small/138/138063.mp3,Winter Sun,Black Flamingo,Pop
138064,fma_small/138/138064.mp3,Down,Black Flamingo,Pop
138065,fma_small/138/138065.mp3,Zombie,Black Flamingo,Pop
138066,fma_small/138/138066.mp3,Drifting,Black Flamingo,Pop
138067,fma_small/138/138067.mp3,Electric Lady,Black Flamingo,Pop
138068,fma_small/138/138068.mp3,Heavy Life,Black Flamingo,Pop
138069,fma_small/138/138069.mp3,Places,Black Flamingo,Pop
138070,fma_small/138/138070.mp3,Together,Black Flamingo,Pop
138071,fma_small/138/138071.mp3,Black Bird,Black Flamingo,Pop
138207,fma_small/138/138207.mp3,Dancing the light,23 And Beyond The Infinite,Rock
138210,fma_small/138/138210.mp3,Child sad eyes,23 And Beyond The Infinite,Rock
138211,fma_small/138/138211.mp3,Sons of cornucopia,23 And Beyond The Infinite,Rock
138212,fma_small/138/138212.mp3,Vintage (Tipper Loves Sleaze Extended 12 Inch Mixx) featuring The Honorable Sleaze,C-Doc,Hip-Hop
138213,fma_small/138/138213.mp3,Vintage (OG Mixx) featuring The Honorable Sleaze,C-Doc,Hip-Hop
138215,fma_small/138/138215.mp3,Freak of Nature (Time Out Dubb),C-Doc,Hip-Hop
138216,fma_small/138/138216.mp3,Vintage (Party Rock Instrumental),C-Doc,Hip-Hop
138217,fma_small/138/138217.mp3,SpaceDoubt (Previously Unreleased),C-Doc,Hip-Hop
138218,fma_small/138/138218.mp3,Freak of Nature (Remixx) featuring Badluck,C-Doc,Hip-Hop
138256,fma_small/138/138256.mp3,"Rock, Paper, Scissors, Shoot",Metek & Zreen Toyz,Experimental
138282,fma_small/138/138282.mp3,Young Girls,Death By Unga Bunga,Rock
138306,fma_small/138/138306.mp3,Gotta Run,Wahyas,Rock
138311,fma_small/138/138311.mp3,Down At The Beach,Big White,Rock
138317,fma_small/138/138317.mp3,Teenage Dreams,Big White,Rock
138318,fma_small/138/138318.mp3,Whatever Happens In The Night,Big White,Rock
138319,fma_small/138/138319.mp3,You Don't Get Much,Big White,Rock
138320,fma_small/138/138320.mp3,I Can't Tell,Big White,Rock
138351,fma_small/138/138351.mp3,2/3 Straight Edge,Angstbreaker,Rock
138355,fma_small/138/138355.mp3,seconda,Cervo,Rock
138406,fma_small/138/138406.mp3,Fair,Derek Clegg,Folk
138410,fma_small/138/138410.mp3,Only Love,Derek Clegg,Folk
138413,fma_small/138/138413.mp3,Frozen,Derek Clegg,Folk
138414,fma_small/138/138414.mp3,Reaching Out,Derek Clegg,Folk
138415,fma_small/138/138415.mp3,Like New,Derek Clegg,Folk
138416,fma_small/138/138416.mp3,"Egypt, Maybe Rome",Derek Clegg,Folk
138578,fma_small/138/138578.mp3,the endless corner,harmonic defiance,Electronic
138579,fma_small/138/138579.mp3,everything is love,harmonic defiance,Electronic
138580,fma_small/138/138580.mp3,airtight,harmonic defiance,Electronic
138581,fma_small/138/138581.mp3,sunface,harmonic defiance,Electronic
139003,fma_small/139/139003.mp3,Cloudburst,Kai Engel,Instrumental
139043,fma_small/139/139043.mp3,Be Electric,Rockit Maxx,Pop
139110,fma_small/139/139110.mp3,What Makes A Man?,Anthony Pasquarosa,Folk
139112,fma_small/139/139112.mp3,Excerpt From The Symbol Of All Things,Anthony Pasquarosa,Folk
139117,fma_small/139/139117.mp3,Cool Kids,Shana Falana,Rock
139123,fma_small/139/139123.mp3,Cloud Beats,Shana Falana,Rock
139226,fma_small/139/139226.mp3,Life In Bloom,Mike B. Fort,Electronic
139329,fma_small/139/139329.mp3,At The Leaving Star Lounge,dadala,Experimental
139330,fma_small/139/139330.mp3,Euclids Ukulele,dadala,Experimental
139461,fma_small/139/139461.mp3,Volny Dlina,Dlina Volny,Rock
139485,fma_small/139/139485.mp3,Hud Uppfatta,Bisamråtta,Instrumental
139491,fma_small/139/139491.mp3,Öron Ignorera,Bisamråtta,Instrumental
139520,fma_small/139/139520.mp3,No Consequence,Itasca,Folk
139521,fma_small/139/139521.mp3,Angel,Itasca,Folk
139522,fma_small/139/139522.mp3,Henfight,Itasca,Folk
139523,fma_small/139/139523.mp3,The Hermit's View,Itasca,Folk
139524,fma_small/139/139524.mp3,Layman's Banquet,Itasca,Folk
139532,fma_small/139/139532.mp3,Improvisation,Dave Nelson,Instrumental
139534,fma_small/139/139534.mp3,Freeway,Dave Nelson,Instrumental
139536,fma_small/139/139536.mp3,Whale Lines,Dave Nelson,Instrumental
139537,fma_small/139/139537.mp3,Ride My Bike,Dave Nelson,Instrumental
139637,fma_small/139/139637.mp3,areopagitica,aboombong,Experimental
139638,fma_small/139/139638.mp3,arabesque,aboombong,Experimental
139663,fma_small/139/139663.mp3,AVIATION CRAB ORCHESTRA (MIDI SANS FRONTIERS),ODOR BABY,Experimental
139681,fma_small/139/139681.mp3,nxI2016-06-23_23_57_37-A-2016-06-24_00_25_34,Miquel Parera & Computer,Experimental
139687,fma_small/139/139687.mp3,nxI2016-06-30_04_56_08-A-2016-06-30_05_07_10,Miquel Parera & Computer,Experimental
139688,fma_small/139/139688.mp3,nxI2016-06-30_04_56_08-A-2016-06-30_05_13_15,Miquel Parera & Computer,Experimental
139769,fma_small/139/139769.mp3,V. Juste une chanson Punk,Otaké,Rock
139770,fma_small/139/139770.mp3,VI. Mouton R.A.I.D.,Otaké,Rock
139771,fma_small/139/139771.mp3,Count Of Tuscany,Evgeny Teilor,Instrumental
139772,fma_small/139/139772.mp3,Way Out Of This,Evgeny Teilor,Instrumental
139773,fma_small/139/139773.mp3,Don't Leave The Door Open,Evgeny Teilor,Instrumental
139774,fma_small/139/139774.mp3,City Hero,Evgeny Teilor,Instrumental
139775,fma_small/139/139775.mp3,Into The Forest Of The Fall,Evgeny Teilor,Instrumental
139776,fma_small/139/139776.mp3,Unveiling Soul,Evgeny Teilor,Instrumental
139777,fma_small/139/139777.mp3,Runaway,Evgeny Teilor,Instrumental
139804,fma_small/139/139804.mp3,AVIATION CRAB ORCHESTRA (FALCON HEIGHTS SHOOTING),ODORBABY,Experimental
139862,fma_small/139/139862.mp3,The Adventures of Dr. Honeyberry,TippWerk,Experimental
139876,fma_small/139/139876.mp3,nxI2016-07-08_05_04_18-A-2016-07-08_05_26_44,Miquel Parera & Computer,Experimental
139933,fma_small/139/139933.mp3,Intro,Resonancedj & Giulio Maddaloni,Electronic
139934,fma_small/139/139934.mp3,Fasten your seatbelt,Resonancedj & Giulio Maddaloni,Electronic
139935,fma_small/139/139935.mp3,Kevlar Boyz,Resonancedj & Giulio Maddaloni,Electronic
139936,fma_small/139/139936.mp3,Particel Size,Resonancedj & Giulio Maddaloni,Electronic
139937,fma_small/139/139937.mp3,Speleology,Resonancedj & Giulio Maddaloni,Electronic
139954,fma_small/139/139954.mp3,Fin,E T I L E,Electronic
139990,fma_small/139/139990.mp3,Echochambers,Resonancedj,Electronic
139991,fma_small/139/139991.mp3,Open Sea,Resonancedj,Electronic
139992,fma_small/139/139992.mp3,Intro Paradise,Resonancedj,Electronic
139993,fma_small/139/139993.mp3,The Cavern,Resonancedj,Electronic
139994,fma_small/139/139994.mp3,Into the Night,Resonancedj,Electronic
139995,fma_small/139/139995.mp3,Special K,Resonancedj,Electronic
140043,fma_small/140/140043.mp3,Miss You Miss Mew,The Blessed Cassettes,Rock
140134,fma_small/140/140134.mp3,Acid,Remain,Electronic
140135,fma_small/140/140135.mp3,Alert,Remain,Electronic
140258,fma_small/140/140258.mp3,Nature And God,Illusory Scapes,Electronic
140259,fma_small/140/140259.mp3,Wait For My Shadow,Illusory Scapes,Electronic
140260,fma_small/140/140260.mp3,Alleviation,Illusory Scapes,Electronic
140261,fma_small/140/140261.mp3,Cries Of Your Love,Illusory Scapes,Electronic
140262,fma_small/140/140262.mp3,Heartbeat Feeling,Illusory Scapes,Electronic
140263,fma_small/140/140263.mp3,Dance Of My Imagination,Illusory Scapes,Electronic
140266,fma_small/140/140266.mp3,Coco,Jorge Mario Zuleta,Experimental
140316,fma_small/140/140316.mp3,nxI2016-07-12_00_20_40-A-2016-07-12_04_00_24,Miquel Parera & Computer,Experimental
140344,fma_small/140/140344.mp3,Ohtli,Seclorance,Electronic
140421,fma_small/140/140421.mp3,Astronaut,Rom-Comm,Rock
140564,fma_small/140/140564.mp3,badonk,transient,Electronic
140565,fma_small/140/140565.mp3,pretend your happy,transient,Electronic
140566,fma_small/140/140566.mp3,thoughts,transient,Electronic
140576,fma_small/140/140576.mp3,I Think I'm a Ghost,Ed Schrader's Music Beat,Rock
140583,fma_small/140/140583.mp3,Swimming,Arc Iris,Folk
140584,fma_small/140/140584.mp3,Haiti Mali,Sidy Maiga,International
140609,fma_small/140/140609.mp3,Back To It (w/ Daddy-O of Stetsasonic),The Impossebulls,Hip-Hop
140620,fma_small/140/140620.mp3,Bad Cop (Instrumental),The Impossebulls,Hip-Hop
140621,fma_small/140/140621.mp3,Back To It (12inch Mixx),The Impossebulls,Hip-Hop
140623,fma_small/140/140623.mp3,The More Things Change,The Impossebulls,Hip-Hop
140625,fma_small/140/140625.mp3,Back To It (12inchstrumental),The Impossebulls,Hip-Hop
140626,fma_small/140/140626.mp3,No Country For Old Men (D's Muddy Water Breakfix Mixx),The Impossebulls,Hip-Hop
140788,fma_small/140/140788.mp3,Souk Amour,NaDa BaBa,Folk
140789,fma_small/140/140789.mp3,Cut In The Real,NaDa BaBa,Folk
140790,fma_small/140/140790.mp3,Rabat Blues,NaDa BaBa,Folk
140791,fma_small/140/140791.mp3,Sam's Song,NaDa BaBa,Folk
140794,fma_small/140/140794.mp3,Sydney City Rain,NaDa BaBa,Folk
140871,fma_small/140/140871.mp3,Midnight Cowboy,Sylvie Simmons,Folk
140872,fma_small/140/140872.mp3,Moon Over Chinatown,Sylvie Simmons,Folk
140873,fma_small/140/140873.mp3,Nothing,Sylvie Simmons,Folk
140874,fma_small/140/140874.mp3,Hard Act To Follow,Sylvie Simmons,Folk
140875,fma_small/140/140875.mp3,You Are In My Arms,Sylvie Simmons,Folk
140922,fma_small/140/140922.mp3,Morning Bell,Nihilore,Electronic
140923,fma_small/140/140923.mp3,Whispers Invoke Paranoia,Nihilore,Electronic
140924,fma_small/140/140924.mp3,Authenticity,Nihilore,Electronic
140925,fma_small/140/140925.mp3,Set Fire to Creation,Nihilore,Electronic
140926,fma_small/140/140926.mp3,A Different World By Night,Nihilore,Electronic
140933,fma_small/140/140933.mp3,Evening Drum,Nihilore,Electronic
140934,fma_small/140/140934.mp3,The Absurd,Nihilore,Electronic
140935,fma_small/140/140935.mp3,Fly Blackbird Fly : rewrite,-ono-,Experimental
140939,fma_small/140/140939.mp3,So Sad : rewrite,-ono-,Experimental
141074,fma_small/141/141074.mp3,Piscoid,Andy G. Cohen,Instrumental
141137,fma_small/141/141137.mp3,Valkoire,Michael Brückner,Instrumental
141139,fma_small/141/141139.mp3,Salam'ander,Michael Brückner,Instrumental
141141,fma_small/141/141141.mp3,Island,Michael Brückner,Instrumental
141143,fma_small/141/141143.mp3,Flüchtig,Michael Brückner,Instrumental
141144,fma_small/141/141144.mp3,Land Legs,Andy G. Cohen,Instrumental
141164,fma_small/141/141164.mp3,08 BEATEN TRACK,godmanwho,Hip-Hop
141166,fma_small/141/141166.mp3,10 LIKE LOATHE OR LOVE IT,godmanwho,Hip-Hop
141167,fma_small/141/141167.mp3,11 DAY OFF TOTALLY ON IT NO SERIOUSLEY,godmanwho,Hip-Hop
141168,fma_small/141/141168.mp3,12 BIG WHOOP,godmanwho,Hip-Hop
141173,fma_small/141/141173.mp3,Seis,Corazones service,Rock
141179,fma_small/141/141179.mp3,Stay,Simple CUT,Pop
141180,fma_small/141/141180.mp3,Stay (Raspatory Remix),Simple CUT,Pop
141181,fma_small/141/141181.mp3,Stay (Teknique Remix) (Featuring Jeff Barringer),Simple CUT,Pop
141182,fma_small/141/141182.mp3,La Nuit de l'horizon,Simple CUT,Pop
141264,fma_small/141/141264.mp3,AVIATION CRAB ORCHESTRA (LEA BY SEA TONE),ODORBABY,Experimental
141282,fma_small/141/141282.mp3,Rogue Planet,Kevin Hartnell,Instrumental
141283,fma_small/141/141283.mp3,Razor Strap,Kevin Hartnell,Instrumental
141284,fma_small/141/141284.mp3,Tree of Tears,Kevin Hartnell,Instrumental
141285,fma_small/141/141285.mp3,Reflections,Kevin Hartnell,Instrumental
141286,fma_small/141/141286.mp3,A Journey,Kevin Hartnell,Instrumental
141287,fma_small/141/141287.mp3,Across the Sky,Kevin Hartnell,Instrumental
141288,fma_small/141/141288.mp3,Cells,Kevin Hartnell,Instrumental
141289,fma_small/141/141289.mp3,Disruptor,Kevin Hartnell,Instrumental
141290,fma_small/141/141290.mp3,Podcast Theme,Kevin Hartnell,Instrumental
141291,fma_small/141/141291.mp3,Rolling Seasong,Kevin Hartnell,Instrumental
141292,fma_small/141/141292.mp3,Earth and Stone,Kevin Hartnell,Instrumental
141293,fma_small/141/141293.mp3,Circles of Black and Red,Kevin Hartnell,Instrumental
141295,fma_small/141/141295.mp3,Silver and Cold,Kevin Hartnell,Instrumental
141296,fma_small/141/141296.mp3,The 13th Nocturne,Kevin Hartnell,Instrumental
141297,fma_small/141/141297.mp3,Climbing Pulse,Kevin Hartnell,Instrumental
141299,fma_small/141/141299.mp3,Interlude #13,Kevin Hartnell,Instrumental
141300,fma_small/141/141300.mp3,The Dream Sequence,Kevin Hartnell,Instrumental
141303,fma_small/141/141303.mp3,Dark Wave,Kevin Hartnell,Instrumental
141304,fma_small/141/141304.mp3,Gone,Jules,Hip-Hop
141310,fma_small/141/141310.mp3,Memories (ft. Lotta Rasva),Jens East,Electronic
141375,fma_small/141/141375.mp3,Truth,K.I.R.K,Hip-Hop
141561,fma_small/141/141561.mp3,Please Listen,Yshwa,Hip-Hop
141562,fma_small/141/141562.mp3,I Think I Can,Yshwa,Hip-Hop
141564,fma_small/141/141564.mp3,Silver Haze,Yshwa,Hip-Hop
141566,fma_small/141/141566.mp3,Dope Man,Yshwa,Hip-Hop
141567,fma_small/141/141567.mp3,Getting Nowhere,Yshwa,Hip-Hop
141568,fma_small/141/141568.mp3,Basic,Yshwa,Hip-Hop
141569,fma_small/141/141569.mp3,To Be,Yshwa,Hip-Hop
141590,fma_small/141/141590.mp3,Dub Mirror,Mikuś,International
141591,fma_small/141/141591.mp3,From Ever Since,Mikuś,International
141592,fma_small/141/141592.mp3,Brockley Skank,Mikuś,International
141593,fma_small/141/141593.mp3,Temple Ball,Mikuś,International
141594,fma_small/141/141594.mp3,Dub For Gaza,Mikuś,International
141616,fma_small/141/141616.mp3,Born,Barbarix,Electronic
141617,fma_small/141/141617.mp3,The Secret Garden,Barbarix,Electronic
141618,fma_small/141/141618.mp3,Madeena Luithea,Barbarix,Electronic
141619,fma_small/141/141619.mp3,When Night Falls,Barbarix,Electronic
141735,fma_small/141/141735.mp3,In Tune - Remix 2 (2017 brand new!),Kellee Maize,Hip-Hop
141873,fma_small/141/141873.mp3,Refinery,Remain,Electronic
141874,fma_small/141/141874.mp3,Digimetery,Remain,Electronic
141875,fma_small/141/141875.mp3,Acoustic Unleashed,Remain,Electronic
141876,fma_small/141/141876.mp3,Warmer,Andy G. Cohen,Instrumental
141877,fma_small/141/141877.mp3,I,Nocturnal Mayhem,Rock
141878,fma_small/141/141878.mp3,II,Nocturnal Mayhem,Rock
141894,fma_small/141/141894.mp3,Descent,Gorevenge,Rock
141901,fma_small/141/141901.mp3,Tinderstix and Russian River,We Is Shore Dedicated,Pop
141902,fma_small/141/141902.mp3,Hale Ze,We Is Shore Dedicated,Pop
141903,fma_small/141/141903.mp3,Ne Ve Rew,We Is Shore Dedicated,Pop
141972,fma_small/141/141972.mp3,Despairphonics,Sgntronics,Experimental
142078,fma_small/142/142078.mp3,OOOTHERSIDE - Best Wishes,Mike B. Fort,Electronic
142079,fma_small/142/142079.mp3,OOOTHERSIDE - Crystal Air,Mike B. Fort,Electronic
142080,fma_small/142/142080.mp3,OOOTHERSIDE - Liquid Paper,Mike B. Fort,Electronic
142081,fma_small/142/142081.mp3,OOOTHERSIDE - This Time,Mike B. Fort,Electronic
142082,fma_small/142/142082.mp3,no emotions,SK,Hip-Hop
142083,fma_small/142/142083.mp3,Still Living,SK,Hip-Hop
142084,fma_small/142/142084.mp3,All of me,SK,Hip-Hop
142085,fma_small/142/142085.mp3,On the daily,SK,Hip-Hop
142086,fma_small/142/142086.mp3,Pennies For My Thoughts,SK,Hip-Hop
142087,fma_small/142/142087.mp3,Runnin out of time,SK,Hip-Hop
142088,fma_small/142/142088.mp3,Stop and go,SK,Hip-Hop
142089,fma_small/142/142089.mp3,The Statement,SK,Hip-Hop
142091,fma_small/142/142091.mp3,WAITING FOR THAT MOMENT,SK,Hip-Hop
142092,fma_small/142/142092.mp3,woke up feeling blessed,SK,Hip-Hop
142093,fma_small/142/142093.mp3,"Lights, it was you and I",SK,Hip-Hop
142094,fma_small/142/142094.mp3,Night train,TRG Banks,Instrumental
142096,fma_small/142/142096.mp3,Interchange,TRG Banks,Instrumental
142097,fma_small/142/142097.mp3,The town where Dave lived,TRG Banks,Instrumental
142098,fma_small/142/142098.mp3,Lake in the woods,TRG Banks,Instrumental
142128,fma_small/142/142128.mp3,Diver Blue,1-800-Band,Rock
142129,fma_small/142/142129.mp3,It's Clearing Now,Brigid Mae Power,Folk
142132,fma_small/142/142132.mp3,Sometimes,Brigid Mae Power,Folk
142133,fma_small/142/142133.mp3,Lookin' at You in a Photo,Brigid Mae Power,Folk
142358,fma_small/142/142358.mp3,5 x 5,The Impossebulls,Hip-Hop
142359,fma_small/142/142359.mp3,FutureBACK,The Impossebulls,Hip-Hop
142360,fma_small/142/142360.mp3,God's Radio Hell,The Impossebulls,Hip-Hop
142361,fma_small/142/142361.mp3,Bad Cop,The Impossebulls,Hip-Hop
142362,fma_small/142/142362.mp3,"Revolution 88 (Parts 1, 2 & 3)",The Impossebulls,Hip-Hop
142381,fma_small/142/142381.mp3,House club track,Edgardo Moreno,Instrumental
142402,fma_small/142/142402.mp3,Collapse,Sioum,Rock
142418,fma_small/142/142418.mp3,Neve,Tomydeepestago,Rock
142433,fma_small/142/142433.mp3,Above Birmingham,TRG Banks,Instrumental
142511,fma_small/142/142511.mp3,Ratatatatouille,Miët,Rock
142516,fma_small/142/142516.mp3,1990,Jacket Thor,Folk
142517,fma_small/142/142517.mp3,Summer Sinners,Jacket Thor,Folk
142519,fma_small/142/142519.mp3,This Morning's Preacher [bonus tune!],Jacket Thor,Folk
142528,fma_small/142/142528.mp3,Aurora,The Bribe and the Mockery,Folk
142529,fma_small/142/142529.mp3,At the Carnival,The Bribe and the Mockery,Folk
142530,fma_small/142/142530.mp3,Ships,The Bribe and the Mockery,Folk
142531,fma_small/142/142531.mp3,You Will Be Ok,The Bribe and the Mockery,Folk
142532,fma_small/142/142532.mp3,Unless You Trade,The Bribe and the Mockery,Folk
142533,fma_small/142/142533.mp3,Bestial,Terratombats,International
142534,fma_small/142/142534.mp3,Hereus de mala vida,Terratombats,International
142535,fma_small/142/142535.mp3,L'amic invisible,Terratombats,International
142536,fma_small/142/142536.mp3,El iaio,Terratombats,International
142537,fma_small/142/142537.mp3,Atura el temps,Terratombats,International
142538,fma_small/142/142538.mp3,El mig amic,Terratombats,International
142539,fma_small/142/142539.mp3,Vull viure d'aventures,Terratombats,International
142549,fma_small/142/142549.mp3,My Best Searching Travel,Rony Friedman,Pop
142550,fma_small/142/142550.mp3,Locate,Rony Friedman,Pop
142551,fma_small/142/142551.mp3,Arms,Rony Friedman,Pop
142552,fma_small/142/142552.mp3,Come to Me,Rony Friedman,Pop
142553,fma_small/142/142553.mp3,Full of Beliefs,Rony Friedman,Pop
142563,fma_small/142/142563.mp3,Heart of Darkness,Malaïse,Rock
142564,fma_small/142/142564.mp3,Reggae life,GOYMAMBA,International
142565,fma_small/142/142565.mp3,Turn your light,GOYMAMBA,International
142566,fma_small/142/142566.mp3,Criminal,GOYMAMBA,International
142567,fma_small/142/142567.mp3,Fell it,GOYMAMBA,International
142568,fma_small/142/142568.mp3,Wanna live my life,GOYMAMBA,International
142569,fma_small/142/142569.mp3,Back to reality,GOYMAMBA,International
142570,fma_small/142/142570.mp3,Weekend,GOYMAMBA,International
142571,fma_small/142/142571.mp3,Senegal,GOYMAMBA,International
142572,fma_small/142/142572.mp3,Forgivenees,GOYMAMBA,International
142573,fma_small/142/142573.mp3,Down down down,GOYMAMBA,International
142574,fma_small/142/142574.mp3,Las cosas más grandes,La Flor del Otro,International
142575,fma_small/142/142575.mp3,Libre,La Flor del Otro,International
142576,fma_small/142/142576.mp3,Borracha,La Flor del Otro,International
142577,fma_small/142/142577.mp3,La Tribu de la Tierra,Free Soul School Switzerland,International
142579,fma_small/142/142579.mp3,SwingatOmique,Free Soul School Switzerland,International
142641,fma_small/142/142641.mp3,Goodbye Machineryhead,TRG Banks,Instrumental
142666,fma_small/142/142666.mp3,Floridian Fighting Bear,J1*,Hip-Hop
142668,fma_small/142/142668.mp3,Fox 103,J1*,Hip-Hop
142669,fma_small/142/142669.mp3,Mello Hello,J1*,Hip-Hop
142670,fma_small/142/142670.mp3,Crispy Roses,J1*,Hip-Hop
142671,fma_small/142/142671.mp3,Silverdirt,J1*,Hip-Hop
142672,fma_small/142/142672.mp3,Fireheart,J1*,Hip-Hop
142947,fma_small/142/142947.mp3,Eyes All Over Town,Mrs. Magician,Rock
142948,fma_small/142/142948.mp3,Forgiveness,Mrs. Magician,Rock
142949,fma_small/142/142949.mp3,Spells,Mrs. Magician,Rock
142950,fma_small/142/142950.mp3,Reborn Boys/ Nightlife,Mrs. Magician,Rock
143039,fma_small/143/143039.mp3,SEVEN RED MOVEMENTS,Salome Lego Playset - Susanna Laterza - Kenji Siratori,Experimental
143046,fma_small/143/143046.mp3,Apollo,Mystery Mammal,Electronic
143055,fma_small/143/143055.mp3,Robot Heart,Mystery Mammal,Electronic
143056,fma_small/143/143056.mp3,Speeding Speech,Mystery Mammal,Electronic
143057,fma_small/143/143057.mp3,There Is Something Wrong,Mystery Mammal,Electronic
143058,fma_small/143/143058.mp3,There Is Another System,Mystery Mammal,Electronic
143059,fma_small/143/143059.mp3,Ugh! Humans Can Join,Mystery Mammal,Electronic
143060,fma_small/143/143060.mp3,Wonders Of Modern Technology,Mystery Mammal,Electronic
143061,fma_small/143/143061.mp3,Lonely Satellite,Mystery Mammal,Electronic
143095,fma_small/143/143095.mp3,Maniac,Twin Guns,Rock
143097,fma_small/143/143097.mp3,Living In A Dream,Twin Guns,Rock
143098,fma_small/143/143098.mp3,Now I Understand,Twin Guns,Rock
143099,fma_small/143/143099.mp3,The Last Picture Show,Twin Guns,Rock
143106,fma_small/143/143106.mp3,Stingray,The Nude Party,Rock
143186,fma_small/143/143186.mp3,Snow Storm,HOT POCKET DINGLEBERRY DISEASE,Experimental
143214,fma_small/143/143214.mp3,Emperor Of San Francisco,The Invasion,Rock
143215,fma_small/143/143215.mp3,Halfway To Infinity,The Invasion,Rock
143216,fma_small/143/143216.mp3,Homecoming,The Invasion,Rock
143217,fma_small/143/143217.mp3,How's The Weather Up There,The Invasion,Rock
143218,fma_small/143/143218.mp3,March Of The Undead,The Invasion,Rock
143219,fma_small/143/143219.mp3,The Interview And The Argument,The Invasion,Rock
143220,fma_small/143/143220.mp3,The Law,The Invasion,Rock
143221,fma_small/143/143221.mp3,The Madness,The Invasion,Rock
143237,fma_small/143/143237.mp3,Clean Suit,We Is Shore Dedicated,Pop
143239,fma_small/143/143239.mp3,Swanhead,TRG Banks,Instrumental
143290,fma_small/143/143290.mp3,Keep it Real,Jules,Hip-Hop
143295,fma_small/143/143295.mp3,Rock Salad,Chase Alan Willis,Instrumental
143296,fma_small/143/143296.mp3,Cartoon Faced,Chase Alan Willis,Instrumental
143299,fma_small/143/143299.mp3,Hardwired,Chase Alan Willis,Instrumental
143300,fma_small/143/143300.mp3,Cotton Candy Monster,Chase Alan Willis,Instrumental
143303,fma_small/143/143303.mp3,Time Displacement Theory,Chase Alan Willis,Instrumental
143304,fma_small/143/143304.mp3,Niveau Supérieur,Chase Alan Willis,Instrumental
143305,fma_small/143/143305.mp3,Juxtapozer,Chase Alan Willis,Instrumental
143306,fma_small/143/143306.mp3,Take Your Pills,Chase Alan Willis,Instrumental
143307,fma_small/143/143307.mp3,Glen the Snail,Chase Alan Willis,Instrumental
143308,fma_small/143/143308.mp3,Escape from Carpinteria Island,Chase Alan Willis,Instrumental
143309,fma_small/143/143309.mp3,It Watches me Sleep,Chase Alan Willis,Instrumental
143318,fma_small/143/143318.mp3,Hundred Years in Helheim,Tri-Tachyon,Rock
143319,fma_small/143/143319.mp3,Left on Deimos,Tri-Tachyon,Rock
143532,fma_small/143/143532.mp3,dodo,beat.dowsing,Electronic
143941,fma_small/143/143941.mp3,Lost in Russia,TRG Banks,Instrumental
143989,fma_small/143/143989.mp3,American Weirdos,Hurry Up,Rock
143995,fma_small/143/143995.mp3,Kick Em Out,Hurry Up,Rock
144170,fma_small/144/144170.mp3,Mãos Soltas,J-K,Hip-Hop
144171,fma_small/144/144171.mp3,Ninjas (c/ Stray),J-K,Hip-Hop
144172,fma_small/144/144172.mp3,Henna Negra,J-K,Hip-Hop
144173,fma_small/144/144173.mp3,Sorriso (Parvo),J-K,Hip-Hop
144179,fma_small/144/144179.mp3,Jumanji,Pulso,Hip-Hop
144180,fma_small/144/144180.mp3,Pulso (Por Stray),Pulso,Hip-Hop
144181,fma_small/144/144181.mp3,Estalo os Dedos,Pulso,Hip-Hop
144182,fma_small/144/144182.mp3,Positivo % Negativo,Pulso,Hip-Hop
144212,fma_small/144/144212.mp3,Life & Times of 40 Year Rhymes,The Impossebulls,Hip-Hop
144213,fma_small/144/144213.mp3,Rhythm Roulette,The Impossebulls,Hip-Hop
144214,fma_small/144/144214.mp3,Idle Hands,The Impossebulls,Hip-Hop
144215,fma_small/144/144215.mp3,State Trooper,The Impossebulls,Hip-Hop
144216,fma_small/144/144216.mp3,Let Me Spell You This (016 Tess Dis Champion Mixx),The Impossebulls,Hip-Hop
144423,fma_small/144/144423.mp3,Happy Jambo,Angel Garcia,Electronic
144424,fma_small/144/144424.mp3,Happy Jambo Remix,MegaHast3r,Electronic
144454,fma_small/144/144454.mp3,Father Green,TRG Banks,Instrumental
144465,fma_small/144/144465.mp3,Belle Isle (Instrumental),Nick Jaina,Folk
144466,fma_small/144/144466.mp3,Co-Creators (Instrumental),Nick Jaina,Folk
144467,fma_small/144/144467.mp3,Come To My Coast (Instrumental),Nick Jaina,Folk
144468,fma_small/144/144468.mp3,I Fell Too Much In Love (Instrumental),Nick Jaina,Folk
144469,fma_small/144/144469.mp3,I Have That Same Tattoo (Instrumental),Nick Jaina,Folk
144470,fma_small/144/144470.mp3,Make a Life (Instrumental),Nick Jaina,Folk
144471,fma_small/144/144471.mp3,Not a Machine (Instrumental),Nick Jaina,Folk
144472,fma_small/144/144472.mp3,Saw You On the Train Last Night (Instrumental),Nick Jaina,Folk
144473,fma_small/144/144473.mp3,Starling Cross (Instrumental),Nick Jaina,Folk
144474,fma_small/144/144474.mp3,Telepathic Teleplay (Instrumental),Nick Jaina,Folk
144475,fma_small/144/144475.mp3,The Dinner Party (Instrumental),Nick Jaina,Folk
144476,fma_small/144/144476.mp3,The Prime of Our Lives (Instrumental),Nick Jaina,Folk
144477,fma_small/144/144477.mp3,Travelogue (Instrumental),Nick Jaina,Folk
144487,fma_small/144/144487.mp3,The Pink Metal,Dave Keifer,Experimental
144492,fma_small/144/144492.mp3,New Moon,Dave Keifer,Experimental
144542,fma_small/144/144542.mp3,Rain (Acoustic),Wildlight,Folk
144543,fma_small/144/144543.mp3,Lily Moon (Acoustic),Wildlight,Folk
144544,fma_small/144/144544.mp3,Holy Dust (Acoustic),Wildlight,Folk
144545,fma_small/144/144545.mp3,"Grace, Fully (Acoustic)",Wildlight,Folk
144546,fma_small/144/144546.mp3,Lantern (Acoustic),Wildlight,Folk
144547,fma_small/144/144547.mp3,Crucible (Acoustic),Wildlight,Folk
144548,fma_small/144/144548.mp3,I Could Write (Acoustic),Wildlight,Folk
144549,fma_small/144/144549.mp3,Ours To Give (Acoustic),Wildlight,Folk
144550,fma_small/144/144550.mp3,Get Up Out Your Way (Acoustic),Wildlight,Folk
144551,fma_small/144/144551.mp3,Wildlight - The Tide (Acoustic) - 08 From The Ground Up (Acoustic),Wildlight,Folk
144552,fma_small/144/144552.mp3,Move Like The Ocean (Acoustic),Wildlight,Folk
144587,fma_small/144/144587.mp3,All the Little Sperms,We Is Shore Dedicated,Pop
144592,fma_small/144/144592.mp3,Dark Matter,Trillion Catz,Electronic
144600,fma_small/144/144600.mp3,Kevin come back,TRG Banks,Instrumental
144733,fma_small/144/144733.mp3,With You And Icecream Flying,milky-chu,Electronic
144740,fma_small/144/144740.mp3,Mind On The Music (Featuring Pot-C),Donnie Ozone,Hip-Hop
144741,fma_small/144/144741.mp3,Mind On The Music (Fender Mix) (Featuring Pot-C & SKOL),Donnie Ozone,Hip-Hop
144801,fma_small/144/144801.mp3,Great Aunt Henrietta,TRG Banks,Instrumental
144809,fma_small/144/144809.mp3,Что хочешь...,Kosta T,Experimental
144810,fma_small/144/144810.mp3,SickNik(,Kosta T,Experimental
144933,fma_small/144/144933.mp3,Saturday,Maxwell Powers,Pop
144934,fma_small/144/144934.mp3,Off,Maxwell Powers,Pop
144935,fma_small/144/144935.mp3,Defy / Tonight,Maxwell Powers,Pop
144936,fma_small/144/144936.mp3,Stereo / Video,Maxwell Powers,Pop
144937,fma_small/144/144937.mp3,After All You Say,Maxwell Powers,Pop
144938,fma_small/144/144938.mp3,Godspeed,Maxwell Powers,Pop
144939,fma_small/144/144939.mp3,Three Days,Maxwell Powers,Pop
144940,fma_small/144/144940.mp3,(next time you coalesce) Come Over,Maxwell Powers,Pop
144941,fma_small/144/144941.mp3,When you came they were clapping (aka America performing a brief existential crisis),Maxwell Powers,Pop
144942,fma_small/144/144942.mp3,Oh / No,Maxwell Powers,Pop
144943,fma_small/144/144943.mp3,Hat / Halo,Maxwell Powers,Pop
144944,fma_small/144/144944.mp3,Stereo / Video (Cutside Remix),Maxwell Powers,Pop
144945,fma_small/144/144945.mp3,Three Days (Sunny June Mixx),Maxwell Powers,Pop
144946,fma_small/144/144946.mp3,After All You Say (TSPMIX),Maxwell Powers,Pop
145002,fma_small/145/145002.mp3,A Dancer Stole My Heart,Finn Anderson,Folk
145003,fma_small/145/145003.mp3,In The Gods,Finn Anderson,Folk
145004,fma_small/145/145004.mp3,Hitchcock,Finn Anderson,Folk
145005,fma_small/145/145005.mp3,Uncharted Lands,Finn Anderson,Folk
145020,fma_small/145/145020.mp3,The Realist,Little Ozzy & J. E. Frey,Rock
145027,fma_small/145/145027.mp3,Curly,Little Ozzy & J. E. Frey,Rock
145041,fma_small/145/145041.mp3,Lijperoni,Oelek,Electronic
145042,fma_small/145/145042.mp3,Bea6 (Oelek dromer rmx),Richard Jonas,Electronic
145043,fma_small/145/145043.mp3,Rock'n'Roll Hara-Kiri,Hermit,Experimental
145058,fma_small/145/145058.mp3,Worm Fortress,Ersatz,Experimental
145059,fma_small/145/145059.mp3,"In Ages Past, The Myths And Legends Happened A Long Time Ago",Noggin,Experimental
145067,fma_small/145/145067.mp3,Ngrumme,TxSxBx,Rock
145068,fma_small/145/145068.mp3,Demoni e Dei (Contropotere),TxSxBx,Rock
145074,fma_small/145/145074.mp3,Coda: Escaping To Freedom,Coits,Experimental
145183,fma_small/145/145183.mp3,Soundtrack 1. Act 6,Robert Switzer,Instrumental
145189,fma_small/145/145189.mp3,Soundtrack 2. Act 6,Steve Burnett,Instrumental
145199,fma_small/145/145199.mp3,Opening the Mouth/ Salt,Conduit,Rock
145241,fma_small/145/145241.mp3,THE THREE SHADES,Vukovar,Rock
145257,fma_small/145/145257.mp3,Not So Final Countdown,Lonely Punk,Rock
145258,fma_small/145/145258.mp3,Left The Building,Lonely Punk,Rock
145259,fma_small/145/145259.mp3,Joika,Lonely Punk,Rock
145260,fma_small/145/145260.mp3,Easter Island,Lonely Punk,Rock
145431,fma_small/145/145431.mp3,Open Cab,Fabian Measures,Instrumental
145432,fma_small/145/145432.mp3,Ebb and Flow,Fabian Measures,Instrumental
145457,fma_small/145/145457.mp3,Loving You Because...,Squire Tuck,Instrumental
145458,fma_small/145/145458.mp3,Dilemma of the Heart,Squire Tuck,Instrumental
145462,fma_small/145/145462.mp3,The Frequency,Ars Sonor,Electronic
145464,fma_small/145/145464.mp3,Tabea (Live at Galleri Bleue),Ars Sonor,Electronic
145475,fma_small/145/145475.mp3,Dreamstalker,Squire Tuck,Instrumental
145476,fma_small/145/145476.mp3,Homage to John Carpenter's Halloween Soundtrack,Squire Tuck,Instrumental
145477,fma_small/145/145477.mp3,"In This Creepy, Sleepy Backward Town",Squire Tuck,Instrumental
145549,fma_small/145/145549.mp3,Yellow Taxi under a Blue Sky,MindsEye,Electronic
145550,fma_small/145/145550.mp3,Roommates,This Mess is Mine,Folk
145551,fma_small/145/145551.mp3,Thief,This Mess is Mine,Folk
145552,fma_small/145/145552.mp3,Family Tree Burning,This Mess is Mine,Folk
145553,fma_small/145/145553.mp3,The Great Alain,This Mess is Mine,Folk
145554,fma_small/145/145554.mp3,No Fog,This Mess is Mine,Folk
145555,fma_small/145/145555.mp3,Picture Postcard,This Mess is Mine,Folk
145556,fma_small/145/145556.mp3,Roommates (Piano Version by AGPB),This Mess is Mine,Folk
145606,fma_small/145/145606.mp3,SELF EXPLORER,North Cape Lights,Rock
145607,fma_small/145/145607.mp3,The Dawn,The One They Fear,Rock
145608,fma_small/145/145608.mp3,This Cursed Hope,The One They Fear,Rock
145609,fma_small/145/145609.mp3,With These Flames,The One They Fear,Rock
145610,fma_small/145/145610.mp3,Wolves,The One They Fear,Rock
145645,fma_small/145/145645.mp3,Here and Now,Trip.Logic,Electronic
145646,fma_small/145/145646.mp3,Isn't It Beautiful,Trip.Logic,Electronic
145653,fma_small/145/145653.mp3,Gladiator Coin Toss,We Is Shore Dedicated,Pop
145702,fma_small/145/145702.mp3,Saturday,Maxwell Powers,Pop
145703,fma_small/145/145703.mp3,When You Came They Were Clapping (aka America performing a brief existential crisis),Maxwell Powers,Pop
145704,fma_small/145/145704.mp3,Lightning Rods To Your Defense,Maxwell Powers,Pop
145705,fma_small/145/145705.mp3,When You Came They Were Clapping (Donnie Ozone Remix) (Additional Vocals by Kara Square),Maxwell Powers,Pop
145706,fma_small/145/145706.mp3,Saturday (Weekend Groove Remix),Maxwell Powers,Pop
145707,fma_small/145/145707.mp3,Godspeed,Maxwell Powers,Pop
145708,fma_small/145/145708.mp3,When You Came They Were Clapping (TSPMIX),Maxwell Powers,Pop
145709,fma_small/145/145709.mp3,Come Over (SvicKillaz Remix),Maxwell Powers,Pop
145710,fma_small/145/145710.mp3,Godspeed (Lyndon Scarfe Remix),Maxwell Powers,Pop
145711,fma_small/145/145711.mp3,Godspeed (Dantheman Stuck In Time Remix),Maxwell Powers,Pop
145724,fma_small/145/145724.mp3,So On and Yo! (Instrumental),LOWdown,Hip-Hop
145727,fma_small/145/145727.mp3,The LOWdown (Instrumental),LOWdown,Hip-Hop
145728,fma_small/145/145728.mp3,The Essentials (Essential Deejay Instrumental),LOWdown,Hip-Hop
145729,fma_small/145/145729.mp3,So On and Yo! (D.A.I.S.Y. Age Instrumental),LOWdown,Hip-Hop
145730,fma_small/145/145730.mp3,STOCKPILE! (Funky Dubb Mixx),LOWdown,Hip-Hop
145741,fma_small/145/145741.mp3,Home Base (Featuring Long John),Cheese N Pot-C,Hip-Hop
145742,fma_small/145/145742.mp3,Ten Kai Master Funk Flames,Cheese N Pot-C,Hip-Hop
145743,fma_small/145/145743.mp3,Snow Crystal Whispering Pines (Featuring HighSnow),Cheese N Pot-C,Hip-Hop
145744,fma_small/145/145744.mp3,Jazzy Hip-Hop (Featuring Long John),Cheese N Pot-C,Hip-Hop
145745,fma_small/145/145745.mp3,Roll Playing Game,Cheese N Pot-C,Hip-Hop
145746,fma_small/145/145746.mp3,Tabiji Shiyo,Cheese N Pot-C,Hip-Hop
145747,fma_small/145/145747.mp3,You Forgot (Forget It),The Impossebulls,Hip-Hop
145748,fma_small/145/145748.mp3,The BizBoxx,The Impossebulls,Hip-Hop
145749,fma_small/145/145749.mp3,Liars & Conmen,The Impossebulls,Hip-Hop
145750,fma_small/145/145750.mp3,Devil's Pie,The Impossebulls,Hip-Hop
145751,fma_small/145/145751.mp3,No Country For Old Men,The Impossebulls,Hip-Hop
145752,fma_small/145/145752.mp3,Golden Path,SPCZ,Electronic
145754,fma_small/145/145754.mp3,Lotus,SPCZ,Electronic
145755,fma_small/145/145755.mp3,Mille et une nuit de basse,SPCZ,Electronic
145756,fma_small/145/145756.mp3,Easy,SPCZ,Electronic
145757,fma_small/145/145757.mp3,Tube,SPCZ,Electronic
145758,fma_small/145/145758.mp3,Spicy,SPCZ,Electronic
145759,fma_small/145/145759.mp3,Scorpio Moon,SPCZ,Electronic
145760,fma_small/145/145760.mp3,Dubnotic - It was meant 2 be (SPCZ Remix),SPCZ,Electronic
145761,fma_small/145/145761.mp3,Memories (Tales of painting & Spcz),SPCZ,Electronic
145762,fma_small/145/145762.mp3,"Holding on Until the Cold, Cold Morn",Squire Tuck,Instrumental
145777,fma_small/145/145777.mp3,Heaven Beyond the Trees,Squire Tuck,Instrumental
145780,fma_small/145/145780.mp3,Amilee,The Jeanies,Rock
145783,fma_small/145/145783.mp3,I Seen Her Dance,The Jeanies,Rock
145887,fma_small/145/145887.mp3,Facing Inwards,Squire Tuck,Instrumental
145917,fma_small/145/145917.mp3,Paradigmatic (Reprise),H-LR,Electronic
145918,fma_small/145/145918.mp3,SD (Ill Mix),H-LR,Electronic
146017,fma_small/146/146017.mp3,Gulag (Minnesbilden),Ars Sonor & Malga Kubiak,Instrumental
146018,fma_small/146/146018.mp3,Världens Ände,Ars Sonor & Malga Kubiak,Instrumental
146019,fma_small/146/146019.mp3,Den Plomberade Vagnen,Ars Sonor & Malga Kubiak,Instrumental
146020,fma_small/146/146020.mp3,Arvet,Ars Sonor & Malga Kubiak,Instrumental
146070,fma_small/146/146070.mp3,"part 3, tons of tracks",OOZING MEAT,Experimental
146147,fma_small/146/146147.mp3,Creation,A-Grav Lab,Hip-Hop
146148,fma_small/146/146148.mp3,Intro,A-Grav Lab,Hip-Hop
146149,fma_small/146/146149.mp3,Spacewalkers,A-Grav Lab,Hip-Hop
146150,fma_small/146/146150.mp3,U and I,A-Grav Lab,Hip-Hop
146151,fma_small/146/146151.mp3,How I Feel,A-Grav Lab,Hip-Hop
146152,fma_small/146/146152.mp3,The Cross,A-Grav Lab,Hip-Hop
146153,fma_small/146/146153.mp3,Torture Device,A-Grav Lab,Hip-Hop
146343,fma_small/146/146343.mp3,The Child Tells a Lie,Posset,Experimental
146458,fma_small/146/146458.mp3,The Cavern,Langax,Electronic
146478,fma_small/146/146478.mp3,SPARKLE BLOOD - Denim Convention,Norwegian Blue Records,Rock
146481,fma_small/146/146481.mp3,betterhalf - Said + Done,Norwegian Blue Records,Rock
146482,fma_small/146/146482.mp3,Saint Clare - Cheatin',Norwegian Blue Records,Rock
146483,fma_small/146/146483.mp3,Cope - Mikey Whipwreck,Norwegian Blue Records,Rock
146639,fma_small/146/146639.mp3,Bob Burns Down,Aglow Hollow,Folk
146681,fma_small/146/146681.mp3,moonrawks,Tha Silent Partner,Hip-Hop
146683,fma_small/146/146683.mp3,drunkenCPU,Tha Silent Partner,Hip-Hop
146685,fma_small/146/146685.mp3,REturn Trip?,Tha Silent Partner,Hip-Hop
146687,fma_small/146/146687.mp3,Majestic Magnets (Headsnack Remix),Regenerated Headpiece,Hip-Hop
146689,fma_small/146/146689.mp3,Sad But True (Featuring Mported Flows),Regenerated Headpiece,Hip-Hop
146713,fma_small/146/146713.mp3,Twist (Featuring Chuck D) (Def Remix),Regenerated Headpiece,Hip-Hop
146716,fma_small/146/146716.mp3,"Extraordinary League of HipHop Dads (Featuring Headsnack, Brash, Phashara & Venomous 2000)",ILLUS & ICBM,Hip-Hop
146724,fma_small/146/146724.mp3,Tired (Live),Regenerated Headpiece,Hip-Hop
146725,fma_small/146/146725.mp3,Dogfight (Live),Regenerated Headpiece,Hip-Hop
146726,fma_small/146/146726.mp3,Who is Dr. Cube? (Live),Regenerated Headpiece,Hip-Hop
146727,fma_small/146/146727.mp3,ALLMACKS (Drunken Masters Version) (Live),Regenerated Headpiece,Hip-Hop
146879,fma_small/146/146879.mp3,A Bit of Electro,4T Thieves,Electronic
146961,fma_small/146/146961.mp3,Four Walls,Derek Clegg,Folk
146968,fma_small/146/146968.mp3,Reaces Peaces,Derek Clegg,Folk
146969,fma_small/146/146969.mp3,So Is She,Derek Clegg,Folk
146970,fma_small/146/146970.mp3,Kick The Can,Derek Clegg,Folk
146988,fma_small/146/146988.mp3,Fake Cats Project Robs Rachmaninoff,Fake Cats Project,Experimental
146989,fma_small/146/146989.mp3,Ghosts of Guitar,Fake Cats Project,Experimental
147020,fma_small/147/147020.mp3,Six Pack,The Impossebulls,Hip-Hop
147021,fma_small/147/147021.mp3,Life Is Good,The Impossebulls,Hip-Hop
147022,fma_small/147/147022.mp3,The Menu,The Impossebulls,Hip-Hop
147023,fma_small/147/147023.mp3,Armchair Revolution,The Impossebulls,Hip-Hop
147024,fma_small/147/147024.mp3,A Roller Skating Jam Called Saturday Nite,The Impossebulls,Hip-Hop
147059,fma_small/147/147059.mp3,Blinkity Blank,Audio K,Experimental
147085,fma_small/147/147085.mp3,A Ukulele For Christmas,Lee Rosevere,Experimental
147086,fma_small/147/147086.mp3,A Ukulele For Christmas (instrumental),Lee Rosevere,Experimental
147087,fma_small/147/147087.mp3,Bring Those Presents to Me!,Jeremy Allingham,Experimental
147126,fma_small/147/147126.mp3,Whispers,Hyson,Instrumental
147191,fma_small/147/147191.mp3,Dr Sleepgood 3,Pocketmaster,Electronic
147261,fma_small/147/147261.mp3,Depravity,Lozo Musico,Hip-Hop
147265,fma_small/147/147265.mp3,I.D.K.?,K.I.R.K,Hip-Hop
147267,fma_small/147/147267.mp3,Wise Wordz,K.I.R.K,Hip-Hop
147268,fma_small/147/147268.mp3,Keep It Up/Tranzitionz,K.I.R.K,Hip-Hop
147269,fma_small/147/147269.mp3,Gettin' Crazy,K.I.R.K,Hip-Hop
147295,fma_small/147/147295.mp3,Meadow Siren,Greg Atkinson,Folk
147309,fma_small/147/147309.mp3,Traces,Hyson,Instrumental
147409,fma_small/147/147409.mp3,Game Boy Horror,The Zombie Dandies,Rock
147412,fma_small/147/147412.mp3,Brundlefly,The Zombie Dandies,Rock
147413,fma_small/147/147413.mp3,Boogeyman,The Zombie Dandies,Rock
147780,fma_small/147/147780.mp3,Dimension,Creo,Electronic
147815,fma_small/147/147815.mp3,13 glorieux pop,Bauchamp,Electronic
147886,fma_small/147/147886.mp3,Burns (Featuring Cable),Deadly Combo,Hip-Hop
147956,fma_small/147/147956.mp3,Universal Libraries,Portrayal,Rock
148002,fma_small/148/148002.mp3,Little Peace at Christmas,Squire Tuck,Instrumental
148028,fma_small/148/148028.mp3,Disco From The Clouds,BoyHoodBuchi,Hip-Hop
148031,fma_small/148/148031.mp3,I,BoyHoodBuchi,Hip-Hop
148032,fma_small/148/148032.mp3,WitchCraft,BoyHoodBuchi,Hip-Hop
148066,fma_small/148/148066.mp3,Heathen change your ways (Featuring Don Goliath & Tallis),Red Star Martyrs,International
148070,fma_small/148/148070.mp3,Sweet Potato Pudding dub,Red Star Martyrs,International
148074,fma_small/148/148074.mp3,Niceness,Red Star Martyrs,International
148075,fma_small/148/148075.mp3,Vibrations,Red Star Martyrs,International
148076,fma_small/148/148076.mp3,Employment dub (Featuring Kontent),Red Star Martyrs,International
148077,fma_small/148/148077.mp3,Suede Head,Red Star Martyrs,International
148078,fma_small/148/148078.mp3,All the Nations (Featuring Penti from Senti),Red Star Martyrs,International
148079,fma_small/148/148079.mp3,Into the light (Squidgy Black mix),Red Star Martyrs,International
148082,fma_small/148/148082.mp3,Onyx,Queen Elephantine,Experimental
148099,fma_small/148/148099.mp3,I love you (B-side),L.D.I.,Experimental
148112,fma_small/148/148112.mp3,Dream Sequence With Percussion,Ryan Cullinane,Instrumental
148113,fma_small/148/148113.mp3,Flip Side Instrumental,Ryan Cullinane,Instrumental
148114,fma_small/148/148114.mp3,Flip Side,Ryan Cullinane,Instrumental
148120,fma_small/148/148120.mp3,Hots For Brooklyn Instrumental,Ryan Cullinane,Instrumental
148121,fma_small/148/148121.mp3,Hots For Brooklyn,Ryan Cullinane,Instrumental
148124,fma_small/148/148124.mp3,Smooth Space With Drums,Ryan Cullinane,Instrumental
148130,fma_small/148/148130.mp3,The People Instrumental,Ryan Cullinane,Instrumental
148131,fma_small/148/148131.mp3,The People,Ryan Cullinane,Instrumental
148132,fma_small/148/148132.mp3,Upside of Looking Down Instrumental,Ryan Cullinane,Instrumental
148133,fma_small/148/148133.mp3,Upside Of Looking Down,Ryan Cullinane,Instrumental
148168,fma_small/148/148168.mp3,Bahia,Prince Rama,Experimental
148186,fma_small/148/148186.mp3,Friends Of Mine,Josh Armistead,Folk
148187,fma_small/148/148187.mp3,You're So Funny,Josh Armistead,Folk
148190,fma_small/148/148190.mp3,So F#&k'n Happy,Josh Armistead,Folk
148208,fma_small/148/148208.mp3,Shellac,Josh Armistead,Folk
148210,fma_small/148/148210.mp3,At Sea,Josh Armistead,Folk
148211,fma_small/148/148211.mp3,Summertime,Josh Armistead,Folk
148212,fma_small/148/148212.mp3,Like A Dog,Josh Armistead,Folk
148213,fma_small/148/148213.mp3,From The Sun,Josh Armistead,Folk
148214,fma_small/148/148214.mp3,It's My Dream,Josh Armistead,Folk
148215,fma_small/148/148215.mp3,It's Alright,Josh Armistead,Folk
148216,fma_small/148/148216.mp3,Quiet Today,Josh Armistead,Folk
148217,fma_small/148/148217.mp3,Casio Song,Josh Armistead,Folk
148218,fma_small/148/148218.mp3,Women 'round Town,Josh Armistead,Folk
148231,fma_small/148/148231.mp3,Black & Gold,Josh Armistead,Folk
148233,fma_small/148/148233.mp3,Hit The Drums,Josh Armistead,Folk
148234,fma_small/148/148234.mp3,Olympia,Josh Armistead,Folk
148235,fma_small/148/148235.mp3,Hand of The Hunter,Josh Armistead,Folk
148246,fma_small/148/148246.mp3,Lovefingers,Silver Apples,Rock
148285,fma_small/148/148285.mp3,Soul Gem,LoveyDove,Pop
148286,fma_small/148/148286.mp3,Beppe of Italy,LoveyDove,Pop
148287,fma_small/148/148287.mp3,Hot Lap,LoveyDove,Pop
148288,fma_small/148/148288.mp3,Deep Down Inc.,LoveyDove,Pop
148289,fma_small/148/148289.mp3,Luka Fisher,LoveyDove,Pop
148290,fma_small/148/148290.mp3,Main Course,LoveyDove,Pop
148302,fma_small/148/148302.mp3,Un truc 5,Nicolas Carras,Experimental
148303,fma_small/148/148303.mp3,Recyclage 4,Philippe Aubry & Jérôme Pergolesi,Experimental
148305,fma_small/148/148305.mp3,Paysage au repos (extrait),Philippe Lamy,Experimental
148429,fma_small/148/148429.mp3,No lyrics,In De Nadfin,International
148430,fma_small/148/148430.mp3,Tengo insectos en mis zapatillas,Poder Fantasma,International
148439,fma_small/148/148439.mp3,Adrenaline Intro,Langax,Electronic
148441,fma_small/148/148441.mp3,Gugugu,Angel Garcia,Electronic
148443,fma_small/148/148443.mp3,Arid Badlands,No Human,Electronic
148444,fma_small/148/148444.mp3,Haka,MegaHast3r,Electronic
148510,fma_small/148/148510.mp3,Talking To My Own Mirage,Carroll,Pop
148513,fma_small/148/148513.mp3,How It Used To Be,Carroll,Pop
148514,fma_small/148/148514.mp3,Sun 1,Carroll,Pop
148516,fma_small/148/148516.mp3,Easy Target,Carroll,Pop
148517,fma_small/148/148517.mp3,Shout,Carroll,Pop
148518,fma_small/148/148518.mp3,Side By Side,Carroll,Pop
148519,fma_small/148/148519.mp3,Goat,Carroll,Pop
148532,fma_small/148/148532.mp3,Intro,Cityzens Were Here,Folk
148535,fma_small/148/148535.mp3,Boombap,Cityzens Were Here,Folk
148536,fma_small/148/148536.mp3,Medo de Tentar,E A Terra Nunca Me Pareceu Tão Distante,Rock
148537,fma_small/148/148537.mp3,Medo de Morrer,E A Terra Nunca Me Pareceu Tão Distante,Rock
148584,fma_small/148/148584.mp3,Cindy Trauma,Le Manque,Pop
148585,fma_small/148/148585.mp3,Ulan Bator,Le Manque,Pop
148586,fma_small/148/148586.mp3,Elise en analyse,Le Manque,Pop
148587,fma_small/148/148587.mp3,Séducteur loser,Le Manque,Pop
148602,fma_small/148/148602.mp3,Leave,Sea Offs,Folk
148603,fma_small/148/148603.mp3,Shallow Waters,Sea Offs,Folk
148604,fma_small/148/148604.mp3,Bullets,Sea Offs,Folk
148605,fma_small/148/148605.mp3,Abstract (unfinished),Sea Offs,Folk
148606,fma_small/148/148606.mp3,My Deviance,Red Crickets,Pop
148607,fma_small/148/148607.mp3,The Prisoner,Red Crickets,Pop
148608,fma_small/148/148608.mp3,Dynamo,Red Crickets,Pop
148609,fma_small/148/148609.mp3,Another Bedlam Romance,Red Crickets,Pop
148610,fma_small/148/148610.mp3,Little Comfort,Red Crickets,Pop
148611,fma_small/148/148611.mp3,Elektra (You Were Such Fun),Red Crickets,Pop
148612,fma_small/148/148612.mp3,Superferries,Red Crickets,Pop
148613,fma_small/148/148613.mp3,A Mess,Red Crickets,Pop
148773,fma_small/148/148773.mp3,Nothing Else Matters,Mystery Mammal,Electronic
149075,fma_small/149/149075.mp3,Stride On,Sam Coomes,Pop
149078,fma_small/149/149078.mp3,Tough Times In Plastic Land,Sam Coomes,Pop
149082,fma_small/149/149082.mp3,Ballad Of Donald Duck & Elmer Fudd,Sam Coomes,Pop
149083,fma_small/149/149083.mp3,Bugger Me,Sam Coomes,Pop
149099,fma_small/149/149099.mp3,Take Me To Detroit,Coco Morier,Pop
149100,fma_small/149/149100.mp3,Ambulance,Coco Morier,Pop
149101,fma_small/149/149101.mp3,Am I Normal,Coco Morier,Pop
149102,fma_small/149/149102.mp3,Dreamer,Coco Morier,Pop
149103,fma_small/149/149103.mp3,Explosions,Coco Morier,Pop
149118,fma_small/149/149118.mp3,Blue Introduction,K. Sparks,Hip-Hop
149124,fma_small/149/149124.mp3,Blue Piano,K. Sparks,Hip-Hop
149138,fma_small/149/149138.mp3,Blue Jazz Cafe,K. Sparks,Hip-Hop
149139,fma_small/149/149139.mp3,Shift of Currents,Blue Dot Sessions,Instrumental
149140,fma_small/149/149140.mp3,Floating Whist,Blue Dot Sessions,Instrumental
149141,fma_small/149/149141.mp3,Open Flames,Blue Dot Sessions,Instrumental
149142,fma_small/149/149142.mp3,Cast in Wicker,Blue Dot Sessions,Instrumental
149143,fma_small/149/149143.mp3,Celestial Navigation,Blue Dot Sessions,Instrumental
149185,fma_small/149/149185.mp3,Touch You,Mike B. Fort,Electronic
149369,fma_small/149/149369.mp3,Never Change,K.I.R.K,Hip-Hop
149370,fma_small/149/149370.mp3,Glorious,K.I.R.K,Hip-Hop
149416,fma_small/149/149416.mp3,Millitary Industrial Complex,Punk Rock Opera,Rock
149417,fma_small/149/149417.mp3,Nerve Damage,Punk Rock Opera,Rock
149422,fma_small/149/149422.mp3,Morning Movement,Kathleen Martin,Experimental
149452,fma_small/149/149452.mp3,S3C,Unit-29A,Rock
149488,fma_small/149/149488.mp3,Lost Paradise,Autumn Interlude,Rock
149523,fma_small/149/149523.mp3,The Slowness of Sloths,Dee Zee,Rock
149623,fma_small/149/149623.mp3,Boy Bye,Abdu Ali,Hip-Hop
149625,fma_small/149/149625.mp3,Keep Moving (Negro Kai),Abdu Ali,Hip-Hop
149626,fma_small/149/149626.mp3,"I, Exist",Abdu Ali,Hip-Hop
149687,fma_small/149/149687.mp3,God's Love,K. Sparks,Hip-Hop
149689,fma_small/149/149689.mp3,Purpose,K. Sparks,Hip-Hop
149690,fma_small/149/149690.mp3,Rock the Party,K. Sparks,Hip-Hop
149700,fma_small/149/149700.mp3,Rising Heart,Sro,Electronic
149701,fma_small/149/149701.mp3,Answering M,Sro,Electronic
149712,fma_small/149/149712.mp3,Step One,Fatal Injection,Instrumental
149714,fma_small/149/149714.mp3,P.S.I. Part II (Final Step),Fatal Injection,Instrumental
149727,fma_small/149/149727.mp3,Dark November #12,Wayne Kinos,Instrumental
149750,fma_small/149/149750.mp3,Dites 33,Manuel Duval,Pop
149775,fma_small/149/149775.mp3,Beyond the Looking Glass,Controlled Insanity,Experimental
149776,fma_small/149/149776.mp3,Inner Mental Cage,Controlled Insanity,Experimental
149777,fma_small/149/149777.mp3,Daqaah,Controlled Insanity,Experimental
149778,fma_small/149/149778.mp3,Inner Mental Cage (Bitmap Remix),Controlled Insanity,Experimental
149842,fma_small/149/149842.mp3,B4-C'est gratuit (et ça le restera toujours),Manuel Duval,Experimental
149951,fma_small/149/149951.mp3,Blue Ghetto Child,K. Sparks,Hip-Hop
149953,fma_small/149/149953.mp3,Blue Real Talk,K. Sparks,Hip-Hop
150015,fma_small/150/150015.mp3,Moutons,Urs Graf Consort,Pop
150017,fma_small/150/150017.mp3,E.N.A.,Urs Graf Consort,Pop
150018,fma_small/150/150018.mp3,Eldridge Cleaver,Urs Graf Consort,Pop
150062,fma_small/150/150062.mp3,When He's Away,Finn Anderson,Folk
150063,fma_small/150/150063.mp3,Night & Day,Finn Anderson,Folk
150064,fma_small/150/150064.mp3,Absinthe,Finn Anderson,Folk
150073,fma_small/150/150073.mp3,Welcome to Asia,DubRaJah,International
150078,fma_small/150/150078.mp3,Mad Honey,DubRaJah,International
150079,fma_small/150/150079.mp3,Chitwan,DubRaJah,International
150080,fma_small/150/150080.mp3,Deep Karnataka,DubRaJah,International
150265,fma_small/150/150265.mp3,All Will See,Hyson,Instrumental
150266,fma_small/150/150266.mp3,Here,Hyson,Instrumental
150267,fma_small/150/150267.mp3,Olivia,Hyson,Instrumental
150268,fma_small/150/150268.mp3,All Who Are Weary,Hyson,Instrumental
150287,fma_small/150/150287.mp3,Pope,The Impossebulls,Hip-Hop
150288,fma_small/150/150288.mp3,Thank U ('92),The Impossebulls,Hip-Hop
151404,fma_small/151/151404.mp3,The Northern Lights,Alyiann,Electronic
152103,fma_small/152/152103.mp3,Smile is the key,Panda Dub,International
152253,fma_small/152/152253.mp3,Milky Way,Panda Dub,International
152254,fma_small/152/152254.mp3,Mayd Hubb meets Joe Pilgrim - Tribute to Yabby You - Panda meets Jamma Dim REMIX,Panda Dub,International
152258,fma_small/152/152258.mp3,Purple Trip,Panda Dub,International
152261,fma_small/152/152261.mp3,Danse Macabre,Panda Dub,International
152262,fma_small/152/152262.mp3,Die Brücke,Panda Dub,International
152324,fma_small/152/152324.mp3,Greenhouse On Mars,Frozen Houses,Pop
152418,fma_small/152/152418.mp3,Snosti ti Dojdov,Niva,International
152425,fma_small/152/152425.mp3,Opa Tsupa,Peter Lyster,International
152480,fma_small/152/152480.mp3,A Perceptible Shift,Andy G. Cohen,Instrumental
152543,fma_small/152/152543.mp3,BITCHEZ,Yshwa,Hip-Hop
152545,fma_small/152/152545.mp3,Where the Sunshine Goes,Yshwa,Hip-Hop
152568,fma_small/152/152568.mp3,Everything Dances,Siddhartha,Instrumental
152569,fma_small/152/152569.mp3,The Magic of Bamboo,Siddhartha,Instrumental
152570,fma_small/152/152570.mp3,Collapse Into Innocence,Siddhartha,Instrumental
153337,fma_small/153/153337.mp3,The Vent,DRVN,Hip-Hop
153383,fma_small/153/153383.mp3,La Samba (en public),Trotski Nautique,Pop
153452,fma_small/153/153452.mp3,Métal Province,Trotski Nautique,Pop
153946,fma_small/153/153946.mp3,"Hey, that's not normal",Robert Farmer,Folk
153955,fma_small/153/153955.mp3,Not Coming Home,We Is Shore Dedicated,Pop
153956,fma_small/153/153956.mp3,Border Collie,We Is Shore Dedicated,Pop
154303,fma_small/154/154303.mp3,In It to Win It,Fleslit,Hip-Hop
154305,fma_small/154/154305.mp3,Calm Flight,Fleslit,Hip-Hop
154306,fma_small/154/154306.mp3,Yummy,Fleslit,Hip-Hop
154307,fma_small/154/154307.mp3,12:01 AM,Fleslit,Hip-Hop
154308,fma_small/154/154308.mp3,MIA,Fleslit,Hip-Hop
154309,fma_small/154/154309.mp3,A1 Symphony,Fleslit,Hip-Hop
154413,fma_small/154/154413.mp3,Do Easy,Tasseomancy,Pop
154414,fma_small/154/154414.mp3,Dead Can Dance (uncensored),Tasseomancy,Pop
155066,fma_small/155/155066.mp3,Roy,JBlanked,Hip-Hop
