track_id,genre,genre_id,mel_path,artist_id,artist_name,album_id,album_title,loaded_duration_seconds
2,Hip-Hop,3,../data/local/processed_mel/000002.npy,1,AWOL,1,AWOL - A Way Of Life,29.976598639455784
5,Hip-Hop,3,../data/local/processed_mel/000005.npy,1,AWOL,1,AWOL - A Way Of Life,30.002721088435376
10,Pop,6,../data/local/processed_mel/000010.npy,6,Kurt Vile,6,Constant Hitmaker,29.976598639455784
140,Folk,2,../data/local/processed_mel/000140.npy,54,Alec K. Redfearn & the Eyesores,61,The Blind Spot,29.976598639455784
141,Folk,2,../data/local/processed_mel/000141.npy,54,Alec K. Redfearn & the Eyesores,60,Every Man For Himself,29.976598639455784
190,Folk,2,../data/local/processed_mel/000190.npy,127,Ed Askew,84,Blue Piano,30.002721088435376
193,Folk,2,../data/local/processed_mel/000193.npy,127,Ed Askew,84,Blue Piano,29.976598639455784
194,Folk,2,../data/local/processed_mel/000194.npy,127,Ed Askew,84,Blue Piano,30.002721088435376
197,Folk,2,../data/local/processed_mel/000197.npy,127,Ed Askew,84,Blue Piano,29.976598639455784
200,Folk,2,../data/local/processed_mel/000200.npy,127,Ed Askew,84,Blue Piano,29.976598639455784
203,Folk,2,../data/local/processed_mel/000203.npy,127,Ed Askew,84,Blue Piano,29.976598639455784
204,Folk,2,../data/local/processed_mel/000204.npy,127,Ed Askew,84,Blue Piano,29.976598639455784
207,Folk,2,../data/local/processed_mel/000207.npy,127,Ed Askew,84,Blue Piano,29.976598639455784
210,Folk,2,../data/local/processed_mel/000210.npy,127,Ed Askew,84,Blue Piano,30.002721088435376
211,Folk,2,../data/local/processed_mel/000211.npy,127,Ed Askew,84,Blue Piano,29.976598639455784
212,Folk,2,../data/local/processed_mel/000212.npy,127,Ed Askew,84,Blue Piano,29.976598639455784
213,Pop,6,../data/local/processed_mel/000213.npy,66,Au,86,Au,29.976598639455784
255,Rock,7,../data/local/processed_mel/000255.npy,80,Bird Names,100,On Opaque Things,29.976598639455784
256,Rock,7,../data/local/processed_mel/000256.npy,81,Black Elk,102,Black Elk,29.976598639455784
368,Rock,7,../data/local/processed_mel/000368.npy,84,Blah Blah Blah,112,30th Anniversary Blah Blah Blah,29.976598639455784
424,Experimental,1,../data/local/processed_mel/000424.npy,91,Brian Joseph Davis,124,The Definitive Host,29.976598639455784
534,Folk,2,../data/local/processed_mel/000534.npy,101,Charles Manson,142,One Mind,29.976598639455784
540,Folk,2,../data/local/processed_mel/000540.npy,101,Charles Manson,142,One Mind,29.976598639455784
546,Folk,2,../data/local/processed_mel/000546.npy,101,Charles Manson,142,One Mind,29.976598639455784
574,Rock,7,../data/local/processed_mel/000574.npy,106,Clockcleaner,149,Babylon Rules,29.976598639455784
615,Experimental,1,../data/local/processed_mel/000615.npy,126,EKG,175,Immaterial,30.002721088435376
620,Folk,2,../data/local/processed_mel/000620.npy,127,Ed Askew,176,Viridian City,29.976598639455784
621,Folk,2,../data/local/processed_mel/000621.npy,127,Ed Askew,177,Rainy Day Song,29.976598639455784
625,Folk,2,../data/local/processed_mel/000625.npy,127,Ed Askew,177,Rainy Day Song,30.002721088435376
666,International,5,../data/local/processed_mel/000666.npy,135,Explode Into Colors,189,summer 2008 demos,30.002721088435376
667,International,5,../data/local/processed_mel/000667.npy,135,Explode Into Colors,189,summer 2008 demos,29.976598639455784
676,Hip-Hop,3,../data/local/processed_mel/000676.npy,136,Fanatic,190,Change Thoughts (radio edit),29.976598639455784
694,Hip-Hop,3,../data/local/processed_mel/000694.npy,138,Food For Animals,196,mp3 single with Faust,29.976598639455784
695,Hip-Hop,3,../data/local/processed_mel/000695.npy,138,Food For Animals,197,Cock Rock Disco 2006 Free Compilation,29.976598639455784
714,Folk,2,../data/local/processed_mel/000714.npy,143,Fursaxa,202,The Cult From Moon Mountain,29.976598639455784
715,Folk,2,../data/local/processed_mel/000715.npy,143,Fursaxa,203,Kobold Moon,29.976598639455784
716,Folk,2,../data/local/processed_mel/000716.npy,143,Fursaxa,203,Kobold Moon,29.976598639455784
718,Folk,2,../data/local/processed_mel/000718.npy,143,Fursaxa,203,Kobold Moon,30.002721088435376
777,Rock,7,../data/local/processed_mel/000777.npy,149,Glove Compartment,216,Quickies,29.976598639455784
814,Folk,2,../data/local/processed_mel/000814.npy,153,Hall Of Fame,1716,Hall of Fame (2000),29.976598639455784
821,Pop,6,../data/local/processed_mel/000821.npy,155,Hecuba,227,"Sir 12"" EP",30.002721088435376
822,Pop,6,../data/local/processed_mel/000822.npy,155,Hecuba,227,"Sir 12"" EP",29.976598639455784
825,Rock,7,../data/local/processed_mel/000825.npy,156,Here Comes A Big Black Cloud!!,229,Pompeii,29.976598639455784
853,International,5,../data/local/processed_mel/000853.npy,162,Hutzl Ukranian Ensemble,235,Black Mirror: Reflections In Global Musics (1915-1955),30.002721088435376
897,Experimental,1,../data/local/processed_mel/000897.npy,170,Infinite Body,248,White Hymn,29.976598639455784
995,Experimental,1,../data/local/processed_mel/000995.npy,177,Kevin Shields,255,The Death of Patience,30.002721088435376
997,Experimental,1,../data/local/processed_mel/000997.npy,177,Kevin Shields,255,The Death of Patience,30.002721088435376
998,Experimental,1,../data/local/processed_mel/000998.npy,177,Kevin Shields,255,The Death of Patience,29.976598639455784
1039,Rock,7,../data/local/processed_mel/001039.npy,190,Lightning Bolt,279,Ride the Skies,29.976598639455784
1040,Rock,7,../data/local/processed_mel/001040.npy,190,Lightning Bolt,280,Wonderful Rainbow,29.976598639455784
1082,International,5,../data/local/processed_mel/001082.npy,199,M. Nguyen Van Minh-Con,235,Black Mirror: Reflections In Global Musics (1915-1955),30.002721088435376
1083,Experimental,1,../data/local/processed_mel/001083.npy,200,Magic Lantern,296,High Beams,29.976598639455784
1102,Rock,7,../data/local/processed_mel/001102.npy,203,Mary Halvorson and Weasel Walter,300,Opulence,30.002721088435376
1193,Folk,2,../data/local/processed_mel/001193.npy,215,Mount Eerie,320,Seven New Songs,30.002721088435376
1195,Folk,2,../data/local/processed_mel/001195.npy,215,Mount Eerie,320,Seven New Songs,30.002721088435376
1196,Folk,2,../data/local/processed_mel/001196.npy,215,Mount Eerie,320,Seven New Songs,30.002721088435376
1197,Folk,2,../data/local/processed_mel/001197.npy,215,Mount Eerie,320,Seven New Songs,29.976598639455784
1270,Rock,7,../data/local/processed_mel/001270.npy,221,Necropolis,334,"Workingman / Cocksuckerbastardmotherfucker 7""",30.002721088435376
1276,Experimental,1,../data/local/processed_mel/001276.npy,222,Negativland,338,Thigmotactic,30.002721088435376
1277,Experimental,1,../data/local/processed_mel/001277.npy,222,Negativland,339,No Business,29.976598639455784
1278,Experimental,1,../data/local/processed_mel/001278.npy,222,Negativland,339,No Business,30.002721088435376
1417,Rock,7,../data/local/processed_mel/001417.npy,239,Pierced Arrows,367,Straight To the Heart,29.976598639455784
1427,Rock,7,../data/local/processed_mel/001427.npy,240,Plastic Crimewave Sound,372,Painted Shadows,30.002721088435376
1443,Experimental,1,../data/local/processed_mel/001443.npy,242,Pocahaunted,380,Bored Fortress Single Series Split w. Charalambides,29.976598639455784
1482,Electronic,0,../data/local/processed_mel/001482.npy,249,Rainbro,389,Vectors,29.976598639455784
1510,Experimental,1,../data/local/processed_mel/001510.npy,253,Ric Royer &amp; G. Lucas Crane,394,They Lured Us Into the Basement,29.976598639455784
1544,Folk,2,../data/local/processed_mel/001544.npy,259,Samara Lubelski,405,In The Valley,30.002721088435376
1642,Pop,6,../data/local/processed_mel/001642.npy,269,So Cow,421,Wackity Schmackity Doo,29.988979591836735
1644,Pop,6,../data/local/processed_mel/001644.npy,269,So Cow,421,Wackity Schmackity Doo,29.988979591836735
1649,Pop,6,../data/local/processed_mel/001649.npy,269,So Cow,421,Wackity Schmackity Doo,29.988979591836735
1661,Pop,6,../data/local/processed_mel/001661.npy,269,So Cow,421,Wackity Schmackity Doo,29.988979591836735
1663,Pop,6,../data/local/processed_mel/001663.npy,271,Softboiled Eggies,425,Egg Soldiers,30.002721088435376
1666,Pop,6,../data/local/processed_mel/001666.npy,271,Softboiled Eggies,425,Egg Soldiers,29.976598639455784
1673,Experimental,1,../data/local/processed_mel/001673.npy,272,Solemn Man,427,Thee Haunted Cobblestone Sunset Concert Series #10,30.002721088435376
1680,International,5,../data/local/processed_mel/001680.npy,1259,The Sounds of Taraab,429,"Zanzibar, New York",29.976598639455784
1681,International,5,../data/local/processed_mel/001681.npy,1259,The Sounds of Taraab,429,"Zanzibar, New York",29.976598639455784
1682,International,5,../data/local/processed_mel/001682.npy,1259,The Sounds of Taraab,429,"Zanzibar, New York",29.976598639455784
1683,International,5,../data/local/processed_mel/001683.npy,1259,The Sounds of Taraab,429,"Zanzibar, New York",30.002721088435376
1684,International,5,../data/local/processed_mel/001684.npy,1259,The Sounds of Taraab,429,"Zanzibar, New York",29.976598639455784
1685,International,5,../data/local/processed_mel/001685.npy,1259,The Sounds of Taraab,429,"Zanzibar, New York",29.976598639455784
1686,International,5,../data/local/processed_mel/001686.npy,1259,The Sounds of Taraab,429,"Zanzibar, New York",29.976598639455784
1687,International,5,../data/local/processed_mel/001687.npy,1259,The Sounds of Taraab,429,"Zanzibar, New York",29.976598639455784
1688,International,5,../data/local/processed_mel/001688.npy,1259,The Sounds of Taraab,429,"Zanzibar, New York",30.002721088435376
1689,International,5,../data/local/processed_mel/001689.npy,1259,The Sounds of Taraab,429,"Zanzibar, New York",30.002721088435376
1701,Folk,2,../data/local/processed_mel/001701.npy,278,Spires That in the Sunset Rise,434,This is Fire,29.976598639455784
1702,Folk,2,../data/local/processed_mel/001702.npy,278,Spires That in the Sunset Rise,435,Curse the Traced Bird,30.002721088435376
1703,Folk,2,../data/local/processed_mel/001703.npy,278,Spires That in the Sunset Rise,435,Curse the Traced Bird,29.976598639455784
1704,Folk,2,../data/local/processed_mel/001704.npy,278,Spires That in the Sunset Rise,434,This is Fire,30.002721088435376
1706,Rock,7,../data/local/processed_mel/001706.npy,279,Strapping Fieldhands,436,In the Pineys,29.976598639455784
1720,Rock,7,../data/local/processed_mel/001720.npy,281,Sun Araw,441,The Phynx,29.976598639455784
1732,Experimental,1,../data/local/processed_mel/001732.npy,288,Teeth Mountain,449,Teeth Mtn CD-R,30.002721088435376
1733,Experimental,1,../data/local/processed_mel/001733.npy,288,Teeth Mountain,449,Teeth Mtn CD-R,30.002721088435376
1735,Experimental,1,../data/local/processed_mel/001735.npy,288,Teeth Mountain,449,Teeth Mtn CD-R,29.976598639455784
1736,Experimental,1,../data/local/processed_mel/001736.npy,288,Teeth Mountain,449,Teeth Mtn CD-R,29.976598639455784
1883,Rock,7,../data/local/processed_mel/001883.npy,304,The Yolks,475,Introducing The Yolks,30.002721088435376
1891,Rock,7,../data/local/processed_mel/001891.npy,305,Thee Oh Sees,476,Peanut Butter Oven EP,29.976598639455784
1924,Folk,2,../data/local/processed_mel/001924.npy,312,The Twin Atlas,490,Inside the Skate Scandal,29.976598639455784
1925,Folk,2,../data/local/processed_mel/001925.npy,312,The Twin Atlas,486,Magic Car Wash,30.002721088435376
1929,Experimental,1,../data/local/processed_mel/001929.npy,314,U.S. Girls,3190,Spleencoffin presents: Ladyz in Noyz,29.976598639455784
1930,Rock,7,../data/local/processed_mel/001930.npy,315,Upsilon Acrux,494,Galapagos Momentum,29.976598639455784
2096,Experimental,1,../data/local/processed_mel/002096.npy,150,Grouper,536,1st CD-R,29.976598639455784
2097,Folk,2,../data/local/processed_mel/002097.npy,153,Hall Of Fame,537,Paradise Now,30.002721088435376
2099,Pop,6,../data/local/processed_mel/002099.npy,348,luc,539,peaofthesea,29.976598639455784
3270,Folk,2,../data/local/processed_mel/003270.npy,417,Arborea,1705,Arborea Live at WFMU on Irene Trudel's Show on 6/2/2008,29.976598639455784
3271,Folk,2,../data/local/processed_mel/003271.npy,417,Arborea,1705,Arborea Live at WFMU on Irene Trudel's Show on 6/2/2008,29.976598639455784
3272,Folk,2,../data/local/processed_mel/003272.npy,417,Arborea,1705,Arborea Live at WFMU on Irene Trudel's Show on 6/2/2008,29.976598639455784
3273,Folk,2,../data/local/processed_mel/003273.npy,417,Arborea,1705,Arborea Live at WFMU on Irene Trudel's Show on 6/2/2008,30.002721088435376
3274,Folk,2,../data/local/processed_mel/003274.npy,417,Arborea,1705,Arborea Live at WFMU on Irene Trudel's Show on 6/2/2008,30.002721088435376
3492,Rock,7,../data/local/processed_mel/003492.npy,575,Citay,875,Live at WFMU on Liz Berg's Show on 3/24/2008,30.002721088435376
3532,Pop,6,../data/local/processed_mel/003532.npy,610,Cryptacize,920,Live at WFMU on Liz Berg's Show on 6/13/2008,30.002721088435376
3533,Pop,6,../data/local/processed_mel/003533.npy,610,Cryptacize,920,Live at WFMU on Liz Berg's Show on 6/13/2008,30.002721088435376
3534,Pop,6,../data/local/processed_mel/003534.npy,610,Cryptacize,920,Live at WFMU on Liz Berg's Show on 6/13/2008,29.976598639455784
3535,Pop,6,../data/local/processed_mel/003535.npy,610,Cryptacize,920,Live at WFMU on Liz Berg's Show on 6/13/2008,29.976598639455784
3537,Pop,6,../data/local/processed_mel/003537.npy,610,Cryptacize,920,Live at WFMU on Liz Berg's Show on 6/13/2008,29.976598639455784
3538,Pop,6,../data/local/processed_mel/003538.npy,610,Cryptacize,920,Live at WFMU on Liz Berg's Show on 6/13/2008,29.976598639455784
3573,Electronic,0,../data/local/processed_mel/003573.npy,1647,Dan Deacon,1141,Live at WFMU on OCDJ's Show on 7/23/2003,30.002721088435376
3598,Folk,2,../data/local/processed_mel/003598.npy,127,Ed Askew,1688,Live at WFMU 10/30/07 on Hatch's Show,29.976598639455784
3707,Folk,2,../data/local/processed_mel/003707.npy,844,Gary Higgins,700,Live at WFMU on Brian Turner's Show on 7/26/2005,30.002721088435376
3708,Folk,2,../data/local/processed_mel/003708.npy,844,Gary Higgins,700,Live at WFMU on Brian Turner's Show on 7/26/2005,29.976598639455784
3720,Rock,7,../data/local/processed_mel/003720.npy,876,Indian Jewelry,930,Live at WFMU on Liz B's Show on 7/7/2008,29.976598639455784
3721,Rock,7,../data/local/processed_mel/003721.npy,876,Indian Jewelry,930,Live at WFMU on Liz B's Show on 7/7/2008,29.976598639455784
3722,Rock,7,../data/local/processed_mel/003722.npy,876,Indian Jewelry,930,Live at WFMU on Liz B's Show on 7/7/2008,29.976598639455784
3724,Rock,7,../data/local/processed_mel/003724.npy,876,Indian Jewelry,930,Live at WFMU on Liz B's Show on 7/7/2008,30.002721088435376
3725,Rock,7,../data/local/processed_mel/003725.npy,876,Indian Jewelry,930,Live at WFMU on Liz B's Show on 7/7/2008,29.976598639455784
3761,Rock,7,../data/local/processed_mel/003761.npy,921,Kinski,636,Live at WFMU on Brian Turner's Show on 4/22/2003,30.002721088435376
3762,Rock,7,../data/local/processed_mel/003762.npy,921,Kinski,636,Live at WFMU on Brian Turner's Show on 4/22/2003,30.002721088435376
3763,Rock,7,../data/local/processed_mel/003763.npy,921,Kinski,636,Live at WFMU on Brian Turner's Show on 4/22/2003,29.976598639455784
3765,Rock,7,../data/local/processed_mel/003765.npy,921,Kinski,636,Live at WFMU on Brian Turner's Show on 4/22/2003,29.976598639455784
3766,Rock,7,../data/local/processed_mel/003766.npy,921,Kinski,636,Live at WFMU on Brian Turner's Show on 4/22/2003,29.976598639455784
3775,International,5,../data/local/processed_mel/003775.npy,932,La Troba Kung-Fu,940,Live at WFMU on Rob Weisberg's Show on 10/18/2008,29.976598639455784
3776,International,5,../data/local/processed_mel/003776.npy,932,La Troba Kung-Fu,940,Live at WFMU on Rob Weisberg's Show on 10/18/2008,30.002721088435376
3777,International,5,../data/local/processed_mel/003777.npy,932,La Troba Kung-Fu,940,Live at WFMU on Rob Weisberg's Show on 10/18/2008,29.976598639455784
3778,International,5,../data/local/processed_mel/003778.npy,932,La Troba Kung-Fu,940,Live at WFMU on Rob Weisberg's Show on 10/18/2008,29.976598639455784
3779,International,5,../data/local/processed_mel/003779.npy,932,La Troba Kung-Fu,940,Live at WFMU on Rob Weisberg's Show on 10/18/2008,29.976598639455784
3832,Folk,2,../data/local/processed_mel/003832.npy,1615,Lior,2040,Live at WFMU on Irene Trudel's show 10/27/2008,29.976598639455784
3833,Rock,7,../data/local/processed_mel/003833.npy,190,Lightning Bolt,572,Live at WFMU on Brian Turner's Show on 2/27/2001,29.976598639455784
3840,Rock,7,../data/local/processed_mel/003840.npy,190,Lightning Bolt,572,Live at WFMU on Brian Turner's Show on 2/27/2001,29.976598639455784
3880,Folk,2,../data/local/processed_mel/003880.npy,826,Mary Halvorson and Jessica Pavone,1242,Live at WFMU on Bethany's Show on 9/10/2006,29.976598639455784
3895,International,5,../data/local/processed_mel/003895.npy,1023,MetroFolk,907,MetroFolk Live at Barbes on Rob Weisberg's Show 5/17/2008,29.976598639455784
3896,International,5,../data/local/processed_mel/003896.npy,1023,MetroFolk,907,MetroFolk Live at Barbes on Rob Weisberg's Show 5/17/2008,29.976598639455784
3904,Folk,2,../data/local/processed_mel/003904.npy,559,Michael Chapman,1105,Live at WFMU on Hatch's Show on 12/12/2005,30.002721088435376
3905,Folk,2,../data/local/processed_mel/003905.npy,559,Michael Chapman,988,Live at WFMU on Irene Trudel's Show on 10/13/2008,29.976598639455784
3906,Folk,2,../data/local/processed_mel/003906.npy,559,Michael Chapman,988,Live at WFMU on Irene Trudel's Show on 10/13/2008,30.002721088435376
3908,Folk,2,../data/local/processed_mel/003908.npy,559,Michael Chapman,988,Live at WFMU on Irene Trudel's Show on 10/13/2008,29.976598639455784
3909,Folk,2,../data/local/processed_mel/003909.npy,559,Michael Chapman,988,Live at WFMU on Irene Trudel's Show on 10/13/2008,29.976598639455784
3910,Folk,2,../data/local/processed_mel/003910.npy,559,Michael Chapman,1105,Live at WFMU on Hatch's Show on 12/12/2005,29.976598639455784
3911,Folk,2,../data/local/processed_mel/003911.npy,559,Michael Chapman,988,Live at WFMU on Irene Trudel's Show on 10/13/2008,30.002721088435376
3912,Folk,2,../data/local/processed_mel/003912.npy,559,Michael Chapman,1105,Live at WFMU on Hatch's Show on 12/12/2005,29.976598639455784
3913,Folk,2,../data/local/processed_mel/003913.npy,559,Michael Chapman,1105,Live at WFMU on Hatch's Show on 12/12/2005,29.976598639455784
3920,Folk,2,../data/local/processed_mel/003920.npy,851,Michael Holt,781,Live at WFMU on Irene Trudel's Show on 9/10/2007,29.976598639455784
3921,Folk,2,../data/local/processed_mel/003921.npy,851,Michael Holt,781,Live at WFMU on Irene Trudel's Show on 9/10/2007,30.002721088435376
3950,Rock,7,../data/local/processed_mel/003950.npy,1037,Miss Derringer,2049,Live at WFMU of Joe Belock's Show 6/19/2008,30.002721088435376
4013,Folk,2,../data/local/processed_mel/004013.npy,1070,Nalle,882,Live at WFMU on Irene Trudel's Show on 3/31/2008,29.976598639455784
4017,Folk,2,../data/local/processed_mel/004017.npy,1070,Nalle,882,Live at WFMU on Irene Trudel's Show on 3/31/2008,29.976598639455784
4037,Folk,2,../data/local/processed_mel/004037.npy,1622,Neil Halstead,1834,Live at WFMU on Irene Trudel's Show 11/10/08,30.002721088435376
4066,Folk,2,../data/local/processed_mel/004066.npy,1374,Peter Walker,897,Live at WFMU on Irene Trudel's Show on 6/9/2008,29.976598639455784
4067,Folk,2,../data/local/processed_mel/004067.npy,1374,Peter Walker,897,Live at WFMU on Irene Trudel's Show on 6/9/2008,29.976598639455784
4068,Folk,2,../data/local/processed_mel/004068.npy,1374,Peter Walker,897,Live at WFMU on Irene Trudel's Show on 6/9/2008,30.002721088435376
4069,Folk,2,../data/local/processed_mel/004069.npy,1374,Peter Walker,897,Live at WFMU on Irene Trudel's Show on 6/9/2008,29.976598639455784
4070,International,5,../data/local/processed_mel/004070.npy,1134,Pistolera,2216,Pistolera Live at Barbes on Rob Weisberg's Show 5/17/2008,29.976598639455784
4071,International,5,../data/local/processed_mel/004071.npy,1134,Pistolera,2216,Pistolera Live at Barbes on Rob Weisberg's Show 5/17/2008,29.976598639455784
4072,International,5,../data/local/processed_mel/004072.npy,1134,Pistolera,2216,Pistolera Live at Barbes on Rob Weisberg's Show 5/17/2008,30.002721088435376
4073,International,5,../data/local/processed_mel/004073.npy,1134,Pistolera,2216,Pistolera Live at Barbes on Rob Weisberg's Show 5/17/2008,29.976598639455784
4074,International,5,../data/local/processed_mel/004074.npy,1134,Pistolera,2216,Pistolera Live at Barbes on Rob Weisberg's Show 5/17/2008,29.976598639455784
4075,International,5,../data/local/processed_mel/004075.npy,1134,Pistolera,2216,Pistolera Live at Barbes on Rob Weisberg's Show 5/17/2008,29.976598639455784
4076,International,5,../data/local/processed_mel/004076.npy,1134,Pistolera,2216,Pistolera Live at Barbes on Rob Weisberg's Show 5/17/2008,29.976598639455784
4077,International,5,../data/local/processed_mel/004077.npy,1134,Pistolera,2216,Pistolera Live at Barbes on Rob Weisberg's Show 5/17/2008,29.976598639455784
4078,International,5,../data/local/processed_mel/004078.npy,1134,Pistolera,2216,Pistolera Live at Barbes on Rob Weisberg's Show 5/17/2008,29.976598639455784
4079,International,5,../data/local/processed_mel/004079.npy,1134,Pistolera,2216,Pistolera Live at Barbes on Rob Weisberg's Show 5/17/2008,29.976598639455784
4080,International,5,../data/local/processed_mel/004080.npy,1134,Pistolera,2216,Pistolera Live at Barbes on Rob Weisberg's Show 5/17/2008,30.002721088435376
4091,International,5,../data/local/processed_mel/004091.npy,1140,Polka Madre,1678,Polka Madre Live at WFMU on Rob Weisberg's Show on 9/6/2008,30.002721088435376
4092,International,5,../data/local/processed_mel/004092.npy,1140,Polka Madre,1678,Polka Madre Live at WFMU on Rob Weisberg's Show on 9/6/2008,30.002721088435376
4093,International,5,../data/local/processed_mel/004093.npy,1140,Polka Madre,1678,Polka Madre Live at WFMU on Rob Weisberg's Show on 9/6/2008,30.002721088435376
4094,International,5,../data/local/processed_mel/004094.npy,1140,Polka Madre,1678,Polka Madre Live at WFMU on Rob Weisberg's Show on 9/6/2008,30.002721088435376
4095,International,5,../data/local/processed_mel/004095.npy,1140,Polka Madre,1678,Polka Madre Live at WFMU on Rob Weisberg's Show on 9/6/2008,30.002721088435376
4096,International,5,../data/local/processed_mel/004096.npy,1140,Polka Madre,1678,Polka Madre Live at WFMU on Rob Weisberg's Show on 9/6/2008,29.976598639455784
4097,International,5,../data/local/processed_mel/004097.npy,1140,Polka Madre,1678,Polka Madre Live at WFMU on Rob Weisberg's Show on 9/6/2008,29.976598639455784
4098,International,5,../data/local/processed_mel/004098.npy,1140,Polka Madre,1678,Polka Madre Live at WFMU on Rob Weisberg's Show on 9/6/2008,29.976598639455784
4099,International,5,../data/local/processed_mel/004099.npy,1140,Polka Madre,1678,Polka Madre Live at WFMU on Rob Weisberg's Show on 9/6/2008,29.976598639455784
4100,International,5,../data/local/processed_mel/004100.npy,1140,Polka Madre,1678,Polka Madre Live at WFMU on Rob Weisberg's Show on 9/6/2008,30.002721088435376
4101,International,5,../data/local/processed_mel/004101.npy,1140,Polka Madre,1678,Polka Madre Live at WFMU on Rob Weisberg's Show on 9/6/2008,29.976598639455784
4102,International,5,../data/local/processed_mel/004102.npy,1140,Polka Madre,1678,Polka Madre Live at WFMU on Rob Weisberg's Show on 9/6/2008,30.002721088435376
4103,International,5,../data/local/processed_mel/004103.npy,1140,Polka Madre,1678,Polka Madre Live at WFMU on Rob Weisberg's Show on 9/6/2008,29.976598639455784
4232,International,5,../data/local/processed_mel/004232.npy,1259,The Sounds of Taraab,760,Live at WFMU on Rob Weisberg's Show on 4/7/2007,30.002721088435376
4233,International,5,../data/local/processed_mel/004233.npy,1259,The Sounds of Taraab,760,Live at WFMU on Rob Weisberg's Show on 4/7/2007,30.002721088435376
4234,International,5,../data/local/processed_mel/004234.npy,1259,The Sounds of Taraab,760,Live at WFMU on Rob Weisberg's Show on 4/7/2007,29.976598639455784
4235,International,5,../data/local/processed_mel/004235.npy,1259,The Sounds of Taraab,760,Live at WFMU on Rob Weisberg's Show on 4/7/2007,30.002721088435376
4236,International,5,../data/local/processed_mel/004236.npy,1259,The Sounds of Taraab,760,Live at WFMU on Rob Weisberg's Show on 4/7/2007,30.002721088435376
4239,International,5,../data/local/processed_mel/004239.npy,1259,The Sounds of Taraab,760,Live at WFMU on Rob Weisberg's Show on 4/7/2007,29.976598639455784
4450,Folk,2,../data/local/processed_mel/004450.npy,1344,Twi the Humble Feather,986,Live at WFMU on Bethany Ryker's Show on 10/5/2008,29.976598639455784
4507,International,5,../data/local/processed_mel/004507.npy,1423,Yan Yalego,2042,Yan Yalego Live at Barbes on Rob Weisberg's Show 5/17/2008,30.002721088435376
4508,International,5,../data/local/processed_mel/004508.npy,1423,Yan Yalego,2042,Yan Yalego Live at Barbes on Rob Weisberg's Show 5/17/2008,30.002721088435376
4509,International,5,../data/local/processed_mel/004509.npy,1423,Yan Yalego,2042,Yan Yalego Live at Barbes on Rob Weisberg's Show 5/17/2008,30.002721088435376
4510,International,5,../data/local/processed_mel/004510.npy,1423,Yan Yalego,2042,Yan Yalego Live at Barbes on Rob Weisberg's Show 5/17/2008,29.976598639455784
4511,International,5,../data/local/processed_mel/004511.npy,1423,Yan Yalego,2042,Yan Yalego Live at Barbes on Rob Weisberg's Show 5/17/2008,30.002721088435376
4519,Electronic,0,../data/local/processed_mel/004519.npy,846,High Places,998,Live at WFMU on Marty McSorely's Show on 10/28/2008,29.976598639455784
4520,Electronic,0,../data/local/processed_mel/004520.npy,846,High Places,998,Live at WFMU on Marty McSorely's Show on 10/28/2008,30.002721088435376
4521,Electronic,0,../data/local/processed_mel/004521.npy,846,High Places,998,Live at WFMU on Marty McSorely's Show on 10/28/2008,30.002721088435376
4522,Electronic,0,../data/local/processed_mel/004522.npy,846,High Places,998,Live at WFMU on Marty McSorely's Show on 10/28/2008,29.976598639455784
4682,Hip-Hop,3,../data/local/processed_mel/004682.npy,618,Dälek,1131,Live at WFMU on Mike's Show on 9/25/2004,29.976598639455784
4684,Hip-Hop,3,../data/local/processed_mel/004684.npy,618,Dälek,1131,Live at WFMU on Mike's Show on 9/25/2004,30.002721088435376
4685,Hip-Hop,3,../data/local/processed_mel/004685.npy,618,Dälek,1131,Live at WFMU on Mike's Show on 9/25/2004,29.976598639455784
4688,Hip-Hop,3,../data/local/processed_mel/004688.npy,618,Dälek,1131,Live at WFMU on Mike's Show on 9/25/2004,30.002721088435376
4777,Rock,7,../data/local/processed_mel/004777.npy,823,Half Japanese,1671,"Half Japanese Live WFMU SXSW Showcase at Spiro's in Austin, TX on 3/14/2008",29.976598639455784
4778,Rock,7,../data/local/processed_mel/004778.npy,823,Half Japanese,1671,"Half Japanese Live WFMU SXSW Showcase at Spiro's in Austin, TX on 3/14/2008",30.002721088435376
4779,Rock,7,../data/local/processed_mel/004779.npy,823,Half Japanese,1671,"Half Japanese Live WFMU SXSW Showcase at Spiro's in Austin, TX on 3/14/2008",30.002721088435376
4780,Rock,7,../data/local/processed_mel/004780.npy,823,Half Japanese,1671,"Half Japanese Live WFMU SXSW Showcase at Spiro's in Austin, TX on 3/14/2008",29.976598639455784
4781,Rock,7,../data/local/processed_mel/004781.npy,823,Half Japanese,1671,"Half Japanese Live WFMU SXSW Showcase at Spiro's in Austin, TX on 3/14/2008",29.976598639455784
4782,Rock,7,../data/local/processed_mel/004782.npy,823,Half Japanese,1671,"Half Japanese Live WFMU SXSW Showcase at Spiro's in Austin, TX on 3/14/2008",30.002721088435376
4784,Rock,7,../data/local/processed_mel/004784.npy,823,Half Japanese,1671,"Half Japanese Live WFMU SXSW Showcase at Spiro's in Austin, TX on 3/14/2008",29.976598639455784
4785,Rock,7,../data/local/processed_mel/004785.npy,823,Half Japanese,1671,"Half Japanese Live WFMU SXSW Showcase at Spiro's in Austin, TX on 3/14/2008",30.002721088435376
4786,Rock,7,../data/local/processed_mel/004786.npy,823,Half Japanese,1671,"Half Japanese Live WFMU SXSW Showcase at Spiro's in Austin, TX on 3/14/2008",30.002721088435376
4787,Rock,7,../data/local/processed_mel/004787.npy,823,Half Japanese,1671,"Half Japanese Live WFMU SXSW Showcase at Spiro's in Austin, TX on 3/14/2008",30.002721088435376
4788,Rock,7,../data/local/processed_mel/004788.npy,823,Half Japanese,1671,"Half Japanese Live WFMU SXSW Showcase at Spiro's in Austin, TX on 3/14/2008",30.002721088435376
4799,Rock,7,../data/local/processed_mel/004799.npy,834,Harvey Milk,1674,"Harvey Milk Live WFMU SXSW Showcase at Spiro's in Austin, TX on 3/14/2008",30.002721088435376
4835,Rock,7,../data/local/processed_mel/004835.npy,1119,Peelander-Z,1433,Live at WFMU on The Cherry Blossom Clinic 6/21/2002,30.002721088435376
4836,Rock,7,../data/local/processed_mel/004836.npy,1119,Peelander-Z,1433,Live at WFMU on The Cherry Blossom Clinic 6/21/2002,30.002721088435376
4838,Rock,7,../data/local/processed_mel/004838.npy,1119,Peelander-Z,1433,Live at WFMU on The Cherry Blossom Clinic 6/21/2002,29.976598639455784
4846,International,5,../data/local/processed_mel/004846.npy,911,Mamak Khadem,985,Live at WFMU on Rob Weisberg's Show on 10/4/2008,29.976598639455784
4848,International,5,../data/local/processed_mel/004848.npy,911,Mamak Khadem,985,Live at WFMU on Rob Weisberg's Show on 10/4/2008,29.976598639455784
4849,International,5,../data/local/processed_mel/004849.npy,911,Mamak Khadem,985,Live at WFMU on Rob Weisberg's Show on 10/4/2008,29.976598639455784
5006,Rock,7,../data/local/processed_mel/005006.npy,1075,New Bomb Turks,626,Live at WFMU on Mike L's Show on 11/10/2002,30.002721088435376
5156,Folk,2,../data/local/processed_mel/005156.npy,1625,Peter Biedermann,1814,Live at WFMU 5/5/08 on Irene Trudel's show,29.976598639455784
5157,Folk,2,../data/local/processed_mel/005157.npy,1625,Peter Biedermann,1814,Live at WFMU 5/5/08 on Irene Trudel's show,30.002721088435376
5158,Folk,2,../data/local/processed_mel/005158.npy,1625,Peter Biedermann,1814,Live at WFMU 5/5/08 on Irene Trudel's show,29.976598639455784
5159,Folk,2,../data/local/processed_mel/005159.npy,1625,Peter Biedermann,1814,Live at WFMU 5/5/08 on Irene Trudel's show,30.002721088435376
5169,Folk,2,../data/local/processed_mel/005169.npy,1625,Peter Biedermann,1814,Live at WFMU 5/5/08 on Irene Trudel's show,30.002721088435376
5170,Folk,2,../data/local/processed_mel/005170.npy,1625,Peter Biedermann,1814,Live at WFMU 5/5/08 on Irene Trudel's show,30.002721088435376
5171,Folk,2,../data/local/processed_mel/005171.npy,1625,Peter Biedermann,1814,Live at WFMU 5/5/08 on Irene Trudel's show,30.002721088435376
5264,Hip-Hop,3,../data/local/processed_mel/005264.npy,618,Dälek,1132,Live at WFMU on Mike's Show on 7/11/2002,29.976598639455784
5268,Hip-Hop,3,../data/local/processed_mel/005268.npy,618,Dälek,1132,Live at WFMU on Mike's Show on 7/11/2002,29.976598639455784
5376,Folk,2,../data/local/processed_mel/005376.npy,826,Mary Halvorson and Jessica Pavone,1242,Live at WFMU on Bethany's Show on 9/10/2006,29.976598639455784
5381,Folk,2,../data/local/processed_mel/005381.npy,826,Mary Halvorson and Jessica Pavone,1242,Live at WFMU on Bethany's Show on 9/10/2006,30.002721088435376
5521,Experimental,1,../data/local/processed_mel/005521.npy,1764,The Apartment,1891,Three Forks,30.002721088435376
5879,Folk,2,../data/local/processed_mel/005879.npy,308,Bob Wiseman,1920,In Her Dream: Bob Wiseman Sings Wrench Tuttle,30.002721088435376
5936,Folk,2,../data/local/processed_mel/005936.npy,1796,Susanna,1940,Live at WFMU on The Modern World w/ Trouble 1/22/09,30.002721088435376
5940,Folk,2,../data/local/processed_mel/005940.npy,1797,Howard Fishman,1941,Live at WFMU on Irene Trudel's Show 12/8/08,30.002721088435376
6329,International,5,../data/local/processed_mel/006329.npy,1832,Sheqer,1980,Sheqer Live on WFMU from the 2009 Golden Festival in NYC,29.976598639455784
6330,International,5,../data/local/processed_mel/006330.npy,1259,The Sounds of Taraab,1981,Sounds of Taraab Live on WFMU from the 2009 Golden Festival in NYC,30.002721088435376
6332,International,5,../data/local/processed_mel/006332.npy,1835,Raya Brass Band,1983,Raya Brass Band Live on WFMU from the 2009 Golden Festival in NYC,29.976598639455784
6342,International,5,../data/local/processed_mel/006342.npy,1837,Zikrayat,1986,Zikrayat Live on WFMU from the 2009 Golden Festival in NYC,29.976598639455784
6354,International,5,../data/local/processed_mel/006354.npy,1259,The Sounds of Taraab,1981,Sounds of Taraab Live on WFMU from the 2009 Golden Festival in NYC,30.002721088435376
6357,International,5,../data/local/processed_mel/006357.npy,1835,Raya Brass Band,1983,Raya Brass Band Live on WFMU from the 2009 Golden Festival in NYC,30.002721088435376
6360,International,5,../data/local/processed_mel/006360.npy,1839,Orkestra Keyif,1989,Keyif Live on WFMU from the 2009 Golden Festival in NYC,29.976598639455784
6366,International,5,../data/local/processed_mel/006366.npy,1837,Zikrayat,1986,Zikrayat Live on WFMU from the 2009 Golden Festival in NYC,30.002721088435376
6367,International,5,../data/local/processed_mel/006367.npy,1259,The Sounds of Taraab,1981,Sounds of Taraab Live on WFMU from the 2009 Golden Festival in NYC,30.002721088435376
6370,International,5,../data/local/processed_mel/006370.npy,1835,Raya Brass Band,1983,Raya Brass Band Live on WFMU from the 2009 Golden Festival in NYC,30.002721088435376
6373,International,5,../data/local/processed_mel/006373.npy,1839,Orkestra Keyif,1989,Keyif Live on WFMU from the 2009 Golden Festival in NYC,30.002721088435376
6379,International,5,../data/local/processed_mel/006379.npy,1259,The Sounds of Taraab,1981,Sounds of Taraab Live on WFMU from the 2009 Golden Festival in NYC,29.976598639455784
6381,International,5,../data/local/processed_mel/006381.npy,1835,Raya Brass Band,1983,Raya Brass Band Live on WFMU from the 2009 Golden Festival in NYC,29.976598639455784
6382,International,5,../data/local/processed_mel/006382.npy,1832,Sheqer,1980,Sheqer Live on WFMU from the 2009 Golden Festival in NYC,30.002721088435376
6383,International,5,../data/local/processed_mel/006383.npy,1839,Orkestra Keyif,1989,Keyif Live on WFMU from the 2009 Golden Festival in NYC,30.002721088435376
6387,International,5,../data/local/processed_mel/006387.npy,1835,Raya Brass Band,1983,Raya Brass Band Live on WFMU from the 2009 Golden Festival in NYC,29.976598639455784
6389,International,5,../data/local/processed_mel/006389.npy,1259,The Sounds of Taraab,1981,Sounds of Taraab Live on WFMU from the 2009 Golden Festival in NYC,29.976598639455784
6393,International,5,../data/local/processed_mel/006393.npy,1837,Zikrayat,1986,Zikrayat Live on WFMU from the 2009 Golden Festival in NYC,29.976598639455784
6394,International,5,../data/local/processed_mel/006394.npy,1832,Sheqer,1980,Sheqer Live on WFMU from the 2009 Golden Festival in NYC,30.002721088435376
6396,International,5,../data/local/processed_mel/006396.npy,1832,Sheqer,1980,Sheqer Live on WFMU from the 2009 Golden Festival in NYC,30.002721088435376
6406,Folk,2,../data/local/processed_mel/006406.npy,1061,MV + EE,1991,Live at WFMU on Trouble's show 2/19/2009,30.002721088435376
6407,Folk,2,../data/local/processed_mel/006407.npy,1061,MV + EE,1991,Live at WFMU on Trouble's show 2/19/2009,30.002721088435376
6439,Hip-Hop,3,../data/local/processed_mel/006439.npy,706,EPMD,1996,Live at ATP 2008,30.002721088435376
6440,Hip-Hop,3,../data/local/processed_mel/006440.npy,706,EPMD,1996,Live at ATP 2008,29.976598639455784
6442,Hip-Hop,3,../data/local/processed_mel/006442.npy,706,EPMD,1996,Live at ATP 2008,29.976598639455784
6443,Hip-Hop,3,../data/local/processed_mel/006443.npy,706,EPMD,1996,Live at ATP 2008,30.002721088435376
6448,Hip-Hop,3,../data/local/processed_mel/006448.npy,706,EPMD,1996,Live at ATP 2008,30.002721088435376
6459,International,5,../data/local/processed_mel/006459.npy,1837,Zikrayat,1986,Zikrayat Live on WFMU from the 2009 Golden Festival in NYC,30.002721088435376
6469,International,5,../data/local/processed_mel/006469.npy,1839,Orkestra Keyif,1989,Keyif Live on WFMU from the 2009 Golden Festival in NYC,29.976598639455784
6517,Rock,7,../data/local/processed_mel/006517.npy,1844,Sakura Madams,2002,Live at WFMU on Keili's Show 11/28/08,29.988979591836735
6519,Rock,7,../data/local/processed_mel/006519.npy,1844,Sakura Madams,2002,Live at WFMU on Keili's Show 11/28/08,29.988979591836735
6603,Hip-Hop,3,../data/local/processed_mel/006603.npy,1882,Height With Friends,2011,Live at WFMU on Keili's Show 1/25/09,29.976598639455784
6605,Hip-Hop,3,../data/local/processed_mel/006605.npy,1882,Height With Friends,2011,Live at WFMU on Keili's Show 1/25/09,30.002721088435376
6606,Hip-Hop,3,../data/local/processed_mel/006606.npy,1882,Height With Friends,2011,Live at WFMU on Keili's Show 1/25/09,29.976598639455784
6607,Hip-Hop,3,../data/local/processed_mel/006607.npy,1882,Height With Friends,2011,Live at WFMU on Keili's Show 1/25/09,29.976598639455784
6608,Hip-Hop,3,../data/local/processed_mel/006608.npy,1882,Height With Friends,2011,Live at WFMU on Keili's Show 1/25/09,30.002721088435376
6609,Hip-Hop,3,../data/local/processed_mel/006609.npy,1882,Height With Friends,2011,Live at WFMU on Keili's Show 1/25/09,30.002721088435376
6610,Hip-Hop,3,../data/local/processed_mel/006610.npy,1882,Height With Friends,2011,Live at WFMU on Keili's Show 1/25/09,30.002721088435376
6611,Hip-Hop,3,../data/local/processed_mel/006611.npy,1882,Height With Friends,2011,Live at WFMU on Keili's Show 1/25/09,30.002721088435376
6674,Experimental,1,../data/local/processed_mel/006674.npy,1771,Jarrod Fowler,1883,'Percussion' As Percussion,29.976598639455784
6675,Experimental,1,../data/local/processed_mel/006675.npy,1771,Jarrod Fowler,1883,'Percussion' As Percussion,29.976598639455784
6677,Experimental,1,../data/local/processed_mel/006677.npy,1771,Jarrod Fowler,1883,'Percussion' As Percussion,30.002721088435376
6679,Experimental,1,../data/local/processed_mel/006679.npy,1771,Jarrod Fowler,1883,'Percussion' As Percussion,30.002721088435376
6680,Experimental,1,../data/local/processed_mel/006680.npy,1771,Jarrod Fowler,1883,'Percussion' As Percussion,30.002721088435376
6684,Experimental,1,../data/local/processed_mel/006684.npy,1771,Jarrod Fowler,1883,'Percussion' As Percussion,30.002721088435376
6776,Rock,7,../data/local/processed_mel/006776.npy,889,Japanische Kampfhorspiele,2032,Live at WFMU on Airborne Event 6/8/2008,29.976598639455784
6778,Rock,7,../data/local/processed_mel/006778.npy,889,Japanische Kampfhorspiele,2032,Live at WFMU on Airborne Event 6/8/2008,30.002721088435376
6788,Rock,7,../data/local/processed_mel/006788.npy,1119,Peelander-Z,1433,Live at WFMU on The Cherry Blossom Clinic 6/21/2002,29.976598639455784
6802,International,5,../data/local/processed_mel/006802.npy,1729,Watcha Clan,1852,Live at WFMU on Transpacific Sound Paradise 1/10/2009,29.976598639455784
6803,International,5,../data/local/processed_mel/006803.npy,1729,Watcha Clan,1852,Live at WFMU on Transpacific Sound Paradise 1/10/2009,29.976598639455784
6854,Folk,2,../data/local/processed_mel/006854.npy,1615,Lior,2040,Live at WFMU on Irene Trudel's show 10/27/2008,30.002721088435376
6855,Folk,2,../data/local/processed_mel/006855.npy,1615,Lior,2040,Live at WFMU on Irene Trudel's show 10/27/2008,29.976598639455784
6856,Folk,2,../data/local/processed_mel/006856.npy,1615,Lior,2040,Live at WFMU on Irene Trudel's show 10/27/2008,30.002721088435376
6857,Folk,2,../data/local/processed_mel/006857.npy,16207,MV + EE and Willie Lane,2041,Live at WFMU on Dan Bodah's Show 8/17/2008,29.976598639455784
7481,Hip-Hop,3,../data/local/processed_mel/007481.npy,1953,BrokeMC,2095,Seeing Things,29.976598639455784
7482,Hip-Hop,3,../data/local/processed_mel/007482.npy,1953,BrokeMC,2095,Seeing Things,30.002721088435376
7483,Hip-Hop,3,../data/local/processed_mel/007483.npy,1953,BrokeMC,2095,Seeing Things,30.002721088435376
7487,Hip-Hop,3,../data/local/processed_mel/007487.npy,1953,BrokeMC,2095,Seeing Things,29.976598639455784
7488,Hip-Hop,3,../data/local/processed_mel/007488.npy,1953,BrokeMC,2095,Seeing Things,29.976598639455784
7489,Hip-Hop,3,../data/local/processed_mel/007489.npy,1953,BrokeMC,2095,Seeing Things,29.976598639455784
7490,Hip-Hop,3,../data/local/processed_mel/007490.npy,1953,BrokeMC,2095,Seeing Things,29.976598639455784
7491,Hip-Hop,3,../data/local/processed_mel/007491.npy,1953,BrokeMC,2095,Seeing Things,30.002721088435376
7492,Hip-Hop,3,../data/local/processed_mel/007492.npy,1953,BrokeMC,2095,Seeing Things,29.976598639455784
7495,Rock,7,../data/local/processed_mel/007495.npy,853,Homosexuals,2096,"Live at WFMU's SXSW Showcase at Spiro's in Austin, TX on 3/14/2008",29.976598639455784
7526,Pop,6,../data/local/processed_mel/007526.npy,1939,Monk Turner,2097,Love Story,29.976598639455784
7527,Pop,6,../data/local/processed_mel/007527.npy,1939,Monk Turner,2097,Love Story,29.976598639455784
7528,Pop,6,../data/local/processed_mel/007528.npy,1939,Monk Turner,2097,Love Story,30.002721088435376
7529,Pop,6,../data/local/processed_mel/007529.npy,1939,Monk Turner,2097,Love Story,29.976598639455784
7548,Experimental,1,../data/local/processed_mel/007548.npy,1433,Z'EV,2101,Symphony #2: Elementalities,29.976598639455784
7554,Experimental,1,../data/local/processed_mel/007554.npy,1433,Z'EV,2101,Symphony #2: Elementalities,30.002721088435376
7709,Folk,2,../data/local/processed_mel/007709.npy,1331,Mia Doi Todd,2106,Live at WFMU on Trouble's Show on 3/03/2005,29.976598639455784
7710,Folk,2,../data/local/processed_mel/007710.npy,1331,Mia Doi Todd,2106,Live at WFMU on Trouble's Show on 3/03/2005,30.002721088435376
7711,Folk,2,../data/local/processed_mel/007711.npy,1331,Mia Doi Todd,2106,Live at WFMU on Trouble's Show on 3/03/2005,29.976598639455784
7712,Folk,2,../data/local/processed_mel/007712.npy,1331,Mia Doi Todd,2106,Live at WFMU on Trouble's Show on 3/03/2005,30.002721088435376
7713,Folk,2,../data/local/processed_mel/007713.npy,1331,Mia Doi Todd,2106,Live at WFMU on Trouble's Show on 3/03/2005,30.002721088435376
7872,Rock,7,../data/local/processed_mel/007872.npy,1710,Boss Hog,2129,Live at WFMU on the Cherry Blossom Clinic 12/20/2008,29.976598639455784
8056,Rock,7,../data/local/processed_mel/008056.npy,651,The Dirtbombs,644,Live at WFMU on The Cherry Blossom Clinic on 10/25/2003,30.002721088435376
8208,Rock,7,../data/local/processed_mel/008208.npy,2252,Alan Vega & Oneida,2156,"Live at WFMU's Free Music Series, Southpaw 10/13/2007",30.002721088435376
8256,Folk,2,../data/local/processed_mel/008256.npy,698,Curtis Eller,2162,Live at WFMU on Irene Trudel's show 7/28/08,30.002721088435376
8259,Folk,2,../data/local/processed_mel/008259.npy,698,Curtis Eller,2162,Live at WFMU on Irene Trudel's show 7/28/08,30.002721088435376
8261,Folk,2,../data/local/processed_mel/008261.npy,698,Curtis Eller,2162,Live at WFMU on Irene Trudel's show 7/28/08,30.002721088435376
8345,Experimental,1,../data/local/processed_mel/008345.npy,39,Walter,2169,Free Matter for the Blind Volume 3: Real Horrible,29.976598639455784
8357,Experimental,1,../data/local/processed_mel/008357.npy,2,Free Matter for the Blind,2176,Free Matter for the Blind Volume 4: Foreigner,29.976598639455784
8363,Experimental,1,../data/local/processed_mel/008363.npy,2,Free Matter for the Blind,2176,Free Matter for the Blind Volume 4: Foreigner,30.002721088435376
8372,Experimental,1,../data/local/processed_mel/008372.npy,120,Dirty White Boy,2176,Free Matter for the Blind Volume 4: Foreigner,30.002721088435376
8416,Experimental,1,../data/local/processed_mel/008416.npy,50,Taal,2181,Free Matter for the Blind Volume 5: FILE Under L.O.V.E.,29.976598639455784
9152,Experimental,1,../data/local/processed_mel/009152.npy,2247,dj smallcock,2332,Yinyue,30.002721088435376
9307,Experimental,1,../data/local/processed_mel/009307.npy,2214,Kitty Kadoogal,2311,Confuse Red With Survival,30.002721088435376
9476,Experimental,1,../data/local/processed_mel/009476.npy,2243,A Kombi,2331,Music to Drive By,29.976598639455784
9477,Experimental,1,../data/local/processed_mel/009477.npy,2240,Justice Yeldham,2279,Cicatrix,29.976598639455784
9491,Rock,7,../data/local/processed_mel/009491.npy,2249,Toxic Lipstick,2336,Poopin,30.002721088435376
9505,Experimental,1,../data/local/processed_mel/009505.npy,2240,Justice Yeldham,2279,Cicatrix,29.976598639455784
9511,Rock,7,../data/local/processed_mel/009511.npy,1222,Sic Alps,2341,Description Of The Harbor,29.976598639455784
9512,International,5,../data/local/processed_mel/009512.npy,2254,Getatchew Mekuria &amp; The Ex &amp; Guests,2342,Moa Anbessa,29.976598639455784
9513,Rock,7,../data/local/processed_mel/009513.npy,1097,Old Time Relijun,2343,"Live at Southpaw, Brooklyn for WFMU's Free Music Series Oct 13, 2007",30.002721088435376
9678,Experimental,1,../data/local/processed_mel/009678.npy,2268,Volvox,2389,"Egg, Pluto Pup & You",30.002721088435376
9721,Experimental,1,../data/local/processed_mel/009721.npy,2240,Justice Yeldham,2413,Justice Yeldham & the Drummer Who Wishes to Remain Namesless,30.002721088435376
9846,Experimental,1,../data/local/processed_mel/009846.npy,2308,Mattin,2423,Proletarian of Noise,30.002721088435376
9887,Folk,2,../data/local/processed_mel/009887.npy,2312,Meg Baird,2432,James Blackshaw & Meg Baird - Live At ISSUE Project Room 3/7/09,29.988979591836735
9888,Folk,2,../data/local/processed_mel/009888.npy,2313,James Blackshaw,2432,James Blackshaw & Meg Baird - Live At ISSUE Project Room 3/7/09,29.976598639455784
9918,Experimental,1,../data/local/processed_mel/009918.npy,1232,Sissy Spacek,2457,French Record,29.976598639455784
9962,Rock,7,../data/local/processed_mel/009962.npy,15690,Avec Noir,2462,Avec Noir,29.988979591836735
10186,International,5,../data/local/processed_mel/010186.npy,2419,Dubyouth Soundsystem,2515,Music Beyond No Borders Vol. 1,29.976598639455784
10192,Hip-Hop,3,../data/local/processed_mel/010192.npy,2430,The Professional Savage,2517,RIP Syringe Stick Up Mama,29.976598639455784
10374,Experimental,1,../data/local/processed_mel/010374.npy,2491,Sodadosa,2545,Murmuring Chaos,29.976598639455784
10375,Experimental,1,../data/local/processed_mel/010375.npy,2491,Sodadosa,2545,Murmuring Chaos,29.976598639455784
10376,Experimental,1,../data/local/processed_mel/010376.npy,2491,Sodadosa,2545,Murmuring Chaos,29.976598639455784
10377,Experimental,1,../data/local/processed_mel/010377.npy,2491,Sodadosa,2545,Murmuring Chaos,29.976598639455784
10435,Experimental,1,../data/local/processed_mel/010435.npy,2532,Funky Terrorist,2581,Volume II,29.976598639455784
10458,Folk,2,../data/local/processed_mel/010458.npy,2492,Uke of Spaces Corners,2584,A Streams Area or: Watershed,30.002721088435376
10521,Experimental,1,../data/local/processed_mel/010521.npy,2572,Sabrina,2609,Volume I,29.976598639455784
10527,Experimental,1,../data/local/processed_mel/010527.npy,2532,Funky Terrorist,2609,Volume I,30.002721088435376
10535,Experimental,1,../data/local/processed_mel/010535.npy,2580,Scratch My Nose,2609,Volume I,29.976598639455784
10541,Experimental,1,../data/local/processed_mel/010541.npy,2583,Sports bra,2609,Volume I,29.976598639455784
10575,Folk,2,../data/local/processed_mel/010575.npy,2339,Bobb Trimble,2543,Harvest of Dreams,30.002721088435376
10577,Folk,2,../data/local/processed_mel/010577.npy,2339,Bobb Trimble,2544,Iron Curtain Innocence,30.002721088435376
10668,Rock,7,../data/local/processed_mel/010668.npy,2630,Nine Inch Nails,2640,The Slip,29.976598639455784
10669,Rock,7,../data/local/processed_mel/010669.npy,2630,Nine Inch Nails,2640,The Slip,30.002721088435376
10670,Rock,7,../data/local/processed_mel/010670.npy,2630,Nine Inch Nails,2640,The Slip,30.002721088435376
10671,Rock,7,../data/local/processed_mel/010671.npy,2630,Nine Inch Nails,2640,The Slip,29.976598639455784
10672,Rock,7,../data/local/processed_mel/010672.npy,2630,Nine Inch Nails,2640,The Slip,30.002721088435376
10673,Rock,7,../data/local/processed_mel/010673.npy,2630,Nine Inch Nails,2640,The Slip,29.976598639455784
10674,Rock,7,../data/local/processed_mel/010674.npy,2630,Nine Inch Nails,2640,The Slip,30.002721088435376
10675,Rock,7,../data/local/processed_mel/010675.npy,2630,Nine Inch Nails,2640,The Slip,29.976598639455784
10676,Rock,7,../data/local/processed_mel/010676.npy,2630,Nine Inch Nails,2640,The Slip,29.976598639455784
10677,Rock,7,../data/local/processed_mel/010677.npy,2630,Nine Inch Nails,2640,The Slip,30.002721088435376
10693,Hip-Hop,3,../data/local/processed_mel/010693.npy,2631,BOPD,2645,2005 Stayin Alive InstruMentals,29.976598639455784
10694,Hip-Hop,3,../data/local/processed_mel/010694.npy,2631,BOPD,2645,2005 Stayin Alive InstruMentals,30.002721088435376
10695,Hip-Hop,3,../data/local/processed_mel/010695.npy,2631,BOPD,2645,2005 Stayin Alive InstruMentals,29.976598639455784
10696,Hip-Hop,3,../data/local/processed_mel/010696.npy,2631,BOPD,2645,2005 Stayin Alive InstruMentals,30.002721088435376
10697,Hip-Hop,3,../data/local/processed_mel/010697.npy,2631,BOPD,2645,2005 Stayin Alive InstruMentals,30.002721088435376
10698,Hip-Hop,3,../data/local/processed_mel/010698.npy,2631,BOPD,2645,2005 Stayin Alive InstruMentals,30.002721088435376
10699,Hip-Hop,3,../data/local/processed_mel/010699.npy,2631,BOPD,2645,2005 Stayin Alive InstruMentals,30.002721088435376
10805,Pop,6,../data/local/processed_mel/010805.npy,2735,Lesbian Afternoon,2667,Super Nude EP,29.976598639455784
10806,Pop,6,../data/local/processed_mel/010806.npy,2735,Lesbian Afternoon,2667,Super Nude EP,30.002721088435376
10807,Pop,6,../data/local/processed_mel/010807.npy,2735,Lesbian Afternoon,2667,Super Nude EP,30.002721088435376
10808,Pop,6,../data/local/processed_mel/010808.npy,2735,Lesbian Afternoon,2667,Super Nude EP,29.976598639455784
10809,Pop,6,../data/local/processed_mel/010809.npy,2735,Lesbian Afternoon,2667,Super Nude EP,30.002721088435376
10810,Pop,6,../data/local/processed_mel/010810.npy,2735,Lesbian Afternoon,2667,Super Nude EP,30.002721088435376
10983,Experimental,1,../data/local/processed_mel/010983.npy,2240,Justice Yeldham,2413,Justice Yeldham & the Drummer Who Wishes to Remain Namesless,30.002721088435376
11198,Pop,6,../data/local/processed_mel/011198.npy,2879,Black Band Coal Company,2749,netBloc Vol. 20: music to accompany the world traveller,30.002721088435376
11199,Pop,6,../data/local/processed_mel/011199.npy,2880,The Sleeping Tree,2749,netBloc Vol. 20: music to accompany the world traveller,29.976598639455784
11206,Electronic,0,../data/local/processed_mel/011206.npy,2888,Music Komite,2749,netBloc Vol. 20: music to accompany the world traveller,30.002721088435376
11234,Experimental,1,../data/local/processed_mel/011234.npy,2240,Justice Yeldham,2756,Live in Beirut,29.976598639455784
11237,Experimental,1,../data/local/processed_mel/011237.npy,2240,Justice Yeldham,2758,Live in Germany,30.002721088435376
11239,Experimental,1,../data/local/processed_mel/011239.npy,2240,Justice Yeldham,2759,Live in School,29.976598639455784
11242,Experimental,1,../data/local/processed_mel/011242.npy,2240,Justice Yeldham,2760,Live in Seoul,30.002721088435376
11261,Pop,6,../data/local/processed_mel/011261.npy,2904,Mira Cook,2768,Live at WFMU on Billy Jam's show 4/10/2009,29.976598639455784
11262,Electronic,0,../data/local/processed_mel/011262.npy,2906,Cornelius,2769,The WIRED CD: Rip. Sample. Mash. Share.,29.976598639455784
11264,Rock,7,../data/local/processed_mel/011264.npy,2908,David Byrne,2769,The WIRED CD: Rip. Sample. Mash. Share.,29.976598639455784
11268,Rock,7,../data/local/processed_mel/011268.npy,2912,Le Tigre,2769,The WIRED CD: Rip. Sample. Mash. Share.,29.976598639455784
11298,Hip-Hop,3,../data/local/processed_mel/011298.npy,2919,Beastie Boys,2769,The WIRED CD: Rip. Sample. Mash. Share.,29.976598639455784
11299,Hip-Hop,3,../data/local/processed_mel/011299.npy,2920,Chuck D,2769,The WIRED CD: Rip. Sample. Mash. Share.,29.976598639455784
11306,Rock,7,../data/local/processed_mel/011306.npy,2343,Abunai!,2476,Universal Mind Decoder,30.002721088435376
11333,Experimental,1,../data/local/processed_mel/011333.npy,1048,Gen Ken Montgomery,2778,Live at WFMU on The Open Door with Richard 2/11/82,30.002721088435376
11334,Experimental,1,../data/local/processed_mel/011334.npy,1048,Gen Ken Montgomery,2778,Live at WFMU on The Open Door with Richard 2/11/82,29.976598639455784
11544,Experimental,1,../data/local/processed_mel/011544.npy,2368,The Lost Demension,2772,Message From Space!,30.002721088435376
11638,Instrumental,4,../data/local/processed_mel/011638.npy,3019,Embarker,2853,Dis-adelphia,29.976598639455784
11671,International,5,../data/local/processed_mel/011671.npy,2795,Cordero,2870,Live at WFMU on Transpacific Sound Paradise 4/4/2009,29.976598639455784
11672,International,5,../data/local/processed_mel/011672.npy,2795,Cordero,2870,Live at WFMU on Transpacific Sound Paradise 4/4/2009,29.976598639455784
11673,International,5,../data/local/processed_mel/011673.npy,2795,Cordero,2870,Live at WFMU on Transpacific Sound Paradise 4/4/2009,30.002721088435376
11674,International,5,../data/local/processed_mel/011674.npy,2795,Cordero,2870,Live at WFMU on Transpacific Sound Paradise 4/4/2009,29.976598639455784
11675,International,5,../data/local/processed_mel/011675.npy,2795,Cordero,2870,Live at WFMU on Transpacific Sound Paradise 4/4/2009,29.976598639455784
11677,International,5,../data/local/processed_mel/011677.npy,2795,Cordero,2870,Live at WFMU on Transpacific Sound Paradise 4/4/2009,30.002721088435376
11679,International,5,../data/local/processed_mel/011679.npy,2795,Cordero,2870,Live at WFMU on Transpacific Sound Paradise 4/4/2009,30.002721088435376
11681,International,5,../data/local/processed_mel/011681.npy,2795,Cordero,2870,Live at WFMU on Transpacific Sound Paradise 4/4/2009,30.002721088435376
11682,International,5,../data/local/processed_mel/011682.npy,2795,Cordero,2870,Live at WFMU on Transpacific Sound Paradise 4/4/2009,29.976598639455784
11683,International,5,../data/local/processed_mel/011683.npy,2795,Cordero,2870,Live at WFMU on Transpacific Sound Paradise 4/4/2009,29.976598639455784
11763,Hip-Hop,3,../data/local/processed_mel/011763.npy,3089,6th Sense,2898,It's A 6th Sense Beat Yo!!,29.976598639455784
11764,Hip-Hop,3,../data/local/processed_mel/011764.npy,3089,6th Sense,2898,It's A 6th Sense Beat Yo!!,29.976598639455784
11765,Hip-Hop,3,../data/local/processed_mel/011765.npy,3089,6th Sense,2898,It's A 6th Sense Beat Yo!!,29.976598639455784
11766,Hip-Hop,3,../data/local/processed_mel/011766.npy,3089,6th Sense,2898,It's A 6th Sense Beat Yo!!,29.976598639455784
11767,Hip-Hop,3,../data/local/processed_mel/011767.npy,3089,6th Sense,2898,It's A 6th Sense Beat Yo!!,29.976598639455784
11768,Hip-Hop,3,../data/local/processed_mel/011768.npy,3089,6th Sense,2898,It's A 6th Sense Beat Yo!!,29.976598639455784
11769,Hip-Hop,3,../data/local/processed_mel/011769.npy,3089,6th Sense,2898,It's A 6th Sense Beat Yo!!,29.976598639455784
11770,Hip-Hop,3,../data/local/processed_mel/011770.npy,3089,6th Sense,2898,It's A 6th Sense Beat Yo!!,29.976598639455784
11771,Hip-Hop,3,../data/local/processed_mel/011771.npy,3089,6th Sense,2898,It's A 6th Sense Beat Yo!!,30.002721088435376
11772,Hip-Hop,3,../data/local/processed_mel/011772.npy,3089,6th Sense,2898,It's A 6th Sense Beat Yo!!,29.976598639455784
11773,Hip-Hop,3,../data/local/processed_mel/011773.npy,3089,6th Sense,2898,It's A 6th Sense Beat Yo!!,29.976598639455784
11774,Hip-Hop,3,../data/local/processed_mel/011774.npy,3089,6th Sense,2898,It's A 6th Sense Beat Yo!!,30.002721088435376
11775,Hip-Hop,3,../data/local/processed_mel/011775.npy,3089,6th Sense,2898,It's A 6th Sense Beat Yo!!,30.002721088435376
11776,Hip-Hop,3,../data/local/processed_mel/011776.npy,3089,6th Sense,2898,It's A 6th Sense Beat Yo!!,30.002721088435376
11777,Hip-Hop,3,../data/local/processed_mel/011777.npy,3089,6th Sense,2898,It's A 6th Sense Beat Yo!!,29.976598639455784
11778,Hip-Hop,3,../data/local/processed_mel/011778.npy,3089,6th Sense,2898,It's A 6th Sense Beat Yo!!,30.002721088435376
11779,Hip-Hop,3,../data/local/processed_mel/011779.npy,3089,6th Sense,2898,It's A 6th Sense Beat Yo!!,29.976598639455784
11780,Hip-Hop,3,../data/local/processed_mel/011780.npy,3089,6th Sense,2898,It's A 6th Sense Beat Yo!!,29.976598639455784
11781,Hip-Hop,3,../data/local/processed_mel/011781.npy,3089,6th Sense,2898,It's A 6th Sense Beat Yo!!,29.976598639455784
11782,Hip-Hop,3,../data/local/processed_mel/011782.npy,3089,6th Sense,2898,It's A 6th Sense Beat Yo!!,29.976598639455784
11783,Hip-Hop,3,../data/local/processed_mel/011783.npy,3089,6th Sense,2898,It's A 6th Sense Beat Yo!!,30.002721088435376
11784,Hip-Hop,3,../data/local/processed_mel/011784.npy,3089,6th Sense,2898,It's A 6th Sense Beat Yo!!,29.976598639455784
11785,Hip-Hop,3,../data/local/processed_mel/011785.npy,3089,6th Sense,2898,It's A 6th Sense Beat Yo!!,30.002721088435376
11786,Hip-Hop,3,../data/local/processed_mel/011786.npy,3089,6th Sense,2898,It's A 6th Sense Beat Yo!!,29.976598639455784
11787,Hip-Hop,3,../data/local/processed_mel/011787.npy,3089,6th Sense,2898,It's A 6th Sense Beat Yo!!,30.002721088435376
11788,Hip-Hop,3,../data/local/processed_mel/011788.npy,3089,6th Sense,2898,It's A 6th Sense Beat Yo!!,30.002721088435376
11789,Hip-Hop,3,../data/local/processed_mel/011789.npy,3089,6th Sense,2898,It's A 6th Sense Beat Yo!!,29.976598639455784
11790,Hip-Hop,3,../data/local/processed_mel/011790.npy,3089,6th Sense,2898,It's A 6th Sense Beat Yo!!,30.002721088435376
11791,Hip-Hop,3,../data/local/processed_mel/011791.npy,3089,6th Sense,2898,It's A 6th Sense Beat Yo!!,30.002721088435376
11792,Hip-Hop,3,../data/local/processed_mel/011792.npy,3089,6th Sense,2898,It's A 6th Sense Beat Yo!!,30.002721088435376
11793,Hip-Hop,3,../data/local/processed_mel/011793.npy,3089,6th Sense,2898,It's A 6th Sense Beat Yo!!,30.002721088435376
11794,Hip-Hop,3,../data/local/processed_mel/011794.npy,3089,6th Sense,2898,It's A 6th Sense Beat Yo!!,30.002721088435376
11795,Hip-Hop,3,../data/local/processed_mel/011795.npy,3089,6th Sense,2898,It's A 6th Sense Beat Yo!!,30.002721088435376
11818,Hip-Hop,3,../data/local/processed_mel/011818.npy,3093,It's Notherground Music!!,2899,It's Notherground Music!!,29.976598639455784
11839,Hip-Hop,3,../data/local/processed_mel/011839.npy,3094,6th Sense &amp; Mick Boogie,2900,Go For It,29.976598639455784
11861,Hip-Hop,3,../data/local/processed_mel/011861.npy,3094,6th Sense &amp; Mick Boogie,2901,Just Do It: A Mixtape Ode To Nike,29.976598639455784
11862,Hip-Hop,3,../data/local/processed_mel/011862.npy,3094,6th Sense &amp; Mick Boogie,2901,Just Do It: A Mixtape Ode To Nike,29.976598639455784
11867,Hip-Hop,3,../data/local/processed_mel/011867.npy,3094,6th Sense &amp; Mick Boogie,2901,Just Do It: A Mixtape Ode To Nike,29.976598639455784
11868,Hip-Hop,3,../data/local/processed_mel/011868.npy,3094,6th Sense &amp; Mick Boogie,2901,Just Do It: A Mixtape Ode To Nike,29.976598639455784
11916,Hip-Hop,3,../data/local/processed_mel/011916.npy,3070,WatFatMan,2905,COMEDIE HUMAINE,29.976598639455784
11917,Hip-Hop,3,../data/local/processed_mel/011917.npy,3070,WatFatMan,2905,COMEDIE HUMAINE,29.976598639455784
11918,Hip-Hop,3,../data/local/processed_mel/011918.npy,3070,WatFatMan,2905,COMEDIE HUMAINE,30.002721088435376
11919,Hip-Hop,3,../data/local/processed_mel/011919.npy,3070,WatFatMan,2905,COMEDIE HUMAINE,30.002721088435376
11920,Hip-Hop,3,../data/local/processed_mel/011920.npy,3070,WatFatMan,2905,COMEDIE HUMAINE,29.976598639455784
11921,Hip-Hop,3,../data/local/processed_mel/011921.npy,3070,WatFatMan,2905,COMEDIE HUMAINE,30.002721088435376
11922,Hip-Hop,3,../data/local/processed_mel/011922.npy,3070,WatFatMan,2905,COMEDIE HUMAINE,30.002721088435376
11933,Rock,7,../data/local/processed_mel/011933.npy,3131,Isolated Atoms,2906,netBloc Vol. 21: opening your ears with jamendo,30.002721088435376
11937,Pop,6,../data/local/processed_mel/011937.npy,3135,DavidBowman,2906,netBloc Vol. 21: opening your ears with jamendo,29.976598639455784
11942,Electronic,0,../data/local/processed_mel/011942.npy,3140,Stouffi The Stouves,2906,netBloc Vol. 21: opening your ears with jamendo,29.976598639455784
11946,Experimental,1,../data/local/processed_mel/011946.npy,2181,vosotros,2910,vosotros presents: ¡ YES WE PUEDE !,29.976598639455784
11947,Experimental,1,../data/local/processed_mel/011947.npy,3151,Dream Kids,2910,vosotros presents: ¡ YES WE PUEDE !,29.988979591836735
11951,Experimental,1,../data/local/processed_mel/011951.npy,3149,Obi Best,2910,vosotros presents: ¡ YES WE PUEDE !,29.976598639455784
12109,International,5,../data/local/processed_mel/012109.npy,3186,Preggy Peggy &amp; The Lazy Babymakers,2938,Gang Rape of a Short-Bus Rider,29.976598639455784
12146,Pop,6,../data/local/processed_mel/012146.npy,3200,The Slants,2958,"Slanted Eyes, Slanted Hearts",30.002721088435376
12147,Pop,6,../data/local/processed_mel/012147.npy,3200,The Slants,2958,"Slanted Eyes, Slanted Hearts",30.002721088435376
12173,Hip-Hop,3,../data/local/processed_mel/012173.npy,3216,Coehn und Foehrb,2964,netBloc Vol. 19: Doctorin’ Ur Tastz,29.976598639455784
12174,Hip-Hop,3,../data/local/processed_mel/012174.npy,3217,Professor Kliq,2964,netBloc Vol. 19: Doctorin’ Ur Tastz,30.002721088435376
12189,Electronic,0,../data/local/processed_mel/012189.npy,3230,Mr. Moods,2965,"netBloc Vol. 18: frais, fresco, frisch, fresh… mmmmmmmmmmm… good",29.976598639455784
12346,Experimental,1,../data/local/processed_mel/012346.npy,3301,Grey Gersten &amp; G. Lucas Crane,2982,Live at WFMU on Scott Mcdowell's Show 5/6/09,30.002721088435376
12348,Folk,2,../data/local/processed_mel/012348.npy,3308,Koonda Holaa,2984,10 Acres of the Finest Sand,29.976598639455784
12349,Folk,2,../data/local/processed_mel/012349.npy,3308,Koonda Holaa,2984,10 Acres of the Finest Sand,29.976598639455784
12350,Folk,2,../data/local/processed_mel/012350.npy,3308,Koonda Holaa,2984,10 Acres of the Finest Sand,30.002721088435376
12351,Folk,2,../data/local/processed_mel/012351.npy,3308,Koonda Holaa,2984,10 Acres of the Finest Sand,29.976598639455784
12352,Folk,2,../data/local/processed_mel/012352.npy,3308,Koonda Holaa,2984,10 Acres of the Finest Sand,29.976598639455784
12353,Folk,2,../data/local/processed_mel/012353.npy,3308,Koonda Holaa,2984,10 Acres of the Finest Sand,29.976598639455784
12355,Folk,2,../data/local/processed_mel/012355.npy,3308,Koonda Holaa,2984,10 Acres of the Finest Sand,29.976598639455784
12376,Pop,6,../data/local/processed_mel/012376.npy,3318,The Harvey Girls,2989,netBloc Vol. 16: Sweet Sixteen,30.002721088435376
12394,Hip-Hop,3,../data/local/processed_mel/012394.npy,3350,MUTE,2991,netBloc Vol. 15: this album won't eat your gas money,30.002721088435376
12530,Pop,6,../data/local/processed_mel/012530.npy,3377,You Are My Everything,3011,netBloc Vol. 13: Color in a world of monochrome,29.976598639455784
12531,Hip-Hop,3,../data/local/processed_mel/012531.npy,3378,Empathik,3011,netBloc Vol. 13: Color in a world of monochrome,30.002721088435376
12532,Pop,6,../data/local/processed_mel/012532.npy,3379,Nils Hoffmann,3011,netBloc Vol. 13: Color in a world of monochrome,29.976598639455784
12537,Pop,6,../data/local/processed_mel/012537.npy,3384,Smoking After,3012,netBloc Vol. 12: Anaxagoras,30.002721088435376
12551,Pop,6,../data/local/processed_mel/012551.npy,3388,Georgia,3012,netBloc Vol. 12: Anaxagoras,30.002721088435376
12552,Pop,6,../data/local/processed_mel/012552.npy,1767,FortyOne,3012,netBloc Vol. 12: Anaxagoras,29.976598639455784
12654,Pop,6,../data/local/processed_mel/012654.npy,80,Bird Names,2885,Sings the Browns,29.976598639455784
12737,Experimental,1,../data/local/processed_mel/012737.npy,3426,Prince Rama,3058,Live at WFMU on Brian Turner's Show 5/12/09,30.002721088435376
12985,Folk,2,../data/local/processed_mel/012985.npy,3475,Nick Jaina,3098,Nick Jaina- Live On The Outside World,29.976598639455784
12986,Folk,2,../data/local/processed_mel/012986.npy,3475,Nick Jaina,3098,Nick Jaina- Live On The Outside World,30.002721088435376
13191,Pop,6,../data/local/processed_mel/013191.npy,3586,Emily In Love,3141,netBloc Vol. 11: The Raw and the Cooked,29.976598639455784
13197,Pop,6,../data/local/processed_mel/013197.npy,3591,First,3141,netBloc Vol. 11: The Raw and the Cooked,30.002721088435376
13199,Hip-Hop,3,../data/local/processed_mel/013199.npy,3593,Tha Silent Partner,3141,netBloc Vol. 11: The Raw and the Cooked,29.976598639455784
13218,Pop,6,../data/local/processed_mel/013218.npy,3604,Sebastian Kramer,3143,netBloc Vol. 09: Lo-Fi Adventures on Planet Rheton!,30.002721088435376
13220,Pop,6,../data/local/processed_mel/013220.npy,3611,Chapi Chapo &amp; Les Petites Musiques de Pluie,3143,netBloc Vol. 09: Lo-Fi Adventures on Planet Rheton!,30.002721088435376
13325,Rock,7,../data/local/processed_mel/013325.npy,3228,Josh Woodward,3170,netBloc Vol. 08: I Copyleft!,29.976598639455784
13362,Pop,6,../data/local/processed_mel/013362.npy,3641,Mabafu,3177,netBloc Vol. 07: 10 From 200 plus one,30.002721088435376
13378,Pop,6,../data/local/processed_mel/013378.npy,3652,Peter Fox Simon,3177,netBloc Vol. 07: 10 From 200 plus one,29.976598639455784
13537,International,5,../data/local/processed_mel/013537.npy,3683,Abdoulaye Alhassane Touré,3192,Live With Banning Eyre at WFMU on Transpacific Sound Paradise 5/19/09,30.002721088435376
13538,International,5,../data/local/processed_mel/013538.npy,3683,Abdoulaye Alhassane Touré,3192,Live With Banning Eyre at WFMU on Transpacific Sound Paradise 5/19/09,30.002721088435376
13539,International,5,../data/local/processed_mel/013539.npy,3683,Abdoulaye Alhassane Touré,3192,Live With Banning Eyre at WFMU on Transpacific Sound Paradise 5/19/09,29.976598639455784
13540,International,5,../data/local/processed_mel/013540.npy,3683,Abdoulaye Alhassane Touré,3192,Live With Banning Eyre at WFMU on Transpacific Sound Paradise 5/19/09,30.002721088435376
13561,Hip-Hop,3,../data/local/processed_mel/013561.npy,3702,Sun Zoo,3193,netBloc Vol. 05: The threat at Goliath's feet...,30.002721088435376
13562,Electronic,0,../data/local/processed_mel/013562.npy,3703,Maniax Memori,3194,netBloc Vol. 04: Soundtrack for the Coming Revolution,30.002721088435376
13566,Hip-Hop,3,../data/local/processed_mel/013566.npy,3702,Sun Zoo,3194,netBloc Vol. 04: Soundtrack for the Coming Revolution,30.002721088435376
13571,Electronic,0,../data/local/processed_mel/013571.npy,3710,L'Onomatopeur,3194,netBloc Vol. 04: Soundtrack for the Coming Revolution,29.976598639455784
13596,Rock,7,../data/local/processed_mel/013596.npy,3721,b-Shake,3199,netBloc Vol. 03: La Plus Belle Guerre,30.002721088435376
13668,Electronic,0,../data/local/processed_mel/013668.npy,3738,This One,3221,netBloc Vol. 01: The Opening Salvo,30.002721088435376
13670,Hip-Hop,3,../data/local/processed_mel/013670.npy,3739,Raflesia,3221,netBloc Vol. 01: The Opening Salvo,29.976598639455784
13735,Hip-Hop,3,../data/local/processed_mel/013735.npy,3770,Tha Connection,3229,Universal Dominance,29.976598639455784
13747,Hip-Hop,3,../data/local/processed_mel/013747.npy,3771,Laws,3230,The Funny Pages,30.002721088435376
13748,Hip-Hop,3,../data/local/processed_mel/013748.npy,3771,Laws,3230,The Funny Pages,29.976598639455784
13749,Hip-Hop,3,../data/local/processed_mel/013749.npy,3771,Laws,3230,The Funny Pages,30.002721088435376
13767,Hip-Hop,3,../data/local/processed_mel/013767.npy,3773,Majik Most,3234,Molesting Hip Hop,29.976598639455784
13768,Hip-Hop,3,../data/local/processed_mel/013768.npy,3773,Majik Most,3234,Molesting Hip Hop,30.002721088435376
13804,Hip-Hop,3,../data/local/processed_mel/013804.npy,2430,The Professional Savage,2517,RIP Syringe Stick Up Mama,30.002721088435376
13927,Folk,2,../data/local/processed_mel/013927.npy,3844,Janet Bean,3257,Old Town School of Folk Music:  Volume One,29.976598639455784
13928,Folk,2,../data/local/processed_mel/013928.npy,3845,Colby Maddox,3257,Old Town School of Folk Music:  Volume One,30.002721088435376
13929,Folk,2,../data/local/processed_mel/013929.npy,3846,Old Town School Of Folk Music (Various),3258,Old Town School of Folk Music:  Volumes Two And Three,30.002721088435376
13930,Folk,2,../data/local/processed_mel/013930.npy,3847,Foghorn Stringband,3258,Old Town School of Folk Music:  Volumes Two And Three,29.976598639455784
14063,Electronic,0,../data/local/processed_mel/014063.npy,3900,DJ Donna Summer,3301,Monsters of Cock Rock Disco,29.976598639455784
14208,Electronic,0,../data/local/processed_mel/014208.npy,3924,Mr. Spastic,3324,8 to 16 Bit,29.976598639455784
14344,Electronic,0,../data/local/processed_mel/014344.npy,3949,Ambienteer,3338,netBloc Vol. 22: Life on Ceres,29.976598639455784
14358,Hip-Hop,3,../data/local/processed_mel/014358.npy,3959,Bilal Bashir &amp; Divine Styler,3341,Word Power (The Instrumentals),29.976598639455784
14386,Hip-Hop,3,../data/local/processed_mel/014386.npy,3981,9th Scientist,3351,Illatron Magnetic,29.976598639455784
14538,Hip-Hop,3,../data/local/processed_mel/014538.npy,4035,Opio,3367,Everybody Loves the Sun EP,29.976598639455784
14539,Hip-Hop,3,../data/local/processed_mel/014539.npy,4035,Opio,3367,Everybody Loves the Sun EP,30.002721088435376
14541,Hip-Hop,3,../data/local/processed_mel/014541.npy,4035,Opio,3367,Everybody Loves the Sun EP,30.002721088435376
14542,Hip-Hop,3,../data/local/processed_mel/014542.npy,4035,Opio,3367,Everybody Loves the Sun EP,30.002721088435376
14568,Instrumental,4,../data/local/processed_mel/014568.npy,129,Ergo Phizmiz,3371,"Music from ""The House of Dr Faustus""",29.976598639455784
14569,Instrumental,4,../data/local/processed_mel/014569.npy,129,Ergo Phizmiz,3371,"Music from ""The House of Dr Faustus""",30.002721088435376
14570,Instrumental,4,../data/local/processed_mel/014570.npy,129,Ergo Phizmiz,3371,"Music from ""The House of Dr Faustus""",30.002721088435376
14571,Instrumental,4,../data/local/processed_mel/014571.npy,129,Ergo Phizmiz,3371,"Music from ""The House of Dr Faustus""",29.976598639455784
14572,Instrumental,4,../data/local/processed_mel/014572.npy,129,Ergo Phizmiz,3371,"Music from ""The House of Dr Faustus""",29.976598639455784
14576,Instrumental,4,../data/local/processed_mel/014576.npy,129,Ergo Phizmiz,3371,"Music from ""The House of Dr Faustus""",30.002721088435376
14577,Instrumental,4,../data/local/processed_mel/014577.npy,129,Ergo Phizmiz,3371,"Music from ""The House of Dr Faustus""",30.002721088435376
14578,Instrumental,4,../data/local/processed_mel/014578.npy,129,Ergo Phizmiz,3371,"Music from ""The House of Dr Faustus""",29.976598639455784
14579,Instrumental,4,../data/local/processed_mel/014579.npy,129,Ergo Phizmiz,3371,"Music from ""The House of Dr Faustus""",30.002721088435376
14580,Instrumental,4,../data/local/processed_mel/014580.npy,129,Ergo Phizmiz,3371,"Music from ""The House of Dr Faustus""",29.976598639455784
14581,Instrumental,4,../data/local/processed_mel/014581.npy,129,Ergo Phizmiz,3371,"Music from ""The House of Dr Faustus""",29.976598639455784
14583,Instrumental,4,../data/local/processed_mel/014583.npy,129,Ergo Phizmiz,3371,"Music from ""The House of Dr Faustus""",30.002721088435376
14584,Instrumental,4,../data/local/processed_mel/014584.npy,129,Ergo Phizmiz,3371,"Music from ""The House of Dr Faustus""",30.002721088435376
14585,Instrumental,4,../data/local/processed_mel/014585.npy,129,Ergo Phizmiz,3371,"Music from ""The House of Dr Faustus""",29.976598639455784
14586,Instrumental,4,../data/local/processed_mel/014586.npy,129,Ergo Phizmiz,3371,"Music from ""The House of Dr Faustus""",29.976598639455784
14588,Instrumental,4,../data/local/processed_mel/014588.npy,129,Ergo Phizmiz,3371,"Music from ""The House of Dr Faustus""",29.976598639455784
14589,Instrumental,4,../data/local/processed_mel/014589.npy,129,Ergo Phizmiz,3371,"Music from ""The House of Dr Faustus""",30.002721088435376
14590,Instrumental,4,../data/local/processed_mel/014590.npy,129,Ergo Phizmiz,3371,"Music from ""The House of Dr Faustus""",29.976598639455784
14661,Folk,2,../data/local/processed_mel/014661.npy,4070,Jonathan Coulton,3426,JoCo Looks Back,29.976598639455784
14684,Folk,2,../data/local/processed_mel/014684.npy,4070,Jonathan Coulton,3426,JoCo Looks Back,29.976598639455784
14693,Folk,2,../data/local/processed_mel/014693.npy,4070,Jonathan Coulton,3426,JoCo Looks Back,30.002721088435376
14809,Folk,2,../data/local/processed_mel/014809.npy,4114,Sebastien Duclos,3442,Burials,30.002721088435376
15210,Hip-Hop,3,../data/local/processed_mel/015210.npy,4220,Seven,3518,Da Interview EP,29.976598639455784
15464,Experimental,1,../data/local/processed_mel/015464.npy,4271,Bruce Russell,3548,21st Century Field Hollers and Prison Songs,30.002721088435376
15469,Experimental,1,../data/local/processed_mel/015469.npy,4271,Bruce Russell,3548,21st Century Field Hollers and Prison Songs,30.002721088435376
15471,Experimental,1,../data/local/processed_mel/015471.npy,4271,Bruce Russell,3548,21st Century Field Hollers and Prison Songs,29.976598639455784
15475,Experimental,1,../data/local/processed_mel/015475.npy,4271,Bruce Russell,3548,21st Century Field Hollers and Prison Songs,30.002721088435376
15476,Experimental,1,../data/local/processed_mel/015476.npy,4271,Bruce Russell,3548,21st Century Field Hollers and Prison Songs,29.976598639455784
15487,International,5,../data/local/processed_mel/015487.npy,4286,Veena Raja Rao and Veena Gopala Rao,3554,PraNatArthi haram,29.976598639455784
15488,International,5,../data/local/processed_mel/015488.npy,4288,Veena Kinhal,3555,Tribute to Veena Raja Rao,30.002721088435376
15540,Experimental,1,../data/local/processed_mel/015540.npy,129,Ergo Phizmiz,3571,Earballet - Don Quixote,29.976598639455784
15541,Experimental,1,../data/local/processed_mel/015541.npy,129,Ergo Phizmiz,3571,Earballet - Don Quixote,29.976598639455784
15542,Experimental,1,../data/local/processed_mel/015542.npy,129,Ergo Phizmiz,3571,Earballet - Don Quixote,29.976598639455784
15543,Experimental,1,../data/local/processed_mel/015543.npy,129,Ergo Phizmiz,3571,Earballet - Don Quixote,29.976598639455784
15625,Experimental,1,../data/local/processed_mel/015625.npy,4334,Jim Lee,3580,Zaum,30.002721088435376
15880,International,5,../data/local/processed_mel/015880.npy,4387,Kokusai Bunka Shinkokai,3630,Japanese Traditional Music,29.976598639455784
16095,Pop,6,../data/local/processed_mel/016095.npy,4427,MEGA*CHURCH,3690,Us<,30.002721088435376
16155,Pop,6,../data/local/processed_mel/016155.npy,4448,JJM,3710,netBloc Vol. 23: We Invented The Compilation,30.002721088435376
16158,Pop,6,../data/local/processed_mel/016158.npy,4450,Entertainment for the Braindead,3710,netBloc Vol. 23: We Invented The Compilation,29.976598639455784
16162,Hip-Hop,3,../data/local/processed_mel/016162.npy,4454,Comfort Fit,3710,netBloc Vol. 23: We Invented The Compilation,29.976598639455784
16163,Pop,6,../data/local/processed_mel/016163.npy,4455,Christopher Joel,3710,netBloc Vol. 23: We Invented The Compilation,29.976598639455784
16334,International,5,../data/local/processed_mel/016334.npy,4488,Peliatan Gamelan,3747,Dancers of Bali,30.002721088435376
16354,Rock,7,../data/local/processed_mel/016354.npy,4495,Michael Gira,3756,I Am Singing to You From My Room,30.002721088435376
16743,International,5,../data/local/processed_mel/016743.npy,4621,Salam,3815,Salam,29.976598639455784
16744,International,5,../data/local/processed_mel/016744.npy,4621,Salam,3815,Salam,30.002721088435376
16745,International,5,../data/local/processed_mel/016745.npy,4621,Salam,3815,Salam,30.002721088435376
16747,International,5,../data/local/processed_mel/016747.npy,4621,Salam,3815,Salam,29.976598639455784
16819,Rock,7,../data/local/processed_mel/016819.npy,4632,Pharaos,3823,The New Pharaos,29.976598639455784
16820,Rock,7,../data/local/processed_mel/016820.npy,4632,Pharaos,3823,The New Pharaos,29.976598639455784
16821,Rock,7,../data/local/processed_mel/016821.npy,4632,Pharaos,3823,The New Pharaos,30.002721088435376
16822,Rock,7,../data/local/processed_mel/016822.npy,4632,Pharaos,3823,The New Pharaos,29.976598639455784
16878,Hip-Hop,3,../data/local/processed_mel/016878.npy,4646,Pre,3837,Wood Grain Sessions,30.002721088435376
16879,Hip-Hop,3,../data/local/processed_mel/016879.npy,4646,Pre,3837,Wood Grain Sessions,29.976598639455784
16880,Hip-Hop,3,../data/local/processed_mel/016880.npy,4646,Pre,3837,Wood Grain Sessions,29.976598639455784
17132,Folk,2,../data/local/processed_mel/017132.npy,1516,Love Story In Blood Red,3888,LP1,29.976598639455784
17462,Rock,7,../data/local/processed_mel/017462.npy,4743,Soul Celtics,3928,Extremely mild and pleasant tasting The best of Bob Chaos Recordings 1984-1986,29.976598639455784
17491,Hip-Hop,3,../data/local/processed_mel/017491.npy,4750,Formula,3935,The Overcast Project,29.976598639455784
17496,Hip-Hop,3,../data/local/processed_mel/017496.npy,4750,Formula,3935,The Overcast Project,29.976598639455784
17499,Hip-Hop,3,../data/local/processed_mel/017499.npy,4750,Formula,3935,The Overcast Project,29.976598639455784
17500,Hip-Hop,3,../data/local/processed_mel/017500.npy,4750,Formula,3935,The Overcast Project,29.976598639455784
17573,Experimental,1,../data/local/processed_mel/017573.npy,4779,Ilya Monosov,3964,Vinyl Document #1,29.988979591836735
17588,Electronic,0,../data/local/processed_mel/017588.npy,354,Future Islands,950,Live at WFMU on Marty McSorley's Show on 8/20/2008,29.976598639455784
17605,International,5,../data/local/processed_mel/017605.npy,4799,Alash Ensemble,3981,Live on WFMU's Transpacific Sound Paradise on 7/24/09,30.002721088435376
17606,International,5,../data/local/processed_mel/017606.npy,4799,Alash Ensemble,3981,Live on WFMU's Transpacific Sound Paradise on 7/24/09,29.976598639455784
17607,International,5,../data/local/processed_mel/017607.npy,4799,Alash Ensemble,3981,Live on WFMU's Transpacific Sound Paradise on 7/24/09,29.976598639455784
17608,International,5,../data/local/processed_mel/017608.npy,4799,Alash Ensemble,3981,Live on WFMU's Transpacific Sound Paradise on 7/24/09,30.002721088435376
17609,International,5,../data/local/processed_mel/017609.npy,4799,Alash Ensemble,3981,Live on WFMU's Transpacific Sound Paradise on 7/24/09,30.002721088435376
17610,International,5,../data/local/processed_mel/017610.npy,4799,Alash Ensemble,3981,Live on WFMU's Transpacific Sound Paradise on 7/24/09,29.976598639455784
17611,International,5,../data/local/processed_mel/017611.npy,4799,Alash Ensemble,3981,Live on WFMU's Transpacific Sound Paradise on 7/24/09,29.976598639455784
17631,International,5,../data/local/processed_mel/017631.npy,4804,Jalikebba Kuyateh and the Toubabs,3919,Jalikebba and the Toubabs,29.964580498866212
17632,International,5,../data/local/processed_mel/017632.npy,4804,Jalikebba Kuyateh and the Toubabs,3919,Jalikebba and the Toubabs,29.990702947845804
17633,International,5,../data/local/processed_mel/017633.npy,4804,Jalikebba Kuyateh and the Toubabs,3919,Jalikebba and the Toubabs,29.990702947845804
17634,International,5,../data/local/processed_mel/017634.npy,4804,Jalikebba Kuyateh and the Toubabs,3919,Jalikebba and the Toubabs,29.964580498866212
17635,International,5,../data/local/processed_mel/017635.npy,4804,Jalikebba Kuyateh and the Toubabs,3919,Jalikebba and the Toubabs,29.964580498866212
17636,International,5,../data/local/processed_mel/017636.npy,4804,Jalikebba Kuyateh and the Toubabs,3919,Jalikebba and the Toubabs,29.964580498866212
17637,International,5,../data/local/processed_mel/017637.npy,4804,Jalikebba Kuyateh and the Toubabs,3919,Jalikebba and the Toubabs,29.964580498866212
17644,Experimental,1,../data/local/processed_mel/017644.npy,4747,Angst Hase Pfeffer Nase,3988,Beatings with Gimpy Flighted Wings Entrapped by Post-Fence of Garish-Land,30.002721088435376
17735,Rock,7,../data/local/processed_mel/017735.npy,4198,Liturgy,4038,Renihilation,30.002721088435376
17782,Hip-Hop,3,../data/local/processed_mel/017782.npy,4879,LoveJones and Phys Edison,4065,Sunday Drive,29.976598639455784
17884,Electronic,0,../data/local/processed_mel/017884.npy,4917,Covox,4095,Infiltrator,29.976598639455784
17906,Pop,6,../data/local/processed_mel/017906.npy,1922,Learning Music,4103,LMM 2.5 - You Can Take It In,30.002721088435376
18031,International,5,../data/local/processed_mel/018031.npy,4965,Conjunto Guantanamo,4127,WFMU live broadcast from Barbes on Transpacific Paradise 4/11/09,30.002721088435376
18032,International,5,../data/local/processed_mel/018032.npy,4965,Conjunto Guantanamo,4127,WFMU live broadcast from Barbes on Transpacific Paradise 4/11/09,29.976598639455784
18033,International,5,../data/local/processed_mel/018033.npy,4965,Conjunto Guantanamo,4127,WFMU live broadcast from Barbes on Transpacific Paradise 4/11/09,30.002721088435376
18034,International,5,../data/local/processed_mel/018034.npy,4965,Conjunto Guantanamo,4127,WFMU live broadcast from Barbes on Transpacific Paradise 4/11/09,30.002721088435376
18043,International,5,../data/local/processed_mel/018043.npy,2968,Nikolay Kolev,4131,WFMU live broadcast from Barbes on Transpacific Paradise 4/11/09,29.976598639455784
18044,International,5,../data/local/processed_mel/018044.npy,2968,Nikolay Kolev,4131,WFMU live broadcast from Barbes on Transpacific Paradise 4/11/09,29.976598639455784
18124,Experimental,1,../data/local/processed_mel/018124.npy,4995,Yoko Absorbing,4158,Vinyl,29.976598639455784
18144,Pop,6,../data/local/processed_mel/018144.npy,2532,Funky Terrorist,4161,5!5!5!,30.002721088435376
18145,Pop,6,../data/local/processed_mel/018145.npy,2532,Funky Terrorist,4161,5!5!5!,30.002721088435376
18146,Pop,6,../data/local/processed_mel/018146.npy,2532,Funky Terrorist,4161,5!5!5!,29.976598639455784
18159,Folk,2,../data/local/processed_mel/018159.npy,4998,The Friendly Dimension,4163,ST,29.976598639455784
18197,Rock,7,../data/local/processed_mel/018197.npy,4925,Kraus,4118,Golden Treasury,29.976598639455784
18607,Rock,7,../data/local/processed_mel/018607.npy,4925,Kraus,4121,I Could Destroy You with a Single Thought,30.002721088435376
18611,Rock,7,../data/local/processed_mel/018611.npy,4925,Kraus,4121,I Could Destroy You with a Single Thought,29.976598639455784
18876,Experimental,1,../data/local/processed_mel/018876.npy,5103,Urthquake,4313,Live at WFMU on Dan Bodah's Show 9/27/09,30.002721088435376
18877,Experimental,1,../data/local/processed_mel/018877.npy,5103,Urthquake,4313,Live at WFMU on Dan Bodah's Show 9/27/09,30.002721088435376
18887,Rock,7,../data/local/processed_mel/018887.npy,5111,Seek Six Sick,4315,Volume 4,30.002721088435376
19073,Pop,6,../data/local/processed_mel/019073.npy,5131,Bell X1,4333,Live on WFMU's Sound and Safe with Trent 9/21/09,30.002721088435376
19074,Pop,6,../data/local/processed_mel/019074.npy,5131,Bell X1,4333,Live on WFMU's Sound and Safe with Trent 9/21/09,29.976598639455784
19179,Rock,7,../data/local/processed_mel/019179.npy,1263,Special Moments,4342,Eric: The Falklands Follies,29.976598639455784
19184,Rock,7,../data/local/processed_mel/019184.npy,1263,Special Moments,4342,Eric: The Falklands Follies,29.976598639455784
19187,Rock,7,../data/local/processed_mel/019187.npy,1263,Special Moments,4342,Eric: The Falklands Follies,29.976598639455784
19192,Experimental,1,../data/local/processed_mel/019192.npy,548,Tom Carter,4344,(unreleased),30.002721088435376
19412,Pop,6,../data/local/processed_mel/019412.npy,5202,Orquestra Popular De Paio Pires,4411,Orquestra Popular De Paio Pires,29.976598639455784
19413,Pop,6,../data/local/processed_mel/019413.npy,5202,Orquestra Popular De Paio Pires,4411,Orquestra Popular De Paio Pires,29.976598639455784
19415,Pop,6,../data/local/processed_mel/019415.npy,5202,Orquestra Popular De Paio Pires,4411,Orquestra Popular De Paio Pires,29.976598639455784
19416,Pop,6,../data/local/processed_mel/019416.npy,5202,Orquestra Popular De Paio Pires,4411,Orquestra Popular De Paio Pires,29.976598639455784
19417,Pop,6,../data/local/processed_mel/019417.npy,5202,Orquestra Popular De Paio Pires,4411,Orquestra Popular De Paio Pires,29.976598639455784
19418,Pop,6,../data/local/processed_mel/019418.npy,5202,Orquestra Popular De Paio Pires,4411,Orquestra Popular De Paio Pires,29.976598639455784
19420,Pop,6,../data/local/processed_mel/019420.npy,5202,Orquestra Popular De Paio Pires,4411,Orquestra Popular De Paio Pires,29.976598639455784
19422,Pop,6,../data/local/processed_mel/019422.npy,5202,Orquestra Popular De Paio Pires,4411,Orquestra Popular De Paio Pires,29.976598639455784
19423,Pop,6,../data/local/processed_mel/019423.npy,5202,Orquestra Popular De Paio Pires,4411,Orquestra Popular De Paio Pires,30.002721088435376
19425,Pop,6,../data/local/processed_mel/019425.npy,5203,Auto-Pilot,4412,netBloc Vol. 24: tiuqottigeloot,30.002721088435376
19438,Hip-Hop,3,../data/local/processed_mel/019438.npy,2752,Just Plain Ant,4412,netBloc Vol. 24: tiuqottigeloot,30.002721088435376
19441,Pop,6,../data/local/processed_mel/019441.npy,4450,Entertainment for the Braindead,4412,netBloc Vol. 24: tiuqottigeloot,30.002721088435376
19442,Pop,6,../data/local/processed_mel/019442.npy,5209,Paper Navy,4412,netBloc Vol. 24: tiuqottigeloot,30.002721088435376
19459,International,5,../data/local/processed_mel/019459.npy,5214,Djarara,4419,Live at Barbés on WFMU's TSP 9/19/2009,30.002721088435376
19707,Folk,2,../data/local/processed_mel/019707.npy,5276,Steffen Basho-Junghans,4488,Waters in Azure,30.002721088435376
19708,Folk,2,../data/local/processed_mel/019708.npy,5276,Steffen Basho-Junghans,4489,Late Summer Morning,29.976598639455784
19729,Hip-Hop,3,../data/local/processed_mel/019729.npy,5278,Shlohmo,4496,Shlomoshun,29.988979591836735
19758,Pop,6,../data/local/processed_mel/019758.npy,5283,Dirty Mittens,4500,Dirty Mittens Live at PDX Pop Now! '09,29.976598639455784
19759,Pop,6,../data/local/processed_mel/019759.npy,5283,Dirty Mittens,4500,Dirty Mittens Live at PDX Pop Now! '09,30.002721088435376
19760,Pop,6,../data/local/processed_mel/019760.npy,5283,Dirty Mittens,4500,Dirty Mittens Live at PDX Pop Now! '09,29.976598639455784
19889,International,5,../data/local/processed_mel/019889.npy,5282,Dr Dub,4519,Dub From Creation [LCL05],29.976598639455784
19890,International,5,../data/local/processed_mel/019890.npy,5282,Dr Dub,4519,Dub From Creation [LCL05],29.976598639455784
19891,International,5,../data/local/processed_mel/019891.npy,5282,Dr Dub,4519,Dub From Creation [LCL05],30.002721088435376
20050,Rock,7,../data/local/processed_mel/020050.npy,5329,Family Of The Year,4550,Thank You,30.002721088435376
20361,Instrumental,4,../data/local/processed_mel/020361.npy,129,Ergo Phizmiz,4598,"Outtakes from ""The Snow Flea""",30.002721088435376
20362,Instrumental,4,../data/local/processed_mel/020362.npy,129,Ergo Phizmiz,4598,"Outtakes from ""The Snow Flea""",29.976598639455784
20364,Instrumental,4,../data/local/processed_mel/020364.npy,129,Ergo Phizmiz,4598,"Outtakes from ""The Snow Flea""",30.002721088435376
20365,Instrumental,4,../data/local/processed_mel/020365.npy,129,Ergo Phizmiz,4598,"Outtakes from ""The Snow Flea""",30.002721088435376
20366,Instrumental,4,../data/local/processed_mel/020366.npy,129,Ergo Phizmiz,4598,"Outtakes from ""The Snow Flea""",29.976598639455784
20369,Instrumental,4,../data/local/processed_mel/020369.npy,129,Ergo Phizmiz,4598,"Outtakes from ""The Snow Flea""",30.002721088435376
20372,Instrumental,4,../data/local/processed_mel/020372.npy,129,Ergo Phizmiz,4598,"Outtakes from ""The Snow Flea""",30.002721088435376
20373,Instrumental,4,../data/local/processed_mel/020373.npy,129,Ergo Phizmiz,4598,"Outtakes from ""The Snow Flea""",29.976598639455784
20374,Instrumental,4,../data/local/processed_mel/020374.npy,129,Ergo Phizmiz,4598,"Outtakes from ""The Snow Flea""",29.976598639455784
20375,Instrumental,4,../data/local/processed_mel/020375.npy,129,Ergo Phizmiz,4598,"Outtakes from ""The Snow Flea""",29.976598639455784
20376,Instrumental,4,../data/local/processed_mel/020376.npy,129,Ergo Phizmiz,4598,"Outtakes from ""The Snow Flea""",30.002721088435376
20424,Experimental,1,../data/local/processed_mel/020424.npy,152,Gwilly Edmondez,4599,void sgoi (Tapes For Nat),30.002721088435376
20432,International,5,../data/local/processed_mel/020432.npy,5436,Ceu,4604,Vagarosa,29.976598639455784
20469,Hip-Hop,3,../data/local/processed_mel/020469.npy,5443,ZONA MC,4612,OGNI VOLTA CHE BESTEMMI CADE UNA STELLINA EMO,30.002721088435376
20704,Pop,6,../data/local/processed_mel/020704.npy,5470,Appetite,4638,The Ambiguous Garment,30.002721088435376
21058,Experimental,1,../data/local/processed_mel/021058.npy,5515,Sore & Steal,4691,Many Moons A-Go-Go,29.976598639455784
21085,Electronic,0,../data/local/processed_mel/021085.npy,5520,The J. Arthur Keenes Band,4695,Pamplemousse,29.976598639455784
21087,Folk,2,../data/local/processed_mel/021087.npy,153,Hall Of Fame,1241,Live at WFMU on Stork's Show on 2/18/2001,30.002721088435376
21167,Electronic,0,../data/local/processed_mel/021167.npy,5552,Roglok,4704,Out Of Disorder,29.976598639455784
21228,Hip-Hop,3,../data/local/processed_mel/021228.npy,5553,Lasswell,1886,ccMixter,29.976598639455784
21231,Pop,6,../data/local/processed_mel/021231.npy,5556,TheJoe,1886,ccMixter,30.002721088435376
21232,Pop,6,../data/local/processed_mel/021232.npy,5574,Alex077,1886,ccMixter,29.976598639455784
21400,Pop,6,../data/local/processed_mel/021400.npy,5636,Montag,4764,Spring,29.976598639455784
21401,Pop,6,../data/local/processed_mel/021401.npy,5637,Ghost Bees,4764,Spring,30.002721088435376
21402,Pop,6,../data/local/processed_mel/021402.npy,5638,Liger,4764,Spring,29.976598639455784
21403,Pop,6,../data/local/processed_mel/021403.npy,5639,Candy Claws,4764,Spring,30.002721088435376
21404,Pop,6,../data/local/processed_mel/021404.npy,5640,Airships,4764,Spring,29.976598639455784
21409,Pop,6,../data/local/processed_mel/021409.npy,5644,Peter Fuhry,4764,Spring,30.002721088435376
21422,Electronic,0,../data/local/processed_mel/021422.npy,5653,Mochipet,4765,Summer,29.976598639455784
21657,Pop,6,../data/local/processed_mel/021657.npy,5730,Volumina,4787,"This is our home, please come in!",29.976598639455784
21672,Pop,6,../data/local/processed_mel/021672.npy,5731,Guidance Counselor,4789,Live at Pdx Pop Now '09,30.002721088435376
21676,Pop,6,../data/local/processed_mel/021676.npy,5731,Guidance Counselor,4789,Live at Pdx Pop Now '09,29.976598639455784
21677,Pop,6,../data/local/processed_mel/021677.npy,5731,Guidance Counselor,4789,Live at Pdx Pop Now '09,30.002721088435376
21707,Folk,2,../data/local/processed_mel/021707.npy,5709,Alice Rose,4786,30 Days,30.002721088435376
21774,Experimental,1,../data/local/processed_mel/021774.npy,5597,Snawklor,4805,Dived In A Microphone Universe,29.976598639455784
21842,Electronic,0,../data/local/processed_mel/021842.npy,5784,LJ Kruzer,4814,Tam Variations,30.002721088435376
21859,Rock,7,../data/local/processed_mel/021859.npy,5790,Paint and Copter,4817,Lunar Galleon,29.976598639455784
21860,Rock,7,../data/local/processed_mel/021860.npy,5790,Paint and Copter,4817,Lunar Galleon,30.002721088435376
21891,Electronic,0,../data/local/processed_mel/021891.npy,5798,Mikuś,4830,Rain Down Dub,30.002721088435376
21895,Electronic,0,../data/local/processed_mel/021895.npy,5798,Mikuś,4830,Rain Down Dub,30.002721088435376
22088,Hip-Hop,3,../data/local/processed_mel/022088.npy,5844,Tab & Anitek,4879,netBloc Vol. 25: From Darkness Cometh The Light,30.002721088435376
22091,Hip-Hop,3,../data/local/processed_mel/022091.npy,5845,ETHX,4879,netBloc Vol. 25: From Darkness Cometh The Light,30.002721088435376
22093,Rock,7,../data/local/processed_mel/022093.npy,3228,Josh Woodward,4879,netBloc Vol. 25: From Darkness Cometh The Light,30.002721088435376
22094,Hip-Hop,3,../data/local/processed_mel/022094.npy,5846,Gates,4879,netBloc Vol. 25: From Darkness Cometh The Light,30.002721088435376
22095,Electronic,0,../data/local/processed_mel/022095.npy,2752,Just Plain Ant,4879,netBloc Vol. 25: From Darkness Cometh The Light,30.002721088435376
22097,Pop,6,../data/local/processed_mel/022097.npy,5847,The Gasoline Brothers,4879,netBloc Vol. 25: From Darkness Cometh The Light,30.002721088435376
22295,Hip-Hop,3,../data/local/processed_mel/022295.npy,4454,Comfort Fit,4918,Forget And Remember,30.002721088435376
22348,Pop,6,../data/local/processed_mel/022348.npy,5901,Boys Suck,4932,Loved Like a Milkshake: A Tribute to Wesley Willis,29.976598639455784
22472,Pop,6,../data/local/processed_mel/022472.npy,129,Ergo Phizmiz,4951,Live in Warsaw,30.002721088435376
22473,Pop,6,../data/local/processed_mel/022473.npy,129,Ergo Phizmiz,4951,Live in Warsaw,30.002721088435376
22474,Pop,6,../data/local/processed_mel/022474.npy,129,Ergo Phizmiz,4951,Live in Warsaw,30.002721088435376
22475,Pop,6,../data/local/processed_mel/022475.npy,129,Ergo Phizmiz,4951,Live in Warsaw,30.002721088435376
22476,Pop,6,../data/local/processed_mel/022476.npy,129,Ergo Phizmiz,4951,Live in Warsaw,29.976598639455784
22477,Pop,6,../data/local/processed_mel/022477.npy,129,Ergo Phizmiz,4951,Live in Warsaw,30.002721088435376
22478,Pop,6,../data/local/processed_mel/022478.npy,129,Ergo Phizmiz,4951,Live in Warsaw,30.002721088435376
22479,Pop,6,../data/local/processed_mel/022479.npy,129,Ergo Phizmiz,4951,Live in Warsaw,29.976598639455784
22480,Pop,6,../data/local/processed_mel/022480.npy,129,Ergo Phizmiz,4951,Live in Warsaw,29.976598639455784
22481,Pop,6,../data/local/processed_mel/022481.npy,129,Ergo Phizmiz,4951,Live in Warsaw,29.976598639455784
23013,Electronic,0,../data/local/processed_mel/023013.npy,3217,Professor Kliq,5034,Bust This Bust That,29.976598639455784
23015,Folk,2,../data/local/processed_mel/023015.npy,6036,Sean Fournier,5036,Oh My,29.976598639455784
23016,Electronic,0,../data/local/processed_mel/023016.npy,6037,The Lights Galaxia,5037,Global EP,30.002721088435376
23037,Rock,7,../data/local/processed_mel/023037.npy,6043,major Major,5046,netBloc Vol. 26: N.E.T.A.U.D.I.O.,29.976598639455784
23039,Pop,6,../data/local/processed_mel/023039.npy,6045,Pinkle,5046,netBloc Vol. 26: N.E.T.A.U.D.I.O.,30.002721088435376
23155,International,5,../data/local/processed_mel/023155.npy,6060,Lee Maddeford,5075,Instrumentals 1,30.002721088435376
23156,International,5,../data/local/processed_mel/023156.npy,6060,Lee Maddeford,5075,Instrumentals 1,29.976598639455784
23172,Rock,7,../data/local/processed_mel/023172.npy,5208,Juanitos,5081,Exotica,30.002721088435376
23353,Electronic,0,../data/local/processed_mel/023353.npy,6087,Choc,5108,Sound Object Deconditioning,30.002721088435376
23371,Folk,2,../data/local/processed_mel/023371.npy,3228,Josh Woodward,5114,Dirty Wings,30.002721088435376
23372,Electronic,0,../data/local/processed_mel/023372.npy,6093,Erdbeerschnitzel,5115,Pathetik Party,30.002721088435376
23505,Electronic,0,../data/local/processed_mel/023505.npy,6104,Pierlo,5147,Saturday Night Sleeper,29.976598639455784
24216,Experimental,1,../data/local/processed_mel/024216.npy,6234,Noveller,5320,Live @ ISSUE (1/14/2010),29.976598639455784
24217,Experimental,1,../data/local/processed_mel/024217.npy,6234,Noveller,5320,Live @ ISSUE (1/14/2010),30.002721088435376
24218,Experimental,1,../data/local/processed_mel/024218.npy,6234,Noveller,5320,Live @ ISSUE (1/14/2010),30.002721088435376
24362,International,5,../data/local/processed_mel/024362.npy,6251,Cuban Cowboys,5338,Live at WFMU on Transpacific Sound Paradise 1/7/10,30.002721088435376
24363,International,5,../data/local/processed_mel/024363.npy,6251,Cuban Cowboys,5338,Live at WFMU on Transpacific Sound Paradise 1/7/10,29.976598639455784
24364,International,5,../data/local/processed_mel/024364.npy,6251,Cuban Cowboys,5338,Live at WFMU on Transpacific Sound Paradise 1/7/10,29.976598639455784
24365,International,5,../data/local/processed_mel/024365.npy,6251,Cuban Cowboys,5338,Live at WFMU on Transpacific Sound Paradise 1/7/10,29.976598639455784
24366,International,5,../data/local/processed_mel/024366.npy,6251,Cuban Cowboys,5338,Live at WFMU on Transpacific Sound Paradise 1/7/10,30.002721088435376
24367,International,5,../data/local/processed_mel/024367.npy,6251,Cuban Cowboys,5338,Live at WFMU on Transpacific Sound Paradise 1/7/10,29.976598639455784
24368,International,5,../data/local/processed_mel/024368.npy,6251,Cuban Cowboys,5338,Live at WFMU on Transpacific Sound Paradise 1/7/10,30.002721088435376
24369,International,5,../data/local/processed_mel/024369.npy,6251,Cuban Cowboys,5338,Live at WFMU on Transpacific Sound Paradise 1/7/10,29.976598639455784
24370,International,5,../data/local/processed_mel/024370.npy,6251,Cuban Cowboys,5338,Live at WFMU on Transpacific Sound Paradise 1/7/10,29.976598639455784
24371,International,5,../data/local/processed_mel/024371.npy,6251,Cuban Cowboys,5338,Live at WFMU on Transpacific Sound Paradise 1/7/10,30.002721088435376
24418,Hip-Hop,3,../data/local/processed_mel/024418.npy,6274,Black Ant,5347,Free Beats Sel. 3,30.002721088435376
24420,Hip-Hop,3,../data/local/processed_mel/024420.npy,6274,Black Ant,5347,Free Beats Sel. 3,30.002721088435376
24421,Hip-Hop,3,../data/local/processed_mel/024421.npy,6274,Black Ant,5347,Free Beats Sel. 3,29.976598639455784
24422,Hip-Hop,3,../data/local/processed_mel/024422.npy,6274,Black Ant,5347,Free Beats Sel. 3,29.976598639455784
24423,Hip-Hop,3,../data/local/processed_mel/024423.npy,6274,Black Ant,5347,Free Beats Sel. 3,29.976598639455784
24424,Hip-Hop,3,../data/local/processed_mel/024424.npy,6274,Black Ant,5347,Free Beats Sel. 3,30.002721088435376
24425,Hip-Hop,3,../data/local/processed_mel/024425.npy,6274,Black Ant,5347,Free Beats Sel. 3,30.002721088435376
24426,Hip-Hop,3,../data/local/processed_mel/024426.npy,6274,Black Ant,5347,Free Beats Sel. 3,29.976598639455784
24427,Hip-Hop,3,../data/local/processed_mel/024427.npy,6274,Black Ant,5347,Free Beats Sel. 3,30.002721088435376
24428,Hip-Hop,3,../data/local/processed_mel/024428.npy,6274,Black Ant,5347,Free Beats Sel. 3,30.002721088435376
24429,Hip-Hop,3,../data/local/processed_mel/024429.npy,6274,Black Ant,5347,Free Beats Sel. 3,29.976598639455784
24430,Hip-Hop,3,../data/local/processed_mel/024430.npy,6274,Black Ant,5347,Free Beats Sel. 3,30.002721088435376
24431,Hip-Hop,3,../data/local/processed_mel/024431.npy,6274,Black Ant,5347,Free Beats Sel. 3,29.976598639455784
24432,Hip-Hop,3,../data/local/processed_mel/024432.npy,6274,Black Ant,5347,Free Beats Sel. 3,29.976598639455784
24512,Experimental,1,../data/local/processed_mel/024512.npy,6301,Joerg Piringer,5377,Windpipe Moods,29.976598639455784
24515,Experimental,1,../data/local/processed_mel/024515.npy,235,People Like Us,5377,Windpipe Moods,30.002721088435376
24521,Experimental,1,../data/local/processed_mel/024521.npy,6307,Irene Moon & Sara O'Keefe,5377,Windpipe Moods,30.002721088435376
24524,Experimental,1,../data/local/processed_mel/024524.npy,1425,C. Spencer Yeh,5377,Windpipe Moods,29.976598639455784
24698,International,5,../data/local/processed_mel/024698.npy,6343,Ardei Iute (Moldavian string band),5405,"Live at the Golden Festival, Jan 16 2010",30.002721088435376
24699,International,5,../data/local/processed_mel/024699.npy,6343,Ardei Iute (Moldavian string band),5405,"Live at the Golden Festival, Jan 16 2010",30.002721088435376
24700,International,5,../data/local/processed_mel/024700.npy,6343,Ardei Iute (Moldavian string band),5405,"Live at the Golden Festival, Jan 16 2010",29.976598639455784
24701,International,5,../data/local/processed_mel/024701.npy,6343,Ardei Iute (Moldavian string band),5405,"Live at the Golden Festival, Jan 16 2010",29.976598639455784
24702,International,5,../data/local/processed_mel/024702.npy,6343,Ardei Iute (Moldavian string band),5405,"Live at the Golden Festival, Jan 16 2010",30.002721088435376
24717,International,5,../data/local/processed_mel/024717.npy,6348,Kadife,5410,"Live at the Golden Festival, Jan 16 2010 (Kadife)",29.976598639455784
24720,International,5,../data/local/processed_mel/024720.npy,6348,Kadife,5410,"Live at the Golden Festival, Jan 16 2010 (Kadife)",29.976598639455784
24739,International,5,../data/local/processed_mel/024739.npy,6350,Druzina,5413,"Live from the Golden Festival, Jan 16 2010",30.002721088435376
24741,International,5,../data/local/processed_mel/024741.npy,6350,Druzina,5413,"Live from the Golden Festival, Jan 16 2010",30.002721088435376
24742,International,5,../data/local/processed_mel/024742.npy,6350,Druzina,5413,"Live from the Golden Festival, Jan 16 2010",30.002721088435376
24745,International,5,../data/local/processed_mel/024745.npy,6564,Gipsyork,5414,"GY Golden Festival, Jan 16 2010",29.976598639455784
24746,International,5,../data/local/processed_mel/024746.npy,6564,Gipsyork,5414,"GY Golden Festival, Jan 16 2010",29.976598639455784
24747,International,5,../data/local/processed_mel/024747.npy,6564,Gipsyork,5414,"GY Golden Festival, Jan 16 2010",29.976598639455784
24748,International,5,../data/local/processed_mel/024748.npy,6564,Gipsyork,5414,"GY Golden Festival, Jan 16 2010",30.002721088435376
24749,International,5,../data/local/processed_mel/024749.npy,6564,Gipsyork,5414,"GY Golden Festival, Jan 16 2010",30.002721088435376
24842,International,5,../data/local/processed_mel/024842.npy,1162,Quartet San Francisco,5442,Live on Irene Trudel's show on WFMU 1/11/10,29.976598639455784
24898,Experimental,1,../data/local/processed_mel/024898.npy,3307,Sawako,5463,Summer Tour,29.976598639455784
24899,Experimental,1,../data/local/processed_mel/024899.npy,3307,Sawako,5463,Summer Tour,30.002721088435376
24901,Experimental,1,../data/local/processed_mel/024901.npy,3307,Sawako,5463,Summer Tour,30.002721088435376
24912,Experimental,1,../data/local/processed_mel/024912.npy,3307,Sawako,5463,Summer Tour,30.002721088435376
24915,Experimental,1,../data/local/processed_mel/024915.npy,3307,Sawako,5463,Summer Tour,29.976598639455784
24917,Experimental,1,../data/local/processed_mel/024917.npy,3307,Sawako,5463,Summer Tour,30.002721088435376
24963,Experimental,1,../data/local/processed_mel/024963.npy,129,Ergo Phizmiz,5469,Phuj Phactory: Choice Slabs of Phuj from Ergo Phizmiz on WFMU,30.002721088435376
24975,Experimental,1,../data/local/processed_mel/024975.npy,129,Ergo Phizmiz,5469,Phuj Phactory: Choice Slabs of Phuj from Ergo Phizmiz on WFMU,29.976598639455784
24983,Experimental,1,../data/local/processed_mel/024983.npy,129,Ergo Phizmiz,5469,Phuj Phactory: Choice Slabs of Phuj from Ergo Phizmiz on WFMU,29.976598639455784
25063,Experimental,1,../data/local/processed_mel/025063.npy,6443,Ketsa,5488,The X Inside,29.976598639455784
25066,Electronic,0,../data/local/processed_mel/025066.npy,6446,the menu,5492,Tatooine EP,29.976598639455784
25104,Pop,6,../data/local/processed_mel/025104.npy,6447,Bombay Laughing Club,5493,the golden years,30.002721088435376
25124,Pop,6,../data/local/processed_mel/025124.npy,6447,Bombay Laughing Club,5493,the golden years,29.976598639455784
25215,International,5,../data/local/processed_mel/025215.npy,1838,Zlatne Uste Balkan Brass Band,5518,Live from the 2010 Golden Festival,30.002721088435376
25216,International,5,../data/local/processed_mel/025216.npy,1838,Zlatne Uste Balkan Brass Band,5518,Live from the 2010 Golden Festival,29.976598639455784
25227,International,5,../data/local/processed_mel/025227.npy,6494,Loretta Kelley,5520,Live Golden Festival 2010,29.976598639455784
25232,International,5,../data/local/processed_mel/025232.npy,6494,Loretta Kelley,5520,Live Golden Festival 2010,29.976598639455784
25233,International,5,../data/local/processed_mel/025233.npy,6494,Loretta Kelley,5520,Live Golden Festival 2010,29.976598639455784
25234,International,5,../data/local/processed_mel/025234.npy,6494,Loretta Kelley,5520,Live Golden Festival 2010,29.976598639455784
25235,International,5,../data/local/processed_mel/025235.npy,6494,Loretta Kelley,5520,Live Golden Festival 2010,30.002721088435376
25324,Experimental,1,../data/local/processed_mel/025324.npy,6506,We're Late For Class,5531,#40 Another Collection,29.976598639455784
25378,Electronic,0,../data/local/processed_mel/025378.npy,6526,valzi,5535,iHyper,29.988979591836735
25601,International,5,../data/local/processed_mel/025601.npy,6546,Ras Amerlock meets Professor Balthazar,5563,"2010, A Bass Oddity (Trinity All Stars) [LCL20]",29.976598639455784
25603,International,5,../data/local/processed_mel/025603.npy,6543,Ras Amerlock,5563,"2010, A Bass Oddity (Trinity All Stars) [LCL20]",29.976598639455784
25605,International,5,../data/local/processed_mel/025605.npy,6543,Ras Amerlock,5563,"2010, A Bass Oddity (Trinity All Stars) [LCL20]",29.976598639455784
25606,International,5,../data/local/processed_mel/025606.npy,6543,Ras Amerlock,5563,"2010, A Bass Oddity (Trinity All Stars) [LCL20]",29.976598639455784
25608,International,5,../data/local/processed_mel/025608.npy,6548,Ras Amerlock meets Mc Zulu,5563,"2010, A Bass Oddity (Trinity All Stars) [LCL20]",29.976598639455784
25609,International,5,../data/local/processed_mel/025609.npy,6543,Ras Amerlock,5563,"2010, A Bass Oddity (Trinity All Stars) [LCL20]",30.002721088435376
25795,International,5,../data/local/processed_mel/025795.npy,6593,Buguinha Dub,5597,Vitrola Adubada [LCL13],30.002721088435376
25796,International,5,../data/local/processed_mel/025796.npy,6593,Buguinha Dub,5597,Vitrola Adubada [LCL13],30.002721088435376
25797,International,5,../data/local/processed_mel/025797.npy,6593,Buguinha Dub,5597,Vitrola Adubada [LCL13],29.976598639455784
25802,International,5,../data/local/processed_mel/025802.npy,6593,Buguinha Dub,5597,Vitrola Adubada [LCL13],30.002721088435376
25804,International,5,../data/local/processed_mel/025804.npy,6593,Buguinha Dub,5597,Vitrola Adubada [LCL13],30.002721088435376
26007,Hip-Hop,3,../data/local/processed_mel/026007.npy,4454,Comfort Fit,4918,Forget And Remember,29.976598639455784
26008,Hip-Hop,3,../data/local/processed_mel/026008.npy,4454,Comfort Fit,4918,Forget And Remember,29.976598639455784
26010,Hip-Hop,3,../data/local/processed_mel/026010.npy,4454,Comfort Fit,4918,Forget And Remember,29.976598639455784
26011,Hip-Hop,3,../data/local/processed_mel/026011.npy,4454,Comfort Fit,4918,Forget And Remember,29.976598639455784
26012,Hip-Hop,3,../data/local/processed_mel/026012.npy,4454,Comfort Fit,4918,Forget And Remember,30.002721088435376
26013,Hip-Hop,3,../data/local/processed_mel/026013.npy,4454,Comfort Fit,4918,Forget And Remember,30.002721088435376
26014,Hip-Hop,3,../data/local/processed_mel/026014.npy,4454,Comfort Fit,4918,Forget And Remember,29.976598639455784
26016,Hip-Hop,3,../data/local/processed_mel/026016.npy,4454,Comfort Fit,4918,Forget And Remember,30.002721088435376
26017,Hip-Hop,3,../data/local/processed_mel/026017.npy,4454,Comfort Fit,4918,Forget And Remember,29.976598639455784
26020,Hip-Hop,3,../data/local/processed_mel/026020.npy,4454,Comfort Fit,4918,Forget And Remember,30.002721088435376
26021,Hip-Hop,3,../data/local/processed_mel/026021.npy,4454,Comfort Fit,4918,Forget And Remember,29.976598639455784
26022,Hip-Hop,3,../data/local/processed_mel/026022.npy,4454,Comfort Fit,4918,Forget And Remember,29.976598639455784
26025,Hip-Hop,3,../data/local/processed_mel/026025.npy,4454,Comfort Fit,4918,Forget And Remember,29.976598639455784
26026,Hip-Hop,3,../data/local/processed_mel/026026.npy,4454,Comfort Fit,4918,Forget And Remember,29.976598639455784
26034,Hip-Hop,3,../data/local/processed_mel/026034.npy,6643,Cvees,5637,Hiphop vs Rap,30.002721088435376
26035,Hip-Hop,3,../data/local/processed_mel/026035.npy,6643,Cvees,5637,Hiphop vs Rap,30.002721088435376
26036,Hip-Hop,3,../data/local/processed_mel/026036.npy,6643,Cvees,5637,Hiphop vs Rap,30.002721088435376
26169,Pop,6,../data/local/processed_mel/026169.npy,1939,Monk Turner,5659,Coordinates,30.002721088435376
26174,Pop,6,../data/local/processed_mel/026174.npy,1939,Monk Turner,5659,Coordinates,29.976598639455784
26298,Pop,6,../data/local/processed_mel/026298.npy,6484,Karl Blau,5694,"The Dark, Magic Sea",29.976598639455784
26301,Experimental,1,../data/local/processed_mel/026301.npy,6484,Karl Blau,5697,The Coconutcracker Suite,30.002721088435376
26302,Folk,2,../data/local/processed_mel/026302.npy,6484,Karl Blau,5694,"The Dark, Magic Sea",30.002721088435376
26307,Experimental,1,../data/local/processed_mel/026307.npy,6484,Karl Blau,5702,96,30.002721088435376
26322,Experimental,1,../data/local/processed_mel/026322.npy,6484,Karl Blau,5649,Zebra,30.002721088435376
26464,Folk,2,../data/local/processed_mel/026464.npy,6641,Spectre Folk,5635,ISSUE Project Room 1/29/10,29.976598639455784
26465,Folk,2,../data/local/processed_mel/026465.npy,6641,Spectre Folk,5635,ISSUE Project Room 1/29/10,30.002721088435376
26466,Folk,2,../data/local/processed_mel/026466.npy,6641,Spectre Folk,5635,ISSUE Project Room 1/29/10,29.976598639455784
26583,Experimental,1,../data/local/processed_mel/026583.npy,5994,Lezet,5784,Characters,30.002721088435376
26600,Experimental,1,../data/local/processed_mel/026600.npy,5994,Lezet,5784,Characters,29.976598639455784
26605,Experimental,1,../data/local/processed_mel/026605.npy,5994,Lezet,5784,Characters,29.976598639455784
26629,Electronic,0,../data/local/processed_mel/026629.npy,6739,NOISE64,5791,120,30.002721088435376
26638,Rock,7,../data/local/processed_mel/026638.npy,6742,Flowerheads,5793,Demo 2008,29.976598639455784
26639,Rock,7,../data/local/processed_mel/026639.npy,6742,Flowerheads,5793,Demo 2008,30.002721088435376
26640,Rock,7,../data/local/processed_mel/026640.npy,6742,Flowerheads,5793,Demo 2008,29.976598639455784
26641,Rock,7,../data/local/processed_mel/026641.npy,6742,Flowerheads,5793,Demo 2008,29.976598639455784
26642,Rock,7,../data/local/processed_mel/026642.npy,6742,Flowerheads,5793,Demo 2008,29.976598639455784
26643,Rock,7,../data/local/processed_mel/026643.npy,6742,Flowerheads,5793,Demo 2008,30.002721088435376
26651,Electronic,0,../data/local/processed_mel/026651.npy,6747,Graphiqs Groove,5795,Graphiqs Groove 2009,30.002721088435376
26652,Electronic,0,../data/local/processed_mel/026652.npy,6747,Graphiqs Groove,5795,Graphiqs Groove 2009,30.002721088435376
26653,Electronic,0,../data/local/processed_mel/026653.npy,6747,Graphiqs Groove,5795,Graphiqs Groove 2009,29.976598639455784
26654,Electronic,0,../data/local/processed_mel/026654.npy,6747,Graphiqs Groove,5795,Graphiqs Groove 2009,29.976598639455784
26655,Electronic,0,../data/local/processed_mel/026655.npy,6747,Graphiqs Groove,5795,Graphiqs Groove 2009,30.002721088435376
26656,Electronic,0,../data/local/processed_mel/026656.npy,6747,Graphiqs Groove,5795,Graphiqs Groove 2009,29.976598639455784
26657,Electronic,0,../data/local/processed_mel/026657.npy,6747,Graphiqs Groove,5795,Graphiqs Groove 2009,30.002721088435376
26658,Electronic,0,../data/local/processed_mel/026658.npy,6747,Graphiqs Groove,5795,Graphiqs Groove 2009,29.976598639455784
26659,Electronic,0,../data/local/processed_mel/026659.npy,6747,Graphiqs Groove,5795,Graphiqs Groove 2009,29.976598639455784
26674,Rock,7,../data/local/processed_mel/026674.npy,6752,Disen Gage,5798,The Screw-Loose Entertainment (promo version),29.976598639455784
26681,Rock,7,../data/local/processed_mel/026681.npy,6752,Disen Gage,5798,The Screw-Loose Entertainment (promo version),29.976598639455784
26754,Pop,6,../data/local/processed_mel/026754.npy,6774,Tiny Creatures,5810,Tiny Creatures,29.976598639455784
26765,Pop,6,../data/local/processed_mel/026765.npy,6774,Tiny Creatures,5810,Tiny Creatures,30.002721088435376
27164,Pop,6,../data/local/processed_mel/027164.npy,6640,Rhoda,5634,vosotros presents: Rhoda,29.976598639455784
27177,Electronic,0,../data/local/processed_mel/027177.npy,6890,Pixelord,5870,Lucid Freaks pt. 1,30.002721088435376
27194,International,5,../data/local/processed_mel/027194.npy,6891,Barcelona Afrobeat International Orchestra,5873,Live from the Sacred Fire Stage at the Boom Festival 2008,29.976598639455784
27195,International,5,../data/local/processed_mel/027195.npy,6891,Barcelona Afrobeat International Orchestra,5873,Live from the Sacred Fire Stage at the Boom Festival 2008,30.002721088435376
27197,International,5,../data/local/processed_mel/027197.npy,6891,Barcelona Afrobeat International Orchestra,5873,Live from the Sacred Fire Stage at the Boom Festival 2008,29.976598639455784
27198,International,5,../data/local/processed_mel/027198.npy,6891,Barcelona Afrobeat International Orchestra,5873,Live from the Sacred Fire Stage at the Boom Festival 2008,29.976598639455784
27258,Folk,2,../data/local/processed_mel/027258.npy,1109,P.G. Six,5888,Parlor Tricks and Porch Favorites,29.976598639455784
27406,Electronic,0,../data/local/processed_mel/027406.npy,6926,Ryo Miyashita,5930,Bird's Eye View,29.976598639455784
27454,Experimental,1,../data/local/processed_mel/027454.npy,281,Sun Araw,5939,"Live at the OCCII - June 22, 2009",30.002721088435376
27455,Experimental,1,../data/local/processed_mel/027455.npy,281,Sun Araw,5939,"Live at the OCCII - June 22, 2009",29.976598639455784
27456,Experimental,1,../data/local/processed_mel/027456.npy,281,Sun Araw,5939,"Live at the OCCII - June 22, 2009",29.976598639455784
27547,Pop,6,../data/local/processed_mel/027547.npy,6957,Frau,5953,Starlit Carousel,29.976598639455784
27548,Pop,6,../data/local/processed_mel/027548.npy,6957,Frau,5953,Starlit Carousel,30.002721088435376
27549,Pop,6,../data/local/processed_mel/027549.npy,6957,Frau,5953,Starlit Carousel,30.002721088435376
27550,Pop,6,../data/local/processed_mel/027550.npy,6957,Frau,5953,Starlit Carousel,29.976598639455784
27551,Pop,6,../data/local/processed_mel/027551.npy,6957,Frau,5953,Starlit Carousel,30.002721088435376
27552,Pop,6,../data/local/processed_mel/027552.npy,6957,Frau,5953,Starlit Carousel,29.976598639455784
27609,International,5,../data/local/processed_mel/027609.npy,6969,El Niño del Parking,5973,Art Fussion,29.976598639455784
27610,International,5,../data/local/processed_mel/027610.npy,6969,El Niño del Parking,5973,Art Fussion,29.976598639455784
27611,International,5,../data/local/processed_mel/027611.npy,6969,El Niño del Parking,5973,Art Fussion,29.976598639455784
27612,International,5,../data/local/processed_mel/027612.npy,6969,El Niño del Parking,5973,Art Fussion,30.002721088435376
27613,International,5,../data/local/processed_mel/027613.npy,6969,El Niño del Parking,5973,Art Fussion,30.002721088435376
27667,Electronic,0,../data/local/processed_mel/027667.npy,6972,Gradient,5978,Seashore,29.976598639455784
27673,Electronic,0,../data/local/processed_mel/027673.npy,5674,Bacalao,5977,Beats & Boucles Baroques,29.976598639455784
27797,Pop,6,../data/local/processed_mel/027797.npy,7009,The Orchestral Movement of 1932,5990,Secret Mixter Selections March 2010,29.976598639455784
27799,Hip-Hop,3,../data/local/processed_mel/027799.npy,7011,Ms.Vybe,5990,Secret Mixter Selections March 2010,30.002721088435376
27802,Pop,6,../data/local/processed_mel/027802.npy,7014,onlymeith,5990,Secret Mixter Selections March 2010,29.988979591836735
27803,Experimental,1,../data/local/processed_mel/027803.npy,7015,SackJo22,5990,Secret Mixter Selections March 2010,29.976598639455784
27804,Folk,2,../data/local/processed_mel/027804.npy,7016,Scomber,5990,Secret Mixter Selections March 2010,29.976598639455784
27805,Pop,6,../data/local/processed_mel/027805.npy,7017,State Shirt,5990,Secret Mixter Selections March 2010,29.976598639455784
27855,Folk,2,../data/local/processed_mel/027855.npy,153,Hall Of Fame,1717,Hall of Fame (1997),29.976598639455784
27856,Folk,2,../data/local/processed_mel/027856.npy,153,Hall Of Fame,225,"First Came Love, Then Came The Tree",29.976598639455784
27866,Experimental,1,../data/local/processed_mel/027866.npy,4331,Ivanovich,6020,Solo Guitar,30.002721088435376
27945,Experimental,1,../data/local/processed_mel/027945.npy,4373,Cooper-Moore,6045,A Retrospective 1990-2010 (set 1),30.002721088435376
27953,International,5,../data/local/processed_mel/027953.npy,4373,Cooper-Moore,6045,A Retrospective 1990-2010 (set 1),29.976598639455784
27975,International,5,../data/local/processed_mel/027975.npy,7059,Gamelan Nyai Saraswati,6046,Performing Music of Central Java,29.976598639455784
27978,International,5,../data/local/processed_mel/027978.npy,7059,Gamelan Nyai Saraswati,6046,Performing Music of Central Java,29.976598639455784
27981,International,5,../data/local/processed_mel/027981.npy,7059,Gamelan Nyai Saraswati,6046,Performing Music of Central Java,30.002721088435376
27987,International,5,../data/local/processed_mel/027987.npy,7059,Gamelan Nyai Saraswati,6050,An Evening of Javanese Music and Dance,29.976598639455784
28241,Experimental,1,../data/local/processed_mel/028241.npy,5804,Copydex,6095,Live On WFMU August 2008,29.976598639455784
28260,Rock,7,../data/local/processed_mel/028260.npy,7099,Cloud Nothings,6098,Various Deficiencies Vol. 1,29.976598639455784
28477,Pop,6,../data/local/processed_mel/028477.npy,6880,The Pop Winds,6125,The Turquoise,30.002721088435376
28478,Pop,6,../data/local/processed_mel/028478.npy,6880,The Pop Winds,6125,The Turquoise,30.002721088435376
28479,Pop,6,../data/local/processed_mel/028479.npy,6880,The Pop Winds,6125,The Turquoise,29.976598639455784
28480,Pop,6,../data/local/processed_mel/028480.npy,6880,The Pop Winds,6125,The Turquoise,30.002721088435376
28481,Pop,6,../data/local/processed_mel/028481.npy,6880,The Pop Winds,6125,The Turquoise,30.002721088435376
28482,Pop,6,../data/local/processed_mel/028482.npy,6880,The Pop Winds,6125,The Turquoise,29.976598639455784
28483,Pop,6,../data/local/processed_mel/028483.npy,6880,The Pop Winds,6125,The Turquoise,29.976598639455784
28484,Pop,6,../data/local/processed_mel/028484.npy,6880,The Pop Winds,6125,The Turquoise,30.002721088435376
28485,Pop,6,../data/local/processed_mel/028485.npy,6880,The Pop Winds,6125,The Turquoise,29.976598639455784
28546,Electronic,0,../data/local/processed_mel/028546.npy,7169,DoKashiteru,6138,ccMixter,29.976598639455784
28548,Electronic,0,../data/local/processed_mel/028548.npy,7171,General Fuzz,6141,Cool Aberrations,30.002721088435376
28553,Electronic,0,../data/local/processed_mel/028553.npy,7173,_ghost,1886,ccMixter,30.002721088435376
28571,Experimental,1,../data/local/processed_mel/028571.npy,3171,Radioactive Sparrow,6149,Lifetimes Achievements Awards,29.976598639455784
28608,Pop,6,../data/local/processed_mel/028608.npy,129,Ergo Phizmiz,6158,Volcano!,29.976598639455784
29045,Pop,6,../data/local/processed_mel/029045.npy,7271,Buffalo Stance,6247,Sugar Glider,29.976598639455784
29128,Pop,6,../data/local/processed_mel/029128.npy,7276,Jim Morisson mon cul,6253,jim morrison mon cul,29.976598639455784
29180,Pop,6,../data/local/processed_mel/029180.npy,7286,Charlene Darling,6259,Finnish Eyes,30.002721088435376
29243,Pop,6,../data/local/processed_mel/029243.npy,7290,Benjamin Bret,6266,Bolaté,29.976598639455784
29245,Pop,6,../data/local/processed_mel/029245.npy,7290,Benjamin Bret,6266,Bolaté,30.002721088435376
29255,Pop,6,../data/local/processed_mel/029255.npy,7290,Benjamin Bret,6266,Bolaté,30.002721088435376
29271,Pop,6,../data/local/processed_mel/029271.npy,7296,Dan Bryk,6267,netBloc Vol. 28: Why You Get A Record Deal?,29.976598639455784
29272,Experimental,1,../data/local/processed_mel/029272.npy,129,Ergo Phizmiz,6267,netBloc Vol. 28: Why You Get A Record Deal?,29.976598639455784
29355,International,5,../data/local/processed_mel/029355.npy,7330,InKa,6274,Ulqutushuy,29.990702947845804
29465,Experimental,1,../data/local/processed_mel/029465.npy,5804,Copydex,6284,Cash Price Champion,30.002721088435376
29480,Folk,2,../data/local/processed_mel/029480.npy,7340,Falcao and Monashee,6288,Fools,30.002721088435376
29587,Hip-Hop,3,../data/local/processed_mel/029587.npy,7368,Mr. Busalot,6312,Test Screening of 'The Story Of Mr. Busalot',30.002721088435376
29602,Hip-Hop,3,../data/local/processed_mel/029602.npy,7371,KenLo Craqnuques,6315,Cailloux Germés,29.976598639455784
29673,Electronic,0,../data/local/processed_mel/029673.npy,6848,Listen With Sarah,6339,Are You Sitting Comfortably?,30.002721088435376
29718,Hip-Hop,3,../data/local/processed_mel/029718.npy,7391,Codex Machine,6344,Man vs Monkey EP,29.976598639455784
29719,Hip-Hop,3,../data/local/processed_mel/029719.npy,7391,Codex Machine,6344,Man vs Monkey EP,29.976598639455784
29720,Hip-Hop,3,../data/local/processed_mel/029720.npy,7391,Codex Machine,6344,Man vs Monkey EP,30.002721088435376
29721,Hip-Hop,3,../data/local/processed_mel/029721.npy,7391,Codex Machine,6344,Man vs Monkey EP,30.002721088435376
29738,Experimental,1,../data/local/processed_mel/029738.npy,7405,Brody,6350,Silly Songs,29.976598639455784
29739,Experimental,1,../data/local/processed_mel/029739.npy,7398,Uncle Neptune,6350,Silly Songs,30.002721088435376
29740,Experimental,1,../data/local/processed_mel/029740.npy,7399,Kazoo Funk Orchestra,6350,Silly Songs,29.976598639455784
29741,Experimental,1,../data/local/processed_mel/029741.npy,5457,A Smile for Timbuctu,6350,Silly Songs,29.976598639455784
29742,Experimental,1,../data/local/processed_mel/029742.npy,7401,El Zoologico,6350,Silly Songs,30.002721088435376
29744,Experimental,1,../data/local/processed_mel/029744.npy,7402,Rufus Hofbagger,6350,Silly Songs,29.976598639455784
29745,Experimental,1,../data/local/processed_mel/029745.npy,1757,The Bran Flakes,6350,Silly Songs,29.976598639455784
29746,Experimental,1,../data/local/processed_mel/029746.npy,2008,Lee Rosevere,6350,Silly Songs,30.002721088435376
29747,Experimental,1,../data/local/processed_mel/029747.npy,7409,Mister Jan,6350,Silly Songs,30.002721088435376
29750,Experimental,1,../data/local/processed_mel/029750.npy,7407,Pastor McPurvis,6350,Silly Songs,29.976598639455784
29752,Experimental,1,../data/local/processed_mel/029752.npy,7409,Mister Jan,6350,Silly Songs,30.002721088435376
29807,Rock,7,../data/local/processed_mel/029807.npy,7425,The Dreams,6365,"Live at WFMU on Brian Turner's show, 5/4/2010",30.002721088435376
29813,Rock,7,../data/local/processed_mel/029813.npy,7425,The Dreams,6365,"Live at WFMU on Brian Turner's show, 5/4/2010",30.002721088435376
29816,Electronic,0,../data/local/processed_mel/029816.npy,354,Future Islands,6364,Live at WFMU on Marty McSorley's Show on 05/05/2010,30.002721088435376
29961,Hip-Hop,3,../data/local/processed_mel/029961.npy,6549,Deal The Villain,6380,The DTV Beat Tape,29.976598639455784
29971,Folk,2,../data/local/processed_mel/029971.npy,7458,Amy Sayer,6383,The Wild Tape,29.976598639455784
30041,Hip-Hop,3,../data/local/processed_mel/030041.npy,7473,Cullah,6390,E=MC Cullah,29.976598639455784
30043,Hip-Hop,3,../data/local/processed_mel/030043.npy,7473,Cullah,6390,E=MC Cullah,29.976598639455784
30050,Hip-Hop,3,../data/local/processed_mel/030050.npy,7473,Cullah,6391,Killah Cullah,29.976598639455784
30056,Hip-Hop,3,../data/local/processed_mel/030056.npy,7473,Cullah,6391,Killah Cullah,29.976598639455784
30058,Hip-Hop,3,../data/local/processed_mel/030058.npy,7473,Cullah,6391,Killah Cullah,30.002721088435376
30059,Hip-Hop,3,../data/local/processed_mel/030059.npy,7473,Cullah,6391,Killah Cullah,29.976598639455784
30090,Experimental,1,../data/local/processed_mel/030090.npy,7487,1 Riche Kannibal,6398,L'intrus-Mental,30.002721088435376
30095,Experimental,1,../data/local/processed_mel/030095.npy,7487,1 Riche Kannibal,6398,L'intrus-Mental,29.976598639455784
30120,Experimental,1,../data/local/processed_mel/030120.npy,7489,Juan Antonio Nieto,6403,Test,30.002721088435376
30196,Instrumental,4,../data/local/processed_mel/030196.npy,2008,Lee Rosevere,6145,Backtime,29.976598639455784
30198,Experimental,1,../data/local/processed_mel/030198.npy,2008,Lee Rosevere,6145,Backtime,29.976598639455784
30230,Hip-Hop,3,../data/local/processed_mel/030230.npy,7498,St. LaRok,6411,Leap Year EP,29.976598639455784
30486,Pop,6,../data/local/processed_mel/030486.npy,7546,Amil Byleckie,6439,Delirious,29.976598639455784
30487,Pop,6,../data/local/processed_mel/030487.npy,7546,Amil Byleckie,6439,Delirious,29.976598639455784
30488,Pop,6,../data/local/processed_mel/030488.npy,7546,Amil Byleckie,6439,Delirious,30.002721088435376
30519,Electronic,0,../data/local/processed_mel/030519.npy,7550,Trash80,6444,Icarus,29.976598639455784
30520,Electronic,0,../data/local/processed_mel/030520.npy,7550,Trash80,6444,Icarus,29.976598639455784
30521,Electronic,0,../data/local/processed_mel/030521.npy,7550,Trash80,6444,Icarus,30.002721088435376
30522,Electronic,0,../data/local/processed_mel/030522.npy,7550,Trash80,6444,Icarus,29.976598639455784
30636,Experimental,1,../data/local/processed_mel/030636.npy,868,"If, Bwana",6460,Pogus/White Fungus Compilation,30.002721088435376
30690,Experimental,1,../data/local/processed_mel/030690.npy,7587,Ambient Fabric,6467,Classwar Karaoke - 0010 Survey,30.002721088435376
30740,Experimental,1,../data/local/processed_mel/030740.npy,1024,Paul Metzger,6470,The Uses of Infinity (Live at ISSUE Project Room),30.002721088435376
31040,Electronic,0,../data/local/processed_mel/031040.npy,7688,Christian Bjoerklund,6518,Skapmat,30.002721088435376
31041,Electronic,0,../data/local/processed_mel/031041.npy,7688,Christian Bjoerklund,6518,Skapmat,30.002721088435376
31042,Electronic,0,../data/local/processed_mel/031042.npy,7688,Christian Bjoerklund,6518,Skapmat,30.002721088435376
31043,Electronic,0,../data/local/processed_mel/031043.npy,7688,Christian Bjoerklund,6518,Skapmat,29.976598639455784
31044,Electronic,0,../data/local/processed_mel/031044.npy,7688,Christian Bjoerklund,6518,Skapmat,29.976598639455784
31165,International,5,../data/local/processed_mel/031165.npy,7727,BNegão & Seletores de Freqüência,6551,Enxugando Gelo,29.976598639455784
31356,Folk,2,../data/local/processed_mel/031356.npy,6641,Spectre Folk,6566,Live at WFMU on Brian Turner's Show 4/13/2010,29.976598639455784
31389,Folk,2,../data/local/processed_mel/031389.npy,7458,Amy Sayer,6580,Amy Sayer's Songs,29.976598639455784
31390,Folk,2,../data/local/processed_mel/031390.npy,7458,Amy Sayer,6580,Amy Sayer's Songs,30.002721088435376
31391,Folk,2,../data/local/processed_mel/031391.npy,7458,Amy Sayer,6580,Amy Sayer's Songs,30.002721088435376
31392,Folk,2,../data/local/processed_mel/031392.npy,7458,Amy Sayer,6580,Amy Sayer's Songs,30.002721088435376
31807,Folk,2,../data/local/processed_mel/031807.npy,4126,Fuck Buddies,6636,VA - Just Let Us Be Great,29.976598639455784
31887,International,5,../data/local/processed_mel/031887.npy,7875,Louise Ebrel and Ifig Flatres,6648,"Live at WFMU on Transpacific Sound Paradise, 5/22/10",29.976598639455784
31888,International,5,../data/local/processed_mel/031888.npy,7875,Louise Ebrel and Ifig Flatres,6648,"Live at WFMU on Transpacific Sound Paradise, 5/22/10",30.002721088435376
31889,International,5,../data/local/processed_mel/031889.npy,7875,Louise Ebrel and Ifig Flatres,6648,"Live at WFMU on Transpacific Sound Paradise, 5/22/10",30.002721088435376
31999,Rock,7,../data/local/processed_mel/031999.npy,7920,Twin Sister,6690,Vampires with Dreaming Kids,29.976598639455784
32001,Rock,7,../data/local/processed_mel/032001.npy,7920,Twin Sister,6690,Vampires with Dreaming Kids,29.976598639455784
32021,Rock,7,../data/local/processed_mel/032021.npy,3676,Das Black Milk,6692,"Live on WFMU's Evan ""Funk"" Davies Show 6/23/2010",30.002721088435376
32075,Rock,7,../data/local/processed_mel/032075.npy,7496,Single Bullet Theory,6706,SBT: 1977-1980,30.002721088435376
32081,Rock,7,../data/local/processed_mel/032081.npy,7496,Single Bullet Theory,6706,SBT: 1977-1980,30.002721088435376
32218,Electronic,0,../data/local/processed_mel/032218.npy,7948,Monokle & Galun,6735,In Frame,29.976598639455784
32325,Pop,6,../data/local/processed_mel/032325.npy,7949,Plushgoolash,6743,Chin09: Plushgoolash,29.976598639455784
32326,Pop,6,../data/local/processed_mel/032326.npy,7949,Plushgoolash,6743,Chin09: Plushgoolash,30.002721088435376
32327,Pop,6,../data/local/processed_mel/032327.npy,7949,Plushgoolash,6743,Chin09: Plushgoolash,29.976598639455784
32328,Pop,6,../data/local/processed_mel/032328.npy,7949,Plushgoolash,6743,Chin09: Plushgoolash,29.976598639455784
32329,Pop,6,../data/local/processed_mel/032329.npy,7949,Plushgoolash,6743,Chin09: Plushgoolash,30.002721088435376
32330,Pop,6,../data/local/processed_mel/032330.npy,7949,Plushgoolash,6743,Chin09: Plushgoolash,30.002721088435376
32331,Pop,6,../data/local/processed_mel/032331.npy,7949,Plushgoolash,6743,Chin09: Plushgoolash,30.002721088435376
32332,Pop,6,../data/local/processed_mel/032332.npy,7949,Plushgoolash,6743,Chin09: Plushgoolash,29.976598639455784
32333,Pop,6,../data/local/processed_mel/032333.npy,7949,Plushgoolash,6743,Chin09: Plushgoolash,29.976598639455784
32334,Pop,6,../data/local/processed_mel/032334.npy,7949,Plushgoolash,6743,Chin09: Plushgoolash,30.002721088435376
32335,Pop,6,../data/local/processed_mel/032335.npy,7949,Plushgoolash,6743,Chin09: Plushgoolash,30.002721088435376
32336,Pop,6,../data/local/processed_mel/032336.npy,7949,Plushgoolash,6743,Chin09: Plushgoolash,29.976598639455784
32337,Pop,6,../data/local/processed_mel/032337.npy,7949,Plushgoolash,6743,Chin09: Plushgoolash,30.002721088435376
32338,Pop,6,../data/local/processed_mel/032338.npy,7949,Plushgoolash,6743,Chin09: Plushgoolash,30.002721088435376
32339,Pop,6,../data/local/processed_mel/032339.npy,7949,Plushgoolash,6743,Chin09: Plushgoolash,30.002721088435376
32340,Pop,6,../data/local/processed_mel/032340.npy,7949,Plushgoolash,6743,Chin09: Plushgoolash,29.976598639455784
32433,Electronic,0,../data/local/processed_mel/032433.npy,7970,Crazy Games,6758,Micro Invasion - East Jakarta Chiptunes Compilation,29.976598639455784
32437,Electronic,0,../data/local/processed_mel/032437.npy,7974,Big Bang Boom,6758,Micro Invasion - East Jakarta Chiptunes Compilation,30.002721088435376
32438,Electronic,0,../data/local/processed_mel/032438.npy,7975,You Kill My Brother,6758,Micro Invasion - East Jakarta Chiptunes Compilation,29.976598639455784
32439,Electronic,0,../data/local/processed_mel/032439.npy,7976,Son Of A Bit!,6758,Micro Invasion - East Jakarta Chiptunes Compilation,29.976598639455784
32525,Pop,6,../data/local/processed_mel/032525.npy,7991,Secret Cities,6772,"Live at WFMU on Night People, 7/1/10",30.002721088435376
32686,Hip-Hop,3,../data/local/processed_mel/032686.npy,3717,transient,6793,Symphony of Curves,29.976598639455784
32687,Hip-Hop,3,../data/local/processed_mel/032687.npy,3717,transient,6793,Symphony of Curves,29.976598639455784
32689,Hip-Hop,3,../data/local/processed_mel/032689.npy,3717,transient,6793,Symphony of Curves,30.002721088435376
32693,Hip-Hop,3,../data/local/processed_mel/032693.npy,3717,transient,6793,Symphony of Curves,29.976598639455784
32694,Hip-Hop,3,../data/local/processed_mel/032694.npy,3717,transient,6793,Symphony of Curves,29.976598639455784
32695,Hip-Hop,3,../data/local/processed_mel/032695.npy,3717,transient,6793,Symphony of Curves,30.002721088435376
32755,Hip-Hop,3,../data/local/processed_mel/032755.npy,8021,Anitek,6803,netBloc Vol. 29: Fantastic! Incredible! Stupendous!,30.002721088435376
32759,Pop,6,../data/local/processed_mel/032759.npy,8023,Heifervescent,6803,netBloc Vol. 29: Fantastic! Incredible! Stupendous!,30.002721088435376
32760,Pop,6,../data/local/processed_mel/032760.npy,6044,Christophe Marc,6803,netBloc Vol. 29: Fantastic! Incredible! Stupendous!,30.002721088435376
32800,Folk,2,../data/local/processed_mel/032800.npy,5300,Yair Yona,6817,"Live in IDC Radio, Tel Aviv",30.002721088435376
32882,Hip-Hop,3,../data/local/processed_mel/032882.npy,6422,Katrah-Quey,6828,Hearing The Earthtones After,30.002721088435376
33020,Rock,7,../data/local/processed_mel/033020.npy,8088,Dublin Duck Dispensary,6843,Yykes Basket,30.002721088435376
33049,Folk,2,../data/local/processed_mel/033049.npy,8094,Eric Lindley,6849,"Live at WFMU on Beastin' The Airwaves, 6/29/10",30.002721088435376
33050,Folk,2,../data/local/processed_mel/033050.npy,8094,Eric Lindley,6849,"Live at WFMU on Beastin' The Airwaves, 6/29/10",29.976598639455784
33064,Electronic,0,../data/local/processed_mel/033064.npy,8098,Willow,6853,Little Toys EP,30.002721088435376
33067,International,5,../data/local/processed_mel/033067.npy,8100,Chico Trujillo,6855,"Live at WFMU on Transpacific Sound Paradise, 7/24/10",29.976598639455784
33068,International,5,../data/local/processed_mel/033068.npy,8100,Chico Trujillo,6855,"Live at WFMU on Transpacific Sound Paradise, 7/24/10",30.002721088435376
33069,International,5,../data/local/processed_mel/033069.npy,8100,Chico Trujillo,6855,"Live at WFMU on Transpacific Sound Paradise, 7/24/10",30.002721088435376
33070,International,5,../data/local/processed_mel/033070.npy,8100,Chico Trujillo,6855,"Live at WFMU on Transpacific Sound Paradise, 7/24/10",29.976598639455784
33071,International,5,../data/local/processed_mel/033071.npy,8100,Chico Trujillo,6855,"Live at WFMU on Transpacific Sound Paradise, 7/24/10",29.976598639455784
33072,International,5,../data/local/processed_mel/033072.npy,8100,Chico Trujillo,6855,"Live at WFMU on Transpacific Sound Paradise, 7/24/10",29.976598639455784
33123,Electronic,0,../data/local/processed_mel/033123.npy,8064,Elisa Luu,6858,The time of waiting,30.002721088435376
33124,Electronic,0,../data/local/processed_mel/033124.npy,8066,Menion,6859,Out of sound/Out of silence,30.002721088435376
33203,Electronic,0,../data/local/processed_mel/033203.npy,8166,Maryos,6889,Bad Panda #15,30.002721088435376
33216,Electronic,0,../data/local/processed_mel/033216.npy,8178,Alexandrina,6891,Buzz.RO! 2010 [LCL00],29.976598639455784
33221,Electronic,0,../data/local/processed_mel/033221.npy,8154,Suie Paparude,6891,Buzz.RO! 2010 [LCL00],29.976598639455784
33278,Experimental,1,../data/local/processed_mel/033278.npy,474,Bing and Ruth,6919,Bad Panda #39,29.976598639455784
33415,International,5,../data/local/processed_mel/033415.npy,8247,runa simi language singer,6973,ulqutushuy2,29.976598639455784
33422,International,5,../data/local/processed_mel/033422.npy,8253,BANDA TIPICA LOS AUTENTICOS DE MARKA MARKA,6973,ulqutushuy2,30.002721088435376
33424,International,5,../data/local/processed_mel/033424.npy,8255,las Salcabambinitas,6973,ulqutushuy2,30.002721088435376
33426,International,5,../data/local/processed_mel/033426.npy,8257,CONCHACCOTA PROGRESO GRAU,6973,ulqutushuy2,29.976598639455784
33446,Folk,2,../data/local/processed_mel/033446.npy,5300,Yair Yona,6817,"Live in IDC Radio, Tel Aviv",30.002721088435376
33459,Rock,7,../data/local/processed_mel/033459.npy,8266,Unrest,6983,"Live at WFMU on Brian Turner's Show, 7/20/10",30.002721088435376
33460,Rock,7,../data/local/processed_mel/033460.npy,8266,Unrest,6983,"Live at WFMU on Brian Turner's Show, 7/20/10",29.976598639455784
33461,Rock,7,../data/local/processed_mel/033461.npy,8266,Unrest,6983,"Live at WFMU on Brian Turner's Show, 7/20/10",29.976598639455784
33465,Rock,7,../data/local/processed_mel/033465.npy,8266,Unrest,6983,"Live at WFMU on Brian Turner's Show, 7/20/10",30.002721088435376
33477,Experimental,1,../data/local/processed_mel/033477.npy,8269,Ran Slavin,6988,The Mediterranean Drift,29.976598639455784
33538,Rock,7,../data/local/processed_mel/033538.npy,538,Calexico,7011,Live in Nuremberg 2009,29.976598639455784
34003,Experimental,1,../data/local/processed_mel/034003.npy,3530,Andrij Orel,7077,WHNZ:11:SOM,30.002721088435376
34147,Folk,2,../data/local/processed_mel/034147.npy,5300,Yair Yona,7118,"Live@Uganda Pub, Jerusalem, Israel, 13-07-2010",29.976598639455784
34167,Hip-Hop,3,../data/local/processed_mel/034167.npy,8422,Blitz The Ambassador,7121,Live at WFMU on Put the Needle on the Record with Billy Jam 8/13/10,30.002721088435376
34257,Experimental,1,../data/local/processed_mel/034257.npy,8428,Bebe Fang,7129,Live at WFMU on Beastin' The Airwaves! with Keili,29.976598639455784
34258,Experimental,1,../data/local/processed_mel/034258.npy,8428,Bebe Fang,7129,Live at WFMU on Beastin' The Airwaves! with Keili,29.976598639455784
34263,Experimental,1,../data/local/processed_mel/034263.npy,8428,Bebe Fang,7129,Live at WFMU on Beastin' The Airwaves! with Keili,29.976598639455784
34484,Folk,2,../data/local/processed_mel/034484.npy,8467,Not From This World,7177,Millky Way,29.976598639455784
34510,Experimental,1,../data/local/processed_mel/034510.npy,8471,Cecilia Lopez,7183,Musica Universalis: Music of the Planes,29.976598639455784
34511,Pop,6,../data/local/processed_mel/034511.npy,8472,Symfoniorkestern,7184,Bad Panda #44,29.976598639455784
34994,Experimental,1,../data/local/processed_mel/034994.npy,8506,6 or 7,7223,Classwar Karaoke - 0011 Survey,29.976598639455784
34996,Experimental,1,../data/local/processed_mel/034996.npy,7587,Ambient Fabric,7223,Classwar Karaoke - 0011 Survey,30.002721088435376
35007,Experimental,1,../data/local/processed_mel/035007.npy,8516,EHEIM 1000.220 with PAS,7223,Classwar Karaoke - 0011 Survey,29.976598639455784
35296,Electronic,0,../data/local/processed_mel/035296.npy,2133,Dntel,7267,2999,29.976598639455784
35299,Electronic,0,../data/local/processed_mel/035299.npy,5653,Mochipet,7269,2999 (Mochipet),30.002721088435376
35443,Folk,2,../data/local/processed_mel/035443.npy,8610,Leonard Mynx,7307,Bad Panda #47,29.976598639455784
35444,Experimental,1,../data/local/processed_mel/035444.npy,7501,James Beaudreau,6957,Fresh Twigs (WBR 02),30.002721088435376
35527,Rock,7,../data/local/processed_mel/035527.npy,5911,Lorenzo's Music,7319,BAZAR,29.976598639455784
35534,Rock,7,../data/local/processed_mel/035534.npy,5911,Lorenzo's Music,7319,BAZAR,29.976598639455784
35535,Rock,7,../data/local/processed_mel/035535.npy,5911,Lorenzo's Music,7319,BAZAR,29.976598639455784
35537,Rock,7,../data/local/processed_mel/035537.npy,5911,Lorenzo's Music,7319,BAZAR,30.002721088435376
35539,Rock,7,../data/local/processed_mel/035539.npy,5911,Lorenzo's Music,7319,BAZAR,30.002721088435376
35541,Rock,7,../data/local/processed_mel/035541.npy,5911,Lorenzo's Music,7319,BAZAR,29.976598639455784
35543,Rock,7,../data/local/processed_mel/035543.npy,5911,Lorenzo's Music,7319,BAZAR,29.976598639455784
35571,Rock,7,../data/local/processed_mel/035571.npy,8371,Marvelry Skimmer,7058,Workbench Recordings B-Sides Series: Marvelry Skimmer,29.976598639455784
35734,Folk,2,../data/local/processed_mel/035734.npy,8626,James Franc-Parler,7336,Pax pour Toujours,30.002721088435376
36143,Electronic,0,../data/local/processed_mel/036143.npy,8666,Kink Slap Simian,7389,Hybrid Man Machina,30.002721088435376
36144,Electronic,0,../data/local/processed_mel/036144.npy,8667,Shatterfreak,7390,A Stitch In Sine,30.002721088435376
36145,Electronic,0,../data/local/processed_mel/036145.npy,8667,Shatterfreak,7390,A Stitch In Sine,29.976598639455784
36146,Electronic,0,../data/local/processed_mel/036146.npy,8667,Shatterfreak,7390,A Stitch In Sine,29.976598639455784
36147,Electronic,0,../data/local/processed_mel/036147.npy,8667,Shatterfreak,7390,A Stitch In Sine,29.976598639455784
36272,International,5,../data/local/processed_mel/036272.npy,8688,Demiran Ćerimović and His Orkestar,7411,Live from Guča,29.988979591836735
36273,International,5,../data/local/processed_mel/036273.npy,8688,Demiran Ćerimović and His Orkestar,7411,Live from Guča,29.988979591836735
36275,International,5,../data/local/processed_mel/036275.npy,8688,Demiran Ćerimović and His Orkestar,7411,Live from Guča,29.988979591836735
36277,International,5,../data/local/processed_mel/036277.npy,8688,Demiran Ćerimović and His Orkestar,7411,Live from Guča,29.988979591836735
36304,Hip-Hop,3,../data/local/processed_mel/036304.npy,8694,Burning Bright,7416,The Cherry Tree EP,29.976598639455784
36322,Folk,2,../data/local/processed_mel/036322.npy,8704,Delgarma,7422,Den Andra [LCLCB05],30.002721088435376
36333,Folk,2,../data/local/processed_mel/036333.npy,8704,Delgarma,7422,Den Andra [LCLCB05],29.976598639455784
36371,Pop,6,../data/local/processed_mel/036371.npy,7295,ZOE.LEELA,7428,a2n Creative Commons Compilation 2010 // all2gethernow,29.976598639455784
36380,Electronic,0,../data/local/processed_mel/036380.npy,6890,Pixelord,7428,a2n Creative Commons Compilation 2010 // all2gethernow,30.002721088435376
36388,Pop,6,../data/local/processed_mel/036388.npy,7295,ZOE.LEELA,7429,Queendom Come,30.002721088435376
36428,Electronic,0,../data/local/processed_mel/036428.npy,3950,Bitbasic,7435,Pixel Mixel,29.976598639455784
36435,Electronic,0,../data/local/processed_mel/036435.npy,3950,Bitbasic,7435,Pixel Mixel,30.002721088435376
36481,Rock,7,../data/local/processed_mel/036481.npy,8722,Las Ruinas,7439,Butano,30.002721088435376
36526,Rock,7,../data/local/processed_mel/036526.npy,6196,Lou Barlow,7446,"Lou Barlow + The Missingmen Live @ WFMU on Cherry Blossom Clinic, Sept. 4th 2010",29.976598639455784
36567,Experimental,1,../data/local/processed_mel/036567.npy,8729,Kommissar Hjuler,7453,Blue Orchid,29.976598639455784
36614,Pop,6,../data/local/processed_mel/036614.npy,7546,Amil Byleckie,7460,Music from a Diorama Pyramid,29.976598639455784
36615,Pop,6,../data/local/processed_mel/036615.npy,7546,Amil Byleckie,7460,Music from a Diorama Pyramid,30.002721088435376
36616,Pop,6,../data/local/processed_mel/036616.npy,7546,Amil Byleckie,7460,Music from a Diorama Pyramid,30.002721088435376
36618,Pop,6,../data/local/processed_mel/036618.npy,7546,Amil Byleckie,7460,Music from a Diorama Pyramid,30.002721088435376
36643,Pop,6,../data/local/processed_mel/036643.npy,7546,Amil Byleckie,7460,Music from a Diorama Pyramid,29.976598639455784
36659,Electronic,0,../data/local/processed_mel/036659.npy,8760,All India Radio,7466,Bad Panda #50,29.976598639455784
36983,Hip-Hop,3,../data/local/processed_mel/036983.npy,6274,Black Ant,7492,Joanna Preciado,29.976598639455784
36984,Hip-Hop,3,../data/local/processed_mel/036984.npy,6274,Black Ant,7492,Joanna Preciado,29.976598639455784
36985,Hip-Hop,3,../data/local/processed_mel/036985.npy,6274,Black Ant,7492,Joanna Preciado,29.976598639455784
36986,Hip-Hop,3,../data/local/processed_mel/036986.npy,6274,Black Ant,7492,Joanna Preciado,29.976598639455784
36987,Hip-Hop,3,../data/local/processed_mel/036987.npy,6274,Black Ant,7492,Joanna Preciado,29.976598639455784
36988,Hip-Hop,3,../data/local/processed_mel/036988.npy,6274,Black Ant,7492,Joanna Preciado,30.002721088435376
36990,Hip-Hop,3,../data/local/processed_mel/036990.npy,6274,Black Ant,7492,Joanna Preciado,30.002721088435376
36992,Hip-Hop,3,../data/local/processed_mel/036992.npy,6274,Black Ant,7492,Joanna Preciado,29.976598639455784
36994,Hip-Hop,3,../data/local/processed_mel/036994.npy,6274,Black Ant,7492,Joanna Preciado,29.976598639455784
36997,Hip-Hop,3,../data/local/processed_mel/036997.npy,6274,Black Ant,7492,Joanna Preciado,30.002721088435376
36999,International,5,../data/local/processed_mel/036999.npy,8688,Demiran Ćerimović and His Orkestar,7411,Live from Guča,29.988979591836735
37041,Experimental,1,../data/local/processed_mel/037041.npy,8809,MV Carbon & Philip White,7499,Live at ISSUE 9/23/10,29.976598639455784
37111,Instrumental,4,../data/local/processed_mel/037111.npy,8872,Nigel Simmons,7503,Calling All Fiends,30.002721088435376
37113,Instrumental,4,../data/local/processed_mel/037113.npy,1878,Weirdomusic,7503,Calling All Fiends,29.976598639455784
37119,Instrumental,4,../data/local/processed_mel/037119.npy,2008,Lee Rosevere,7503,Calling All Fiends,29.976598639455784
37121,Experimental,1,../data/local/processed_mel/037121.npy,3246,Jeffrey Letterly,7503,Calling All Fiends,30.002721088435376
37131,Electronic,0,../data/local/processed_mel/037131.npy,8885,Pharmacom,7503,Calling All Fiends,29.976598639455784
37136,Pop,6,../data/local/processed_mel/037136.npy,8889,X-tokyo-river-god,7503,Calling All Fiends,29.976598639455784
37141,Instrumental,4,../data/local/processed_mel/037141.npy,8894,Urban Inbreed,7503,Calling All Fiends,30.002721088435376
37147,Rock,7,../data/local/processed_mel/037147.npy,8895,Zombie Raiders,7504,True Old School Horror Grind,29.976598639455784
37324,Pop,6,../data/local/processed_mel/037324.npy,8959,Zuby Nehty,7509,"Live on WFMU's Inner Ear Detour, Oct 1st 2010",29.976598639455784
37325,Pop,6,../data/local/processed_mel/037325.npy,8959,Zuby Nehty,7509,"Live on WFMU's Inner Ear Detour, Oct 1st 2010",29.976598639455784
37368,Pop,6,../data/local/processed_mel/037368.npy,8965,Útidúr,7518,Bad Panda #51,29.976598639455784
37369,Pop,6,../data/local/processed_mel/037369.npy,8965,Útidúr,7518,Bad Panda #51,29.976598639455784
37416,Hip-Hop,3,../data/local/processed_mel/037416.npy,8972,Church Of When The Shit Hits The Fan,7524,COWTSHTF 1,29.976598639455784
37417,Hip-Hop,3,../data/local/processed_mel/037417.npy,8972,Church Of When The Shit Hits The Fan,7524,COWTSHTF 1,30.002721088435376
37423,Hip-Hop,3,../data/local/processed_mel/037423.npy,8972,Church Of When The Shit Hits The Fan,7524,COWTSHTF 1,30.002721088435376
37538,Experimental,1,../data/local/processed_mel/037538.npy,8995,The Superfools,7540,Chin11: The Superfools,29.976598639455784
37592,Rock,7,../data/local/processed_mel/037592.npy,9000,The Communion,7546,"Live on WFMU's My Castle of Quiet, 10.8.10",29.976598639455784
37725,Rock,7,../data/local/processed_mel/037725.npy,453,Bardo Pond,7572,Live at ATP-NY 2010,30.002721088435376
37727,Rock,7,../data/local/processed_mel/037727.npy,453,Bardo Pond,7572,Live at ATP-NY 2010,29.976598639455784
37730,Rock,7,../data/local/processed_mel/037730.npy,453,Bardo Pond,7572,Live at ATP-NY 2010,29.976598639455784
37731,Rock,7,../data/local/processed_mel/037731.npy,453,Bardo Pond,7572,Live at ATP-NY 2010,30.002721088435376
37779,Experimental,1,../data/local/processed_mel/037779.npy,9034,La Rainbow Toy Orchestra,7577,Family Album,29.976598639455784
37781,Experimental,1,../data/local/processed_mel/037781.npy,9034,La Rainbow Toy Orchestra,7577,Family Album,29.976598639455784
37784,Experimental,1,../data/local/processed_mel/037784.npy,9034,La Rainbow Toy Orchestra,7577,Family Album,30.002721088435376
37859,Rock,7,../data/local/processed_mel/037859.npy,9056,The Itchy Creeps,7599,The Itchy Creeps,30.002721088435376
37911,Instrumental,4,../data/local/processed_mel/037911.npy,8873,Limonadiac,7503,Calling All Fiends,29.976598639455784
37920,Electronic,0,../data/local/processed_mel/037920.npy,9068,Wizwars,7605,Game Boy Rock!!,30.002721088435376
38312,Experimental,1,../data/local/processed_mel/038312.npy,9156,James Yates,7681,Bad Panda #54,29.976598639455784
38321,International,5,../data/local/processed_mel/038321.npy,9160,Tommy Tornado,7685,Live at Pacific Parc,30.002721088435376
38323,International,5,../data/local/processed_mel/038323.npy,9162,Unza Unza Orkstar,7686,Live at Pacific Parc,29.976598639455784
38326,International,5,../data/local/processed_mel/038326.npy,9165,Tchakare Kanyembe,7688,Live at Sacred Fire stage Boom 2008,30.002721088435376
38351,International,5,../data/local/processed_mel/038351.npy,9169,Mastermind XS,7691,One dub many roots [LCL22],30.002721088435376
38352,International,5,../data/local/processed_mel/038352.npy,9169,Mastermind XS,7691,One dub many roots [LCL22],30.002721088435376
38353,International,5,../data/local/processed_mel/038353.npy,9170,Mastermind XS,7691,One dub many roots [LCL22],29.976598639455784
38354,International,5,../data/local/processed_mel/038354.npy,9169,Mastermind XS,7691,One dub many roots [LCL22],29.976598639455784
38361,Folk,2,../data/local/processed_mel/038361.npy,9172,A Way,7693,EP,29.976598639455784
38362,Folk,2,../data/local/processed_mel/038362.npy,9172,A Way,7693,EP,30.002721088435376
38363,Folk,2,../data/local/processed_mel/038363.npy,9172,A Way,7693,EP,30.002721088435376
38365,International,5,../data/local/processed_mel/038365.npy,9169,Mastermind XS,7691,One dub many roots [LCL22],29.976598639455784
38399,Folk,2,../data/local/processed_mel/038399.npy,8880,Stealing Orchestra,7699,É Português Não Gosto!,30.002721088435376
38435,Rock,7,../data/local/processed_mel/038435.npy,4925,Kraus,7705,Faster than the Speed of Time,29.988979591836735
38450,Experimental,1,../data/local/processed_mel/038450.npy,9180,Children for Breakfast,7708,Ham,29.976598639455784
38522,Rock,7,../data/local/processed_mel/038522.npy,9191,Transmitters,7717,Count Your Blessings (1987-1989),29.976598639455784
38557,Rock,7,../data/local/processed_mel/038557.npy,9204,Party People in a Can,7723,"Way off, where the Spirits are",30.002721088435376
38560,International,5,../data/local/processed_mel/038560.npy,9204,Party People in a Can,7723,"Way off, where the Spirits are",30.002721088435376
38847,Experimental,1,../data/local/processed_mel/038847.npy,7587,Ambient Fabric,7760,Classwar Karaoke - 0012 Survey,30.002721088435376
38878,Electronic,0,../data/local/processed_mel/038878.npy,9278,Anders Ilar,7761,Bad Panda #55,30.002721088435376
38955,Pop,6,../data/local/processed_mel/038955.npy,9288,Liam Stewart,7767,netBloc Vol. 30: aldartea,29.976598639455784
38961,Pop,6,../data/local/processed_mel/038961.npy,6880,The Pop Winds,7767,netBloc Vol. 30: aldartea,29.976598639455784
38964,Experimental,1,../data/local/processed_mel/038964.npy,9291,Talulah Lotus,7770,Robot Sun,30.002721088435376
38965,Experimental,1,../data/local/processed_mel/038965.npy,9291,Talulah Lotus,7770,Robot Sun,29.976598639455784
38966,Experimental,1,../data/local/processed_mel/038966.npy,9291,Talulah Lotus,7770,Robot Sun,29.976598639455784
38967,Experimental,1,../data/local/processed_mel/038967.npy,9291,Talulah Lotus,7770,Robot Sun,30.002721088435376
39188,Experimental,1,../data/local/processed_mel/039188.npy,2474,U Can Unlearn Guitar,7800,Klassicarnage! Free Classical Revisited,30.002721088435376
39259,Experimental,1,../data/local/processed_mel/039259.npy,2474,U Can Unlearn Guitar,7800,Klassicarnage! Free Classical Revisited,29.976598639455784
39278,Experimental,1,../data/local/processed_mel/039278.npy,2474,U Can Unlearn Guitar,7800,Klassicarnage! Free Classical Revisited,30.002721088435376
39291,Electronic,0,../data/local/processed_mel/039291.npy,4069,Meme,7813,Meme vs Xan,30.002721088435376
39298,Rock,7,../data/local/processed_mel/039298.npy,9344,Gina Artworth,7819,sans titre,30.002721088435376
39357,International,5,../data/local/processed_mel/039357.npy,9378,Dubosmium,7837,Horiozontal plane polar Dub,29.976598639455784
39359,Rock,7,../data/local/processed_mel/039359.npy,9380,i'dawn,7839,The last hours of light,29.976598639455784
39378,Experimental,1,../data/local/processed_mel/039378.npy,2474,U Can Unlearn Guitar,7800,Klassicarnage! Free Classical Revisited,30.002721088435376
39484,Experimental,1,../data/local/processed_mel/039484.npy,2474,U Can Unlearn Guitar,7800,Klassicarnage! Free Classical Revisited,29.976598639455784
39488,Folk,2,../data/local/processed_mel/039488.npy,9395,Jay Martinez,7861,SWING IN ORLEANS,30.002721088435376
39530,Pop,6,../data/local/processed_mel/039530.npy,9288,Liam Stewart,7870,Bird Of Prey,29.976598639455784
39658,Pop,6,../data/local/processed_mel/039658.npy,9409,Quiet Hooves,7887,"Live at WFMU on Nat Roe's Show, Nov 17th 2010",30.002721088435376
39659,Pop,6,../data/local/processed_mel/039659.npy,9409,Quiet Hooves,7887,"Live at WFMU on Nat Roe's Show, Nov 17th 2010",29.976598639455784
39660,Pop,6,../data/local/processed_mel/039660.npy,9409,Quiet Hooves,7887,"Live at WFMU on Nat Roe's Show, Nov 17th 2010",29.976598639455784
39661,Pop,6,../data/local/processed_mel/039661.npy,9409,Quiet Hooves,7887,"Live at WFMU on Nat Roe's Show, Nov 17th 2010",29.976598639455784
39662,Pop,6,../data/local/processed_mel/039662.npy,9409,Quiet Hooves,7887,"Live at WFMU on Nat Roe's Show, Nov 17th 2010",30.002721088435376
39663,Pop,6,../data/local/processed_mel/039663.npy,9409,Quiet Hooves,7887,"Live at WFMU on Nat Roe's Show, Nov 17th 2010",30.002721088435376
39664,Pop,6,../data/local/processed_mel/039664.npy,9409,Quiet Hooves,7887,"Live at WFMU on Nat Roe's Show, Nov 17th 2010",29.976598639455784
39665,Pop,6,../data/local/processed_mel/039665.npy,9409,Quiet Hooves,7887,"Live at WFMU on Nat Roe's Show, Nov 17th 2010",30.002721088435376
39666,Pop,6,../data/local/processed_mel/039666.npy,9409,Quiet Hooves,7887,"Live at WFMU on Nat Roe's Show, Nov 17th 2010",30.002721088435376
39667,Pop,6,../data/local/processed_mel/039667.npy,9409,Quiet Hooves,7887,"Live at WFMU on Nat Roe's Show, Nov 17th 2010",29.988979591836735
39875,Experimental,1,../data/local/processed_mel/039875.npy,9264,Uton,7923,Violin Massage,30.002721088435376
39900,Experimental,1,../data/local/processed_mel/039900.npy,9264,Uton,7923,Violin Massage,30.002721088435376
39904,Experimental,1,../data/local/processed_mel/039904.npy,9264,Uton,7923,Violin Massage,29.976598639455784
40121,Experimental,1,../data/local/processed_mel/040121.npy,281,Sun Araw,7946,Off Duty 12'',30.002721088435376
40122,Experimental,1,../data/local/processed_mel/040122.npy,281,Sun Araw,7959,On Patrol 2xLP,29.976598639455784
40123,Experimental,1,../data/local/processed_mel/040123.npy,281,Sun Araw,7960,Heavy Deeds LP,30.002721088435376
40133,Rock,7,../data/local/processed_mel/040133.npy,9448,Behold! The Living Corpse,7966,DIE! 1999/2001 Demo,30.002721088435376
40134,Rock,7,../data/local/processed_mel/040134.npy,9448,Behold! The Living Corpse,7966,DIE! 1999/2001 Demo,29.976598639455784
40139,Rock,7,../data/local/processed_mel/040139.npy,9417,Krestovsky,7967,"In the Clear ('08-10, roughly)",29.976598639455784
40141,Rock,7,../data/local/processed_mel/040141.npy,9417,Krestovsky,7967,"In the Clear ('08-10, roughly)",29.976598639455784
40147,Experimental,1,../data/local/processed_mel/040147.npy,152,Gwilly Edmondez,7968,"Patterns Of Self, Remote",30.002721088435376
40161,Experimental,1,../data/local/processed_mel/040161.npy,152,Gwilly Edmondez,7968,"Patterns Of Self, Remote",29.976598639455784
40180,Experimental,1,../data/local/processed_mel/040180.npy,9456,Kuuleminen Asiat,7972,Wires on Words,29.976598639455784
40182,Experimental,1,../data/local/processed_mel/040182.npy,9456,Kuuleminen Asiat,7972,Wires on Words,29.976598639455784
40250,Instrumental,4,../data/local/processed_mel/040250.npy,9462,Maps & Transit,7983,Songs For Divining,29.976598639455784
40509,Experimental,1,../data/local/processed_mel/040509.npy,8964,Richard Garet,8031,Light Fields,29.976598639455784
40525,Hip-Hop,3,../data/local/processed_mel/040525.npy,9538,Duke Hugh,8032,Beattape Summer 2010,29.976598639455784
40541,Hip-Hop,3,../data/local/processed_mel/040541.npy,5934,uiutna,8034,kiss of halloween,29.988979591836735
40542,Hip-Hop,3,../data/local/processed_mel/040542.npy,5934,uiutna,8034,kiss of halloween,29.988979591836735
40598,Experimental,1,../data/local/processed_mel/040598.npy,9560,Honey Trappists,8044,Rough Jazz: Volume One,30.002721088435376
40683,Electronic,0,../data/local/processed_mel/040683.npy,8403,Str8 Sounds,7915,The Wild Computer Stylings of STR8 SOUNDS,29.976598639455784
40725,Electronic,0,../data/local/processed_mel/040725.npy,8403,Str8 Sounds,7915,The Wild Computer Stylings of STR8 SOUNDS,29.976598639455784
40842,Electronic,0,../data/local/processed_mel/040842.npy,9526,Fancy Mike,8088,Fantastique [STOP 2X2 #04],29.976598639455784
40843,Electronic,0,../data/local/processed_mel/040843.npy,9526,Fancy Mike,8088,Fantastique [STOP 2X2 #04],29.976598639455784
40851,Electronic,0,../data/local/processed_mel/040851.npy,8403,Str8 Sounds,7915,The Wild Computer Stylings of STR8 SOUNDS,29.976598639455784
40903,Rock,7,../data/local/processed_mel/040903.npy,7501,James Beaudreau,8098,The Devil is a Sad Spirit,30.002721088435376
40908,Experimental,1,../data/local/processed_mel/040908.npy,9613,Mopno,8099,Dancehall,29.976598639455784
40909,Experimental,1,../data/local/processed_mel/040909.npy,9613,Mopno,8099,Dancehall,29.976598639455784
40938,Rock,7,../data/local/processed_mel/040938.npy,5905,The Sights,8103,Live on WFMU's The Evan Funk Davies Show 12/08/10,29.976598639455784
40940,Rock,7,../data/local/processed_mel/040940.npy,5905,The Sights,8103,Live on WFMU's The Evan Funk Davies Show 12/08/10,29.976598639455784
40985,Rock,7,../data/local/processed_mel/040985.npy,331,Xiu Xiu,8112,"Dear God, I Hate Myself",30.002721088435376
40986,Rock,7,../data/local/processed_mel/040986.npy,9623,The Corin Tucker Band,8113,"1,000 Years",29.976598639455784
41018,International,5,../data/local/processed_mel/041018.npy,9627,Unity Vibration,8122,Money No Mystic [LCL23],30.002721088435376
41054,Experimental,1,../data/local/processed_mel/041054.npy,9636,Gouffre d un pôle à l autre,8127,Relax,30.002721088435376
41095,Rock,7,../data/local/processed_mel/041095.npy,9651,Johnny Hawaii,8136,Bad Panda #61,30.002721088435376
41147,Electronic,0,../data/local/processed_mel/041147.npy,8403,Str8 Sounds,7915,The Wild Computer Stylings of STR8 SOUNDS,29.976598639455784
41191,Folk,2,../data/local/processed_mel/041191.npy,8392,Weyes Blood,8153,The Outside Room,29.976598639455784
41192,Folk,2,../data/local/processed_mel/041192.npy,8392,Weyes Blood,8153,The Outside Room,29.976598639455784
41568,Pop,6,../data/local/processed_mel/041568.npy,9784,Fabryka,8198,Absolute Balance,30.002721088435376
41570,Folk,2,../data/local/processed_mel/041570.npy,9785,Simone Cicconi,8198,Absolute Balance,29.976598639455784
41573,Instrumental,4,../data/local/processed_mel/041573.npy,9787,Janne Hanhisuanto,8198,Absolute Balance,30.002721088435376
41605,Experimental,1,../data/local/processed_mel/041605.npy,9809,Duncan Cameron,8202,A Horseback Ride To The Temple Of Montu,29.976598639455784
41709,Experimental,1,../data/local/processed_mel/041709.npy,9820,As Seen On TV,8215,Plunderstudies,29.988979591836735
41714,Experimental,1,../data/local/processed_mel/041714.npy,9820,As Seen On TV,8215,Plunderstudies,29.988979591836735
41812,Rock,7,../data/local/processed_mel/041812.npy,9843,Raden Anom Prakoso,8228,Indonesian Netlabel Compilation (Riot In The Internet),29.976598639455784
41961,Rock,7,../data/local/processed_mel/041961.npy,9884,Ga'an,8254,Ga'an,30.002721088435376
41962,Rock,7,../data/local/processed_mel/041962.npy,9884,Ga'an,8254,Ga'an,30.002721088435376
41965,Rock,7,../data/local/processed_mel/041965.npy,9884,Ga'an,8254,Ga'an,30.002721088435376
41983,Instrumental,4,../data/local/processed_mel/041983.npy,9900,Childs,8255,Voy a Explotar Soundtrack,29.976598639455784
42014,International,5,../data/local/processed_mel/042014.npy,9916,Caballo and the Mothafu Kings,8263,La Boite A Sons - Contest Contributions,29.976598639455784
42016,International,5,../data/local/processed_mel/042016.npy,3225,Dub One!,8263,La Boite A Sons - Contest Contributions,29.976598639455784
42017,International,5,../data/local/processed_mel/042017.npy,9953,Dub Riots,8263,La Boite A Sons - Contest Contributions,29.976598639455784
42019,Electronic,0,../data/local/processed_mel/042019.npy,9934,Hot Fire,8263,La Boite A Sons - Contest Contributions,29.976598639455784
42020,International,5,../data/local/processed_mel/042020.npy,9935,Jah Henchman,8263,La Boite A Sons - Contest Contributions,29.976598639455784
42023,International,5,../data/local/processed_mel/042023.npy,9938,Lowknee,8263,La Boite A Sons - Contest Contributions,30.002721088435376
42025,International,5,../data/local/processed_mel/042025.npy,9940,Money Pallet,8263,La Boite A Sons - Contest Contributions,30.002721088435376
42029,International,5,../data/local/processed_mel/042029.npy,9944,Tony Dubshot,8263,La Boite A Sons - Contest Contributions,29.976598639455784
42030,International,5,../data/local/processed_mel/042030.npy,9945,Triple D,8263,La Boite A Sons - Contest Contributions,30.002721088435376
42031,International,5,../data/local/processed_mel/042031.npy,9946,Uffe,8263,La Boite A Sons - Contest Contributions,30.002721088435376
42044,Rock,7,../data/local/processed_mel/042044.npy,9947,NanowaR Of Steel,8258,"netBloc Vol. 31: Goodbye, Hello",29.976598639455784
42045,Hip-Hop,3,../data/local/processed_mel/042045.npy,9402,The Insider,8258,"netBloc Vol. 31: Goodbye, Hello",29.976598639455784
42046,Hip-Hop,3,../data/local/processed_mel/042046.npy,9948,Dead Poets,8258,"netBloc Vol. 31: Goodbye, Hello",30.002721088435376
42048,Pop,6,../data/local/processed_mel/042048.npy,6045,Pinkle,8258,"netBloc Vol. 31: Goodbye, Hello",29.976598639455784
42119,Experimental,1,../data/local/processed_mel/042119.npy,9954,The HATE Noise and Anonymous,8265,The Hate Noise Calling Vol. 1 & 2,29.976598639455784
42126,Experimental,1,../data/local/processed_mel/042126.npy,9954,The HATE Noise and Anonymous,8265,The Hate Noise Calling Vol. 1 & 2,30.002721088435376
42234,International,5,../data/local/processed_mel/042234.npy,1838,Zlatne Uste Balkan Brass Band,8275,"Live @ WFMU on Transpacific Sound Paradise Jan. 9, 2011",29.976598639455784
42235,International,5,../data/local/processed_mel/042235.npy,1838,Zlatne Uste Balkan Brass Band,8275,"Live @ WFMU on Transpacific Sound Paradise Jan. 9, 2011",29.976598639455784
42236,International,5,../data/local/processed_mel/042236.npy,1838,Zlatne Uste Balkan Brass Band,8275,"Live @ WFMU on Transpacific Sound Paradise Jan. 9, 2011",30.002721088435376
42238,International,5,../data/local/processed_mel/042238.npy,1838,Zlatne Uste Balkan Brass Band,8275,"Live @ WFMU on Transpacific Sound Paradise Jan. 9, 2011",29.976598639455784
42240,International,5,../data/local/processed_mel/042240.npy,1838,Zlatne Uste Balkan Brass Band,8275,"Live @ WFMU on Transpacific Sound Paradise Jan. 9, 2011",29.976598639455784
42241,International,5,../data/local/processed_mel/042241.npy,1838,Zlatne Uste Balkan Brass Band,8275,"Live @ WFMU on Transpacific Sound Paradise Jan. 9, 2011",30.002721088435376
42243,International,5,../data/local/processed_mel/042243.npy,1838,Zlatne Uste Balkan Brass Band,8275,"Live @ WFMU on Transpacific Sound Paradise Jan. 9, 2011",30.002721088435376
42245,International,5,../data/local/processed_mel/042245.npy,1838,Zlatne Uste Balkan Brass Band,8275,"Live @ WFMU on Transpacific Sound Paradise Jan. 9, 2011",29.976598639455784
42247,International,5,../data/local/processed_mel/042247.npy,1838,Zlatne Uste Balkan Brass Band,8275,"Live @ WFMU on Transpacific Sound Paradise Jan. 9, 2011",29.976598639455784
42310,Rock,7,../data/local/processed_mel/042310.npy,9976,Lockerbie,8288,Bad Panda #65,30.002721088435376
42442,Rock,7,../data/local/processed_mel/042442.npy,9988,univeria zekt,8311,Unnamables,30.002721088435376
42475,Rock,7,../data/local/processed_mel/042475.npy,9991,Art Boys Collection,8316,Stoned Wall,29.976598639455784
42648,Folk,2,../data/local/processed_mel/042648.npy,9985,Gino Pertot,8307,Jew Nails,29.976598639455784
42659,Folk,2,../data/local/processed_mel/042659.npy,9985,Gino Pertot,8307,Jew Nails,29.976598639455784
42751,Pop,6,../data/local/processed_mel/042751.npy,10020,Delicate Steve,8360,Bad Panda #66,29.976598639455784
42761,Rock,7,../data/local/processed_mel/042761.npy,10019,voyageurs,8363,Alien Iverson,30.002721088435376
42789,Rock,7,../data/local/processed_mel/042789.npy,10019,voyageurs,8363,Alien Iverson,30.002721088435376
42966,Experimental,1,../data/local/processed_mel/042966.npy,10034,Cave Bears,8395,Just Dads and Cthulu Lovetape,29.976598639455784
42984,Experimental,1,../data/local/processed_mel/042984.npy,10034,Cave Bears,8395,Just Dads and Cthulu Lovetape,29.976598639455784
43016,International,5,../data/local/processed_mel/043016.npy,10060,Huun Huur Tu,8426,"Live on WFMU's Transpacific Sound Paradise, Jan 22, 2011",29.976598639455784
43018,International,5,../data/local/processed_mel/043018.npy,10060,Huun Huur Tu,8426,"Live on WFMU's Transpacific Sound Paradise, Jan 22, 2011",30.002721088435376
43019,International,5,../data/local/processed_mel/043019.npy,10060,Huun Huur Tu,8426,"Live on WFMU's Transpacific Sound Paradise, Jan 22, 2011",30.002721088435376
43020,International,5,../data/local/processed_mel/043020.npy,10060,Huun Huur Tu,8426,"Live on WFMU's Transpacific Sound Paradise, Jan 22, 2011",30.002721088435376
43021,International,5,../data/local/processed_mel/043021.npy,10060,Huun Huur Tu,8426,"Live on WFMU's Transpacific Sound Paradise, Jan 22, 2011",29.976598639455784
43022,International,5,../data/local/processed_mel/043022.npy,10060,Huun Huur Tu,8426,"Live on WFMU's Transpacific Sound Paradise, Jan 22, 2011",29.976598639455784
43023,International,5,../data/local/processed_mel/043023.npy,10060,Huun Huur Tu,8426,"Live on WFMU's Transpacific Sound Paradise, Jan 22, 2011",29.976598639455784
43024,International,5,../data/local/processed_mel/043024.npy,10060,Huun Huur Tu,8426,"Live on WFMU's Transpacific Sound Paradise, Jan 22, 2011",29.976598639455784
43025,International,5,../data/local/processed_mel/043025.npy,10060,Huun Huur Tu,8426,"Live on WFMU's Transpacific Sound Paradise, Jan 22, 2011",29.976598639455784
43026,International,5,../data/local/processed_mel/043026.npy,10060,Huun Huur Tu,8426,"Live on WFMU's Transpacific Sound Paradise, Jan 22, 2011",30.002721088435376
43027,International,5,../data/local/processed_mel/043027.npy,10060,Huun Huur Tu,8426,"Live on WFMU's Transpacific Sound Paradise, Jan 22, 2011",29.976598639455784
43028,International,5,../data/local/processed_mel/043028.npy,10060,Huun Huur Tu,8426,"Live on WFMU's Transpacific Sound Paradise, Jan 22, 2011",30.002721088435376
43029,International,5,../data/local/processed_mel/043029.npy,10060,Huun Huur Tu,8426,"Live on WFMU's Transpacific Sound Paradise, Jan 22, 2011",30.002721088435376
43030,International,5,../data/local/processed_mel/043030.npy,10060,Huun Huur Tu,8426,"Live on WFMU's Transpacific Sound Paradise, Jan 22, 2011",29.976598639455784
43063,Experimental,1,../data/local/processed_mel/043063.npy,5147,Chuck Bettis,8435,Arctic Oscillations,30.002721088435376
43172,International,5,../data/local/processed_mel/043172.npy,389,Kiran Ahluwalia,8462,"Live on WFMU's Transpacific Sound Paradise broadcast from Barbès, Sep. 13 2008",29.976598639455784
43173,International,5,../data/local/processed_mel/043173.npy,389,Kiran Ahluwalia,8462,"Live on WFMU's Transpacific Sound Paradise broadcast from Barbès, Sep. 13 2008",29.976598639455784
43533,International,5,../data/local/processed_mel/043533.npy,10183,MWE,8539,Live at the 2011 Golden Festival (MWE),29.976598639455784
43534,International,5,../data/local/processed_mel/043534.npy,10183,MWE,8539,Live at the 2011 Golden Festival (MWE),30.002721088435376
43535,International,5,../data/local/processed_mel/043535.npy,10183,MWE,8539,Live at the 2011 Golden Festival (MWE),30.002721088435376
43536,International,5,../data/local/processed_mel/043536.npy,10183,MWE,8539,Live at the 2011 Golden Festival (MWE),30.002721088435376
43585,International,5,../data/local/processed_mel/043585.npy,10188,Rozsa has become... Madárka,8553,Live at the 2011 Golden Festival: Szelrozsa,30.002721088435376
43586,International,5,../data/local/processed_mel/043586.npy,10188,Rozsa has become... Madárka,8553,Live at the 2011 Golden Festival: Szelrozsa,30.002721088435376
43587,International,5,../data/local/processed_mel/043587.npy,10188,Rozsa has become... Madárka,8553,Live at the 2011 Golden Festival: Szelrozsa,30.002721088435376
43588,International,5,../data/local/processed_mel/043588.npy,10188,Rozsa has become... Madárka,8553,Live at the 2011 Golden Festival: Szelrozsa,30.002721088435376
43589,International,5,../data/local/processed_mel/043589.npy,10188,Rozsa has become... Madárka,8553,Live at the 2011 Golden Festival: Szelrozsa,29.976598639455784
43590,International,5,../data/local/processed_mel/043590.npy,10188,Rozsa has become... Madárka,8553,Live at the 2011 Golden Festival: Szelrozsa,30.002721088435376
43592,International,5,../data/local/processed_mel/043592.npy,6564,Gipsyork,8554,"GY Live at the Golden Festival, Jan 15 2011",30.002721088435376
43593,International,5,../data/local/processed_mel/043593.npy,6564,Gipsyork,8554,"GY Live at the Golden Festival, Jan 15 2011",30.002721088435376
43594,International,5,../data/local/processed_mel/043594.npy,6564,Gipsyork,8554,"GY Live at the Golden Festival, Jan 15 2011",29.976598639455784
43595,International,5,../data/local/processed_mel/043595.npy,6564,Gipsyork,8554,"GY Live at the Golden Festival, Jan 15 2011",30.002721088435376
43596,International,5,../data/local/processed_mel/043596.npy,6564,Gipsyork,8554,"GY Live at the Golden Festival, Jan 15 2011",29.976598639455784
43598,International,5,../data/local/processed_mel/043598.npy,10188,Rozsa has become... Madárka,8555,Szelrozsa Singles,29.976598639455784
43599,International,5,../data/local/processed_mel/043599.npy,10188,Rozsa has become... Madárka,8555,Szelrozsa Singles,30.002721088435376
43600,International,5,../data/local/processed_mel/043600.npy,10188,Rozsa has become... Madárka,8555,Szelrozsa Singles,30.002721088435376
43608,Experimental,1,../data/local/processed_mel/043608.npy,3426,Prince Rama,8557,UTOPIA=NO PERSON,29.976598639455784
43621,Folk,2,../data/local/processed_mel/043621.npy,10180,Kreamy 'Lectric Santa,8549,"Unreleased, Unwashed, Rare and Forgotten Inconsistencies",30.002721088435376
43623,Folk,2,../data/local/processed_mel/043623.npy,10180,Kreamy 'Lectric Santa,8549,"Unreleased, Unwashed, Rare and Forgotten Inconsistencies",29.976598639455784
43695,International,5,../data/local/processed_mel/043695.npy,10183,MWE,8574,MWE Demo,29.976598639455784
43696,International,5,../data/local/processed_mel/043696.npy,10183,MWE,8574,MWE Demo,29.976598639455784
43697,International,5,../data/local/processed_mel/043697.npy,10183,MWE,8574,MWE Demo,30.002721088435376
43698,International,5,../data/local/processed_mel/043698.npy,10183,MWE,8574,MWE Demo,29.976598639455784
43699,International,5,../data/local/processed_mel/043699.npy,10183,MWE,8574,MWE Demo,30.002721088435376
43761,Folk,2,../data/local/processed_mel/043761.npy,10180,Kreamy 'Lectric Santa,8549,"Unreleased, Unwashed, Rare and Forgotten Inconsistencies",29.976598639455784
43773,Pop,6,../data/local/processed_mel/043773.npy,80,Bird Names,8107,Metabolism: A Salute to the Energy of the Sun,29.976598639455784
43796,Folk,2,../data/local/processed_mel/043796.npy,10180,Kreamy 'Lectric Santa,8549,"Unreleased, Unwashed, Rare and Forgotten Inconsistencies",29.976598639455784
43842,Folk,2,../data/local/processed_mel/043842.npy,10180,Kreamy 'Lectric Santa,8549,"Unreleased, Unwashed, Rare and Forgotten Inconsistencies",30.002721088435376
43843,Folk,2,../data/local/processed_mel/043843.npy,10180,Kreamy 'Lectric Santa,8549,"Unreleased, Unwashed, Rare and Forgotten Inconsistencies",29.976598639455784
43844,Hip-Hop,3,../data/local/processed_mel/043844.npy,6422,Katrah-Quey,8605,Mid-November EP,30.002721088435376
43856,Hip-Hop,3,../data/local/processed_mel/043856.npy,10229,Chicken Jones,8608,Sour Soul 12,30.002721088435376
43857,Hip-Hop,3,../data/local/processed_mel/043857.npy,10230,Akathasquid,8608,Sour Soul 12,30.002721088435376
43858,Hip-Hop,3,../data/local/processed_mel/043858.npy,3738,This One,8608,Sour Soul 12,29.976598639455784
43860,Hip-Hop,3,../data/local/processed_mel/043860.npy,3738,This One,8608,Sour Soul 12,30.002721088435376
43861,Hip-Hop,3,../data/local/processed_mel/043861.npy,10230,Akathasquid,8608,Sour Soul 12,30.002721088435376
43863,Hip-Hop,3,../data/local/processed_mel/043863.npy,3738,This One,8608,Sour Soul 12,30.002721088435376
43865,Hip-Hop,3,../data/local/processed_mel/043865.npy,3738,This One,8608,Sour Soul 12,29.976598639455784
43866,Hip-Hop,3,../data/local/processed_mel/043866.npy,6422,Katrah-Quey,8608,Sour Soul 12,29.976598639455784
43867,Hip-Hop,3,../data/local/processed_mel/043867.npy,10229,Chicken Jones,8608,Sour Soul 12,30.002721088435376
43868,Hip-Hop,3,../data/local/processed_mel/043868.npy,10230,Akathasquid,8608,Sour Soul 12,29.976598639455784
43869,Hip-Hop,3,../data/local/processed_mel/043869.npy,10229,Chicken Jones,8608,Sour Soul 12,29.976598639455784
43883,Experimental,1,../data/local/processed_mel/043883.npy,10234,Myo,8611,Mnemonic Fragmentation,29.988979591836735
43886,Experimental,1,../data/local/processed_mel/043886.npy,10234,Myo,8611,Mnemonic Fragmentation,29.988979591836735
43899,Hip-Hop,3,../data/local/processed_mel/043899.npy,10235,The Duo,8613,Good VS Evil,29.976598639455784
43911,Hip-Hop,3,../data/local/processed_mel/043911.npy,3738,This One,8614,Dirty Sneakers,30.002721088435376
43962,Folk,2,../data/local/processed_mel/043962.npy,7501,James Beaudreau,6413,Astral Law (WBR 35),30.002721088435376
43965,Folk,2,../data/local/processed_mel/043965.npy,7501,James Beaudreau,6413,Astral Law (WBR 35),29.976598639455784
44092,Electronic,0,../data/local/processed_mel/044092.npy,1774,8 Bit Weapon,8638,Mario in an Elevator,29.976598639455784
44110,Experimental,1,../data/local/processed_mel/044110.npy,10242,Messages,8640,Northern-Spy Records Clandestine Series Cassette # One,30.002721088435376
44169,Experimental,1,../data/local/processed_mel/044169.npy,10267,Morgan Craft,8653,Absence of Day and Night,30.002721088435376
44236,Hip-Hop,3,../data/local/processed_mel/044236.npy,6048,Joey Ripps,8660,For The Minute,29.976598639455784
44342,Experimental,1,../data/local/processed_mel/044342.npy,7587,Ambient Fabric,8672,Classwar Karaoke - 0013 Survey,29.976598639455784
44347,Experimental,1,../data/local/processed_mel/044347.npy,7595,Clutter,8672,Classwar Karaoke - 0013 Survey,29.976598639455784
44354,Experimental,1,../data/local/processed_mel/044354.npy,10312,Graham Dunning,8672,Classwar Karaoke - 0013 Survey,30.002721088435376
44778,Experimental,1,../data/local/processed_mel/044778.npy,10346,Charlie Boraley,8696,Monstrous Melodies,30.002721088435376
44779,Experimental,1,../data/local/processed_mel/044779.npy,10347,Giovanni Cipolla,8696,Monstrous Melodies,29.976598639455784
44780,Experimental,1,../data/local/processed_mel/044780.npy,10348,Joanna Sandsmark,8696,Monstrous Melodies,29.976598639455784
44781,Experimental,1,../data/local/processed_mel/044781.npy,7499,Logan Whitehurst and The Jr. Science Club,8696,Monstrous Melodies,29.976598639455784
44782,Experimental,1,../data/local/processed_mel/044782.npy,3644,Dorothy's Magic Bag,8696,Monstrous Melodies,30.002721088435376
44791,Experimental,1,../data/local/processed_mel/044791.npy,10350,Michael House,8698,Party in Space,30.002721088435376
44792,Experimental,1,../data/local/processed_mel/044792.npy,10351,The Moot,8698,Party in Space,30.002721088435376
44793,Experimental,1,../data/local/processed_mel/044793.npy,610,Cryptacize,8698,Party in Space,29.976598639455784
44794,Experimental,1,../data/local/processed_mel/044794.npy,10352,Charlie Burgess,8698,Party in Space,29.976598639455784
44795,Experimental,1,../data/local/processed_mel/044795.npy,4349,René Vis,8698,Party in Space,29.976598639455784
44796,Experimental,1,../data/local/processed_mel/044796.npy,10353,Flo and Eline,8698,Party in Space,30.002721088435376
44797,Experimental,1,../data/local/processed_mel/044797.npy,1874,Archbishop Jason Polland,8698,Party in Space,29.976598639455784
44798,Experimental,1,../data/local/processed_mel/044798.npy,10354,"Miller, Schletty, Thomas, and Gómez",8698,Party in Space,29.976598639455784
44799,Experimental,1,../data/local/processed_mel/044799.npy,10355,Paza Rahm,8698,Party in Space,30.002721088435376
44801,Experimental,1,../data/local/processed_mel/044801.npy,8657,Rushjet1,8698,Party in Space,30.002721088435376
44803,Experimental,1,../data/local/processed_mel/044803.npy,10358,W!zardK!d,8698,Party in Space,29.976598639455784
44804,Experimental,1,../data/local/processed_mel/044804.npy,9011,Anamanaguchi,8698,Party in Space,29.988979591836735
44805,Pop,6,../data/local/processed_mel/044805.npy,10296,Monk Turner + Fascinoma,8699,Emergency Songs,30.002721088435376
44806,Pop,6,../data/local/processed_mel/044806.npy,10296,Monk Turner + Fascinoma,8699,Emergency Songs,29.976598639455784
44809,Pop,6,../data/local/processed_mel/044809.npy,10296,Monk Turner + Fascinoma,8699,Emergency Songs,30.002721088435376
44820,International,5,../data/local/processed_mel/044820.npy,10360,Black Bear Combo,8701,Game of Death,29.976598639455784
44821,International,5,../data/local/processed_mel/044821.npy,10360,Black Bear Combo,8701,Game of Death,29.976598639455784
44822,International,5,../data/local/processed_mel/044822.npy,10360,Black Bear Combo,8701,Game of Death,29.976598639455784
44823,International,5,../data/local/processed_mel/044823.npy,10360,Black Bear Combo,8701,Game of Death,30.002721088435376
44848,Experimental,1,../data/local/processed_mel/044848.npy,10369,Sunslide,8708,fieldpiano,29.976598639455784
44849,Experimental,1,../data/local/processed_mel/044849.npy,10369,Sunslide,8708,fieldpiano,30.002721088435376
44850,Experimental,1,../data/local/processed_mel/044850.npy,10369,Sunslide,8708,fieldpiano,30.002721088435376
44851,Experimental,1,../data/local/processed_mel/044851.npy,10369,Sunslide,8708,fieldpiano,29.976598639455784
44853,Experimental,1,../data/local/processed_mel/044853.npy,10369,Sunslide,8708,fieldpiano,29.976598639455784
44854,Experimental,1,../data/local/processed_mel/044854.npy,10369,Sunslide,8708,fieldpiano,29.976598639455784
44917,Rock,7,../data/local/processed_mel/044917.npy,10382,Apache Dropout,8723,Half of the Apache Dropout LP,29.976598639455784
44918,Rock,7,../data/local/processed_mel/044918.npy,10382,Apache Dropout,8723,Half of the Apache Dropout LP,29.976598639455784
44946,International,5,../data/local/processed_mel/044946.npy,10384,arsonist,8727,hot salsa trip,30.002721088435376
44947,International,5,../data/local/processed_mel/044947.npy,10385,SONGO 21,8728,SONGO 21 - Studio sessions 2003,29.976598639455784
44948,International,5,../data/local/processed_mel/044948.npy,10385,SONGO 21,8728,SONGO 21 - Studio sessions 2003,29.976598639455784
44949,International,5,../data/local/processed_mel/044949.npy,10385,SONGO 21,8728,SONGO 21 - Studio sessions 2003,29.976598639455784
44950,International,5,../data/local/processed_mel/044950.npy,10385,SONGO 21,8728,SONGO 21 - Studio sessions 2003,29.976598639455784
44951,International,5,../data/local/processed_mel/044951.npy,10385,SONGO 21,8728,SONGO 21 - Studio sessions 2003,29.976598639455784
44952,International,5,../data/local/processed_mel/044952.npy,10385,SONGO 21,8728,SONGO 21 - Studio sessions 2003,29.976598639455784
45099,Electronic,0,../data/local/processed_mel/045099.npy,10397,Rolemusic,8753,Straw Fields,30.002721088435376
45100,Electronic,0,../data/local/processed_mel/045100.npy,10397,Rolemusic,8753,Straw Fields,29.976598639455784
45101,Electronic,0,../data/local/processed_mel/045101.npy,10397,Rolemusic,8753,Straw Fields,29.976598639455784
45102,Electronic,0,../data/local/processed_mel/045102.npy,10397,Rolemusic,8753,Straw Fields,29.976598639455784
45103,Electronic,0,../data/local/processed_mel/045103.npy,10397,Rolemusic,8753,Straw Fields,30.002721088435376
45150,Electronic,0,../data/local/processed_mel/045150.npy,10420,Michael Kelso,8768,"We Call It Skweeast, Vol. 2",29.976598639455784
45151,Electronic,0,../data/local/processed_mel/045151.npy,10421,Burning Boy,8768,"We Call It Skweeast, Vol. 2",30.002721088435376
45153,Electronic,0,../data/local/processed_mel/045153.npy,10423,Foolk,8768,"We Call It Skweeast, Vol. 2",30.002721088435376
45154,Electronic,0,../data/local/processed_mel/045154.npy,10424,Influenza,8768,"We Call It Skweeast, Vol. 2",29.976598639455784
45335,Pop,6,../data/local/processed_mel/045335.npy,10451,Baby Jazz,8821,Bad Panda #73,30.002721088435376
45387,Instrumental,4,../data/local/processed_mel/045387.npy,10458,Blear Moon,8832,Sauvignon Valley,30.002721088435376
45388,Instrumental,4,../data/local/processed_mel/045388.npy,10458,Blear Moon,8832,Sauvignon Valley,30.002721088435376
45389,Instrumental,4,../data/local/processed_mel/045389.npy,10458,Blear Moon,8832,Sauvignon Valley,30.002721088435376
45390,Instrumental,4,../data/local/processed_mel/045390.npy,10458,Blear Moon,8832,Sauvignon Valley,29.976598639455784
45391,Instrumental,4,../data/local/processed_mel/045391.npy,10458,Blear Moon,8832,Sauvignon Valley,29.976598639455784
45392,Instrumental,4,../data/local/processed_mel/045392.npy,10458,Blear Moon,8832,Sauvignon Valley,30.002721088435376
45393,Instrumental,4,../data/local/processed_mel/045393.npy,10458,Blear Moon,8832,Sauvignon Valley,29.976598639455784
45474,Rock,7,../data/local/processed_mel/045474.npy,10463,Original Innocence,8839,Original Innocence,29.976598639455784
45475,Rock,7,../data/local/processed_mel/045475.npy,10463,Original Innocence,8839,Original Innocence,29.976598639455784
45508,Electronic,0,../data/local/processed_mel/045508.npy,10467,2NRO8OT,8846,Ugol Padeniya,30.002721088435376
45513,Folk,2,../data/local/processed_mel/045513.npy,10469,Plusplus,8848,Evils,30.002721088435376
45514,Folk,2,../data/local/processed_mel/045514.npy,10469,Plusplus,8848,Evils,29.976598639455784
45515,Folk,2,../data/local/processed_mel/045515.npy,10469,Plusplus,8848,Evils,30.002721088435376
45516,Folk,2,../data/local/processed_mel/045516.npy,10469,Plusplus,8848,Evils,29.976598639455784
45517,Folk,2,../data/local/processed_mel/045517.npy,10469,Plusplus,8848,Evils,29.976598639455784
45518,Folk,2,../data/local/processed_mel/045518.npy,10469,Plusplus,8848,Evils,29.976598639455784
45519,Folk,2,../data/local/processed_mel/045519.npy,10469,Plusplus,8848,Evils,30.002721088435376
45520,Folk,2,../data/local/processed_mel/045520.npy,10469,Plusplus,8848,Evils,29.976598639455784
45521,Folk,2,../data/local/processed_mel/045521.npy,10469,Plusplus,8848,Evils,30.002721088435376
45522,Folk,2,../data/local/processed_mel/045522.npy,10469,Plusplus,8848,Evils,30.002721088435376
45523,Folk,2,../data/local/processed_mel/045523.npy,10469,Plusplus,8848,Evils,30.002721088435376
45941,Experimental,1,../data/local/processed_mel/045941.npy,10500,Vladimír Hirsch,8874,Peak the Source Vol.1,29.976598639455784
46024,Rock,7,../data/local/processed_mel/046024.npy,2915,Obits,8877,Live at Caledonia Lounge 3/21/2011,29.976598639455784
46043,Experimental,1,../data/local/processed_mel/046043.npy,129,Ergo Phizmiz,8878,Peak the Source Vol.3,29.976598639455784
46058,Experimental,1,../data/local/processed_mel/046058.npy,10563,The Noisettes,8878,Peak the Source Vol.3,29.976598639455784
46068,Experimental,1,../data/local/processed_mel/046068.npy,10570,Catalyst Fantasy,8878,Peak the Source Vol.3,29.976598639455784
46078,Hip-Hop,3,../data/local/processed_mel/046078.npy,10574,Ki Jarot,8881,Jogja Istimewa,30.002721088435376
46079,Experimental,1,../data/local/processed_mel/046079.npy,2423,Zoo,8881,Jogja Istimewa,29.976598639455784
46157,Electronic,0,../data/local/processed_mel/046157.npy,10590,Antiphon,8893,fall n; rise n+1,29.976598639455784
46158,Electronic,0,../data/local/processed_mel/046158.npy,10591,Earsmack,8893,fall n; rise n+1,30.002721088435376
46159,Electronic,0,../data/local/processed_mel/046159.npy,10592,Erin Dingle,8893,fall n; rise n+1,30.002721088435376
46160,Electronic,0,../data/local/processed_mel/046160.npy,10593,Poorpot,8893,fall n; rise n+1,29.976598639455784
46161,Experimental,1,../data/local/processed_mel/046161.npy,10595,BinauralDiaries,8894,Japan by Ear,29.976598639455784
46162,Experimental,1,../data/local/processed_mel/046162.npy,10595,BinauralDiaries,8894,Japan by Ear,30.002721088435376
46238,Experimental,1,../data/local/processed_mel/046238.npy,7546,Amil Byleckie,8908,Amil is Personal,30.002721088435376
46241,Experimental,1,../data/local/processed_mel/046241.npy,7546,Amil Byleckie,8908,Amil is Personal,29.976598639455784
46525,Instrumental,4,../data/local/processed_mel/046525.npy,7800,Doyeq,8947,Eyelashes Of Lanterns,30.002721088435376
46611,Experimental,1,../data/local/processed_mel/046611.npy,10640,Monster Rally,8956,Bad Panda #77,29.976598639455784
46711,Experimental,1,../data/local/processed_mel/046711.npy,10696,Antoine Beuger,8969,keine fernen mehr,29.976598639455784
46726,Hip-Hop,3,../data/local/processed_mel/046726.npy,10700,13adluck & uh-oh,8973,netBloc Vol. 32: Make Way For What Lies Ahead,30.002721088435376
46732,Pop,6,../data/local/processed_mel/046732.npy,10701,Moon & Sun,8973,netBloc Vol. 32: Make Way For What Lies Ahead,29.976598639455784
46733,Pop,6,../data/local/processed_mel/046733.npy,9101,KASHKA,8973,netBloc Vol. 32: Make Way For What Lies Ahead,29.976598639455784
46736,Pop,6,../data/local/processed_mel/046736.npy,10703,Palloc,8973,netBloc Vol. 32: Make Way For What Lies Ahead,30.002721088435376
46839,Pop,6,../data/local/processed_mel/046839.npy,1939,Monk Turner,2097,Love Story,29.976598639455784
46840,Pop,6,../data/local/processed_mel/046840.npy,1939,Monk Turner,2097,Love Story,30.002721088435376
46841,Pop,6,../data/local/processed_mel/046841.npy,1939,Monk Turner,2097,Love Story,30.002721088435376
46842,Pop,6,../data/local/processed_mel/046842.npy,1939,Monk Turner,2097,Love Story,29.976598639455784
46844,Pop,6,../data/local/processed_mel/046844.npy,1939,Monk Turner,2097,Love Story,29.976598639455784
46846,Pop,6,../data/local/processed_mel/046846.npy,1939,Monk Turner,8994,Calendar,29.976598639455784
46854,Pop,6,../data/local/processed_mel/046854.npy,1939,Monk Turner,8994,Calendar,30.002721088435376
46855,Pop,6,../data/local/processed_mel/046855.npy,1939,Monk Turner,8994,Calendar,29.976598639455784
46928,Pop,6,../data/local/processed_mel/046928.npy,1939,Monk Turner,8999,Live on KXLU,29.976598639455784
46930,Pop,6,../data/local/processed_mel/046930.npy,1939,Monk Turner,8999,Live on KXLU,30.002721088435376
47068,Electronic,0,../data/local/processed_mel/047068.npy,10779,Eric Skiff,9016,Resistor Anthems,30.002721088435376
47069,Electronic,0,../data/local/processed_mel/047069.npy,10779,Eric Skiff,9016,Resistor Anthems,29.976598639455784
47070,Electronic,0,../data/local/processed_mel/047070.npy,10779,Eric Skiff,9016,Resistor Anthems,30.002721088435376
47071,Electronic,0,../data/local/processed_mel/047071.npy,10779,Eric Skiff,9016,Resistor Anthems,29.976598639455784
47072,Electronic,0,../data/local/processed_mel/047072.npy,10779,Eric Skiff,9016,Resistor Anthems,30.002721088435376
47073,Electronic,0,../data/local/processed_mel/047073.npy,10779,Eric Skiff,9016,Resistor Anthems,29.976598639455784
47074,Electronic,0,../data/local/processed_mel/047074.npy,10779,Eric Skiff,9016,Resistor Anthems,29.976598639455784
47075,Electronic,0,../data/local/processed_mel/047075.npy,10779,Eric Skiff,9016,Resistor Anthems,30.002721088435376
47076,Electronic,0,../data/local/processed_mel/047076.npy,10779,Eric Skiff,9016,Resistor Anthems,30.002721088435376
47077,Electronic,0,../data/local/processed_mel/047077.npy,10779,Eric Skiff,9016,Resistor Anthems,29.976598639455784
47192,Experimental,1,../data/local/processed_mel/047192.npy,7050,Asian Women on the Telephone,9034,Awott,29.976598639455784
47193,Experimental,1,../data/local/processed_mel/047193.npy,7050,Asian Women on the Telephone,9034,Awott,30.002721088435376
47194,Experimental,1,../data/local/processed_mel/047194.npy,7050,Asian Women on the Telephone,9034,Awott,30.002721088435376
47195,Experimental,1,../data/local/processed_mel/047195.npy,7050,Asian Women on the Telephone,9034,Awott,29.976598639455784
47196,Experimental,1,../data/local/processed_mel/047196.npy,7050,Asian Women on the Telephone,9034,Awott,30.002721088435376
47197,Experimental,1,../data/local/processed_mel/047197.npy,7050,Asian Women on the Telephone,9034,Awott,30.002721088435376
47198,Experimental,1,../data/local/processed_mel/047198.npy,7050,Asian Women on the Telephone,9034,Awott,30.002721088435376
47199,Experimental,1,../data/local/processed_mel/047199.npy,7050,Asian Women on the Telephone,9034,Awott,30.002721088435376
47200,Experimental,1,../data/local/processed_mel/047200.npy,7050,Asian Women on the Telephone,9034,Awott,30.002721088435376
47201,Experimental,1,../data/local/processed_mel/047201.npy,7050,Asian Women on the Telephone,9034,Awott,29.976598639455784
47202,Experimental,1,../data/local/processed_mel/047202.npy,7050,Asian Women on the Telephone,9034,Awott,29.976598639455784
47260,Electronic,0,../data/local/processed_mel/047260.npy,10834,Ghostly Dust Machine,9065,Bad Panda #79,29.976598639455784
47506,Folk,2,../data/local/processed_mel/047506.npy,6150,Virgin of the Birds,9099,Bad Panda #80,29.976598639455784
47510,Rock,7,../data/local/processed_mel/047510.npy,1395,The Whines,9102,Hell To Play,30.002721088435376
47657,Electronic,0,../data/local/processed_mel/047657.npy,10902,Haute Culture,9133,Chordial [LCL06],29.988979591836735
47658,Electronic,0,../data/local/processed_mel/047658.npy,10902,Haute Culture,9133,Chordial [LCL06],29.988979591836735
47659,Electronic,0,../data/local/processed_mel/047659.npy,10902,Haute Culture,9133,Chordial [LCL06],29.988979591836735
47660,Electronic,0,../data/local/processed_mel/047660.npy,10902,Haute Culture,9133,Chordial [LCL06],29.988979591836735
47661,Folk,2,../data/local/processed_mel/047661.npy,7305,Onda bidón,9134,Una Vez Mas,30.002721088435376
47662,Folk,2,../data/local/processed_mel/047662.npy,7305,Onda bidón,9134,Una Vez Mas,30.002721088435376
47663,Folk,2,../data/local/processed_mel/047663.npy,7305,Onda bidón,9134,Una Vez Mas,30.002721088435376
47665,Pop,6,../data/local/processed_mel/047665.npy,10903,Berlinist,9135,Bad Panda #81,29.988979591836735
47666,Pop,6,../data/local/processed_mel/047666.npy,10903,Berlinist,9135,Bad Panda #81,29.988979591836735
47670,Pop,6,../data/local/processed_mel/047670.npy,10905,Shady Action,9137,Spellbound Hellhound,29.976598639455784
47671,Pop,6,../data/local/processed_mel/047671.npy,10905,Shady Action,9137,Spellbound Hellhound,29.976598639455784
47707,Experimental,1,../data/local/processed_mel/047707.npy,10915,Blue Sausage Infant,9143,Confessions of a Rogue Taxidermist,29.976598639455784
47826,Experimental,1,../data/local/processed_mel/047826.npy,5994,Lezet,9173,Planetarium Records FMA Intrastellar Sampler,29.976598639455784
47835,Pop,6,../data/local/processed_mel/047835.npy,10964,Révolution Musicale,9173,Planetarium Records FMA Intrastellar Sampler,29.976598639455784
47865,Folk,2,../data/local/processed_mel/047865.npy,10979,Zachary Cale,9188,Live on WFMU's Long Rally May 2011 w/ The Rain Band,30.002721088435376
47868,Folk,2,../data/local/processed_mel/047868.npy,10979,Zachary Cale,9188,Live on WFMU's Long Rally May 2011 w/ The Rain Band,29.976598639455784
47894,Pop,6,../data/local/processed_mel/047894.npy,2176,Superhumanoids,9197,Parasite Paradise,30.002721088435376
47895,Pop,6,../data/local/processed_mel/047895.npy,2176,Superhumanoids,9197,Parasite Paradise,30.002721088435376
47896,Pop,6,../data/local/processed_mel/047896.npy,2176,Superhumanoids,9197,Parasite Paradise,29.976598639455784
47897,Pop,6,../data/local/processed_mel/047897.npy,2176,Superhumanoids,9197,Parasite Paradise,30.002721088435376
47916,Rock,7,../data/local/processed_mel/047916.npy,8706,Dumbo Gets Mad,9199,Elephants At The Door,29.976598639455784
47921,Rock,7,../data/local/processed_mel/047921.npy,8706,Dumbo Gets Mad,9199,Elephants At The Door,30.002721088435376
48015,Rock,7,../data/local/processed_mel/048015.npy,11008,Spy Over There,9215,Artsongs: Songs Inspired By Artists & Works of Art,30.002721088435376
48042,Experimental,1,../data/local/processed_mel/048042.npy,668,Delphine Dora,9223,A Day In Contrast,29.976598639455784
48043,Experimental,1,../data/local/processed_mel/048043.npy,668,Delphine Dora,9223,A Day In Contrast,29.976598639455784
48044,Experimental,1,../data/local/processed_mel/048044.npy,668,Delphine Dora,9223,A Day In Contrast,30.002721088435376
48046,Experimental,1,../data/local/processed_mel/048046.npy,668,Delphine Dora,9223,A Day In Contrast,30.002721088435376
48269,Experimental,1,../data/local/processed_mel/048269.npy,7414,.RR,9253,COMPILADO 001,30.002721088435376
48307,Experimental,1,../data/local/processed_mel/048307.npy,7587,Ambient Fabric,9259,Classwar Karaoke - 0014 Survey,30.002721088435376
48367,Rock,7,../data/local/processed_mel/048367.npy,11018,Cloudkicker,9232,A New Heavenly Body,29.976598639455784
48368,Rock,7,../data/local/processed_mel/048368.npy,11018,Cloudkicker,9232,A New Heavenly Body,29.976598639455784
48369,Rock,7,../data/local/processed_mel/048369.npy,11018,Cloudkicker,9232,A New Heavenly Body,29.976598639455784
48437,Electronic,0,../data/local/processed_mel/048437.npy,11087,Illocanblo,9278,Peony Lantern (Split EP),29.976598639455784
48439,Electronic,0,../data/local/processed_mel/048439.npy,11089,Bass Assassin,9278,Peony Lantern (Split EP),29.976598639455784
48440,Electronic,0,../data/local/processed_mel/048440.npy,11089,Bass Assassin,9278,Peony Lantern (Split EP),29.976598639455784
48442,Electronic,0,../data/local/processed_mel/048442.npy,11089,Bass Assassin,9278,Peony Lantern (Split EP),30.002721088435376
48443,Electronic,0,../data/local/processed_mel/048443.npy,11087,Illocanblo,9278,Peony Lantern (Split EP),30.002721088435376
48444,Pop,6,../data/local/processed_mel/048444.npy,7337,AlexandreDavidGabriel,9279,la nuit t as pas peur,29.976598639455784
48446,Pop,6,../data/local/processed_mel/048446.npy,7337,AlexandreDavidGabriel,9279,la nuit t as pas peur,29.976598639455784
48450,Pop,6,../data/local/processed_mel/048450.npy,7337,AlexandreDavidGabriel,9279,la nuit t as pas peur,29.976598639455784
48452,Pop,6,../data/local/processed_mel/048452.npy,7337,AlexandreDavidGabriel,9279,la nuit t as pas peur,29.976598639455784
48453,Pop,6,../data/local/processed_mel/048453.npy,11093,AlexandredavidgabrielMehdi,9279,la nuit t as pas peur,30.002721088435376
48454,Pop,6,../data/local/processed_mel/048454.npy,7337,AlexandreDavidGabriel,9279,la nuit t as pas peur,29.976598639455784
48456,Pop,6,../data/local/processed_mel/048456.npy,7337,AlexandreDavidGabriel,9279,la nuit t as pas peur,29.976598639455784
48457,Pop,6,../data/local/processed_mel/048457.npy,7337,AlexandreDavidGabriel,9279,la nuit t as pas peur,30.002721088435376
48462,Electronic,0,../data/local/processed_mel/048462.npy,9573,Sycamore Drive,9284,"The Waves, The Sea",29.976598639455784
48463,Electronic,0,../data/local/processed_mel/048463.npy,9573,Sycamore Drive,9284,"The Waves, The Sea",29.976598639455784
48464,Electronic,0,../data/local/processed_mel/048464.npy,9573,Sycamore Drive,9284,"The Waves, The Sea",29.976598639455784
48465,Electronic,0,../data/local/processed_mel/048465.npy,9573,Sycamore Drive,9284,"The Waves, The Sea",29.976598639455784
48466,Electronic,0,../data/local/processed_mel/048466.npy,9573,Sycamore Drive,9284,"The Waves, The Sea",30.002721088435376
48488,International,5,../data/local/processed_mel/048488.npy,11103,Gogofski,9291,Music of the Balkans,29.976598639455784
48489,International,5,../data/local/processed_mel/048489.npy,11103,Gogofski,9291,Music of the Balkans,29.976598639455784
48491,International,5,../data/local/processed_mel/048491.npy,11103,Gogofski,9291,Music of the Balkans,30.002721088435376
48492,International,5,../data/local/processed_mel/048492.npy,11103,Gogofski,9291,Music of the Balkans,29.976598639455784
48493,International,5,../data/local/processed_mel/048493.npy,11103,Gogofski,9291,Music of the Balkans,29.976598639455784
48494,International,5,../data/local/processed_mel/048494.npy,11103,Gogofski,9291,Music of the Balkans,29.976598639455784
48763,Rock,7,../data/local/processed_mel/048763.npy,281,Sun Araw,9325,"Live at WFMU on Talk's Cheap, June 9th 2011",29.976598639455784
48808,Folk,2,../data/local/processed_mel/048808.npy,6554,Oblivian Substanshall,9329,Oh What a Novelty!,30.002721088435376
48815,Folk,2,../data/local/processed_mel/048815.npy,6554,Oblivian Substanshall,9329,Oh What a Novelty!,30.002721088435376
48861,Experimental,1,../data/local/processed_mel/048861.npy,10154,NaDa BaBa,9335,Ambient Time Arm,29.976598639455784
48862,Experimental,1,../data/local/processed_mel/048862.npy,10154,NaDa BaBa,9335,Ambient Time Arm,29.976598639455784
48863,Experimental,1,../data/local/processed_mel/048863.npy,10154,NaDa BaBa,9335,Ambient Time Arm,30.002721088435376
48864,Experimental,1,../data/local/processed_mel/048864.npy,10154,NaDa BaBa,9335,Ambient Time Arm,30.002721088435376
48865,Experimental,1,../data/local/processed_mel/048865.npy,10154,NaDa BaBa,9335,Ambient Time Arm,30.002721088435376
48931,Experimental,1,../data/local/processed_mel/048931.npy,2325,Sweden,2581,Volume II,30.002721088435376
49029,Folk,2,../data/local/processed_mel/049029.npy,1331,Mia Doi Todd,9350,Live at WFMU on Irene Trudel's Show on June 13 2011,29.976598639455784
49030,Folk,2,../data/local/processed_mel/049030.npy,1331,Mia Doi Todd,9350,Live at WFMU on Irene Trudel's Show on June 13 2011,30.002721088435376
49039,Pop,6,../data/local/processed_mel/049039.npy,1032,Sexton Ming,9351,A Lifetime of Nervous Gut Aches Vol. 4,30.002721088435376
49061,Experimental,1,../data/local/processed_mel/049061.npy,2240,Justice Yeldham,2413,Justice Yeldham & the Drummer Who Wishes to Remain Namesless,30.002721088435376
49062,Experimental,1,../data/local/processed_mel/049062.npy,2240,Justice Yeldham,2413,Justice Yeldham & the Drummer Who Wishes to Remain Namesless,29.976598639455784
49064,Experimental,1,../data/local/processed_mel/049064.npy,2240,Justice Yeldham,2413,Justice Yeldham & the Drummer Who Wishes to Remain Namesless,29.976598639455784
49066,Experimental,1,../data/local/processed_mel/049066.npy,2240,Justice Yeldham,2279,Cicatrix,29.976598639455784
49067,Experimental,1,../data/local/processed_mel/049067.npy,2240,Justice Yeldham,2279,Cicatrix,29.976598639455784
49068,Experimental,1,../data/local/processed_mel/049068.npy,2240,Justice Yeldham,2279,Cicatrix,30.002721088435376
49070,Experimental,1,../data/local/processed_mel/049070.npy,2240,Justice Yeldham,2279,Cicatrix,29.976598639455784
49071,Experimental,1,../data/local/processed_mel/049071.npy,2240,Justice Yeldham,2279,Cicatrix,29.976598639455784
49072,Experimental,1,../data/local/processed_mel/049072.npy,2240,Justice Yeldham,2279,Cicatrix,30.002721088435376
49073,Experimental,1,../data/local/processed_mel/049073.npy,2240,Justice Yeldham,2279,Cicatrix,29.976598639455784
49394,Experimental,1,../data/local/processed_mel/049394.npy,2268,Volvox,2355,Bad Earth,30.002721088435376
49401,Experimental,1,../data/local/processed_mel/049401.npy,2268,Volvox,2355,Bad Earth,29.976598639455784
49407,Experimental,1,../data/local/processed_mel/049407.npy,2240,Justice Yeldham,2758,Live in Germany,29.976598639455784
49408,Experimental,1,../data/local/processed_mel/049408.npy,2240,Justice Yeldham,2756,Live in Beirut,29.976598639455784
49473,Pop,6,../data/local/processed_mel/049473.npy,9529,Adam & Alma,9417,netBloc Vol. 33: You can get with this...,29.976598639455784
49476,Hip-Hop,3,../data/local/processed_mel/049476.npy,11216,BADLUCK,9417,netBloc Vol. 33: You can get with this...,30.002721088435376
49478,Hip-Hop,3,../data/local/processed_mel/049478.npy,11217,A-Rec,9417,netBloc Vol. 33: You can get with this...,29.976598639455784
49812,Rock,7,../data/local/processed_mel/049812.npy,11298,Ice Age,9460,"Live at WFMU on Brian Turner's Show, June 22 2011",30.002721088435376
49817,Rock,7,../data/local/processed_mel/049817.npy,11298,Ice Age,9460,"Live at WFMU on Brian Turner's Show, June 22 2011",29.976598639455784
49842,Folk,2,../data/local/processed_mel/049842.npy,11299,My Bubba & Mi,9464,How It’s Done In Italy,30.002721088435376
49843,Folk,2,../data/local/processed_mel/049843.npy,11299,My Bubba & Mi,9464,How It’s Done In Italy,30.002721088435376
49844,Folk,2,../data/local/processed_mel/049844.npy,11299,My Bubba & Mi,9464,How It’s Done In Italy,29.976598639455784
49845,Folk,2,../data/local/processed_mel/049845.npy,11299,My Bubba & Mi,9464,How It’s Done In Italy,30.002721088435376
49846,Folk,2,../data/local/processed_mel/049846.npy,11299,My Bubba & Mi,9464,How It’s Done In Italy,30.002721088435376
49847,Folk,2,../data/local/processed_mel/049847.npy,11299,My Bubba & Mi,9464,How It’s Done In Italy,30.002721088435376
49848,Folk,2,../data/local/processed_mel/049848.npy,11299,My Bubba & Mi,9464,How It’s Done In Italy,30.002721088435376
49849,Folk,2,../data/local/processed_mel/049849.npy,11299,My Bubba & Mi,9464,How It’s Done In Italy,29.976598639455784
49856,Folk,2,../data/local/processed_mel/049856.npy,11299,My Bubba & Mi,9464,How It’s Done In Italy,29.976598639455784
49857,Folk,2,../data/local/processed_mel/049857.npy,11299,My Bubba & Mi,9464,How It’s Done In Italy,29.976598639455784
50264,Hip-Hop,3,../data/local/processed_mel/050264.npy,11336,Square Flare,9517,"Free! Music! Contest! Sampler 2010 ""Sinn""",30.002721088435376
50272,Pop,6,../data/local/processed_mel/050272.npy,7295,ZOE.LEELA,9517,"Free! Music! Contest! Sampler 2010 ""Sinn""",29.976598639455784
50276,Folk,2,../data/local/processed_mel/050276.npy,11346,David Rovics,9518,"Free! Music! Contest! 2010 Sampler ""Gegensinn""",30.002721088435376
50283,International,5,../data/local/processed_mel/050283.npy,11353,Ras Tilo,9518,"Free! Music! Contest! 2010 Sampler ""Gegensinn""",29.976598639455784
50323,Folk,2,../data/local/processed_mel/050323.npy,11364,McCloud Zicmuse,9521,Voyage au centre Iaeniaen,30.002721088435376
50539,Rock,7,../data/local/processed_mel/050539.npy,11384,The Men,9561,Immaculada LP,29.976598639455784
50543,Rock,7,../data/local/processed_mel/050543.npy,11384,The Men,9561,Immaculada LP,29.976598639455784
50836,Experimental,1,../data/local/processed_mel/050836.npy,11171,La Mugre Roja,9605,Rock n roll EP,30.002721088435376
50952,Folk,2,../data/local/processed_mel/050952.npy,11431,Kevin MacLeod,9616,Contemporary Sampler,30.002721088435376
50955,Instrumental,4,../data/local/processed_mel/050955.npy,11431,Kevin MacLeod,9616,Contemporary Sampler,29.988979591836735
50956,Instrumental,4,../data/local/processed_mel/050956.npy,11431,Kevin MacLeod,9616,Contemporary Sampler,30.002721088435376
51004,International,5,../data/local/processed_mel/051004.npy,11431,Kevin MacLeod,9620,Global Sampler,30.002721088435376
51005,International,5,../data/local/processed_mel/051005.npy,11431,Kevin MacLeod,9620,Global Sampler,29.976598639455784
51006,International,5,../data/local/processed_mel/051006.npy,11431,Kevin MacLeod,9620,Global Sampler,29.988979591836735
51111,Experimental,1,../data/local/processed_mel/051111.npy,1977,Bob Ostertag,9641,Motormouth,29.976598639455784
51112,Experimental,1,../data/local/processed_mel/051112.npy,1977,Bob Ostertag,9641,Motormouth,30.002721088435376
51113,Experimental,1,../data/local/processed_mel/051113.npy,1977,Bob Ostertag,9641,Motormouth,30.002721088435376
51114,Experimental,1,../data/local/processed_mel/051114.npy,1977,Bob Ostertag,9641,Motormouth,29.976598639455784
51115,Experimental,1,../data/local/processed_mel/051115.npy,1977,Bob Ostertag,9641,Motormouth,30.002721088435376
51117,Experimental,1,../data/local/processed_mel/051117.npy,1977,Bob Ostertag,9641,Motormouth,29.976598639455784
51118,Experimental,1,../data/local/processed_mel/051118.npy,1977,Bob Ostertag,9641,Motormouth,30.002721088435376
51120,Pop,6,../data/local/processed_mel/051120.npy,11447,Moppi Ja Aivokurkiaiset,9643,Beko 19,29.976598639455784
51203,Experimental,1,../data/local/processed_mel/051203.npy,11463,Blax Box,9652,Ergo Phizmiz -The Third Policeman - Remixes,30.002721088435376
51262,Pop,6,../data/local/processed_mel/051262.npy,11473,Party Girl,9660,a tribute to club tropicana vol. 2,30.002721088435376
51263,Pop,6,../data/local/processed_mel/051263.npy,11474,Germany Germany,9660,a tribute to club tropicana vol. 2,29.976598639455784
51265,Pop,6,../data/local/processed_mel/051265.npy,11476,Skeleton Hands,9660,a tribute to club tropicana vol. 2,30.002721088435376
51267,Pop,6,../data/local/processed_mel/051267.npy,11478,Teeel,9660,a tribute to club tropicana vol. 2,29.976598639455784
51268,Pop,6,../data/local/processed_mel/051268.npy,11479,Lisbonne,9660,a tribute to club tropicana vol. 2,30.002721088435376
51269,Pop,6,../data/local/processed_mel/051269.npy,11480,Bad Dourif,9660,a tribute to club tropicana vol. 2,29.988979591836735
51271,Pop,6,../data/local/processed_mel/051271.npy,11482,Azure Blue,9660,a tribute to club tropicana vol. 2,30.002721088435376
51273,Pop,6,../data/local/processed_mel/051273.npy,11484,Radioseven,9660,a tribute to club tropicana vol. 2,30.002721088435376
51274,Pop,6,../data/local/processed_mel/051274.npy,11485,The Never Years,9660,a tribute to club tropicana vol. 2,29.976598639455784
51275,Pop,6,../data/local/processed_mel/051275.npy,11486,Mother Of Pearl,9660,a tribute to club tropicana vol. 2,30.002721088435376
51276,Pop,6,../data/local/processed_mel/051276.npy,11487,Kelton Prima,9660,a tribute to club tropicana vol. 2,30.002721088435376
51333,Folk,2,../data/local/processed_mel/051333.npy,11499,Boca Chica,9672,ePop016- Boca Chica,30.002721088435376
51479,Experimental,1,../data/local/processed_mel/051479.npy,10457,Eric Boros,9687,Ice-Fishing Tales Of Over Yonder,30.002721088435376
51776,Instrumental,4,../data/local/processed_mel/051776.npy,11572,kesson shoujo,9741,Free Music Archive Special 110730,29.976598639455784
51784,Electronic,0,../data/local/processed_mel/051784.npy,11580,Lesvicon Soul feat. Noty Klein,9741,Free Music Archive Special 110730,30.002721088435376
51785,Electronic,0,../data/local/processed_mel/051785.npy,10397,Rolemusic,9741,Free Music Archive Special 110730,29.976598639455784
51923,Electronic,0,../data/local/processed_mel/051923.npy,11597,Flamingo,9764,Bad Panda #93,30.002721088435376
51954,Electronic,0,../data/local/processed_mel/051954.npy,9944,Tony Dubshot,9769,Omega Dub,30.002721088435376
51991,International,5,../data/local/processed_mel/051991.npy,11607,Manudub,9773,[LCL28] Elephant Room Sessions,30.002721088435376
51992,International,5,../data/local/processed_mel/051992.npy,11607,Manudub,9773,[LCL28] Elephant Room Sessions,30.002721088435376
51998,International,5,../data/local/processed_mel/051998.npy,11607,Manudub,9773,[LCL28] Elephant Room Sessions,29.976598639455784
51999,International,5,../data/local/processed_mel/051999.npy,11607,Manudub,9773,[LCL28] Elephant Room Sessions,29.976598639455784
52000,International,5,../data/local/processed_mel/052000.npy,11607,Manudub,9773,[LCL28] Elephant Room Sessions,29.976598639455784
52001,International,5,../data/local/processed_mel/052001.npy,11607,Manudub,9773,[LCL28] Elephant Room Sessions,30.002721088435376
52034,Pop,6,../data/local/processed_mel/052034.npy,11615,Poland,9781,Sea Woof,30.002721088435376
52035,Pop,6,../data/local/processed_mel/052035.npy,11615,Poland,9781,Sea Woof,29.976598639455784
52036,Pop,6,../data/local/processed_mel/052036.npy,11615,Poland,9781,Sea Woof,30.002721088435376
52037,Pop,6,../data/local/processed_mel/052037.npy,11615,Poland,9781,Sea Woof,29.976598639455784
52039,Pop,6,../data/local/processed_mel/052039.npy,11615,Poland,9781,Sea Woof,30.002721088435376
52040,Pop,6,../data/local/processed_mel/052040.npy,11615,Poland,9781,Sea Woof,29.976598639455784
52041,Pop,6,../data/local/processed_mel/052041.npy,11615,Poland,9781,Sea Woof,30.002721088435376
52042,Pop,6,../data/local/processed_mel/052042.npy,11615,Poland,9781,Sea Woof,29.976598639455784
52044,Pop,6,../data/local/processed_mel/052044.npy,11615,Poland,9781,Sea Woof,29.976598639455784
52045,Pop,6,../data/local/processed_mel/052045.npy,11615,Poland,9781,Sea Woof,29.976598639455784
52118,International,5,../data/local/processed_mel/052118.npy,11630,Cracked Latin,9796,"Live at WFMU on Irwin's Show on August 3, 2011",29.976598639455784
52119,International,5,../data/local/processed_mel/052119.npy,11630,Cracked Latin,9796,"Live at WFMU on Irwin's Show on August 3, 2011",29.976598639455784
52120,International,5,../data/local/processed_mel/052120.npy,11630,Cracked Latin,9796,"Live at WFMU on Irwin's Show on August 3, 2011",29.976598639455784
52121,International,5,../data/local/processed_mel/052121.npy,11630,Cracked Latin,9796,"Live at WFMU on Irwin's Show on August 3, 2011",29.976598639455784
52122,International,5,../data/local/processed_mel/052122.npy,11630,Cracked Latin,9796,"Live at WFMU on Irwin's Show on August 3, 2011",30.002721088435376
52123,International,5,../data/local/processed_mel/052123.npy,11630,Cracked Latin,9796,"Live at WFMU on Irwin's Show on August 3, 2011",30.002721088435376
52124,International,5,../data/local/processed_mel/052124.npy,11630,Cracked Latin,9796,"Live at WFMU on Irwin's Show on August 3, 2011",29.976598639455784
52125,International,5,../data/local/processed_mel/052125.npy,11630,Cracked Latin,9796,"Live at WFMU on Irwin's Show on August 3, 2011",30.002721088435376
52126,International,5,../data/local/processed_mel/052126.npy,11630,Cracked Latin,9796,"Live at WFMU on Irwin's Show on August 3, 2011",30.002721088435376
52127,International,5,../data/local/processed_mel/052127.npy,11630,Cracked Latin,9796,"Live at WFMU on Irwin's Show on August 3, 2011",30.002721088435376
52128,International,5,../data/local/processed_mel/052128.npy,11630,Cracked Latin,9796,"Live at WFMU on Irwin's Show on August 3, 2011",29.976598639455784
52129,International,5,../data/local/processed_mel/052129.npy,11630,Cracked Latin,9796,"Live at WFMU on Irwin's Show on August 3, 2011",29.976598639455784
52141,Experimental,1,../data/local/processed_mel/052141.npy,11632,Guy Harries,9799,Muse Hack Ep,29.976598639455784
52409,Electronic,0,../data/local/processed_mel/052409.npy,7778,Buskerdroid,9833,Gameboy Love Ep,29.976598639455784
52446,Instrumental,4,../data/local/processed_mel/052446.npy,11662,Jan Morgenstern,9838,Sintel: Original Film Score,30.002721088435376
52447,Instrumental,4,../data/local/processed_mel/052447.npy,11662,Jan Morgenstern,9838,Sintel: Original Film Score,30.002721088435376
52448,Instrumental,4,../data/local/processed_mel/052448.npy,11662,Jan Morgenstern,9838,Sintel: Original Film Score,30.002721088435376
52449,Instrumental,4,../data/local/processed_mel/052449.npy,11662,Jan Morgenstern,9838,Sintel: Original Film Score,30.002721088435376
52451,Instrumental,4,../data/local/processed_mel/052451.npy,11662,Jan Morgenstern,9838,Sintel: Original Film Score,30.002721088435376
52500,Folk,2,../data/local/processed_mel/052500.npy,11668,Kalli,9846,"Live at WFMU on Irene Trudel's Show on August 15, 2011",30.002721088435376
52501,Folk,2,../data/local/processed_mel/052501.npy,11668,Kalli,9846,"Live at WFMU on Irene Trudel's Show on August 15, 2011",29.976598639455784
52502,Folk,2,../data/local/processed_mel/052502.npy,11668,Kalli,9846,"Live at WFMU on Irene Trudel's Show on August 15, 2011",29.976598639455784
52508,Folk,2,../data/local/processed_mel/052508.npy,11668,Kalli,9846,"Live at WFMU on Irene Trudel's Show on August 15, 2011",30.002721088435376
52522,Rock,7,../data/local/processed_mel/052522.npy,11672,The Very Most,9851,ePop017 - The Very Most,30.002721088435376
52579,Hip-Hop,3,../data/local/processed_mel/052579.npy,11677,The Honorable Sleaze,9864,Dance Track,29.976598639455784
52628,Electronic,0,../data/local/processed_mel/052628.npy,11679,Jason Shaw,9869,"Audionautix: Tech, Urban, Dance",29.976598639455784
52629,Electronic,0,../data/local/processed_mel/052629.npy,11679,Jason Shaw,9869,"Audionautix: Tech, Urban, Dance",30.002721088435376
52630,Electronic,0,../data/local/processed_mel/052630.npy,11679,Jason Shaw,9869,"Audionautix: Tech, Urban, Dance",30.002721088435376
52631,Electronic,0,../data/local/processed_mel/052631.npy,11679,Jason Shaw,9869,"Audionautix: Tech, Urban, Dance",29.976598639455784
52632,Electronic,0,../data/local/processed_mel/052632.npy,11679,Jason Shaw,9869,"Audionautix: Tech, Urban, Dance",30.002721088435376
52633,Electronic,0,../data/local/processed_mel/052633.npy,11679,Jason Shaw,9869,"Audionautix: Tech, Urban, Dance",29.976598639455784
52634,Electronic,0,../data/local/processed_mel/052634.npy,11679,Jason Shaw,9869,"Audionautix: Tech, Urban, Dance",29.976598639455784
52635,Electronic,0,../data/local/processed_mel/052635.npy,11679,Jason Shaw,9869,"Audionautix: Tech, Urban, Dance",29.976598639455784
52636,Electronic,0,../data/local/processed_mel/052636.npy,11679,Jason Shaw,9869,"Audionautix: Tech, Urban, Dance",30.002721088435376
52637,Electronic,0,../data/local/processed_mel/052637.npy,11679,Jason Shaw,9869,"Audionautix: Tech, Urban, Dance",30.002721088435376
52638,Electronic,0,../data/local/processed_mel/052638.npy,11679,Jason Shaw,9869,"Audionautix: Tech, Urban, Dance",29.976598639455784
52639,Electronic,0,../data/local/processed_mel/052639.npy,11679,Jason Shaw,9869,"Audionautix: Tech, Urban, Dance",29.976598639455784
52641,Electronic,0,../data/local/processed_mel/052641.npy,11679,Jason Shaw,9869,"Audionautix: Tech, Urban, Dance",29.976598639455784
52642,Electronic,0,../data/local/processed_mel/052642.npy,11679,Jason Shaw,9869,"Audionautix: Tech, Urban, Dance",30.002721088435376
52644,Electronic,0,../data/local/processed_mel/052644.npy,11679,Jason Shaw,9869,"Audionautix: Tech, Urban, Dance",29.976598639455784
52645,Electronic,0,../data/local/processed_mel/052645.npy,11679,Jason Shaw,9869,"Audionautix: Tech, Urban, Dance",30.002721088435376
52646,Electronic,0,../data/local/processed_mel/052646.npy,11679,Jason Shaw,9869,"Audionautix: Tech, Urban, Dance",30.002721088435376
52647,Electronic,0,../data/local/processed_mel/052647.npy,11679,Jason Shaw,9869,"Audionautix: Tech, Urban, Dance",29.976598639455784
52648,Electronic,0,../data/local/processed_mel/052648.npy,11679,Jason Shaw,9869,"Audionautix: Tech, Urban, Dance",29.976598639455784
52649,Electronic,0,../data/local/processed_mel/052649.npy,11679,Jason Shaw,9869,"Audionautix: Tech, Urban, Dance",29.976598639455784
52650,Electronic,0,../data/local/processed_mel/052650.npy,11679,Jason Shaw,9869,"Audionautix: Tech, Urban, Dance",30.002721088435376
52859,Experimental,1,../data/local/processed_mel/052859.npy,4794,Monosov/Swirnoff,9892,Collected Works Of,29.988979591836735
52860,Experimental,1,../data/local/processed_mel/052860.npy,4779,Ilya Monosov,9892,Collected Works Of,29.988979591836735
52861,Experimental,1,../data/local/processed_mel/052861.npy,4779,Ilya Monosov,9892,Collected Works Of,29.976598639455784
52862,Experimental,1,../data/local/processed_mel/052862.npy,4794,Monosov/Swirnoff,9892,Collected Works Of,30.002721088435376
53152,International,5,../data/local/processed_mel/053152.npy,6543,Ras Amerlock,9954,Dub ² [LCL29],30.002721088435376
53154,International,5,../data/local/processed_mel/053154.npy,6543,Ras Amerlock,9954,Dub ² [LCL29],30.002721088435376
53156,International,5,../data/local/processed_mel/053156.npy,6543,Ras Amerlock,9954,Dub ² [LCL29],30.002721088435376
53157,International,5,../data/local/processed_mel/053157.npy,6543,Ras Amerlock,9954,Dub ² [LCL29],29.976598639455784
53158,International,5,../data/local/processed_mel/053158.npy,6543,Ras Amerlock,9954,Dub ² [LCL29],29.976598639455784
53159,International,5,../data/local/processed_mel/053159.npy,6543,Ras Amerlock,9954,Dub ² [LCL29],29.976598639455784
53160,International,5,../data/local/processed_mel/053160.npy,6543,Ras Amerlock,9954,Dub ² [LCL29],30.002721088435376
53299,International,5,../data/local/processed_mel/053299.npy,5798,Mikuś,9977,Remembrance Dubs,29.976598639455784
53300,International,5,../data/local/processed_mel/053300.npy,5798,Mikuś,9977,Remembrance Dubs,30.002721088435376
53301,International,5,../data/local/processed_mel/053301.npy,5798,Mikuś,9977,Remembrance Dubs,29.976598639455784
53302,International,5,../data/local/processed_mel/053302.npy,5798,Mikuś,9977,Remembrance Dubs,30.002721088435376
53379,Hip-Hop,3,../data/local/processed_mel/053379.npy,8732,The Hate Noise,9987,Rap Trax Vol. 2,30.002721088435376
53381,Hip-Hop,3,../data/local/processed_mel/053381.npy,8732,The Hate Noise,9987,Rap Trax Vol. 2,30.002721088435376
53457,Electronic,0,../data/local/processed_mel/053457.npy,11840,Fanas,10003,Or Up We Fall [LCL08],30.002721088435376
53496,Electronic,0,../data/local/processed_mel/053496.npy,9564,Audio K,10009,My Song,30.002721088435376
53576,Folk,2,../data/local/processed_mel/053576.npy,11874,Mary Lorson,10016,"Live at WFMU on Irwin's show, Aug 31st 2011",29.976598639455784
53578,Folk,2,../data/local/processed_mel/053578.npy,11874,Mary Lorson,10016,"Live at WFMU on Irwin's show, Aug 31st 2011",29.976598639455784
53591,Pop,6,../data/local/processed_mel/053591.npy,11875,The Parish of Little Clifton,10019,Bad Panda #98,30.002721088435376
53592,Pop,6,../data/local/processed_mel/053592.npy,11875,The Parish of Little Clifton,10019,Bad Panda #98,29.976598639455784
53675,Experimental,1,../data/local/processed_mel/053675.npy,11883,Annette Krebs/Taku Unami,10031,motubachii,29.976598639455784
53723,International,5,../data/local/processed_mel/053723.npy,9162,Unza Unza Orkstar,7686,Live at Pacific Parc,30.002721088435376
53724,International,5,../data/local/processed_mel/053724.npy,9162,Unza Unza Orkstar,7686,Live at Pacific Parc,29.976598639455784
53725,International,5,../data/local/processed_mel/053725.npy,9162,Unza Unza Orkstar,7686,Live at Pacific Parc,29.976598639455784
53726,International,5,../data/local/processed_mel/053726.npy,9162,Unza Unza Orkstar,7686,Live at Pacific Parc,29.976598639455784
53727,International,5,../data/local/processed_mel/053727.npy,9162,Unza Unza Orkstar,7686,Live at Pacific Parc,30.002721088435376
53728,International,5,../data/local/processed_mel/053728.npy,9162,Unza Unza Orkstar,7686,Live at Pacific Parc,29.976598639455784
53729,Experimental,1,../data/local/processed_mel/053729.npy,11887,Adriano Orru,10039,Hesperos,30.002721088435376
53807,Rock,7,../data/local/processed_mel/053807.npy,11893,Sex Church,10051,Growing Over,30.002721088435376
53862,Electronic,0,../data/local/processed_mel/053862.npy,11579,The Easton Ellises,10062,EP One,29.976598639455784
53863,Electronic,0,../data/local/processed_mel/053863.npy,11579,The Easton Ellises,10062,EP One,29.976598639455784
53937,Pop,6,../data/local/processed_mel/053937.npy,11914,Scraps,10086,Suddenly Ur In My Heart (Single),29.976598639455784
54019,Experimental,1,../data/local/processed_mel/054019.npy,11930,Rhys Chatham,10109,Outdoor Spell,30.002721088435376
54031,Pop,6,../data/local/processed_mel/054031.npy,8376,alright lover,10113,Dissembler,29.976598639455784
54032,Pop,6,../data/local/processed_mel/054032.npy,8376,alright lover,10113,Dissembler,29.976598639455784
54033,Pop,6,../data/local/processed_mel/054033.npy,8376,alright lover,10113,Dissembler,29.976598639455784
54034,Pop,6,../data/local/processed_mel/054034.npy,8376,alright lover,10113,Dissembler,30.002721088435376
54037,Pop,6,../data/local/processed_mel/054037.npy,8376,alright lover,10113,Dissembler,29.976598639455784
54039,Pop,6,../data/local/processed_mel/054039.npy,8376,alright lover,10113,Dissembler,29.976598639455784
54061,Folk,2,../data/local/processed_mel/054061.npy,5300,Yair Yona,10115,"Live at WFMU on Irene Trudel's Show on September 5, 2011",29.976598639455784
54062,Folk,2,../data/local/processed_mel/054062.npy,5300,Yair Yona,10115,"Live at WFMU on Irene Trudel's Show on September 5, 2011",30.002721088435376
54063,Folk,2,../data/local/processed_mel/054063.npy,5300,Yair Yona,10115,"Live at WFMU on Irene Trudel's Show on September 5, 2011",30.002721088435376
54064,Folk,2,../data/local/processed_mel/054064.npy,5300,Yair Yona,10115,"Live at WFMU on Irene Trudel's Show on September 5, 2011",30.002721088435376
54149,Instrumental,4,../data/local/processed_mel/054149.npy,11944,Mark Neil,10127,Blue,30.002721088435376
54150,Instrumental,4,../data/local/processed_mel/054150.npy,11944,Mark Neil,10127,Blue,29.976598639455784
54151,Instrumental,4,../data/local/processed_mel/054151.npy,11944,Mark Neil,10127,Blue,30.002721088435376
54152,Instrumental,4,../data/local/processed_mel/054152.npy,11944,Mark Neil,10127,Blue,29.976598639455784
54153,Instrumental,4,../data/local/processed_mel/054153.npy,11944,Mark Neil,10127,Blue,29.976598639455784
54154,Instrumental,4,../data/local/processed_mel/054154.npy,11944,Mark Neil,10127,Blue,29.976598639455784
54155,Instrumental,4,../data/local/processed_mel/054155.npy,11944,Mark Neil,10127,Blue,30.002721088435376
54156,Instrumental,4,../data/local/processed_mel/054156.npy,11944,Mark Neil,10127,Blue,30.002721088435376
54158,Instrumental,4,../data/local/processed_mel/054158.npy,11944,Mark Neil,10127,Blue,29.976598639455784
54159,Instrumental,4,../data/local/processed_mel/054159.npy,11944,Mark Neil,6480,Blue,30.002721088435376
54160,Instrumental,4,../data/local/processed_mel/054160.npy,11944,Mark Neil,10127,Blue,30.002721088435376
54163,Rock,7,../data/local/processed_mel/054163.npy,11945,San Pedro El Cortez,10128,El VALS MEFISTO,30.002721088435376
54234,Pop,6,../data/local/processed_mel/054234.npy,6877,Ivy,10139,"Live at WFMU on Gaylord Fields' Show September 4, 2011",29.976598639455784
54235,Pop,6,../data/local/processed_mel/054235.npy,6877,Ivy,10139,"Live at WFMU on Gaylord Fields' Show September 4, 2011",29.976598639455784
54236,Pop,6,../data/local/processed_mel/054236.npy,6877,Ivy,10139,"Live at WFMU on Gaylord Fields' Show September 4, 2011",29.976598639455784
54237,Pop,6,../data/local/processed_mel/054237.npy,6877,Ivy,10139,"Live at WFMU on Gaylord Fields' Show September 4, 2011",30.002721088435376
54297,Folk,2,../data/local/processed_mel/054297.npy,5152,Whitman,10148,"Live at WFMU on Marty McSorley's Show on September 27, 2011",30.002721088435376
54335,Electronic,0,../data/local/processed_mel/054335.npy,11976,Steven Smirney,10164,Bad Panda #101,30.002721088435376
54365,Hip-Hop,3,../data/local/processed_mel/054365.npy,11979,K. Sparks,10174,Diagnosis: Success,29.976598639455784
54376,Hip-Hop,3,../data/local/processed_mel/054376.npy,11979,K. Sparks,10174,Diagnosis: Success,29.976598639455784
54433,International,5,../data/local/processed_mel/054433.npy,11988,Dr. RemiX,10186,"Dust Particles, Volume One",29.976598639455784
54436,International,5,../data/local/processed_mel/054436.npy,11985,Phoniandflore,10186,"Dust Particles, Volume One",29.976598639455784
54437,International,5,../data/local/processed_mel/054437.npy,11986,Secret Archives of the Vatican,10186,"Dust Particles, Volume One",30.002721088435376
54438,International,5,../data/local/processed_mel/054438.npy,11987,303db,10186,"Dust Particles, Volume One",30.002721088435376
54442,International,5,../data/local/processed_mel/054442.npy,11984,Baby Arm Sound System,10186,"Dust Particles, Volume One",30.002721088435376
54443,International,5,../data/local/processed_mel/054443.npy,9169,Mastermind XS,10186,"Dust Particles, Volume One",29.976598639455784
54475,International,5,../data/local/processed_mel/054475.npy,11992,Friglob,10192,Life is inna riddim,29.976598639455784
54476,International,5,../data/local/processed_mel/054476.npy,11992,Friglob,10192,Life is inna riddim,29.976598639455784
54479,International,5,../data/local/processed_mel/054479.npy,11992,Friglob,10192,Life is inna riddim,29.976598639455784
54480,International,5,../data/local/processed_mel/054480.npy,11992,Friglob,10192,Life is inna riddim,29.976598639455784
54481,International,5,../data/local/processed_mel/054481.npy,11992,Friglob,10192,Life is inna riddim,29.976598639455784
54482,International,5,../data/local/processed_mel/054482.npy,11992,Friglob,10192,Life is inna riddim,30.002721088435376
54496,Experimental,1,../data/local/processed_mel/054496.npy,11995,Anthony Braxton,10195,Composition No. 183,30.002721088435376
54568,International,5,../data/local/processed_mel/054568.npy,12004,Chicas Real Conquistadoras,10207,Ulqutushuy3,29.990702947845804
54570,International,5,../data/local/processed_mel/054570.npy,12005,cristales de san antonio bambamarca,10207,Ulqutushuy3,29.976598639455784
54576,International,5,../data/local/processed_mel/054576.npy,7300,varios artistas,10207,Ulqutushuy3,29.964580498866212
54578,International,5,../data/local/processed_mel/054578.npy,12014,LOS PURITOS SANGRES,10207,Ulqutushuy3,29.964580498866212
54580,International,5,../data/local/processed_mel/054580.npy,12012,los achachis,10207,Ulqutushuy3,30.002721088435376
54621,Rock,7,../data/local/processed_mel/054621.npy,12023,Starseed,10219,Cosmic Conspiracy,30.002721088435376
54623,Rock,7,../data/local/processed_mel/054623.npy,12023,Starseed,10219,Cosmic Conspiracy,29.976598639455784
54624,Rock,7,../data/local/processed_mel/054624.npy,12023,Starseed,10219,Cosmic Conspiracy,29.976598639455784
54625,Rock,7,../data/local/processed_mel/054625.npy,12023,Starseed,10219,Cosmic Conspiracy,30.002721088435376
54626,Rock,7,../data/local/processed_mel/054626.npy,12023,Starseed,10219,Cosmic Conspiracy,29.976598639455784
54662,Electronic,0,../data/local/processed_mel/054662.npy,12027,Noisewaves,10226,Noisewaves,30.002721088435376
54664,Pop,6,../data/local/processed_mel/054664.npy,12028,Monday Night Fever,10228,Bad Panda #103,30.002721088435376
54665,Pop,6,../data/local/processed_mel/054665.npy,12028,Monday Night Fever,10228,Bad Panda #103,30.002721088435376
54666,Pop,6,../data/local/processed_mel/054666.npy,12028,Monday Night Fever,10228,Bad Panda #103,29.976598639455784
54667,Pop,6,../data/local/processed_mel/054667.npy,12028,Monday Night Fever,10228,Bad Panda #103,29.976598639455784
54719,Electronic,0,../data/local/processed_mel/054719.npy,3217,Professor Kliq,10235,netBloc Vol. 34: The Whitewash,29.976598639455784
54735,Rock,7,../data/local/processed_mel/054735.npy,12039,Disco Zombies,10238,Drums Over London,30.002721088435376
54753,Hip-Hop,3,../data/local/processed_mel/054753.npy,11216,BADLUCK,10239,Infinity,30.002721088435376
54874,Electronic,0,../data/local/processed_mel/054874.npy,12053,Global Goon,10253,Carbon,29.976598639455784
54942,Rock,7,../data/local/processed_mel/054942.npy,12077,Dolorvotre,10262,"Live on My Castle of Quiet on WFMU, 10.7.2011",29.976598639455784
55076,Pop,6,../data/local/processed_mel/055076.npy,243,The Polyps,3049,The Gong Is the Moon,29.976598639455784
55097,Hip-Hop,3,../data/local/processed_mel/055097.npy,12085,Alaclair Ensemble,10277,Un PIOU PIOU parmi tant d'autres,29.976598639455784
55100,Hip-Hop,3,../data/local/processed_mel/055100.npy,12085,Alaclair Ensemble,10277,Un PIOU PIOU parmi tant d'autres,30.002721088435376
55101,Hip-Hop,3,../data/local/processed_mel/055101.npy,12085,Alaclair Ensemble,10277,Un PIOU PIOU parmi tant d'autres,29.976598639455784
55102,Hip-Hop,3,../data/local/processed_mel/055102.npy,12085,Alaclair Ensemble,10277,Un PIOU PIOU parmi tant d'autres,29.976598639455784
55113,Hip-Hop,3,../data/local/processed_mel/055113.npy,12085,Alaclair Ensemble,10278,Le roé c'est moé,29.976598639455784
55119,Hip-Hop,3,../data/local/processed_mel/055119.npy,12085,Alaclair Ensemble,10278,Le roé c'est moé,29.976598639455784
55120,Hip-Hop,3,../data/local/processed_mel/055120.npy,12085,Alaclair Ensemble,10278,Le roé c'est moé,29.976598639455784
55121,Hip-Hop,3,../data/local/processed_mel/055121.npy,12085,Alaclair Ensemble,10278,Le roé c'est moé,29.976598639455784
55122,Hip-Hop,3,../data/local/processed_mel/055122.npy,12085,Alaclair Ensemble,10278,Le roé c'est moé,29.976598639455784
55123,Hip-Hop,3,../data/local/processed_mel/055123.npy,12085,Alaclair Ensemble,10278,Le roé c'est moé,29.976598639455784
55124,Hip-Hop,3,../data/local/processed_mel/055124.npy,12085,Alaclair Ensemble,10278,Le roé c'est moé,30.002721088435376
55149,Electronic,0,../data/local/processed_mel/055149.npy,12088,Epichunt,10281,Microhorror Compilation Vol.2,29.976598639455784
55231,International,5,../data/local/processed_mel/055231.npy,9169,Mastermind XS,10291,Reset All Systems,30.002721088435376
55232,International,5,../data/local/processed_mel/055232.npy,9169,Mastermind XS,10291,Reset All Systems,30.002721088435376
55233,International,5,../data/local/processed_mel/055233.npy,9169,Mastermind XS,10291,Reset All Systems,29.976598639455784
55234,International,5,../data/local/processed_mel/055234.npy,9169,Mastermind XS,10291,Reset All Systems,29.976598639455784
55235,International,5,../data/local/processed_mel/055235.npy,9169,Mastermind XS,10291,Reset All Systems,30.002721088435376
55236,International,5,../data/local/processed_mel/055236.npy,9169,Mastermind XS,10291,Reset All Systems,29.976598639455784
55237,International,5,../data/local/processed_mel/055237.npy,9169,Mastermind XS,10291,Reset All Systems,29.976598639455784
55238,International,5,../data/local/processed_mel/055238.npy,9169,Mastermind XS,10291,Reset All Systems,29.976598639455784
55240,International,5,../data/local/processed_mel/055240.npy,9169,Mastermind XS,10291,Reset All Systems,30.002721088435376
55241,International,5,../data/local/processed_mel/055241.npy,9169,Mastermind XS,10291,Reset All Systems,30.002721088435376
55242,International,5,../data/local/processed_mel/055242.npy,9169,Mastermind XS,10291,Reset All Systems,29.976598639455784
55285,Pop,6,../data/local/processed_mel/055285.npy,9367,The Kyoto Connection,10295,No Headphones Required,29.976598639455784
55286,Pop,6,../data/local/processed_mel/055286.npy,9367,The Kyoto Connection,10295,No Headphones Required,29.976598639455784
55287,Pop,6,../data/local/processed_mel/055287.npy,9367,The Kyoto Connection,10295,No Headphones Required,29.976598639455784
55288,Pop,6,../data/local/processed_mel/055288.npy,9367,The Kyoto Connection,10295,No Headphones Required,30.002721088435376
55289,Pop,6,../data/local/processed_mel/055289.npy,9367,The Kyoto Connection,10295,No Headphones Required,29.976598639455784
55290,Pop,6,../data/local/processed_mel/055290.npy,9367,The Kyoto Connection,10295,No Headphones Required,29.976598639455784
55291,Pop,6,../data/local/processed_mel/055291.npy,9367,The Kyoto Connection,10295,No Headphones Required,30.002721088435376
55292,Pop,6,../data/local/processed_mel/055292.npy,9367,The Kyoto Connection,10295,No Headphones Required,29.976598639455784
55293,Pop,6,../data/local/processed_mel/055293.npy,9367,The Kyoto Connection,10295,No Headphones Required,30.002721088435376
55294,Pop,6,../data/local/processed_mel/055294.npy,9367,The Kyoto Connection,10295,No Headphones Required,30.002721088435376
55295,Pop,6,../data/local/processed_mel/055295.npy,9367,The Kyoto Connection,10295,No Headphones Required,30.002721088435376
55402,Rock,7,../data/local/processed_mel/055402.npy,11232,The Soft Moon,10305,"Live at WFMU on Beastin' The Airwaves with Keili on October 9, 2011",30.002721088435376
55430,Pop,6,../data/local/processed_mel/055430.npy,80,Bird Names,10308,"Live at WFMU on Liz Berg's Show on October 3, 2011",29.976598639455784
55436,Pop,6,../data/local/processed_mel/055436.npy,80,Bird Names,10308,"Live at WFMU on Liz Berg's Show on October 3, 2011",30.002721088435376
55437,Pop,6,../data/local/processed_mel/055437.npy,80,Bird Names,10308,"Live at WFMU on Liz Berg's Show on October 3, 2011",29.976598639455784
55480,Experimental,1,../data/local/processed_mel/055480.npy,12150,320320320320,10309,Waves,29.976598639455784
55481,Experimental,1,../data/local/processed_mel/055481.npy,12150,320320320320,10309,Waves,30.002721088435376
55549,Hip-Hop,3,../data/local/processed_mel/055549.npy,8664,Eaters,10322,Digest (Revisited),29.976598639455784
55572,Hip-Hop,3,../data/local/processed_mel/055572.npy,11216,BADLUCK,10324,Renaissance 2011,29.976598639455784
55709,Rock,7,../data/local/processed_mel/055709.npy,12166,et_,10331,The agency of missing hearts,29.976598639455784
55710,Rock,7,../data/local/processed_mel/055710.npy,12166,et_,10331,The agency of missing hearts,30.002721088435376
55711,Rock,7,../data/local/processed_mel/055711.npy,12166,et_,10331,The agency of missing hearts,30.002721088435376
55712,Rock,7,../data/local/processed_mel/055712.npy,12166,et_,10331,The agency of missing hearts,29.976598639455784
55713,Rock,7,../data/local/processed_mel/055713.npy,12166,et_,10331,The agency of missing hearts,29.976598639455784
55714,Rock,7,../data/local/processed_mel/055714.npy,12166,et_,10331,The agency of missing hearts,30.002721088435376
55715,Rock,7,../data/local/processed_mel/055715.npy,12166,et_,10331,The agency of missing hearts,29.976598639455784
55716,Rock,7,../data/local/processed_mel/055716.npy,12166,et_,10331,The agency of missing hearts,30.002721088435376
55717,Rock,7,../data/local/processed_mel/055717.npy,12166,et_,10331,The agency of missing hearts,29.976598639455784
55718,Rock,7,../data/local/processed_mel/055718.npy,12166,et_,10331,The agency of missing hearts,30.002721088435376
55719,Rock,7,../data/local/processed_mel/055719.npy,12166,et_,10331,The agency of missing hearts,30.002721088435376
55783,Electronic,0,../data/local/processed_mel/055783.npy,12191,chibibo,10338,Microhorror Compilation Vol. 1: Part III - The Graveyard,29.964580498866212
55786,Electronic,0,../data/local/processed_mel/055786.npy,12193,Ohms & Watts,10338,Microhorror Compilation Vol. 1: Part III - The Graveyard,30.002721088435376
55807,Electronic,0,../data/local/processed_mel/055807.npy,12198,Blasterhead,10342,Killbots EP,30.002721088435376
55808,Electronic,0,../data/local/processed_mel/055808.npy,12198,Blasterhead,10342,Killbots EP,29.976598639455784
55809,Electronic,0,../data/local/processed_mel/055809.npy,12198,Blasterhead,10342,Killbots EP,29.976598639455784
55810,Electronic,0,../data/local/processed_mel/055810.npy,12198,Blasterhead,10342,Killbots EP,30.002721088435376
55811,Electronic,0,../data/local/processed_mel/055811.npy,12198,Blasterhead,10342,Killbots EP,29.976598639455784
55826,International,5,../data/local/processed_mel/055826.npy,12201,Sexteto Tabalá de Palenque,10344,"Live at WFMU on Transpacific Sound Paradise August 6th, 2011",30.002721088435376
55827,International,5,../data/local/processed_mel/055827.npy,12201,Sexteto Tabalá de Palenque,10344,"Live at WFMU on Transpacific Sound Paradise August 6th, 2011",30.002721088435376
55828,International,5,../data/local/processed_mel/055828.npy,12201,Sexteto Tabalá de Palenque,10344,"Live at WFMU on Transpacific Sound Paradise August 6th, 2011",29.976598639455784
55830,International,5,../data/local/processed_mel/055830.npy,12201,Sexteto Tabalá de Palenque,10344,"Live at WFMU on Transpacific Sound Paradise August 6th, 2011",30.002721088435376
55831,International,5,../data/local/processed_mel/055831.npy,12201,Sexteto Tabalá de Palenque,10344,"Live at WFMU on Transpacific Sound Paradise August 6th, 2011",30.002721088435376
55832,International,5,../data/local/processed_mel/055832.npy,12201,Sexteto Tabalá de Palenque,10344,"Live at WFMU on Transpacific Sound Paradise August 6th, 2011",29.976598639455784
55833,International,5,../data/local/processed_mel/055833.npy,12201,Sexteto Tabalá de Palenque,10344,"Live at WFMU on Transpacific Sound Paradise August 6th, 2011",30.002721088435376
55900,Hip-Hop,3,../data/local/processed_mel/055900.npy,12207,Tickle,10350,Red River EP,29.976598639455784
56010,Experimental,1,../data/local/processed_mel/056010.npy,12216,Tone Poets,10366,Treble,29.976598639455784
56015,Experimental,1,../data/local/processed_mel/056015.npy,12216,Tone Poets,10366,Treble,30.002721088435376
56020,Experimental,1,../data/local/processed_mel/056020.npy,12216,Tone Poets,10366,Treble,29.976598639455784
56028,Electronic,0,../data/local/processed_mel/056028.npy,12217,Origami Repetika,10369,2 high fidelity songs 4 headphones,30.002721088435376
56029,Electronic,0,../data/local/processed_mel/056029.npy,12217,Origami Repetika,10369,2 high fidelity songs 4 headphones,29.976598639455784
56030,International,5,../data/local/processed_mel/056030.npy,9169,Mastermind XS,10291,Reset All Systems,29.976598639455784
56031,Experimental,1,../data/local/processed_mel/056031.npy,12220,Sky Thing,10370,Cooler Heads Prevail,30.002721088435376
56033,Experimental,1,../data/local/processed_mel/056033.npy,12220,Sky Thing,10370,Cooler Heads Prevail,30.002721088435376
56034,Electronic,0,../data/local/processed_mel/056034.npy,10197,Sans Blanc,8582,Modluv,29.976598639455784
56036,Electronic,0,../data/local/processed_mel/056036.npy,10197,Sans Blanc,8582,Modluv,29.976598639455784
56247,Pop,6,../data/local/processed_mel/056247.npy,12253,Jiony,10410,Bad Panda #104,29.976598639455784
56248,Pop,6,../data/local/processed_mel/056248.npy,12253,Jiony,10410,Bad Panda #104,29.976598639455784
56249,Pop,6,../data/local/processed_mel/056249.npy,12253,Jiony,10410,Bad Panda #104,29.976598639455784
56273,Pop,6,../data/local/processed_mel/056273.npy,12255,Orca Team,10415,Let It Go,29.976598639455784
56274,Pop,6,../data/local/processed_mel/056274.npy,12255,Orca Team,10415,Let It Go,30.002721088435376
56275,Pop,6,../data/local/processed_mel/056275.npy,12255,Orca Team,10415,Let It Go,30.002721088435376
56465,International,5,../data/local/processed_mel/056465.npy,4799,Alash Ensemble,10437,"Live at WFMU on Irene Trudel's Show on November 14, 2011",29.976598639455784
56466,International,5,../data/local/processed_mel/056466.npy,4799,Alash Ensemble,10437,"Live at WFMU on Irene Trudel's Show on November 14, 2011",29.976598639455784
56467,International,5,../data/local/processed_mel/056467.npy,4799,Alash Ensemble,10437,"Live at WFMU on Irene Trudel's Show on November 14, 2011",29.976598639455784
56468,International,5,../data/local/processed_mel/056468.npy,4799,Alash Ensemble,10437,"Live at WFMU on Irene Trudel's Show on November 14, 2011",29.976598639455784
56469,International,5,../data/local/processed_mel/056469.npy,4799,Alash Ensemble,10437,"Live at WFMU on Irene Trudel's Show on November 14, 2011",30.002721088435376
56470,International,5,../data/local/processed_mel/056470.npy,4799,Alash Ensemble,10437,"Live at WFMU on Irene Trudel's Show on November 14, 2011",30.002721088435376
56471,International,5,../data/local/processed_mel/056471.npy,4799,Alash Ensemble,10437,"Live at WFMU on Irene Trudel's Show on November 14, 2011",29.976598639455784
56472,International,5,../data/local/processed_mel/056472.npy,4799,Alash Ensemble,10437,"Live at WFMU on Irene Trudel's Show on November 14, 2011",29.976598639455784
56474,International,5,../data/local/processed_mel/056474.npy,4799,Alash Ensemble,10437,"Live at WFMU on Irene Trudel's Show on November 14, 2011",29.976598639455784
56493,Hip-Hop,3,../data/local/processed_mel/056493.npy,4035,Opio,10440,Mark It Zero,30.002721088435376
56495,Hip-Hop,3,../data/local/processed_mel/056495.npy,4035,Opio,10440,Mark It Zero,29.976598639455784
56496,Hip-Hop,3,../data/local/processed_mel/056496.npy,4035,Opio,10440,Mark It Zero,30.002721088435376
56497,Hip-Hop,3,../data/local/processed_mel/056497.npy,4035,Opio,10440,Mark It Zero,29.976598639455784
56498,Hip-Hop,3,../data/local/processed_mel/056498.npy,4035,Opio,10440,Mark It Zero,30.002721088435376
56499,Hip-Hop,3,../data/local/processed_mel/056499.npy,4035,Opio,10440,Mark It Zero,29.976598639455784
56516,Folk,2,../data/local/processed_mel/056516.npy,12272,Jenny Mayhem,10442,Keep the Fire,30.002721088435376
56517,Folk,2,../data/local/processed_mel/056517.npy,12272,Jenny Mayhem,10442,Keep the Fire,30.002721088435376
56518,Folk,2,../data/local/processed_mel/056518.npy,12272,Jenny Mayhem,10442,Keep the Fire,30.002721088435376
56519,Folk,2,../data/local/processed_mel/056519.npy,12272,Jenny Mayhem,10442,Keep the Fire,29.976598639455784
56520,Folk,2,../data/local/processed_mel/056520.npy,12272,Jenny Mayhem,10442,Keep the Fire,29.976598639455784
56521,Folk,2,../data/local/processed_mel/056521.npy,12272,Jenny Mayhem,10442,Keep the Fire,29.976598639455784
56639,Hip-Hop,3,../data/local/processed_mel/056639.npy,11216,BADLUCK,10458,Case Closed,29.988979591836735
56640,Hip-Hop,3,../data/local/processed_mel/056640.npy,11216,BADLUCK,10458,Case Closed,30.002721088435376
56641,Hip-Hop,3,../data/local/processed_mel/056641.npy,11216,BADLUCK,10458,Case Closed,30.002721088435376
56645,Rock,7,../data/local/processed_mel/056645.npy,12289,Jackie & The Cedrics,10460,"Live at WFMU on Three Chord Monte with Joe Belock November 10, 2011",30.002721088435376
56646,Rock,7,../data/local/processed_mel/056646.npy,12289,Jackie & The Cedrics,10460,"Live at WFMU on Three Chord Monte with Joe Belock November 10, 2011",30.002721088435376
56648,Rock,7,../data/local/processed_mel/056648.npy,12289,Jackie & The Cedrics,10460,"Live at WFMU on Three Chord Monte with Joe Belock November 10, 2011",30.002721088435376
56649,Rock,7,../data/local/processed_mel/056649.npy,12289,Jackie & The Cedrics,10460,"Live at WFMU on Three Chord Monte with Joe Belock November 10, 2011",29.976598639455784
56650,Rock,7,../data/local/processed_mel/056650.npy,12289,Jackie & The Cedrics,10460,"Live at WFMU on Three Chord Monte with Joe Belock November 10, 2011",29.976598639455784
56651,Rock,7,../data/local/processed_mel/056651.npy,12289,Jackie & The Cedrics,10460,"Live at WFMU on Three Chord Monte with Joe Belock November 10, 2011",30.002721088435376
56686,International,5,../data/local/processed_mel/056686.npy,12294,Corty,10471,Corty Meets...,29.976598639455784
56687,International,5,../data/local/processed_mel/056687.npy,12294,Corty,10471,Corty Meets...,30.002721088435376
56688,International,5,../data/local/processed_mel/056688.npy,12294,Corty,10471,Corty Meets...,29.976598639455784
56689,International,5,../data/local/processed_mel/056689.npy,12294,Corty,10471,Corty Meets...,30.002721088435376
56690,International,5,../data/local/processed_mel/056690.npy,12294,Corty,10471,Corty Meets...,30.002721088435376
56691,International,5,../data/local/processed_mel/056691.npy,12294,Corty,10471,Corty Meets...,29.976598639455784
56692,International,5,../data/local/processed_mel/056692.npy,12294,Corty,10471,Corty Meets...,30.002721088435376
56693,International,5,../data/local/processed_mel/056693.npy,12294,Corty,10471,Corty Meets...,29.976598639455784
56694,International,5,../data/local/processed_mel/056694.npy,12294,Corty,10471,Corty Meets...,29.976598639455784
56695,International,5,../data/local/processed_mel/056695.npy,12294,Corty,10471,Corty Meets...,29.976598639455784
56696,International,5,../data/local/processed_mel/056696.npy,12294,Corty,10471,Corty Meets...,29.976598639455784
56795,Electronic,0,../data/local/processed_mel/056795.npy,7168,Podington Bear,10484,Egress,30.002721088435376
56796,Electronic,0,../data/local/processed_mel/056796.npy,7168,Podington Bear,10484,Egress,29.976598639455784
56797,Electronic,0,../data/local/processed_mel/056797.npy,7168,Podington Bear,10484,Egress,30.002721088435376
56798,Electronic,0,../data/local/processed_mel/056798.npy,7168,Podington Bear,10484,Egress,29.976598639455784
56799,Electronic,0,../data/local/processed_mel/056799.npy,7168,Podington Bear,10484,Egress,30.002721088435376
56800,Electronic,0,../data/local/processed_mel/056800.npy,7168,Podington Bear,10484,Egress,30.002721088435376
56801,Electronic,0,../data/local/processed_mel/056801.npy,7168,Podington Bear,10484,Egress,29.976598639455784
56802,Electronic,0,../data/local/processed_mel/056802.npy,7168,Podington Bear,10484,Egress,29.976598639455784
56803,Electronic,0,../data/local/processed_mel/056803.npy,7168,Podington Bear,10484,Egress,30.002721088435376
56804,Electronic,0,../data/local/processed_mel/056804.npy,7168,Podington Bear,10484,Egress,29.976598639455784
56805,Electronic,0,../data/local/processed_mel/056805.npy,7168,Podington Bear,10484,Egress,30.002721088435376
56888,Experimental,1,../data/local/processed_mel/056888.npy,12348,John King,10506,soloVIOLA,29.976598639455784
57164,Folk,2,../data/local/processed_mel/057164.npy,12386,Short Hand,10535,Attila,29.976598639455784
57175,Folk,2,../data/local/processed_mel/057175.npy,12386,Short Hand,10535,Attila,29.976598639455784
57176,Folk,2,../data/local/processed_mel/057176.npy,12386,Short Hand,10535,Attila,29.976598639455784
57177,Folk,2,../data/local/processed_mel/057177.npy,12386,Short Hand,10535,Attila,29.976598639455784
57178,Pop,6,../data/local/processed_mel/057178.npy,10406,Skeletons,10536,NO (Midi Version) + midi file & vocal track,30.002721088435376
57179,Pop,6,../data/local/processed_mel/057179.npy,10406,Skeletons,10536,NO (Midi Version) + midi file & vocal track,30.002721088435376
57180,Pop,6,../data/local/processed_mel/057180.npy,10406,Skeletons,10536,NO (Midi Version) + midi file & vocal track,30.002721088435376
57344,Experimental,1,../data/local/processed_mel/057344.npy,5147,Chuck Bettis,10569,Urgency Renewal,29.976598639455784
57360,Experimental,1,../data/local/processed_mel/057360.npy,12436,Dead Gum,10571,Doubleganger,29.976598639455784
57371,Instrumental,4,../data/local/processed_mel/057371.npy,2240,Justice Yeldham,10572,Volume Five,29.976598639455784
57417,Electronic,0,../data/local/processed_mel/057417.npy,8542,theAudiologist,10575,Idios Kosmos,29.988979591836735
57418,Instrumental,4,../data/local/processed_mel/057418.npy,12457,Kusum Normoyle,10576,Vox,30.002721088435376
57440,Experimental,1,../data/local/processed_mel/057440.npy,3195,The Yes Sirs,10578,"""Dos Locos""",29.976598639455784
57442,Experimental,1,../data/local/processed_mel/057442.npy,3195,The Yes Sirs,10578,"""Dos Locos""",29.976598639455784
57500,Rock,7,../data/local/processed_mel/057500.npy,12476,Barreracudas,10584,Live at WFMU on Terre T's Cherry Blossom Clinic,29.976598639455784
57569,Rock,7,../data/local/processed_mel/057569.npy,12486,King Louie's Missing Monuments,10596,"Live at WFMU on Three Chord Monte with Joe Belock December 1, 2011",29.976598639455784
57626,Experimental,1,../data/local/processed_mel/057626.npy,6234,Noveller,10608,Live at WFMU with Liz Berg September 12 2011,30.002721088435376
57627,Experimental,1,../data/local/processed_mel/057627.npy,6234,Noveller,10608,Live at WFMU with Liz Berg September 12 2011,29.976598639455784
57628,Experimental,1,../data/local/processed_mel/057628.npy,6234,Noveller,10608,Live at WFMU with Liz Berg September 12 2011,29.976598639455784
57629,Experimental,1,../data/local/processed_mel/057629.npy,6234,Noveller,10608,Live at WFMU with Liz Berg September 12 2011,29.976598639455784
57630,Experimental,1,../data/local/processed_mel/057630.npy,6234,Noveller,10608,Live at WFMU with Liz Berg September 12 2011,30.002721088435376
57639,Folk,2,../data/local/processed_mel/057639.npy,12495,Melaena Cadiz,10610,Live at WFMU with Irene Trudel December 12 2011,29.976598639455784
57640,Folk,2,../data/local/processed_mel/057640.npy,12495,Melaena Cadiz,10610,Live at WFMU with Irene Trudel December 12 2011,30.002721088435376
57648,Folk,2,../data/local/processed_mel/057648.npy,12495,Melaena Cadiz,10610,Live at WFMU with Irene Trudel December 12 2011,29.976598639455784
57658,Rock,7,../data/local/processed_mel/057658.npy,9123,Shark?,10612,Live on Beastin' the Airwaves with Keili on WFMU October 23 2011,29.976598639455784
57661,Rock,7,../data/local/processed_mel/057661.npy,9123,Shark?,10612,Live on Beastin' the Airwaves with Keili on WFMU October 23 2011,30.002721088435376
57662,Rock,7,../data/local/processed_mel/057662.npy,9123,Shark?,10612,Live on Beastin' the Airwaves with Keili on WFMU October 23 2011,29.976598639455784
57663,Rock,7,../data/local/processed_mel/057663.npy,9123,Shark?,10612,Live on Beastin' the Airwaves with Keili on WFMU October 23 2011,30.002721088435376
57665,International,5,../data/local/processed_mel/057665.npy,12499,The Conscious Youths,10585,Raw Music International: Kisumu Mixtape,29.976598639455784
57691,International,5,../data/local/processed_mel/057691.npy,12477,Olima Anditi,10585,Raw Music International: Kisumu Mixtape,29.988979591836735
57697,International,5,../data/local/processed_mel/057697.npy,12499,The Conscious Youths,10585,Raw Music International: Kisumu Mixtape,29.976598639455784
57819,Hip-Hop,3,../data/local/processed_mel/057819.npy,12533,Blue Ducks,10661,Six,30.002721088435376
57820,Hip-Hop,3,../data/local/processed_mel/057820.npy,12533,Blue Ducks,10661,Six,29.976598639455784
57821,Hip-Hop,3,../data/local/processed_mel/057821.npy,12533,Blue Ducks,10661,Six,30.002721088435376
57822,Hip-Hop,3,../data/local/processed_mel/057822.npy,12533,Blue Ducks,10661,Six,29.976598639455784
57823,Hip-Hop,3,../data/local/processed_mel/057823.npy,12533,Blue Ducks,10661,Six,30.002721088435376
57936,Experimental,1,../data/local/processed_mel/057936.npy,12570,R.Tists for Christmas,10700,An Album for Christ,29.976598639455784
57937,Experimental,1,../data/local/processed_mel/057937.npy,12570,R.Tists for Christmas,10700,An Album for Christ,30.002721088435376
57938,Experimental,1,../data/local/processed_mel/057938.npy,12570,R.Tists for Christmas,10700,An Album for Christ,30.002721088435376
57939,Experimental,1,../data/local/processed_mel/057939.npy,129,Ergo Phizmiz,10701,Chinstrap Christmas Party,30.002721088435376
57943,Experimental,1,../data/local/processed_mel/057943.npy,6554,Oblivian Substanshall,10701,Chinstrap Christmas Party,29.976598639455784
57968,Rock,7,../data/local/processed_mel/057968.npy,11423,Ljudske Potrebe,10704,Povratak u realno,30.002721088435376
58052,Experimental,1,../data/local/processed_mel/058052.npy,9974,Trance And The Arcade,10715,Survival In Infinity,29.976598639455784
58053,Experimental,1,../data/local/processed_mel/058053.npy,9974,Trance And The Arcade,10715,Survival In Infinity,30.002721088435376
58054,Experimental,1,../data/local/processed_mel/058054.npy,9974,Trance And The Arcade,10715,Survival In Infinity,29.976598639455784
58060,Experimental,1,../data/local/processed_mel/058060.npy,9974,Trance And The Arcade,10717,Harmonic Architecture,29.976598639455784
58061,Experimental,1,../data/local/processed_mel/058061.npy,9974,Trance And The Arcade,10717,Harmonic Architecture,30.002721088435376
58063,Experimental,1,../data/local/processed_mel/058063.npy,9974,Trance And The Arcade,10717,Harmonic Architecture,29.976598639455784
58068,Experimental,1,../data/local/processed_mel/058068.npy,11326,Przewalski's Horses,10720,WHNZ:35:KYOSK,30.002721088435376
58070,Experimental,1,../data/local/processed_mel/058070.npy,11326,Przewalski's Horses,10720,WHNZ:35:KYOSK,30.002721088435376
58115,Pop,6,../data/local/processed_mel/058115.npy,803,The Golden Hours,2107,Spooky EP,29.976598639455784
58116,Pop,6,../data/local/processed_mel/058116.npy,803,The Golden Hours,2107,Spooky EP,30.002721088435376
58117,Pop,6,../data/local/processed_mel/058117.npy,803,The Golden Hours,2107,Spooky EP,30.002721088435376
58135,Folk,2,../data/local/processed_mel/058135.npy,8810,John Bellows,10740,Clean Your Clock,30.002721088435376
58140,Folk,2,../data/local/processed_mel/058140.npy,8810,John Bellows,10740,Clean Your Clock,30.002721088435376
58161,Pop,6,../data/local/processed_mel/058161.npy,11383,Elvis Herod,10743,Arab Justice,29.976598639455784
58162,Pop,6,../data/local/processed_mel/058162.npy,11383,Elvis Herod,10743,Arab Justice,29.976598639455784
58164,Pop,6,../data/local/processed_mel/058164.npy,11383,Elvis Herod,10743,Arab Justice,29.976598639455784
58166,Pop,6,../data/local/processed_mel/058166.npy,11383,Elvis Herod,10743,Arab Justice,29.976598639455784
58169,Pop,6,../data/local/processed_mel/058169.npy,11383,Elvis Herod,10743,Arab Justice,29.976598639455784
58170,Pop,6,../data/local/processed_mel/058170.npy,11383,Elvis Herod,10743,Arab Justice,29.976598639455784
58173,Pop,6,../data/local/processed_mel/058173.npy,11383,Elvis Herod,10743,Arab Justice,29.976598639455784
58174,Pop,6,../data/local/processed_mel/058174.npy,11383,Elvis Herod,10743,Arab Justice,30.002721088435376
58212,Hip-Hop,3,../data/local/processed_mel/058212.npy,12611,Elemint,10750,FrostWire Creative Commons Mixtape 2 Side A,29.976598639455784
58213,Hip-Hop,3,../data/local/processed_mel/058213.npy,12612,Vanatei ft. Semi,10750,FrostWire Creative Commons Mixtape 2 Side A,29.976598639455784
58215,Hip-Hop,3,../data/local/processed_mel/058215.npy,12614,Mouth's Cradle,10750,FrostWire Creative Commons Mixtape 2 Side A,29.976598639455784
58221,Rock,7,../data/local/processed_mel/058221.npy,12620,Sick of Sarah,10750,FrostWire Creative Commons Mixtape 2 Side A,30.002721088435376
58225,Rock,7,../data/local/processed_mel/058225.npy,7486,The Woolen Men,10751,The Hair Of The Night,30.002721088435376
58341,Electronic,0,../data/local/processed_mel/058341.npy,12632,Immortal Beats,10762,FrostWire Creative Commons Mixtape 2 Side B,29.976598639455784
58474,Pop,6,../data/local/processed_mel/058474.npy,7949,Plushgoolash,10777,R I P Please Bob,29.976598639455784
59078,Rock,7,../data/local/processed_mel/059078.npy,8088,Dublin Duck Dispensary,10847,Luanqibazao,30.002721088435376
59373,Rock,7,../data/local/processed_mel/059373.npy,12802,Twin Guns,10894,"Twin Guns: Live at WFMU on Three Chord Monte with Joe Belock, Jan 17th, 2012",29.976598639455784
59374,Rock,7,../data/local/processed_mel/059374.npy,12802,Twin Guns,10894,"Twin Guns: Live at WFMU on Three Chord Monte with Joe Belock, Jan 17th, 2012",29.976598639455784
59561,Rock,7,../data/local/processed_mel/059561.npy,12831,Sponsors,10931,Sponsors,29.976598639455784
59653,International,5,../data/local/processed_mel/059653.npy,12839,Brazda,10953,Live at the 2014 Golden Festival,30.002721088435376
59654,International,5,../data/local/processed_mel/059654.npy,12839,Brazda,10953,Live at the 2014 Golden Festival,30.002721088435376
59656,International,5,../data/local/processed_mel/059656.npy,12839,Brazda,10953,Live at the 2014 Golden Festival,29.976598639455784
59657,International,5,../data/local/processed_mel/059657.npy,12839,Brazda,10953,Live at the 2014 Golden Festival,29.976598639455784
59658,International,5,../data/local/processed_mel/059658.npy,12839,Brazda,10953,Live at the 2014 Golden Festival,30.002721088435376
59659,International,5,../data/local/processed_mel/059659.npy,12839,Brazda,10953,Live at the 2014 Golden Festival,29.976598639455784
59660,International,5,../data/local/processed_mel/059660.npy,6345,Yale Women's Slavic Chorus,10954,Live at the 2012 Golden Festival,29.976598639455784
59663,International,5,../data/local/processed_mel/059663.npy,6345,Yale Women's Slavic Chorus,10954,Live at the 2012 Golden Festival,30.002721088435376
59664,International,5,../data/local/processed_mel/059664.npy,6345,Yale Women's Slavic Chorus,10954,Live at the 2012 Golden Festival,29.976598639455784
59666,International,5,../data/local/processed_mel/059666.npy,6345,Yale Women's Slavic Chorus,10954,Live at the 2012 Golden Festival,29.976598639455784
59667,International,5,../data/local/processed_mel/059667.npy,6345,Yale Women's Slavic Chorus,10954,Live at the 2012 Golden Festival,29.976598639455784
59669,International,5,../data/local/processed_mel/059669.npy,12844,Slaveya Women's Vocal Ensemble,10955,"SWVE Live at the Golden Festival Atrium Stage, Jan 14 2012",29.976598639455784
59671,International,5,../data/local/processed_mel/059671.npy,12844,Slaveya Women's Vocal Ensemble,10955,"SWVE Live at the Golden Festival Atrium Stage, Jan 14 2012",29.976598639455784
59673,International,5,../data/local/processed_mel/059673.npy,12844,Slaveya Women's Vocal Ensemble,10955,"SWVE Live at the Golden Festival Atrium Stage, Jan 14 2012",29.976598639455784
59675,International,5,../data/local/processed_mel/059675.npy,12844,Slaveya Women's Vocal Ensemble,10955,"SWVE Live at the Golden Festival Atrium Stage, Jan 14 2012",30.002721088435376
59676,International,5,../data/local/processed_mel/059676.npy,12844,Slaveya Women's Vocal Ensemble,10955,"SWVE Live at the Golden Festival Atrium Stage, Jan 14 2012",29.976598639455784
59677,International,5,../data/local/processed_mel/059677.npy,12844,Slaveya Women's Vocal Ensemble,10955,"SWVE Live at the Golden Festival Atrium Stage, Jan 14 2012",29.976598639455784
59678,International,5,../data/local/processed_mel/059678.npy,12853,Isra-Alien Band,10956,"Isra-Alien Band Live at the Golden Festival Atrium Stage, Jan 14 2012",29.976598639455784
59679,International,5,../data/local/processed_mel/059679.npy,12853,Isra-Alien Band,10956,"Isra-Alien Band Live at the Golden Festival Atrium Stage, Jan 14 2012",29.976598639455784
59680,International,5,../data/local/processed_mel/059680.npy,12853,Isra-Alien Band,10956,"Isra-Alien Band Live at the Golden Festival Atrium Stage, Jan 14 2012",29.976598639455784
59681,International,5,../data/local/processed_mel/059681.npy,12853,Isra-Alien Band,10956,"Isra-Alien Band Live at the Golden Festival Atrium Stage, Jan 14 2012",30.002721088435376
59682,International,5,../data/local/processed_mel/059682.npy,12853,Isra-Alien Band,10956,"Isra-Alien Band Live at the Golden Festival Atrium Stage, Jan 14 2012",30.002721088435376
59683,International,5,../data/local/processed_mel/059683.npy,12855,Ventanas,10957,"Ventanas Live at the Golden Festival Atrium Stage, Jan 14 2012",30.002721088435376
59684,International,5,../data/local/processed_mel/059684.npy,12855,Ventanas,10957,"Ventanas Live at the Golden Festival Atrium Stage, Jan 14 2012",29.976598639455784
59685,International,5,../data/local/processed_mel/059685.npy,12855,Ventanas,10957,"Ventanas Live at the Golden Festival Atrium Stage, Jan 14 2012",29.976598639455784
59686,International,5,../data/local/processed_mel/059686.npy,12855,Ventanas,10957,"Ventanas Live at the Golden Festival Atrium Stage, Jan 14 2012",30.002721088435376
59687,International,5,../data/local/processed_mel/059687.npy,12855,Ventanas,10957,"Ventanas Live at the Golden Festival Atrium Stage, Jan 14 2012",29.976598639455784
59688,International,5,../data/local/processed_mel/059688.npy,12855,Ventanas,10957,"Ventanas Live at the Golden Festival Atrium Stage, Jan 14 2012",30.002721088435376
59702,International,5,../data/local/processed_mel/059702.npy,12858,Supruli,10961,"Live at the Golden Festival Atrium Stage, Jan 14 2012",30.002721088435376
59706,International,5,../data/local/processed_mel/059706.npy,12860,Tenores de Aterúe,10962,"Tenores de Aterúe Live at the Golden Festival Atrium Stage, Jan 14 2012",29.976598639455784
59707,International,5,../data/local/processed_mel/059707.npy,12860,Tenores de Aterúe,10962,"Tenores de Aterúe Live at the Golden Festival Atrium Stage, Jan 14 2012",29.976598639455784
59708,International,5,../data/local/processed_mel/059708.npy,12860,Tenores de Aterúe,10962,"Tenores de Aterúe Live at the Golden Festival Atrium Stage, Jan 14 2012",30.002721088435376
59709,International,5,../data/local/processed_mel/059709.npy,12860,Tenores de Aterúe,10962,"Tenores de Aterúe Live at the Golden Festival Atrium Stage, Jan 14 2012",30.002721088435376
59710,International,5,../data/local/processed_mel/059710.npy,12860,Tenores de Aterúe,10962,"Tenores de Aterúe Live at the Golden Festival Atrium Stage, Jan 14 2012",30.002721088435376
59719,International,5,../data/local/processed_mel/059719.npy,6344,The Rosen Sisters,10964,"The Rosen Sisters Live at the Golden Festival Atrium Stage, Jan 14 2012",29.976598639455784
59720,International,5,../data/local/processed_mel/059720.npy,6344,The Rosen Sisters,10964,"The Rosen Sisters Live at the Golden Festival Atrium Stage, Jan 14 2012",29.976598639455784
59721,International,5,../data/local/processed_mel/059721.npy,6344,The Rosen Sisters,10964,"The Rosen Sisters Live at the Golden Festival Atrium Stage, Jan 14 2012",30.002721088435376
59723,International,5,../data/local/processed_mel/059723.npy,6344,The Rosen Sisters,10964,"The Rosen Sisters Live at the Golden Festival Atrium Stage, Jan 14 2012",30.002721088435376
59724,International,5,../data/local/processed_mel/059724.npy,6344,The Rosen Sisters,10964,"The Rosen Sisters Live at the Golden Festival Atrium Stage, Jan 14 2012",29.976598639455784
59725,International,5,../data/local/processed_mel/059725.npy,6344,The Rosen Sisters,10964,"The Rosen Sisters Live at the Golden Festival Atrium Stage, Jan 14 2012",29.976598639455784
59726,International,5,../data/local/processed_mel/059726.npy,6344,The Rosen Sisters,10964,"The Rosen Sisters Live at the Golden Festival Atrium Stage, Jan 14 2012",30.002721088435376
59727,International,5,../data/local/processed_mel/059727.npy,6344,The Rosen Sisters,10964,"The Rosen Sisters Live at the Golden Festival Atrium Stage, Jan 14 2012",29.976598639455784
59823,Experimental,1,../data/local/processed_mel/059823.npy,8995,The Superfools,10978,For Your Listening Pleasure,29.976598639455784
59876,Rock,7,../data/local/processed_mel/059876.npy,12867,Boy Friend,10984,Newtown Radio Sessions,29.988979591836735
59930,Experimental,1,../data/local/processed_mel/059930.npy,12878,Plattsburgh Junk Shop Memorial,11001,Cherry Valley Serenade,30.002721088435376
60037,International,5,../data/local/processed_mel/060037.npy,9348,Lessazo,7824,Soleil d'hiver,29.976598639455784
60038,International,5,../data/local/processed_mel/060038.npy,9348,Lessazo,7824,Soleil d'hiver,29.976598639455784
60041,International,5,../data/local/processed_mel/060041.npy,9348,Lessazo,7824,Soleil d'hiver,29.976598639455784
60042,International,5,../data/local/processed_mel/060042.npy,9348,Lessazo,7824,Soleil d'hiver,29.976598639455784
60045,International,5,../data/local/processed_mel/060045.npy,9348,Lessazo,7824,Soleil d'hiver,29.976598639455784
60048,International,5,../data/local/processed_mel/060048.npy,9348,Lessazo,7824,Soleil d'hiver,29.976598639455784
60074,Experimental,1,../data/local/processed_mel/060074.npy,12904,Rubber O Cement And James Twig Harper,11023,"Shameful, Effectual, Masterbattalion!!",29.976598639455784
60143,International,5,../data/local/processed_mel/060143.npy,12911,Vlada Tomova's Balkan Tales,11030,Vlada Tomova live at the Golden Festival Rainbow Room Jan 14th 2012,29.976598639455784
60144,International,5,../data/local/processed_mel/060144.npy,12911,Vlada Tomova's Balkan Tales,11030,Vlada Tomova live at the Golden Festival Rainbow Room Jan 14th 2012,29.976598639455784
60145,International,5,../data/local/processed_mel/060145.npy,12911,Vlada Tomova's Balkan Tales,11030,Vlada Tomova live at the Golden Festival Rainbow Room Jan 14th 2012,29.976598639455784
60146,International,5,../data/local/processed_mel/060146.npy,12911,Vlada Tomova's Balkan Tales,11030,Vlada Tomova live at the Golden Festival Rainbow Room Jan 14th 2012,30.002721088435376
60170,Folk,2,../data/local/processed_mel/060170.npy,12897,Hammer of Hathor,11033,Ineluctable Modality of the Visible,29.976598639455784
60317,Experimental,1,../data/local/processed_mel/060317.npy,5147,Chuck Bettis,11057,We Want War tour cdr,30.002721088435376
60472,Hip-Hop,3,../data/local/processed_mel/060472.npy,12964,Laguna,11069,netBloc Vol. 36: Get Dusted (Illness From The Dusted Wax Stacks),29.976598639455784
60474,Hip-Hop,3,../data/local/processed_mel/060474.npy,12966,Citizen Crane,11069,netBloc Vol. 36: Get Dusted (Illness From The Dusted Wax Stacks),29.976598639455784
60477,Hip-Hop,3,../data/local/processed_mel/060477.npy,12968,Centz,11069,netBloc Vol. 36: Get Dusted (Illness From The Dusted Wax Stacks),30.002721088435376
60478,Hip-Hop,3,../data/local/processed_mel/060478.npy,3230,Mr. Moods,11069,netBloc Vol. 36: Get Dusted (Illness From The Dusted Wax Stacks),29.976598639455784
60510,Hip-Hop,3,../data/local/processed_mel/060510.npy,3350,MUTE,11072,Pavement Politics XE,29.976598639455784
60544,International,5,../data/local/processed_mel/060544.npy,1835,Raya Brass Band,11077,Raya Brass Band live at the 2012 Golden Festival,29.976598639455784
60547,International,5,../data/local/processed_mel/060547.npy,1835,Raya Brass Band,11077,Raya Brass Band live at the 2012 Golden Festival,30.002721088435376
60548,International,5,../data/local/processed_mel/060548.npy,1835,Raya Brass Band,11077,Raya Brass Band live at the 2012 Golden Festival,29.976598639455784
60549,International,5,../data/local/processed_mel/060549.npy,1835,Raya Brass Band,11077,Raya Brass Band live at the 2012 Golden Festival,30.002721088435376
60736,Rock,7,../data/local/processed_mel/060736.npy,13016,Mexican Holiday,11111,Mexican Holiday live at the Winston,30.002721088435376
60753,International,5,../data/local/processed_mel/060753.npy,13021,Niva,11115,Live at the 2012 Golden Festival,29.976598639455784
60754,International,5,../data/local/processed_mel/060754.npy,13021,Niva,11115,Live at the 2012 Golden Festival,29.976598639455784
60755,International,5,../data/local/processed_mel/060755.npy,13021,Niva,11115,Live at the 2012 Golden Festival,29.976598639455784
60756,International,5,../data/local/processed_mel/060756.npy,13021,Niva,11115,Live at the 2012 Golden Festival,30.002721088435376
60757,International,5,../data/local/processed_mel/060757.npy,13021,Niva,11115,Live at the 2012 Golden Festival,29.976598639455784
60758,International,5,../data/local/processed_mel/060758.npy,13021,Niva,11115,Live at the 2012 Golden Festival,29.976598639455784
60775,International,5,../data/local/processed_mel/060775.npy,13023,Echidna,11118,Live at the 2012 Golden Festival,30.002721088435376
60776,International,5,../data/local/processed_mel/060776.npy,13023,Echidna,11118,Live at the 2012 Golden Festival,30.002721088435376
60777,International,5,../data/local/processed_mel/060777.npy,13023,Echidna,11118,Live at the 2012 Golden Festival,29.976598639455784
60857,International,5,../data/local/processed_mel/060857.npy,11103,Gogofski,11136,Live at the 2012 Golden Festival Main Stage,30.002721088435376
60864,International,5,../data/local/processed_mel/060864.npy,11103,Gogofski,11136,Live at the 2012 Golden Festival Main Stage,30.002721088435376
60865,International,5,../data/local/processed_mel/060865.npy,11103,Gogofski,11136,Live at the 2012 Golden Festival Main Stage,29.976598639455784
60994,Experimental,1,../data/local/processed_mel/060994.npy,13059,Global Distance feat. Larva Lou,11159,The Death of Nature Boy,29.976598639455784
61006,Folk,2,../data/local/processed_mel/061006.npy,12347,Ben von Wildenhaus,11161,"Instrumental Quaalude, vol. 1",30.002721088435376
61007,Folk,2,../data/local/processed_mel/061007.npy,12347,Ben von Wildenhaus,11161,"Instrumental Quaalude, vol. 1",29.976598639455784
61008,Folk,2,../data/local/processed_mel/061008.npy,12347,Ben von Wildenhaus,11161,"Instrumental Quaalude, vol. 1",29.976598639455784
61010,Folk,2,../data/local/processed_mel/061010.npy,12347,Ben von Wildenhaus,11161,"Instrumental Quaalude, vol. 1",29.976598639455784
61011,Folk,2,../data/local/processed_mel/061011.npy,12347,Ben von Wildenhaus,11161,"Instrumental Quaalude, vol. 1",30.002721088435376
61012,Folk,2,../data/local/processed_mel/061012.npy,12347,Ben von Wildenhaus,11161,"Instrumental Quaalude, vol. 1",29.976598639455784
61013,Folk,2,../data/local/processed_mel/061013.npy,12347,Ben von Wildenhaus,11161,"Instrumental Quaalude, vol. 1",29.976598639455784
61159,Hip-Hop,3,../data/local/processed_mel/061159.npy,12085,Alaclair Ensemble,11173,This Is America,30.002721088435376
61160,Hip-Hop,3,../data/local/processed_mel/061160.npy,12085,Alaclair Ensemble,11173,This Is America,29.976598639455784
61161,Hip-Hop,3,../data/local/processed_mel/061161.npy,12085,Alaclair Ensemble,11173,This Is America,29.976598639455784
61172,Hip-Hop,3,../data/local/processed_mel/061172.npy,12085,Alaclair Ensemble,11173,This Is America,29.976598639455784
61174,Hip-Hop,3,../data/local/processed_mel/061174.npy,12085,Alaclair Ensemble,11173,This Is America,29.976598639455784
61175,Hip-Hop,3,../data/local/processed_mel/061175.npy,12085,Alaclair Ensemble,11173,This Is America,30.002721088435376
61452,Hip-Hop,3,../data/local/processed_mel/061452.npy,12085,Alaclair Ensemble,11177,Dans L'South du Bas,29.976598639455784
61453,Hip-Hop,3,../data/local/processed_mel/061453.npy,12085,Alaclair Ensemble,11177,Dans L'South du Bas,29.976598639455784
61491,Rock,7,../data/local/processed_mel/061491.npy,13115,Room For A Ghost,11189,3 Song EP,29.976598639455784
61492,Rock,7,../data/local/processed_mel/061492.npy,13115,Room For A Ghost,11189,3 Song EP,29.976598639455784
61493,Rock,7,../data/local/processed_mel/061493.npy,13115,Room For A Ghost,11189,3 Song EP,29.976598639455784
61587,Pop,6,../data/local/processed_mel/061587.npy,129,Ergo Phizmiz,11202,Music For Your Party,29.976598639455784
61589,Pop,6,../data/local/processed_mel/061589.npy,129,Ergo Phizmiz,11202,Music For Your Party,30.002721088435376
61591,Pop,6,../data/local/processed_mel/061591.npy,129,Ergo Phizmiz,11202,Music For Your Party,29.976598639455784
61592,Pop,6,../data/local/processed_mel/061592.npy,129,Ergo Phizmiz,11202,Music For Your Party,29.976598639455784
61668,Hip-Hop,3,../data/local/processed_mel/061668.npy,13140,T Bird,11218,netBloc Vol. 37: FIVE,29.976598639455784
61670,Pop,6,../data/local/processed_mel/061670.npy,8375,Gosprom,11218,netBloc Vol. 37: FIVE,30.002721088435376
61679,Pop,6,../data/local/processed_mel/061679.npy,13141,Duellen,11218,netBloc Vol. 37: FIVE,29.976598639455784
61814,Rock,7,../data/local/processed_mel/061814.npy,3966,Kalashnikov,11234,Kalashnikov Presents: 1-666-CALL-SAAD,29.976598639455784
61884,Hip-Hop,3,../data/local/processed_mel/061884.npy,7473,Cullah,11236,Pack -A- Clones (Evil),29.976598639455784
62001,Hip-Hop,3,../data/local/processed_mel/062001.npy,9814,mGee,11257,Stand,30.002721088435376
62003,Instrumental,4,../data/local/processed_mel/062003.npy,13198,Armageddon Gospel Revival,11258,Armageddon Gospel Revival,29.988979591836735
62005,Instrumental,4,../data/local/processed_mel/062005.npy,13198,Armageddon Gospel Revival,11258,Armageddon Gospel Revival,29.988979591836735
62007,Instrumental,4,../data/local/processed_mel/062007.npy,13198,Armageddon Gospel Revival,11258,Armageddon Gospel Revival,29.988979591836735
62163,Pop,6,../data/local/processed_mel/062163.npy,13210,Sophia Knapp,11282,"Live on Dark Night of the Soul with Julie on March 13, 2012",29.976598639455784
62164,Pop,6,../data/local/processed_mel/062164.npy,13210,Sophia Knapp,11282,"Live on Dark Night of the Soul with Julie on March 13, 2012",29.976598639455784
62165,Pop,6,../data/local/processed_mel/062165.npy,13210,Sophia Knapp,11282,"Live on Dark Night of the Soul with Julie on March 13, 2012",29.976598639455784
62180,Instrumental,4,../data/local/processed_mel/062180.npy,9462,Maps & Transit,7983,Songs For Divining,30.002721088435376
62183,International,5,../data/local/processed_mel/062183.npy,13214,Dr Sakis,11285,Pas de tigre en afrique ?,30.002721088435376
62185,International,5,../data/local/processed_mel/062185.npy,13216,Majoie Ayi,11285,Pas de tigre en afrique ?,29.976598639455784
62186,International,5,../data/local/processed_mel/062186.npy,13217,Daouda,11285,Pas de tigre en afrique ?,29.976598639455784
62187,International,5,../data/local/processed_mel/062187.npy,13218,Guy Watson -,11285,Pas de tigre en afrique ?,29.976598639455784
62188,International,5,../data/local/processed_mel/062188.npy,13219,Patience Dabany,11285,Pas de tigre en afrique ?,30.002721088435376
62189,International,5,../data/local/processed_mel/062189.npy,13220,Armée,11285,Pas de tigre en afrique ?,30.002721088435376
62190,International,5,../data/local/processed_mel/062190.npy,13221,"LETIS DIVA,",11285,Pas de tigre en afrique ?,30.002721088435376
62191,International,5,../data/local/processed_mel/062191.npy,13222,Divans,11285,Pas de tigre en afrique ?,30.002721088435376
62192,International,5,../data/local/processed_mel/062192.npy,13224,Petit Yodé et l'enfant siro,11285,Pas de tigre en afrique ?,29.976598639455784
62193,International,5,../data/local/processed_mel/062193.npy,13223,Pamelo Mounka,11285,Pas de tigre en afrique ?,30.002721088435376
62194,International,5,../data/local/processed_mel/062194.npy,13225,Tonton Ebogo,11285,Pas de tigre en afrique ?,29.976598639455784
62195,International,5,../data/local/processed_mel/062195.npy,13226,Arielle T,11285,Pas de tigre en afrique ?,29.976598639455784
62196,International,5,../data/local/processed_mel/062196.npy,13227,Barbara Kanam --,11285,Pas de tigre en afrique ?,30.002721088435376
62337,Rock,7,../data/local/processed_mel/062337.npy,7486,The Woolen Men,11305,Live On KDVS - Art For Spastics With DJ Rick,29.976598639455784
62426,Folk,2,../data/local/processed_mel/062426.npy,13262,Jahzzar,11371,Blinded by Dust,30.002721088435376
62436,Pop,6,../data/local/processed_mel/062436.npy,13262,Jahzzar,11371,Blinded by Dust,30.002721088435376
62445,Rock,7,../data/local/processed_mel/062445.npy,13262,Jahzzar,11370,Comic,30.002721088435376
62446,Pop,6,../data/local/processed_mel/062446.npy,13262,Jahzzar,11372,Newborn,29.976598639455784
62448,Pop,6,../data/local/processed_mel/062448.npy,13262,Jahzzar,11372,Newborn,30.002721088435376
62449,Pop,6,../data/local/processed_mel/062449.npy,13262,Jahzzar,11370,Comic,30.002721088435376
62450,Pop,6,../data/local/processed_mel/062450.npy,13262,Jahzzar,11367,"Paris, Lisboa",30.002721088435376
62452,Pop,6,../data/local/processed_mel/062452.npy,13262,Jahzzar,11367,"Paris, Lisboa",29.976598639455784
62458,Rock,7,../data/local/processed_mel/062458.npy,13262,Jahzzar,11355,Traveller's Guide,30.002721088435376
62525,International,5,../data/local/processed_mel/062525.npy,9160,Tommy Tornado,7685,Live at Pacific Parc,29.976598639455784
62526,International,5,../data/local/processed_mel/062526.npy,9160,Tommy Tornado,7685,Live at Pacific Parc,30.002721088435376
62527,International,5,../data/local/processed_mel/062527.npy,9160,Tommy Tornado,7685,Live at Pacific Parc,30.002721088435376
62528,International,5,../data/local/processed_mel/062528.npy,9160,Tommy Tornado,7685,Live at Pacific Parc,30.002721088435376
62529,International,5,../data/local/processed_mel/062529.npy,9160,Tommy Tornado,7685,Live at Pacific Parc,30.002721088435376
62531,International,5,../data/local/processed_mel/062531.npy,9160,Tommy Tornado,7685,Live at Pacific Parc,30.002721088435376
62532,International,5,../data/local/processed_mel/062532.npy,9160,Tommy Tornado,7685,Live at Pacific Parc,30.002721088435376
62533,International,5,../data/local/processed_mel/062533.npy,9160,Tommy Tornado,7685,Live at Pacific Parc,30.002721088435376
62534,International,5,../data/local/processed_mel/062534.npy,9160,Tommy Tornado,7685,Live at Pacific Parc,29.976598639455784
62586,Rock,7,../data/local/processed_mel/062586.npy,10760,Strange Forces,11341,Strange Forces,29.976598639455784
62589,International,5,../data/local/processed_mel/062589.npy,9165,Tchakare Kanyembe,7688,Live at Sacred Fire stage Boom 2008,30.002721088435376
62591,International,5,../data/local/processed_mel/062591.npy,9165,Tchakare Kanyembe,7688,Live at Sacred Fire stage Boom 2008,29.976598639455784
62592,International,5,../data/local/processed_mel/062592.npy,9165,Tchakare Kanyembe,7688,Live at Sacred Fire stage Boom 2008,30.002721088435376
62594,International,5,../data/local/processed_mel/062594.npy,9165,Tchakare Kanyembe,7688,Live at Sacred Fire stage Boom 2008,29.976598639455784
62595,International,5,../data/local/processed_mel/062595.npy,9165,Tchakare Kanyembe,7688,Live at Sacred Fire stage Boom 2008,30.002721088435376
62596,International,5,../data/local/processed_mel/062596.npy,9165,Tchakare Kanyembe,7688,Live at Sacred Fire stage Boom 2008,29.976598639455784
62655,Rock,7,../data/local/processed_mel/062655.npy,13279,Pitchman,11348,Smoke and Mirrors,30.002721088435376
62671,Electronic,0,../data/local/processed_mel/062671.npy,13262,Jahzzar,11351,RawDub,29.976598639455784
62742,Pop,6,../data/local/processed_mel/062742.npy,13262,Jahzzar,11372,Newborn,30.002721088435376
62748,Pop,6,../data/local/processed_mel/062748.npy,13262,Jahzzar,11373,Wake Up,29.976598639455784
62749,Pop,6,../data/local/processed_mel/062749.npy,13262,Jahzzar,11373,Wake Up,29.976598639455784
62750,Pop,6,../data/local/processed_mel/062750.npy,13262,Jahzzar,11373,Wake Up,29.976598639455784
62751,Pop,6,../data/local/processed_mel/062751.npy,13262,Jahzzar,11373,Wake Up,29.976598639455784
62753,Pop,6,../data/local/processed_mel/062753.npy,13262,Jahzzar,11373,Wake Up,30.002721088435376
63043,Rock,7,../data/local/processed_mel/063043.npy,7916,The Wedding Present,11430,"Live on WFMU from Beerland in Austin TX, March 17th 2012",29.976598639455784
63044,Rock,7,../data/local/processed_mel/063044.npy,7916,The Wedding Present,11430,"Live on WFMU from Beerland in Austin TX, March 17th 2012",30.002721088435376
63045,Rock,7,../data/local/processed_mel/063045.npy,7916,The Wedding Present,11430,"Live on WFMU from Beerland in Austin TX, March 17th 2012",30.002721088435376
63117,Rock,7,../data/local/processed_mel/063117.npy,13335,Wretched Worst,11442,"Live on WFMU's My Castle of Quiet, 3.16.2012",29.976598639455784
63191,Rock,7,../data/local/processed_mel/063191.npy,13337,speedy ortiz,11453,"Live at WFMU on Beastin' The Airwaves With Keili April 1, 2012",30.002721088435376
63208,Folk,2,../data/local/processed_mel/063208.npy,355,Larkin Grimm,11454,"Live at WFMU on AIRBORNE EVENT with Dan Bodah on March 5, 2012",29.976598639455784
63224,Pop,6,../data/local/processed_mel/063224.npy,8706,Dumbo Gets Mad,11459,Elephants at the Door,30.002721088435376
63226,Pop,6,../data/local/processed_mel/063226.npy,8706,Dumbo Gets Mad,11459,Elephants at the Door,30.002721088435376
63287,Instrumental,4,../data/local/processed_mel/063287.npy,13346,I Was A Teenage Strangler Soundtrack,11468,I Was A Teenage Strangler Soundtrack,29.988979591836735
63289,Instrumental,4,../data/local/processed_mel/063289.npy,13346,I Was A Teenage Strangler Soundtrack,11468,I Was A Teenage Strangler Soundtrack,29.988979591836735
63290,Instrumental,4,../data/local/processed_mel/063290.npy,13346,I Was A Teenage Strangler Soundtrack,11468,I Was A Teenage Strangler Soundtrack,29.988979591836735
63291,Instrumental,4,../data/local/processed_mel/063291.npy,13346,I Was A Teenage Strangler Soundtrack,11468,I Was A Teenage Strangler Soundtrack,29.988979591836735
63292,Instrumental,4,../data/local/processed_mel/063292.npy,13346,I Was A Teenage Strangler Soundtrack,11468,I Was A Teenage Strangler Soundtrack,29.988979591836735
63470,Rock,7,../data/local/processed_mel/063470.npy,13017,Mutilation Rites,11112,"Live at WFMU on Imaginary Radio February 12, 2012",29.976598639455784
63471,Rock,7,../data/local/processed_mel/063471.npy,13017,Mutilation Rites,11112,"Live at WFMU on Imaginary Radio February 12, 2012",29.976598639455784
63472,Rock,7,../data/local/processed_mel/063472.npy,13017,Mutilation Rites,11112,"Live at WFMU on Imaginary Radio February 12, 2012",29.976598639455784
63626,Experimental,1,../data/local/processed_mel/063626.npy,5144,Mudang Rouge,11505,Mysterious Ritual Possession,29.976598639455784
63655,Electronic,0,../data/local/processed_mel/063655.npy,13262,Jahzzar,11508,Moonxine,30.002721088435376
63733,Hip-Hop,3,../data/local/processed_mel/063733.npy,7473,Cullah,11236,Pack -A- Clones (Evil),29.976598639455784
63747,Hip-Hop,3,../data/local/processed_mel/063747.npy,7473,Cullah,11236,Pack -A- Clones (Evil),29.976598639455784
63755,Hip-Hop,3,../data/local/processed_mel/063755.npy,7473,Cullah,11515,Pack -A- Clones (Sweet),29.976598639455784
63757,Hip-Hop,3,../data/local/processed_mel/063757.npy,7473,Cullah,11515,Pack -A- Clones (Sweet),30.002721088435376
63770,Hip-Hop,3,../data/local/processed_mel/063770.npy,7473,Cullah,11515,Pack -A- Clones (Sweet),29.976598639455784
63789,Hip-Hop,3,../data/local/processed_mel/063789.npy,7473,Cullah,11515,Pack -A- Clones (Sweet),29.976598639455784
63803,Hip-Hop,3,../data/local/processed_mel/063803.npy,5334,Lushlife,11519,"Live at WFMU on Put the Needle on The Record with Billy Jam on April 13, 2012",29.976598639455784
63804,Hip-Hop,3,../data/local/processed_mel/063804.npy,5334,Lushlife,11519,"Live at WFMU on Put the Needle on The Record with Billy Jam on April 13, 2012",29.976598639455784
63805,Hip-Hop,3,../data/local/processed_mel/063805.npy,5334,Lushlife,11519,"Live at WFMU on Put the Needle on The Record with Billy Jam on April 13, 2012",30.002721088435376
63874,Hip-Hop,3,../data/local/processed_mel/063874.npy,3593,Tha Silent Partner,11532,"Dance With The Godfather (Tha Godfather Complex, Part 1)",29.976598639455784
63900,Hip-Hop,3,../data/local/processed_mel/063900.npy,3139,Tab,11537,Animal (Featuring Kay M),30.002721088435376
63908,Hip-Hop,3,../data/local/processed_mel/063908.npy,3139,Tab,11538,AfterThought,30.002721088435376
63922,Rock,7,../data/local/processed_mel/063922.npy,12779,Beme Seed,11539,Beme Seed (aka The Future Is Attacking!),30.002721088435376
63936,Experimental,1,../data/local/processed_mel/063936.npy,13405,Snail Bob,11540,Unshellfish,29.976598639455784
63999,Pop,6,../data/local/processed_mel/063999.npy,8375,Gosprom,11553,My Giraffes,29.976598639455784
64005,Pop,6,../data/local/processed_mel/064005.npy,8375,Gosprom,11553,My Giraffes,29.976598639455784
64006,Pop,6,../data/local/processed_mel/064006.npy,8375,Gosprom,11553,My Giraffes,29.976598639455784
64007,Pop,6,../data/local/processed_mel/064007.npy,8375,Gosprom,11553,My Giraffes,30.002721088435376
64008,Pop,6,../data/local/processed_mel/064008.npy,8375,Gosprom,11553,My Giraffes,30.002721088435376
64009,Pop,6,../data/local/processed_mel/064009.npy,8375,Gosprom,11553,My Giraffes,30.002721088435376
64035,Rock,7,../data/local/processed_mel/064035.npy,13415,Literature,11556,"Live on The Cherry Blossom Clinic with Terre T on April 21, 2012",29.976598639455784
64078,Experimental,1,../data/local/processed_mel/064078.npy,13417,FRANCE,11561,Desastre - Live at Kraak Fest 2011,30.002721088435376
64091,Experimental,1,../data/local/processed_mel/064091.npy,2490,Elliott Sharp,11564,Spectropia Suite,29.976598639455784
64093,Experimental,1,../data/local/processed_mel/064093.npy,7503,Alcove,11566,Bit by Bit,30.002721088435376
64247,Experimental,1,../data/local/processed_mel/064247.npy,13445,The Happy Valley Band,11583,Live at WFMU on Miniature Minotaurs April 6th 2012,30.002721088435376
64248,Experimental,1,../data/local/processed_mel/064248.npy,13445,The Happy Valley Band,11583,Live at WFMU on Miniature Minotaurs April 6th 2012,29.976598639455784
64249,Experimental,1,../data/local/processed_mel/064249.npy,13445,The Happy Valley Band,11583,Live at WFMU on Miniature Minotaurs April 6th 2012,29.976598639455784
64252,Experimental,1,../data/local/processed_mel/064252.npy,13445,The Happy Valley Band,11583,Live at WFMU on Miniature Minotaurs April 6th 2012,29.976598639455784
64253,Experimental,1,../data/local/processed_mel/064253.npy,13445,The Happy Valley Band,11583,Live at WFMU on Miniature Minotaurs April 6th 2012,29.976598639455784
64331,Electronic,0,../data/local/processed_mel/064331.npy,6104,Pierlo,11590,Can't Unfeel the Rhythm EP (Commerciale '94 Megamix),29.976598639455784
64332,Electronic,0,../data/local/processed_mel/064332.npy,6104,Pierlo,11590,Can't Unfeel the Rhythm EP (Commerciale '94 Megamix),30.002721088435376
64333,Electronic,0,../data/local/processed_mel/064333.npy,6104,Pierlo,11590,Can't Unfeel the Rhythm EP (Commerciale '94 Megamix),30.002721088435376
64334,Electronic,0,../data/local/processed_mel/064334.npy,6104,Pierlo,11590,Can't Unfeel the Rhythm EP (Commerciale '94 Megamix),29.976598639455784
64338,Hip-Hop,3,../data/local/processed_mel/064338.npy,13450,LOWdown,11592,dumpTRUCK XE,30.002721088435376
64364,Pop,6,../data/local/processed_mel/064364.npy,13451,Bergitta Victor,11595,So Happy,30.002721088435376
64365,Pop,6,../data/local/processed_mel/064365.npy,13451,Bergitta Victor,11595,So Happy,29.976598639455784
64366,Pop,6,../data/local/processed_mel/064366.npy,13451,Bergitta Victor,11595,So Happy,30.002721088435376
64407,International,5,../data/local/processed_mel/064407.npy,11985,Phoniandflore,11607,Melodica Time,30.002721088435376
64409,International,5,../data/local/processed_mel/064409.npy,13455,Injham,11607,Melodica Time,29.976598639455784
64410,International,5,../data/local/processed_mel/064410.npy,13456,Jideh High,11607,Melodica Time,30.002721088435376
64535,Electronic,0,../data/local/processed_mel/064535.npy,13477,Retral,11627,[shhht_15],30.002721088435376
64536,Electronic,0,../data/local/processed_mel/064536.npy,13477,Retral,11627,[shhht_15],30.002721088435376
64537,Electronic,0,../data/local/processed_mel/064537.npy,13477,Retral,11627,[shhht_15],29.976598639455784
64538,Electronic,0,../data/local/processed_mel/064538.npy,13477,Retral,11627,[shhht_15],30.002721088435376
64542,Electronic,0,../data/local/processed_mel/064542.npy,13478,Jed Rabid,11628,Subconscious,29.976598639455784
64553,Folk,2,../data/local/processed_mel/064553.npy,13479,Wellington Boot,11632,Conch,29.976598639455784
64556,Folk,2,../data/local/processed_mel/064556.npy,13479,Wellington Boot,11632,Conch,30.002721088435376
64567,Rock,7,../data/local/processed_mel/064567.npy,9994,Starring,11629,ABCDEFG-HIJKLMNOP-QRSTUV-WXYZ,29.976598639455784
64594,Experimental,1,../data/local/processed_mel/064594.npy,13466,Buildings and Mountains,11647,Summer Gut String,30.002721088435376
64601,Experimental,1,../data/local/processed_mel/064601.npy,13466,Buildings and Mountains,11647,Summer Gut String,29.976598639455784
64604,Experimental,1,../data/local/processed_mel/064604.npy,13466,Buildings and Mountains,11647,Summer Gut String,29.976598639455784
64659,Rock,7,../data/local/processed_mel/064659.npy,13496,Labasheeda,11655,Labasheeda Live at Beginner,29.976598639455784
64787,Pop,6,../data/local/processed_mel/064787.npy,12725,Invisible Sports,11686,The Future Tastes,30.002721088435376
64788,Pop,6,../data/local/processed_mel/064788.npy,12725,Invisible Sports,11686,The Future Tastes,30.002721088435376
64789,Pop,6,../data/local/processed_mel/064789.npy,12725,Invisible Sports,11687,OW POW HERO HOUR,29.976598639455784
64796,Pop,6,../data/local/processed_mel/064796.npy,12272,Jenny Mayhem,11688,Jenny Mayhem EP,30.002721088435376
64809,Folk,2,../data/local/processed_mel/064809.npy,11505,Possimiste,11692,Butterfly Lullaby,29.976598639455784
64834,Pop,6,../data/local/processed_mel/064834.npy,3171,Radioactive Sparrow,11699,Rockin On The Portoman,30.002721088435376
64840,Pop,6,../data/local/processed_mel/064840.npy,3171,Radioactive Sparrow,11699,Rockin On The Portoman,29.976598639455784
64841,Pop,6,../data/local/processed_mel/064841.npy,3171,Radioactive Sparrow,11699,Rockin On The Portoman,29.976598639455784
64854,Experimental,1,../data/local/processed_mel/064854.npy,13391,Monroeville Music Center,11703,Musique Concrète for Beginners,30.002721088435376
64855,Experimental,1,../data/local/processed_mel/064855.npy,13391,Monroeville Music Center,11703,Musique Concrète for Beginners,29.976598639455784
64856,Experimental,1,../data/local/processed_mel/064856.npy,13391,Monroeville Music Center,11703,Musique Concrète for Beginners,30.002721088435376
64857,Experimental,1,../data/local/processed_mel/064857.npy,13391,Monroeville Music Center,11703,Musique Concrète for Beginners,30.002721088435376
64858,Experimental,1,../data/local/processed_mel/064858.npy,13391,Monroeville Music Center,11703,Musique Concrète for Beginners,29.976598639455784
64859,Experimental,1,../data/local/processed_mel/064859.npy,13391,Monroeville Music Center,11703,Musique Concrète for Beginners,30.002721088435376
64860,Experimental,1,../data/local/processed_mel/064860.npy,13391,Monroeville Music Center,11703,Musique Concrète for Beginners,29.976598639455784
64861,Experimental,1,../data/local/processed_mel/064861.npy,13391,Monroeville Music Center,11703,Musique Concrète for Beginners,29.976598639455784
64862,Experimental,1,../data/local/processed_mel/064862.npy,13391,Monroeville Music Center,11703,Musique Concrète for Beginners,29.976598639455784
64863,Experimental,1,../data/local/processed_mel/064863.npy,13391,Monroeville Music Center,11704,Le Progrès,29.976598639455784
64864,Experimental,1,../data/local/processed_mel/064864.npy,13391,Monroeville Music Center,11704,Le Progrès,29.976598639455784
64865,Experimental,1,../data/local/processed_mel/064865.npy,13391,Monroeville Music Center,11704,Le Progrès,30.002721088435376
64866,Experimental,1,../data/local/processed_mel/064866.npy,13391,Monroeville Music Center,11704,Le Progrès,30.002721088435376
64893,Experimental,1,../data/local/processed_mel/064893.npy,13466,Buildings and Mountains,11694,=-=,30.002721088435376
64895,Experimental,1,../data/local/processed_mel/064895.npy,13524,Andris Balins,11709,9.21.11,30.002721088435376
64896,Experimental,1,../data/local/processed_mel/064896.npy,13524,Andris Balins,11709,9.21.11,29.976598639455784
64918,Rock,7,../data/local/processed_mel/064918.npy,13526,The Units,11713,Digital Stimulation,30.002721088435376
64919,Rock,7,../data/local/processed_mel/064919.npy,13526,The Units,11713,Digital Stimulation,29.976598639455784
64988,Hip-Hop,3,../data/local/processed_mel/064988.npy,13533,Action Davis,11726,Beats EP,30.002721088435376
64989,Hip-Hop,3,../data/local/processed_mel/064989.npy,13533,Action Davis,11726,Beats EP,29.976598639455784
64990,Hip-Hop,3,../data/local/processed_mel/064990.npy,13533,Action Davis,11726,Beats EP,29.976598639455784
64991,Hip-Hop,3,../data/local/processed_mel/064991.npy,13533,Action Davis,11726,Beats EP,29.976598639455784
64992,Hip-Hop,3,../data/local/processed_mel/064992.npy,13533,Action Davis,11726,Beats EP,29.976598639455784
64993,Hip-Hop,3,../data/local/processed_mel/064993.npy,13533,Action Davis,11726,Beats EP,29.976598639455784
64994,Hip-Hop,3,../data/local/processed_mel/064994.npy,13533,Action Davis,11726,Beats EP,30.002721088435376
64995,Hip-Hop,3,../data/local/processed_mel/064995.npy,13533,Action Davis,11726,Beats EP,30.002721088435376
65063,Electronic,0,../data/local/processed_mel/065063.npy,9573,Sycamore Drive,11737,Kicks / Moves,29.976598639455784
65064,Electronic,0,../data/local/processed_mel/065064.npy,9573,Sycamore Drive,11737,Kicks / Moves,29.976598639455784
65073,Electronic,0,../data/local/processed_mel/065073.npy,13570,AViDD,11739,Manifest,29.976598639455784
65076,International,5,../data/local/processed_mel/065076.npy,9939,mildtape,11742,Dinna Chord redub + Weisse Nicht redub (DSR7001),30.002721088435376
65077,International,5,../data/local/processed_mel/065077.npy,9939,mildtape,11742,Dinna Chord redub + Weisse Nicht redub (DSR7001),30.002721088435376
65090,Experimental,1,../data/local/processed_mel/065090.npy,13573,Floris Vanhoof,11746,Cycles Of Confusion,30.002721088435376
65234,Experimental,1,../data/local/processed_mel/065234.npy,13466,Buildings and Mountains,11694,=-=,30.002721088435376
65488,Electronic,0,../data/local/processed_mel/065488.npy,13637,Sad Soul Circus,11796,Colorful Lights,29.988979591836735
65619,Rock,7,../data/local/processed_mel/065619.npy,13671,BlackBox Red,11811,BlackBox Red Live at Vondelbunker,30.002721088435376
65685,Folk,2,../data/local/processed_mel/065685.npy,13690,Dick Whyte and his Golden Guitar,11827,Stories and songs,29.976598639455784
65752,Hip-Hop,3,../data/local/processed_mel/065752.npy,12085,Alaclair Ensemble,11836,netBloc Vol. 38: Sojourn In A Sonic Odyssey,29.976598639455784
65755,Pop,6,../data/local/processed_mel/065755.npy,8018,Emerald Park,11836,netBloc Vol. 38: Sojourn In A Sonic Odyssey,30.002721088435376
65756,Pop,6,../data/local/processed_mel/065756.npy,13732,The Black Atlantic,11836,netBloc Vol. 38: Sojourn In A Sonic Odyssey,29.976598639455784
65893,Folk,2,../data/local/processed_mel/065893.npy,13753,Fast Freddie Fourier and the Transforms,11858,Bush of Thorns,30.002721088435376
66058,Folk,2,../data/local/processed_mel/066058.npy,8343,Ivana XL,11878,Live at WFMU on Irwin's Show May 30th 2012,29.976598639455784
66073,Electronic,0,../data/local/processed_mel/066073.npy,13767,LASERS,11879,LASERS EP,29.976598639455784
66074,Electronic,0,../data/local/processed_mel/066074.npy,13767,LASERS,11879,LASERS EP,29.976598639455784
66075,Electronic,0,../data/local/processed_mel/066075.npy,13767,LASERS,11879,LASERS EP,30.002721088435376
66076,Electronic,0,../data/local/processed_mel/066076.npy,13767,LASERS,11879,LASERS EP,30.002721088435376
66180,Folk,2,../data/local/processed_mel/066180.npy,9765,Derek Clegg,11887,Life Unfolds,29.976598639455784
66187,Folk,2,../data/local/processed_mel/066187.npy,9765,Derek Clegg,11887,Life Unfolds,29.976598639455784
66390,Electronic,0,../data/local/processed_mel/066390.npy,13830,krackatoa,11920,Komodo Dodo,30.002721088435376
66405,Rock,7,../data/local/processed_mel/066405.npy,13835,Free Keys,11923,Live at WFMU on Underwater Theme Park May 17th 2012,29.976598639455784
66469,Experimental,1,../data/local/processed_mel/066469.npy,8367,Qkcofse,11940,Flywheel Imp,30.002721088435376
66482,Experimental,1,../data/local/processed_mel/066482.npy,8367,Qkcofse,11940,Flywheel Imp,29.976598639455784
66483,Experimental,1,../data/local/processed_mel/066483.npy,8367,Qkcofse,11940,Flywheel Imp,30.002721088435376
66525,Instrumental,4,../data/local/processed_mel/066525.npy,13830,krackatoa,11944,Monkies in the Temple,29.976598639455784
66636,Electronic,0,../data/local/processed_mel/066636.npy,13889,Ghosts,11957,Judge EP,30.002721088435376
66637,Electronic,0,../data/local/processed_mel/066637.npy,13889,Ghosts,11957,Judge EP,29.976598639455784
66638,Electronic,0,../data/local/processed_mel/066638.npy,13889,Ghosts,11957,Judge EP,29.988979591836735
66641,Pop,6,../data/local/processed_mel/066641.npy,13890,The Suzan,11959,Live at WFMU on Beastin the Airwaves June 3rd 2012,29.976598639455784
66643,Pop,6,../data/local/processed_mel/066643.npy,13890,The Suzan,11959,Live at WFMU on Beastin the Airwaves June 3rd 2012,30.002721088435376
66644,Pop,6,../data/local/processed_mel/066644.npy,13890,The Suzan,11959,Live at WFMU on Beastin the Airwaves June 3rd 2012,30.002721088435376
66646,Pop,6,../data/local/processed_mel/066646.npy,13890,The Suzan,11959,Live at WFMU on Beastin the Airwaves June 3rd 2012,29.976598639455784
66648,Pop,6,../data/local/processed_mel/066648.npy,13890,The Suzan,11959,Live at WFMU on Beastin the Airwaves June 3rd 2012,30.002721088435376
66649,Pop,6,../data/local/processed_mel/066649.npy,13890,The Suzan,11959,Live at WFMU on Beastin the Airwaves June 3rd 2012,29.976598639455784
66650,Pop,6,../data/local/processed_mel/066650.npy,13890,The Suzan,11959,Live at WFMU on Beastin the Airwaves June 3rd 2012,30.002721088435376
66757,Instrumental,4,../data/local/processed_mel/066757.npy,13830,krackatoa,11978,Sun Dripping Down the Stainglass,29.976598639455784
67007,Pop,6,../data/local/processed_mel/067007.npy,13919,Kid Flicks,12015,The Great Cape,30.002721088435376
67010,Pop,6,../data/local/processed_mel/067010.npy,13919,Kid Flicks,12015,The Great Cape,30.002721088435376
67011,Folk,2,../data/local/processed_mel/067011.npy,559,Michael Chapman,12017,Live at WFMU on Brian Turner's Show June 19th 2012,30.002721088435376
67016,Folk,2,../data/local/processed_mel/067016.npy,559,Michael Chapman,12017,Live at WFMU on Brian Turner's Show June 19th 2012,29.976598639455784
67017,Folk,2,../data/local/processed_mel/067017.npy,559,Michael Chapman,12017,Live at WFMU on Brian Turner's Show June 19th 2012,30.002721088435376
67121,Rock,7,../data/local/processed_mel/067121.npy,13937,A Banda de Joseph Tourton,12032,A Banda de Joseph Tourton,30.002721088435376
67163,Rock,7,../data/local/processed_mel/067163.npy,13940,Hisko Detria,12036,Static Raw Power Kraut (demo),30.002721088435376
67232,Hip-Hop,3,../data/local/processed_mel/067232.npy,11677,The Honorable Sleaze,12048,Broad Street Boogie B/W Love Me/Hate Me,29.976598639455784
67233,Hip-Hop,3,../data/local/processed_mel/067233.npy,11677,The Honorable Sleaze,12048,Broad Street Boogie B/W Love Me/Hate Me,30.002721088435376
67235,Hip-Hop,3,../data/local/processed_mel/067235.npy,11677,The Honorable Sleaze,12048,Broad Street Boogie B/W Love Me/Hate Me,30.002721088435376
67308,Electronic,0,../data/local/processed_mel/067308.npy,13984,Super Flower,12059,Camden Park,29.976598639455784
67357,Pop,6,../data/local/processed_mel/067357.npy,13757,Pompey,12066,"A Fifty Gallon Drum of Savage Customs, Fresh Flesh and Random Pop",30.002721088435376
67358,Pop,6,../data/local/processed_mel/067358.npy,13990,Brutal Vainqueur,12066,"A Fifty Gallon Drum of Savage Customs, Fresh Flesh and Random Pop",30.002721088435376
67359,Pop,6,../data/local/processed_mel/067359.npy,13986,Emperors of Blefuscu,12066,"A Fifty Gallon Drum of Savage Customs, Fresh Flesh and Random Pop",29.976598639455784
67360,Pop,6,../data/local/processed_mel/067360.npy,6758,Inquiet,12066,"A Fifty Gallon Drum of Savage Customs, Fresh Flesh and Random Pop",29.976598639455784
67361,Pop,6,../data/local/processed_mel/067361.npy,13993,Squimaoto,12066,"A Fifty Gallon Drum of Savage Customs, Fresh Flesh and Random Pop",29.976598639455784
67362,Pop,6,../data/local/processed_mel/067362.npy,13994,Design A Wave,12066,"A Fifty Gallon Drum of Savage Customs, Fresh Flesh and Random Pop",29.976598639455784
67363,Pop,6,../data/local/processed_mel/067363.npy,13995,Directorsound,12066,"A Fifty Gallon Drum of Savage Customs, Fresh Flesh and Random Pop",29.976598639455784
67366,Pop,6,../data/local/processed_mel/067366.npy,13998,Aranos,12066,"A Fifty Gallon Drum of Savage Customs, Fresh Flesh and Random Pop",30.002721088435376
67367,Pop,6,../data/local/processed_mel/067367.npy,11615,Poland,12066,"A Fifty Gallon Drum of Savage Customs, Fresh Flesh and Random Pop",29.976598639455784
67368,Pop,6,../data/local/processed_mel/067368.npy,14000,Super Creep,12066,"A Fifty Gallon Drum of Savage Customs, Fresh Flesh and Random Pop",29.976598639455784
67412,Rock,7,../data/local/processed_mel/067412.npy,14010,Dress Up As Natives,12073,"""You Had to Be There"" 7""",29.976598639455784
67470,Electronic,0,../data/local/processed_mel/067470.npy,14014,Ant Neely,12081,Not Fit For Human Consumption,30.002721088435376
67500,Experimental,1,../data/local/processed_mel/067500.npy,14018,BOK Darklord,12087,Lulu,29.976598639455784
67553,Electronic,0,../data/local/processed_mel/067553.npy,12253,Jiony,12099,Old Song EP,29.976598639455784
67556,Rock,7,../data/local/processed_mel/067556.npy,14024,The Jacobins,12101,Live at WFMU on Minor Music June 25th 2012,29.976598639455784
67557,Rock,7,../data/local/processed_mel/067557.npy,14024,The Jacobins,12101,Live at WFMU on Minor Music June 25th 2012,29.976598639455784
67558,Rock,7,../data/local/processed_mel/067558.npy,14024,The Jacobins,12101,Live at WFMU on Minor Music June 25th 2012,29.976598639455784
67597,Folk,2,../data/local/processed_mel/067597.npy,14029,Richard Wolff,12107,Live at WFMU on Minor Music July 9th 2012,30.002721088435376
67598,Folk,2,../data/local/processed_mel/067598.npy,14029,Richard Wolff,12107,Live at WFMU on Minor Music July 9th 2012,29.976598639455784
67600,Folk,2,../data/local/processed_mel/067600.npy,14029,Richard Wolff,12107,Live at WFMU on Minor Music July 9th 2012,29.976598639455784
67637,Electronic,0,../data/local/processed_mel/067637.npy,14044,Intelligent Delinquent,12116,In Darkness,29.976598639455784
67639,Electronic,0,../data/local/processed_mel/067639.npy,14046,Paranoid Breaks,12116,In Darkness,30.002721088435376
67640,Electronic,0,../data/local/processed_mel/067640.npy,14047,DZZ,12116,In Darkness,30.002721088435376
67660,Rock,7,../data/local/processed_mel/067660.npy,14048,Dyman,12118,Suns of Neurons,29.976598639455784
67661,Rock,7,../data/local/processed_mel/067661.npy,14048,Dyman,12118,Suns of Neurons,30.002721088435376
67673,Rock,7,../data/local/processed_mel/067673.npy,7501,James Beaudreau,12122,Soft Power b/w Union Square,29.976598639455784
67707,Experimental,1,../data/local/processed_mel/067707.npy,8008,Eigenheimer,12123,EPPIE,29.988979591836735
67760,Pop,6,../data/local/processed_mel/067760.npy,10757,Rites Wild,12134,Ways Of Being,29.988979591836735
67763,Folk,2,../data/local/processed_mel/067763.npy,2312,Meg Baird,12137,Live at WFMU on Shrunken Planet with Jeffrey Davison July 7th 2012,29.976598639455784
67764,Folk,2,../data/local/processed_mel/067764.npy,2312,Meg Baird,12137,Live at WFMU on Shrunken Planet with Jeffrey Davison July 7th 2012,29.976598639455784
67765,Folk,2,../data/local/processed_mel/067765.npy,2312,Meg Baird,12137,Live at WFMU on Shrunken Planet with Jeffrey Davison July 7th 2012,29.976598639455784
67766,Folk,2,../data/local/processed_mel/067766.npy,2312,Meg Baird,12137,Live at WFMU on Shrunken Planet with Jeffrey Davison July 7th 2012,30.002721088435376
67784,Hip-Hop,3,../data/local/processed_mel/067784.npy,11677,The Honorable Sleaze,12144,Broad Street Boogie,30.002721088435376
67793,Hip-Hop,3,../data/local/processed_mel/067793.npy,11677,The Honorable Sleaze,12144,Broad Street Boogie,30.002721088435376
67829,Experimental,1,../data/local/processed_mel/067829.npy,13830,krackatoa,12148,The Universal Fluff Theory,30.002721088435376
68353,Pop,6,../data/local/processed_mel/068353.npy,14093,Caroline Gorman,12210,Live at WFMU on Minor Music July 16th 2012,29.976598639455784
68354,Pop,6,../data/local/processed_mel/068354.npy,14093,Caroline Gorman,12210,Live at WFMU on Minor Music July 16th 2012,30.002721088435376
68355,Pop,6,../data/local/processed_mel/068355.npy,14093,Caroline Gorman,12210,Live at WFMU on Minor Music July 16th 2012,30.002721088435376
68356,Pop,6,../data/local/processed_mel/068356.npy,14093,Caroline Gorman,12210,Live at WFMU on Minor Music July 16th 2012,30.002721088435376
68407,Experimental,1,../data/local/processed_mel/068407.npy,14100,Bachsung,12232,Bachsung,29.976598639455784
68410,Experimental,1,../data/local/processed_mel/068410.npy,14100,Bachsung,12232,Bachsung,30.002721088435376
68444,Electronic,0,../data/local/processed_mel/068444.npy,14104,CHLLNGR,12240,Datter / Remix,30.002721088435376
68531,Hip-Hop,3,../data/local/processed_mel/068531.npy,3593,Tha Silent Partner,12253,SIX ONNA 7,29.988979591836735
68539,Experimental,1,../data/local/processed_mel/068539.npy,14125,Benboncan,12256,Walla Walla Walla,29.976598639455784
68540,Experimental,1,../data/local/processed_mel/068540.npy,14125,Benboncan,12256,Walla Walla Walla,29.976598639455784
68541,Experimental,1,../data/local/processed_mel/068541.npy,14126,Corsica S,12256,Walla Walla Walla,29.976598639455784
68543,Experimental,1,../data/local/processed_mel/068543.npy,14126,Corsica S,12256,Walla Walla Walla,30.002721088435376
68549,Experimental,1,../data/local/processed_mel/068549.npy,14130,elektroproleter,12256,Walla Walla Walla,29.976598639455784
68573,Experimental,1,../data/local/processed_mel/068573.npy,14137,Tomlija,12256,Walla Walla Walla,29.976598639455784
68579,Experimental,1,../data/local/processed_mel/068579.npy,14137,Tomlija,12256,Walla Walla Walla,29.976598639455784
68592,Hip-Hop,3,../data/local/processed_mel/068592.npy,8732,The Hate Noise,12257,Rap Trax 3,29.976598639455784
68600,Hip-Hop,3,../data/local/processed_mel/068600.npy,8732,The Hate Noise,12257,Rap Trax 3,29.976598639455784
68601,Hip-Hop,3,../data/local/processed_mel/068601.npy,8732,The Hate Noise,12257,Rap Trax 3,29.976598639455784
68680,Electronic,0,../data/local/processed_mel/068680.npy,14152,Mean Moon,12269,Explorers 2,29.976598639455784
68682,Electronic,0,../data/local/processed_mel/068682.npy,14152,Mean Moon,12269,Explorers 2,30.002721088435376
68683,Electronic,0,../data/local/processed_mel/068683.npy,14152,Mean Moon,12269,Explorers 2,30.002721088435376
68820,Rock,7,../data/local/processed_mel/068820.npy,14164,Zulus,12282,"Live at WFMU on Dangerous for the Brain with Thomas Storck, August 5 2012",30.002721088435376
68821,Rock,7,../data/local/processed_mel/068821.npy,14164,Zulus,12282,"Live at WFMU on Dangerous for the Brain with Thomas Storck, August 5 2012",30.002721088435376
68837,Folk,2,../data/local/processed_mel/068837.npy,14026,Howie Mitchell,12285,Early 70s,30.002721088435376
68838,Folk,2,../data/local/processed_mel/068838.npy,14026,Howie Mitchell,12285,Early 70s,29.976598639455784
68839,Folk,2,../data/local/processed_mel/068839.npy,14026,Howie Mitchell,12285,Early 70s,30.002721088435376
68840,Folk,2,../data/local/processed_mel/068840.npy,14026,Howie Mitchell,12285,Early 70s,30.002721088435376
68841,Folk,2,../data/local/processed_mel/068841.npy,14026,Howie Mitchell,12285,Early 70s,29.976598639455784
68842,Folk,2,../data/local/processed_mel/068842.npy,14026,Howie Mitchell,12285,Early 70s,29.976598639455784
68843,Folk,2,../data/local/processed_mel/068843.npy,14026,Howie Mitchell,12285,Early 70s,29.976598639455784
68844,Folk,2,../data/local/processed_mel/068844.npy,14026,Howie Mitchell,12285,Early 70s,30.002721088435376
68851,Folk,2,../data/local/processed_mel/068851.npy,14166,Howie & Ann Mitchell,12286,Hammered Dulcimer: 4/24/67 & 1/17/68,29.976598639455784
68852,Folk,2,../data/local/processed_mel/068852.npy,14166,Howie & Ann Mitchell,12286,Hammered Dulcimer: 4/24/67 & 1/17/68,29.976598639455784
68853,Folk,2,../data/local/processed_mel/068853.npy,14166,Howie & Ann Mitchell,12286,Hammered Dulcimer: 4/24/67 & 1/17/68,29.976598639455784
68854,Folk,2,../data/local/processed_mel/068854.npy,14166,Howie & Ann Mitchell,12286,Hammered Dulcimer: 4/24/67 & 1/17/68,30.002721088435376
68860,Folk,2,../data/local/processed_mel/068860.npy,14166,Howie & Ann Mitchell,12286,Hammered Dulcimer: 4/24/67 & 1/17/68,29.976598639455784
68861,Folk,2,../data/local/processed_mel/068861.npy,14166,Howie & Ann Mitchell,12286,Hammered Dulcimer: 4/24/67 & 1/17/68,30.002721088435376
68862,Folk,2,../data/local/processed_mel/068862.npy,14166,Howie & Ann Mitchell,12286,Hammered Dulcimer: 4/24/67 & 1/17/68,30.002721088435376
68869,Experimental,1,../data/local/processed_mel/068869.npy,13452,A. P. Vague,12289,One Million: Remixes,29.988979591836735
68872,Experimental,1,../data/local/processed_mel/068872.npy,13452,A. P. Vague,12289,One Million: Remixes,29.988979591836735
68875,Experimental,1,../data/local/processed_mel/068875.npy,13452,A. P. Vague,12289,One Million: Remixes,29.988979591836735
69001,Experimental,1,../data/local/processed_mel/069001.npy,14186,Scott Sherk,14622,Phonography Compendium 1,29.988979591836735
69002,Experimental,1,../data/local/processed_mel/069002.npy,14186,Scott Sherk,14622,Phonography Compendium 1,29.988979591836735
69170,Electronic,0,../data/local/processed_mel/069170.npy,14206,Tours,12325,Enthusiast,30.002721088435376
69181,Pop,6,../data/local/processed_mel/069181.npy,14160,Samoln,12274,Swims,29.976598639455784
69182,Pop,6,../data/local/processed_mel/069182.npy,14160,Samoln,12274,Swims,29.976598639455784
69188,Pop,6,../data/local/processed_mel/069188.npy,14160,Samoln,12274,Swims,29.976598639455784
69193,Electronic,0,../data/local/processed_mel/069193.npy,13826,Psychadelik Pedestrian,12330,Best Bytes Volume 1,29.976598639455784
69195,Electronic,0,../data/local/processed_mel/069195.npy,14209,Marc Burt,12330,Best Bytes Volume 1,30.002721088435376
69196,Electronic,0,../data/local/processed_mel/069196.npy,14210,Dave Kent,12330,Best Bytes Volume 1,30.002721088435376
69197,Electronic,0,../data/local/processed_mel/069197.npy,14211,Redmann,12330,Best Bytes Volume 1,30.002721088435376
69198,Electronic,0,../data/local/processed_mel/069198.npy,14209,Marc Burt,12330,Best Bytes Volume 1,29.976598639455784
69199,Electronic,0,../data/local/processed_mel/069199.npy,14212,Phish Funk,12330,Best Bytes Volume 1,29.976598639455784
69200,Electronic,0,../data/local/processed_mel/069200.npy,14211,Redmann,12330,Best Bytes Volume 1,30.002721088435376
69201,Electronic,0,../data/local/processed_mel/069201.npy,14213,Online Funkstream,12330,Best Bytes Volume 1,29.976598639455784
69202,Electronic,0,../data/local/processed_mel/069202.npy,14209,Marc Burt,12330,Best Bytes Volume 1,29.976598639455784
69203,Electronic,0,../data/local/processed_mel/069203.npy,14211,Redmann,12330,Best Bytes Volume 1,30.002721088435376
69204,Electronic,0,../data/local/processed_mel/069204.npy,14209,Marc Burt,12330,Best Bytes Volume 1,29.976598639455784
69205,Electronic,0,../data/local/processed_mel/069205.npy,14212,Phish Funk,12330,Best Bytes Volume 1,30.002721088435376
69206,Electronic,0,../data/local/processed_mel/069206.npy,14211,Redmann,12330,Best Bytes Volume 1,29.976598639455784
69207,Electronic,0,../data/local/processed_mel/069207.npy,14214,Space Invaders v Psychadelik Pedestrian,12330,Best Bytes Volume 1,30.002721088435376
69208,Electronic,0,../data/local/processed_mel/069208.npy,14215,Beat Doctor,12330,Best Bytes Volume 1,30.002721088435376
69209,Electronic,0,../data/local/processed_mel/069209.npy,13826,Psychadelik Pedestrian,12330,Best Bytes Volume 1,29.976598639455784
69210,Electronic,0,../data/local/processed_mel/069210.npy,14215,Beat Doctor,12330,Best Bytes Volume 1,30.002721088435376
69211,Electronic,0,../data/local/processed_mel/069211.npy,14216,JMD v Kube,12330,Best Bytes Volume 1,30.002721088435376
69554,Hip-Hop,3,../data/local/processed_mel/069554.npy,14261,The NSJ Crew,12353,Goin' Ham,29.976598639455784
69555,Hip-Hop,3,../data/local/processed_mel/069555.npy,14261,The NSJ Crew,12353,Goin' Ham,30.002721088435376
69561,Hip-Hop,3,../data/local/processed_mel/069561.npy,14261,The NSJ Crew,12353,Goin' Ham,29.976598639455784
69563,Hip-Hop,3,../data/local/processed_mel/069563.npy,14261,The NSJ Crew,12353,Goin' Ham,29.976598639455784
69564,Hip-Hop,3,../data/local/processed_mel/069564.npy,14261,The NSJ Crew,12353,Goin' Ham,29.976598639455784
69567,Folk,2,../data/local/processed_mel/069567.npy,14278,Dead Doves,12354,Dead Doves,30.002721088435376
69682,Experimental,1,../data/local/processed_mel/069682.npy,14294,Mikael Jorgensen and Travis Thatcher,12376,The Shrine of Native Rites for Electric Winter,29.976598639455784
69723,Rock,7,../data/local/processed_mel/069723.npy,7678,ROGER ROBERT,12381,LIve à RosToK,29.976598639455784
69726,Rock,7,../data/local/processed_mel/069726.npy,7678,ROGER ROBERT,12381,LIve à RosToK,30.002721088435376
69727,Rock,7,../data/local/processed_mel/069727.npy,7678,ROGER ROBERT,12381,LIve à RosToK,29.988979591836735
69732,Electronic,0,../data/local/processed_mel/069732.npy,14297,Godblesscomputers,12382,Swanism,30.002721088435376
69744,Pop,6,../data/local/processed_mel/069744.npy,7272,Manueljgrotesque,12383,Findus,30.002721088435376
69745,Pop,6,../data/local/processed_mel/069745.npy,7272,Manueljgrotesque,12383,Findus,30.002721088435376
69746,Pop,6,../data/local/processed_mel/069746.npy,7272,Manueljgrotesque,12383,Findus,29.976598639455784
69747,Pop,6,../data/local/processed_mel/069747.npy,7272,Manueljgrotesque,12383,Findus,30.002721088435376
69761,Folk,2,../data/local/processed_mel/069761.npy,10469,Plusplus,12385,Game Over,29.976598639455784
69762,Folk,2,../data/local/processed_mel/069762.npy,10469,Plusplus,12385,Game Over,29.976598639455784
69763,Folk,2,../data/local/processed_mel/069763.npy,10469,Plusplus,12385,Game Over,29.976598639455784
69764,Folk,2,../data/local/processed_mel/069764.npy,10469,Plusplus,12385,Game Over,29.976598639455784
69765,Folk,2,../data/local/processed_mel/069765.npy,10469,Plusplus,12385,Game Over,30.002721088435376
69766,Folk,2,../data/local/processed_mel/069766.npy,10469,Plusplus,12385,Game Over,29.976598639455784
69767,Folk,2,../data/local/processed_mel/069767.npy,10469,Plusplus,12385,Game Over,29.976598639455784
69768,Folk,2,../data/local/processed_mel/069768.npy,10469,Plusplus,12385,Game Over,30.002721088435376
69781,Rock,7,../data/local/processed_mel/069781.npy,5594,Home Blitz,12397,Golden,29.976598639455784
69784,Experimental,1,../data/local/processed_mel/069784.npy,14307,Chris Cook,12400,The Lemniscate,29.976598639455784
69785,Experimental,1,../data/local/processed_mel/069785.npy,14307,Chris Cook,12400,The Lemniscate,30.002721088435376
69787,Experimental,1,../data/local/processed_mel/069787.npy,14307,Chris Cook,12400,The Lemniscate,30.002721088435376
69788,Experimental,1,../data/local/processed_mel/069788.npy,14307,Chris Cook,12400,The Lemniscate,29.976598639455784
69789,Experimental,1,../data/local/processed_mel/069789.npy,14307,Chris Cook,12400,The Lemniscate,29.976598639455784
69791,Experimental,1,../data/local/processed_mel/069791.npy,14307,Chris Cook,12400,The Lemniscate,29.976598639455784
69792,Experimental,1,../data/local/processed_mel/069792.npy,14307,Chris Cook,12400,The Lemniscate,30.002721088435376
69793,Experimental,1,../data/local/processed_mel/069793.npy,14307,Chris Cook,12400,The Lemniscate,29.976598639455784
69798,Experimental,1,../data/local/processed_mel/069798.npy,14307,Chris Cook,12400,The Lemniscate,30.002721088435376
69822,Hip-Hop,3,../data/local/processed_mel/069822.npy,14320,Infinite Livez,12415,Cracks in the Great Lens,30.002721088435376
69823,Hip-Hop,3,../data/local/processed_mel/069823.npy,14320,Infinite Livez,12415,Cracks in the Great Lens,29.976598639455784
69824,Hip-Hop,3,../data/local/processed_mel/069824.npy,14320,Infinite Livez,12415,Cracks in the Great Lens,30.002721088435376
69825,Hip-Hop,3,../data/local/processed_mel/069825.npy,14320,Infinite Livez,12415,Cracks in the Great Lens,30.002721088435376
69826,Hip-Hop,3,../data/local/processed_mel/069826.npy,14320,Infinite Livez,12415,Cracks in the Great Lens,29.976598639455784
69827,Hip-Hop,3,../data/local/processed_mel/069827.npy,14320,Infinite Livez,12415,Cracks in the Great Lens,30.002721088435376
69828,Hip-Hop,3,../data/local/processed_mel/069828.npy,14320,Infinite Livez,12415,Cracks in the Great Lens,29.976598639455784
69830,Hip-Hop,3,../data/local/processed_mel/069830.npy,11677,The Honorable Sleaze,12416,Higher,30.002721088435376
69833,Hip-Hop,3,../data/local/processed_mel/069833.npy,11677,The Honorable Sleaze,12416,Higher,29.976598639455784
69904,Hip-Hop,3,../data/local/processed_mel/069904.npy,14328,Oddish,12434,Você Pensa Sub - Vol​.​1,29.976598639455784
70002,Experimental,1,../data/local/processed_mel/070002.npy,14349,THF Drenching & Karl D'Silva,12448,"Two Grotesques, Capturing Dissatisfaction",30.002721088435376
70005,Experimental,1,../data/local/processed_mel/070005.npy,14349,THF Drenching & Karl D'Silva,12448,"Two Grotesques, Capturing Dissatisfaction",30.002721088435376
70174,Experimental,1,../data/local/processed_mel/070174.npy,5144,Mudang Rouge,12468,Fantasy Horizon,29.976598639455784
70206,Hip-Hop,3,../data/local/processed_mel/070206.npy,14363,Spray Lodge,12474,Live on WFMU's Imaginary Radio 9-9-12,29.976598639455784
70207,Hip-Hop,3,../data/local/processed_mel/070207.npy,14363,Spray Lodge,12474,Live on WFMU's Imaginary Radio 9-9-12,29.976598639455784
70208,Hip-Hop,3,../data/local/processed_mel/070208.npy,14363,Spray Lodge,12474,Live on WFMU's Imaginary Radio 9-9-12,29.976598639455784
70402,Rock,7,../data/local/processed_mel/070402.npy,14409,Saralee,12512,Boston Hassle Comp,29.976598639455784
70409,Rock,7,../data/local/processed_mel/070409.npy,14413,Kid Romance,12512,Boston Hassle Comp,30.002721088435376
70654,Hip-Hop,3,../data/local/processed_mel/070654.npy,14456,C-Doc,12548,Far Gone,30.002721088435376
70655,Hip-Hop,3,../data/local/processed_mel/070655.npy,14456,C-Doc,12548,Far Gone,29.976598639455784
70657,Hip-Hop,3,../data/local/processed_mel/070657.npy,14456,C-Doc,12548,Far Gone,29.976598639455784
70660,Hip-Hop,3,../data/local/processed_mel/070660.npy,14456,C-Doc,12548,Far Gone,29.976598639455784
70813,Rock,7,../data/local/processed_mel/070813.npy,14486,Hellcore,12566,Terbakar E.P.,29.976598639455784
70873,Pop,6,../data/local/processed_mel/070873.npy,9713,owlface,12579,and still the ground is frozen,29.976598639455784
70875,Pop,6,../data/local/processed_mel/070875.npy,9713,owlface,12579,and still the ground is frozen,29.976598639455784
70878,Pop,6,../data/local/processed_mel/070878.npy,9713,owlface,12579,and still the ground is frozen,30.002721088435376
70879,Pop,6,../data/local/processed_mel/070879.npy,9713,owlface,12579,and still the ground is frozen,29.976598639455784
71096,Electronic,0,../data/local/processed_mel/071096.npy,3950,Bitbasic,12604,Meek,29.976598639455784
71133,Folk,2,../data/local/processed_mel/071133.npy,14515,Loretta Lucas,12612,"""The Rest""",30.002721088435376
71157,Hip-Hop,3,../data/local/processed_mel/071157.npy,14456,C-Doc,12621,Divided We Stand,29.976598639455784
71158,Hip-Hop,3,../data/local/processed_mel/071158.npy,14456,C-Doc,12621,Divided We Stand,29.976598639455784
71172,Hip-Hop,3,../data/local/processed_mel/071172.npy,11213,Frenic,12630,Mongolia,30.002721088435376
71173,Hip-Hop,3,../data/local/processed_mel/071173.npy,11213,Frenic,12630,Mongolia,29.976598639455784
71174,Hip-Hop,3,../data/local/processed_mel/071174.npy,11213,Frenic,12630,Mongolia,29.976598639455784
71175,Hip-Hop,3,../data/local/processed_mel/071175.npy,11213,Frenic,12630,Mongolia,29.976598639455784
71216,Hip-Hop,3,../data/local/processed_mel/071216.npy,14543,J-K,12636,Armadura Brilhante,30.002721088435376
71225,Hip-Hop,3,../data/local/processed_mel/071225.npy,14543,J-K,12637,Complexo de Inferioridade,29.976598639455784
71228,Hip-Hop,3,../data/local/processed_mel/071228.npy,14543,J-K,12637,Complexo de Inferioridade,29.976598639455784
71230,Hip-Hop,3,../data/local/processed_mel/071230.npy,14543,J-K,12637,Complexo de Inferioridade,29.976598639455784
71231,Hip-Hop,3,../data/local/processed_mel/071231.npy,14543,J-K,12637,Complexo de Inferioridade,30.002721088435376
71240,Hip-Hop,3,../data/local/processed_mel/071240.npy,14544,Dengaz,12639,AHYA,30.002721088435376
71241,Hip-Hop,3,../data/local/processed_mel/071241.npy,14544,Dengaz,12639,AHYA,30.002721088435376
71242,Hip-Hop,3,../data/local/processed_mel/071242.npy,14544,Dengaz,12639,AHYA,29.976598639455784
71243,Hip-Hop,3,../data/local/processed_mel/071243.npy,14544,Dengaz,12639,AHYA,30.002721088435376
71244,Hip-Hop,3,../data/local/processed_mel/071244.npy,14544,Dengaz,12639,AHYA,29.976598639455784
71245,Hip-Hop,3,../data/local/processed_mel/071245.npy,14544,Dengaz,12639,AHYA,29.976598639455784
71246,Hip-Hop,3,../data/local/processed_mel/071246.npy,14544,Dengaz,12639,AHYA,29.976598639455784
71247,Hip-Hop,3,../data/local/processed_mel/071247.npy,14544,Dengaz,12639,AHYA,30.002721088435376
71248,Hip-Hop,3,../data/local/processed_mel/071248.npy,14544,Dengaz,12639,AHYA,29.976598639455784
71249,Hip-Hop,3,../data/local/processed_mel/071249.npy,14544,Dengaz,12639,AHYA,30.002721088435376
71250,Hip-Hop,3,../data/local/processed_mel/071250.npy,14544,Dengaz,12639,AHYA,30.002721088435376
71251,Hip-Hop,3,../data/local/processed_mel/071251.npy,14544,Dengaz,12639,AHYA,29.976598639455784
71252,Hip-Hop,3,../data/local/processed_mel/071252.npy,14544,Dengaz,12639,AHYA,29.976598639455784
71253,Hip-Hop,3,../data/local/processed_mel/071253.npy,14544,Dengaz,12639,AHYA,29.976598639455784
71254,Hip-Hop,3,../data/local/processed_mel/071254.npy,14544,Dengaz,12639,AHYA,29.976598639455784
71255,Hip-Hop,3,../data/local/processed_mel/071255.npy,14544,Dengaz,12639,AHYA,29.976598639455784
71276,Rock,7,../data/local/processed_mel/071276.npy,1132,Pink Reason,12642,Live on Distort Jersey City 9/26/12,30.002721088435376
71507,Electronic,0,../data/local/processed_mel/071507.npy,4421,staRpauSe,12672,Monorave Compo,29.976598639455784
71508,Electronic,0,../data/local/processed_mel/071508.npy,15500,egr,12672,Monorave Compo,30.002721088435376
71509,Electronic,0,../data/local/processed_mel/071509.npy,14565,Hexawe (Various Artists),12672,Monorave Compo,29.976598639455784
71510,Electronic,0,../data/local/processed_mel/071510.npy,15498,Din Sky,12672,Monorave Compo,29.976598639455784
71511,Electronic,0,../data/local/processed_mel/071511.npy,11140,Peter Swimm,12672,Monorave Compo,30.002721088435376
71512,Electronic,0,../data/local/processed_mel/071512.npy,15496,Quelle Fromage,12672,Monorave Compo,29.976598639455784
71513,Electronic,0,../data/local/processed_mel/071513.npy,15497,XC3N,12672,Monorave Compo,29.976598639455784
71514,Electronic,0,../data/local/processed_mel/071514.npy,15495,Rhinostrich,12672,Monorave Compo,30.002721088435376
71515,Electronic,0,../data/local/processed_mel/071515.npy,15307,BLEO,12672,Monorave Compo,29.976598639455784
71516,Electronic,0,../data/local/processed_mel/071516.npy,15494,Pulselooper,12672,Monorave Compo,29.976598639455784
71617,Rock,7,../data/local/processed_mel/071617.npy,3231,NanowaR,12688,Made In Naples,29.976598639455784
71620,Rock,7,../data/local/processed_mel/071620.npy,3231,NanowaR,12688,Made In Naples,30.002721088435376
71622,Rock,7,../data/local/processed_mel/071622.npy,3231,NanowaR,12688,Made In Naples,29.976598639455784
71690,Hip-Hop,3,../data/local/processed_mel/071690.npy,14456,C-Doc,12691,Drumm Machine (RhythmBoxx) (Featuring DJ Def Chad),30.002721088435376
71691,Hip-Hop,3,../data/local/processed_mel/071691.npy,14456,C-Doc,12691,Drumm Machine (RhythmBoxx) (Featuring DJ Def Chad),29.976598639455784
71692,Hip-Hop,3,../data/local/processed_mel/071692.npy,14456,C-Doc,12691,Drumm Machine (RhythmBoxx) (Featuring DJ Def Chad),30.002721088435376
71693,Hip-Hop,3,../data/local/processed_mel/071693.npy,14456,C-Doc,12691,Drumm Machine (RhythmBoxx) (Featuring DJ Def Chad),29.976598639455784
71694,Hip-Hop,3,../data/local/processed_mel/071694.npy,14456,C-Doc,12691,Drumm Machine (RhythmBoxx) (Featuring DJ Def Chad),30.002721088435376
71695,Hip-Hop,3,../data/local/processed_mel/071695.npy,14456,C-Doc,12691,Drumm Machine (RhythmBoxx) (Featuring DJ Def Chad),29.976598639455784
71709,Pop,6,../data/local/processed_mel/071709.npy,14584,The Ginger Ale Revolution,12697,"""The Popsicle Palace (Are You Going To?)""",29.976598639455784
71714,Rock,7,../data/local/processed_mel/071714.npy,14528,Sros Lords,12701,"""OX""",29.976598639455784
71715,Rock,7,../data/local/processed_mel/071715.npy,14588,Feelings,12702,"""Name Droppers Of The World Unite""",30.002721088435376
71719,Rock,7,../data/local/processed_mel/071719.npy,14591,Black Tia,12706,"""Walked Too Deep""",29.976598639455784
71721,Rock,7,../data/local/processed_mel/071721.npy,14593,Gardens,12708,"""A.B.A.Y.A.M""",29.976598639455784
71822,Electronic,0,../data/local/processed_mel/071822.npy,14634,Sinqlogue,12727,The Haunted Mansion,29.976598639455784
71884,Experimental,1,../data/local/processed_mel/071884.npy,14642,The Unnameable,12738,"Graves Are Not Harde To Digg, Nor Acids Loth To Burne",30.002721088435376
71885,Experimental,1,../data/local/processed_mel/071885.npy,14642,The Unnameable,12738,"Graves Are Not Harde To Digg, Nor Acids Loth To Burne",30.002721088435376
71937,Rock,7,../data/local/processed_mel/071937.npy,14646,Dark Asylum Music,12746,Malice,30.002721088435376
71938,Rock,7,../data/local/processed_mel/071938.npy,14646,Dark Asylum Music,12746,Malice,29.976598639455784
72046,Folk,2,../data/local/processed_mel/072046.npy,11346,David Rovics,12766,We Just Want The World,29.976598639455784
72047,Folk,2,../data/local/processed_mel/072047.npy,11346,David Rovics,12766,We Just Want The World,30.002721088435376
72050,Folk,2,../data/local/processed_mel/072050.npy,11346,David Rovics,12766,We Just Want The World,29.976598639455784
72056,Folk,2,../data/local/processed_mel/072056.npy,11346,David Rovics,12766,We Just Want The World,30.002721088435376
72058,Folk,2,../data/local/processed_mel/072058.npy,11346,David Rovics,12766,We Just Want The World,30.002721088435376
72059,Folk,2,../data/local/processed_mel/072059.npy,11346,David Rovics,12766,We Just Want The World,30.002721088435376
72064,Rock,7,../data/local/processed_mel/072064.npy,14668,Quest Poetics,12767,A Sound Campaign EP,30.002721088435376
72067,Electronic,0,../data/local/processed_mel/072067.npy,14670,Decktonic,12773,Stars,30.002721088435376
72068,Electronic,0,../data/local/processed_mel/072068.npy,14670,Decktonic,12773,Stars,30.002721088435376
72069,Electronic,0,../data/local/processed_mel/072069.npy,14670,Decktonic,12773,Stars,30.002721088435376
72070,Electronic,0,../data/local/processed_mel/072070.npy,14670,Decktonic,12773,Stars,29.976598639455784
72071,Electronic,0,../data/local/processed_mel/072071.npy,14670,Decktonic,12773,Stars,29.976598639455784
72072,Electronic,0,../data/local/processed_mel/072072.npy,14670,Decktonic,12773,Stars,29.976598639455784
72073,Electronic,0,../data/local/processed_mel/072073.npy,14670,Decktonic,12773,Stars,29.976598639455784
72074,Electronic,0,../data/local/processed_mel/072074.npy,14670,Decktonic,12773,Stars,29.976598639455784
72075,Electronic,0,../data/local/processed_mel/072075.npy,14670,Decktonic,12773,Stars,29.976598639455784
72076,Electronic,0,../data/local/processed_mel/072076.npy,14670,Decktonic,12773,Stars,29.976598639455784
72129,Hip-Hop,3,../data/local/processed_mel/072129.npy,14456,C-Doc,12793,Broken Homes (Featuring DJ Def Chad),29.976598639455784
72130,Hip-Hop,3,../data/local/processed_mel/072130.npy,14456,C-Doc,12793,Broken Homes (Featuring DJ Def Chad),30.002721088435376
72131,Hip-Hop,3,../data/local/processed_mel/072131.npy,14456,C-Doc,12793,Broken Homes (Featuring DJ Def Chad),30.002721088435376
72134,Hip-Hop,3,../data/local/processed_mel/072134.npy,14456,C-Doc,12793,Broken Homes (Featuring DJ Def Chad),30.002721088435376
72135,Hip-Hop,3,../data/local/processed_mel/072135.npy,14456,C-Doc,12793,Broken Homes (Featuring DJ Def Chad),29.976598639455784
72136,Hip-Hop,3,../data/local/processed_mel/072136.npy,14456,C-Doc,12793,Broken Homes (Featuring DJ Def Chad),29.976598639455784
72146,Experimental,1,../data/local/processed_mel/072146.npy,2240,Justice Yeldham,12799,Picture Disc,29.988979591836735
72149,Experimental,1,../data/local/processed_mel/072149.npy,2240,Justice Yeldham,12799,Picture Disc,29.976598639455784
72200,Electronic,0,../data/local/processed_mel/072200.npy,14339,Leggysalad,12803,Shards of Memory EP,30.002721088435376
72206,Electronic,0,../data/local/processed_mel/072206.npy,9576,Music For Your Plants,12820,EXPEDITION CHANT CUP,29.976598639455784
72210,Electronic,0,../data/local/processed_mel/072210.npy,9576,Music For Your Plants,12820,EXPEDITION CHANT CUP,29.976598639455784
72215,Electronic,0,../data/local/processed_mel/072215.npy,9576,Music For Your Plants,12820,EXPEDITION CHANT CUP,29.976598639455784
72232,Electronic,0,../data/local/processed_mel/072232.npy,11111,Edward Shallow,12826,World Head Law,29.976598639455784
72233,Electronic,0,../data/local/processed_mel/072233.npy,11111,Edward Shallow,12826,World Head Law,29.976598639455784
72234,Hip-Hop,3,../data/local/processed_mel/072234.npy,14691,Magic Daddy,12827,Rock Hyrax EP,30.002721088435376
72287,Rock,7,../data/local/processed_mel/072287.npy,14695,Squarehead,12838,Live on Liz Berg's Show on WFMU 10/22/12,29.976598639455784
72288,Rock,7,../data/local/processed_mel/072288.npy,14695,Squarehead,12838,Live on Liz Berg's Show on WFMU 10/22/12,29.976598639455784
72289,Rock,7,../data/local/processed_mel/072289.npy,14695,Squarehead,12838,Live on Liz Berg's Show on WFMU 10/22/12,30.002721088435376
72290,Rock,7,../data/local/processed_mel/072290.npy,14695,Squarehead,12838,Live on Liz Berg's Show on WFMU 10/22/12,29.976598639455784
72456,Rock,7,../data/local/processed_mel/072456.npy,14727,The Blind Shake,12885,Live on WFMU's Three Chord Monte 10-9-12,30.002721088435376
72468,Hip-Hop,3,../data/local/processed_mel/072468.npy,11213,Frenic,12887,netBloc Vol. 39: Antididonai,29.976598639455784
72476,Pop,6,../data/local/processed_mel/072476.npy,9018,Björn & Gorden,12887,netBloc Vol. 39: Antididonai,29.976598639455784
72477,Electronic,0,../data/local/processed_mel/072477.npy,14102,Fhernando,12887,netBloc Vol. 39: Antididonai,30.002721088435376
72562,Folk,2,../data/local/processed_mel/072562.npy,14740,Howie Mitchell & Ruth Meyer,12901,"Duets on Double Dulcimer - Aug. 8, 1962",30.002721088435376
72565,Folk,2,../data/local/processed_mel/072565.npy,14740,Howie Mitchell & Ruth Meyer,12901,"Duets on Double Dulcimer - Aug. 8, 1962",30.002721088435376
72570,Folk,2,../data/local/processed_mel/072570.npy,14740,Howie Mitchell & Ruth Meyer,12901,"Duets on Double Dulcimer - Aug. 8, 1962",30.002721088435376
72604,Electronic,0,../data/local/processed_mel/072604.npy,8539,Pinklogik,12903,Random Access Memory,29.976598639455784
72605,Folk,2,../data/local/processed_mel/072605.npy,14740,Howie Mitchell & Ruth Meyer,12905,"Duets on Double Dulcimer -Jan. 7, 1963",30.002721088435376
72607,Folk,2,../data/local/processed_mel/072607.npy,14740,Howie Mitchell & Ruth Meyer,12905,"Duets on Double Dulcimer -Jan. 7, 1963",30.002721088435376
72612,Folk,2,../data/local/processed_mel/072612.npy,14740,Howie Mitchell & Ruth Meyer,12901,"Duets on Double Dulcimer - Aug. 8, 1962",29.976598639455784
72738,Rock,7,../data/local/processed_mel/072738.npy,13385,Expwy,12917,in the sky,29.976598639455784
72781,Hip-Hop,3,../data/local/processed_mel/072781.npy,3593,Tha Silent Partner,12921,"Platters, Act 4: A Suite For John M",30.002721088435376
72782,Hip-Hop,3,../data/local/processed_mel/072782.npy,3593,Tha Silent Partner,12921,"Platters, Act 4: A Suite For John M",29.976598639455784
72783,Hip-Hop,3,../data/local/processed_mel/072783.npy,3593,Tha Silent Partner,12921,"Platters, Act 4: A Suite For John M",29.976598639455784
72784,Hip-Hop,3,../data/local/processed_mel/072784.npy,3593,Tha Silent Partner,12921,"Platters, Act 4: A Suite For John M",29.976598639455784
72785,Hip-Hop,3,../data/local/processed_mel/072785.npy,3593,Tha Silent Partner,12921,"Platters, Act 4: A Suite For John M",30.002721088435376
72786,Hip-Hop,3,../data/local/processed_mel/072786.npy,3593,Tha Silent Partner,12921,"Platters, Act 4: A Suite For John M",29.976598639455784
72787,Hip-Hop,3,../data/local/processed_mel/072787.npy,3593,Tha Silent Partner,12921,"Platters, Act 4: A Suite For John M",29.976598639455784
72788,Hip-Hop,3,../data/local/processed_mel/072788.npy,3593,Tha Silent Partner,12921,"Platters, Act 4: A Suite For John M",30.002721088435376
72789,Hip-Hop,3,../data/local/processed_mel/072789.npy,3593,Tha Silent Partner,12921,"Platters, Act 4: A Suite For John M",29.976598639455784
72790,Hip-Hop,3,../data/local/processed_mel/072790.npy,3593,Tha Silent Partner,12921,"Platters, Act 4: A Suite For John M",30.002721088435376
72926,Experimental,1,../data/local/processed_mel/072926.npy,14561,J. Surak,12935,Torn,29.976598639455784
72927,Experimental,1,../data/local/processed_mel/072927.npy,14561,J. Surak,12935,Torn,29.976598639455784
72928,Experimental,1,../data/local/processed_mel/072928.npy,14561,J. Surak,12935,Torn,30.002721088435376
72930,Experimental,1,../data/local/processed_mel/072930.npy,14561,J. Surak,12935,Torn,30.002721088435376
73099,Experimental,1,../data/local/processed_mel/073099.npy,14814,Jaap Blonk & Dylan Nyoukis,12956,Dubbletwee,29.976598639455784
73100,Experimental,1,../data/local/processed_mel/073100.npy,14814,Jaap Blonk & Dylan Nyoukis,12956,Dubbletwee,29.976598639455784
73123,Electronic,0,../data/local/processed_mel/073123.npy,3734,Zengineers,12958,Bitter Lemon EP,30.002721088435376
73124,Electronic,0,../data/local/processed_mel/073124.npy,3734,Zengineers,12958,Bitter Lemon EP,30.002721088435376
73125,Electronic,0,../data/local/processed_mel/073125.npy,10456,Jeremy Macachor,12958,Bitter Lemon EP,30.002721088435376
73169,Folk,2,../data/local/processed_mel/073169.npy,14026,Howie Mitchell,12971,11-14-'58,30.002721088435376
73170,Folk,2,../data/local/processed_mel/073170.npy,14834,Howie Mitchell & Charlotte Williams,12971,11-14-'58,29.976598639455784
73171,Folk,2,../data/local/processed_mel/073171.npy,14834,Howie Mitchell & Charlotte Williams,12971,11-14-'58,29.976598639455784
73172,Folk,2,../data/local/processed_mel/073172.npy,14834,Howie Mitchell & Charlotte Williams,12971,11-14-'58,30.002721088435376
73174,Folk,2,../data/local/processed_mel/073174.npy,14834,Howie Mitchell & Charlotte Williams,12971,11-14-'58,29.976598639455784
73175,Folk,2,../data/local/processed_mel/073175.npy,14834,Howie Mitchell & Charlotte Williams,12971,11-14-'58,30.002721088435376
73192,Rock,7,../data/local/processed_mel/073192.npy,14775,Foster Care,12972,Live on WFMU's Distort Jersey City with Deed Runlea 11/21/2012,30.002721088435376
73193,Rock,7,../data/local/processed_mel/073193.npy,14775,Foster Care,12972,Live on WFMU's Distort Jersey City with Deed Runlea 11/21/2012,29.976598639455784
73306,Rock,7,../data/local/processed_mel/073306.npy,13981,Ex Cops,12973,Live on Duane's Show on WFMU 11/27/12,30.002721088435376
73309,Rock,7,../data/local/processed_mel/073309.npy,13981,Ex Cops,12973,Live on Duane's Show on WFMU 11/27/12,29.976598639455784
73318,Rock,7,../data/local/processed_mel/073318.npy,14850,Thee Nodes,12975,Live on WFMU's Distort Jersey City with Deed Runlea 11/14/2012,30.002721088435376
73335,Electronic,0,../data/local/processed_mel/073335.npy,14900,Büromaschinen,12979,Welcome to Büromaschinen,29.976598639455784
73340,Electronic,0,../data/local/processed_mel/073340.npy,14900,Büromaschinen,12979,Welcome to Büromaschinen,29.976598639455784
73341,Electronic,0,../data/local/processed_mel/073341.npy,14900,Büromaschinen,12979,Welcome to Büromaschinen,29.976598639455784
73342,Electronic,0,../data/local/processed_mel/073342.npy,14900,Büromaschinen,12979,Welcome to Büromaschinen,29.976598639455784
73343,Electronic,0,../data/local/processed_mel/073343.npy,14900,Büromaschinen,12979,Welcome to Büromaschinen,29.976598639455784
73344,Electronic,0,../data/local/processed_mel/073344.npy,14900,Büromaschinen,12979,Welcome to Büromaschinen,29.976598639455784
73363,Electronic,0,../data/local/processed_mel/073363.npy,8538,Deltason,12984,Solar Phases,30.002721088435376
73365,Electronic,0,../data/local/processed_mel/073365.npy,8538,Deltason,12984,Solar Phases,29.976598639455784
73366,Electronic,0,../data/local/processed_mel/073366.npy,8538,Deltason,12984,Solar Phases,29.976598639455784
73367,Electronic,0,../data/local/processed_mel/073367.npy,8538,Deltason,12984,Solar Phases,29.976598639455784
73368,Electronic,0,../data/local/processed_mel/073368.npy,8538,Deltason,12984,Solar Phases,30.002721088435376
73369,Electronic,0,../data/local/processed_mel/073369.npy,8538,Deltason,12984,Solar Phases,29.976598639455784
73370,Electronic,0,../data/local/processed_mel/073370.npy,8538,Deltason,12984,Solar Phases,30.002721088435376
73371,Electronic,0,../data/local/processed_mel/073371.npy,8538,Deltason,12984,Solar Phases,30.002721088435376
73372,Electronic,0,../data/local/processed_mel/073372.npy,8538,Deltason,12984,Solar Phases,30.002721088435376
73465,Pop,6,../data/local/processed_mel/073465.npy,9288,Liam Stewart,12997,Ignored,30.002721088435376
73466,Pop,6,../data/local/processed_mel/073466.npy,9288,Liam Stewart,12997,Ignored,29.976598639455784
73467,Pop,6,../data/local/processed_mel/073467.npy,9288,Liam Stewart,12997,Ignored,29.976598639455784
73468,Pop,6,../data/local/processed_mel/073468.npy,9288,Liam Stewart,12997,Ignored,30.002721088435376
73469,Pop,6,../data/local/processed_mel/073469.npy,9288,Liam Stewart,12997,Ignored,29.976598639455784
73486,Rock,7,../data/local/processed_mel/073486.npy,14950,Ylajali,13000,Live on WFMU's Distort Jersey City with Deed Runlea 10/10/12,29.976598639455784
73495,Instrumental,4,../data/local/processed_mel/073495.npy,13830,krackatoa,14061,Dining On Backs of the Brave,30.002721088435376
73550,Hip-Hop,3,../data/local/processed_mel/073550.npy,14456,C-Doc,13022,Followin' Me (Remixx),29.976598639455784
73551,Hip-Hop,3,../data/local/processed_mel/073551.npy,14456,C-Doc,13022,Followin' Me (Remixx),30.002721088435376
73566,Folk,2,../data/local/processed_mel/073566.npy,7501,James Beaudreau,6413,Astral Law (WBR 35),29.976598639455784
73568,Folk,2,../data/local/processed_mel/073568.npy,7501,James Beaudreau,6413,Astral Law (WBR 35),30.002721088435376
73572,Folk,2,../data/local/processed_mel/073572.npy,7501,James Beaudreau,6413,Astral Law (WBR 35),29.976598639455784
73573,Folk,2,../data/local/processed_mel/073573.npy,7501,James Beaudreau,6413,Astral Law (WBR 35),30.002721088435376
73580,Folk,2,../data/local/processed_mel/073580.npy,7501,James Beaudreau,6413,Astral Law (WBR 35),30.002721088435376
73584,Folk,2,../data/local/processed_mel/073584.npy,7501,James Beaudreau,6413,Astral Law (WBR 35),29.976598639455784
73585,Folk,2,../data/local/processed_mel/073585.npy,7501,James Beaudreau,6413,Astral Law (WBR 35),29.976598639455784
73587,Folk,2,../data/local/processed_mel/073587.npy,7501,James Beaudreau,6413,Astral Law (WBR 35),29.976598639455784
73658,Folk,2,../data/local/processed_mel/073658.npy,5881,Jan Grünfeld,13048,A Trace,29.976598639455784
73675,Folk,2,../data/local/processed_mel/073675.npy,5881,Jan Grünfeld,13048,A Trace,29.976598639455784
73760,International,5,../data/local/processed_mel/073760.npy,14987,Dot,13057,#CC-10 Europe Mixtape,29.976598639455784
73761,International,5,../data/local/processed_mel/073761.npy,15012,Dad Rocks!,13057,#CC-10 Europe Mixtape,29.976598639455784
73762,International,5,../data/local/processed_mel/073762.npy,14992,Zimbalista,13057,#CC-10 Europe Mixtape,30.002721088435376
73764,International,5,../data/local/processed_mel/073764.npy,14993,Usta,13057,#CC-10 Europe Mixtape,29.976598639455784
73765,International,5,../data/local/processed_mel/073765.npy,14984,Herrmutt Lobby,13057,#CC-10 Europe Mixtape,30.002721088435376
73766,International,5,../data/local/processed_mel/073766.npy,14995,Shoes and Socks Off,13057,#CC-10 Europe Mixtape,29.976598639455784
73767,International,5,../data/local/processed_mel/073767.npy,14996,The Global Optimistic,13057,#CC-10 Europe Mixtape,30.002721088435376
73768,International,5,../data/local/processed_mel/073768.npy,7295,ZOE.LEELA,13057,#CC-10 Europe Mixtape,30.002721088435376
73769,International,5,../data/local/processed_mel/073769.npy,7170,Antony Raijekov,13057,#CC-10 Europe Mixtape,29.976598639455784
73770,International,5,../data/local/processed_mel/073770.npy,14985,Stormy Mondays,13057,#CC-10 Europe Mixtape,30.002721088435376
73771,International,5,../data/local/processed_mel/073771.npy,14998,Mistakemistake & MC Sky Wikluh,13057,#CC-10 Europe Mixtape,30.002721088435376
73772,International,5,../data/local/processed_mel/073772.npy,13732,The Black Atlantic,13057,#CC-10 Europe Mixtape,29.976598639455784
73774,International,5,../data/local/processed_mel/073774.npy,8018,Emerald Park,13057,#CC-10 Europe Mixtape,30.002721088435376
73778,International,5,../data/local/processed_mel/073778.npy,14983,Bonus,13057,#CC-10 Europe Mixtape,30.002721088435376
73792,Pop,6,../data/local/processed_mel/073792.npy,15002,Sleeping Policemen,13060,ePop028,30.002721088435376
73797,Folk,2,../data/local/processed_mel/073797.npy,5881,Jan Grünfeld,13048,A Trace,29.976598639455784
73819,Experimental,1,../data/local/processed_mel/073819.npy,13913,Miquel Parera Jaques,13063,nxVacuity002,29.976598639455784
73820,Experimental,1,../data/local/processed_mel/073820.npy,13913,Miquel Parera Jaques,13063,nxVacuity002,29.976598639455784
73821,Experimental,1,../data/local/processed_mel/073821.npy,13913,Miquel Parera Jaques,13063,nxVacuity002,29.976598639455784
73822,Experimental,1,../data/local/processed_mel/073822.npy,13913,Miquel Parera Jaques,13063,nxVacuity002,29.976598639455784
73921,Pop,6,../data/local/processed_mel/073921.npy,15021,Dott,13074,This Christmas,29.976598639455784
74302,Experimental,1,../data/local/processed_mel/074302.npy,14774,The Fucked Up Beat,13123,Rust Belt (1968),29.976598639455784
74347,Experimental,1,../data/local/processed_mel/074347.npy,9472,Emil Klotzsch,7991,Deutsche Lieder,29.976598639455784
74348,Rock,7,../data/local/processed_mel/074348.npy,15106,Marco Trovatello,13132,I had to let God be in Control of ALL Things,30.002721088435376
74362,Electronic,0,../data/local/processed_mel/074362.npy,15109,Doctor P,13137,Tactical Assault,30.002721088435376
74365,Electronic,0,../data/local/processed_mel/074365.npy,15107,Mizuki's Last Chance,13137,Tactical Assault,29.976598639455784
74370,Experimental,1,../data/local/processed_mel/074370.npy,15114,Dave Menzo (CloudMagic),13141,En attendant Noël...,29.976598639455784
74371,Experimental,1,../data/local/processed_mel/074371.npy,15115,Wiredrawn,13141,En attendant Noël...,29.976598639455784
74372,Experimental,1,../data/local/processed_mel/074372.npy,15116,Pitch Feather,13141,En attendant Noël...,30.002721088435376
74373,Experimental,1,../data/local/processed_mel/074373.npy,15117,Julianne Marx and Craig Olson,13141,En attendant Noël...,30.002721088435376
74375,Experimental,1,../data/local/processed_mel/074375.npy,15119,songs for sunday parlours,13141,En attendant Noël...,29.976598639455784
74377,Experimental,1,../data/local/processed_mel/074377.npy,12566,Ann Alee,13141,En attendant Noël...,29.976598639455784
74378,Experimental,1,../data/local/processed_mel/074378.npy,15120,The HoHoHos!,13141,En attendant Noël...,30.002721088435376
74380,Experimental,1,../data/local/processed_mel/074380.npy,15121,Rene Wilson,13141,En attendant Noël...,29.976598639455784
74381,Experimental,1,../data/local/processed_mel/074381.npy,14721,Flora,13141,En attendant Noël...,30.002721088435376
74382,Experimental,1,../data/local/processed_mel/074382.npy,15125,Audiotransparent,13141,En attendant Noël...,29.976598639455784
74383,Experimental,1,../data/local/processed_mel/074383.npy,5847,The Gasoline Brothers,13141,En attendant Noël...,30.002721088435376
74384,Experimental,1,../data/local/processed_mel/074384.npy,15122,Mark Smeby,13141,En attendant Noël...,30.002721088435376
74385,Experimental,1,../data/local/processed_mel/074385.npy,3656,Allison Crowe,13141,En attendant Noël...,29.976598639455784
74386,Experimental,1,../data/local/processed_mel/074386.npy,9367,The Kyoto Connection,13141,En attendant Noël...,30.002721088435376
74387,Experimental,1,../data/local/processed_mel/074387.npy,10458,Blear Moon,13141,En attendant Noël...,29.976598639455784
74388,Experimental,1,../data/local/processed_mel/074388.npy,12529,Maya Solovéy,13141,En attendant Noël...,30.002721088435376
74390,Experimental,1,../data/local/processed_mel/074390.npy,15124,Veritas Music,13141,En attendant Noël...,29.976598639455784
74392,Experimental,1,../data/local/processed_mel/074392.npy,15129,Thicker Than Water,13141,En attendant Noël...,29.976598639455784
74421,Folk,2,../data/local/processed_mel/074421.npy,15135,Robo,13148,Fundacion Robo,29.976598639455784
74445,Folk,2,../data/local/processed_mel/074445.npy,15135,Robo,13148,Fundacion Robo,30.002721088435376
74546,Folk,2,../data/local/processed_mel/074546.npy,4450,Entertainment for the Braindead,13159,Postcard #1: Songs for the Apocalypse,30.002721088435376
74669,Rock,7,../data/local/processed_mel/074669.npy,10990,Long Hair,13179,Squirrelwood,29.976598639455784
74671,Rock,7,../data/local/processed_mel/074671.npy,10990,Long Hair,13179,Squirrelwood,30.002721088435376
74706,Rock,7,../data/local/processed_mel/074706.npy,13523,springtide,20610,"Sounds strange, weird, but unmistakably romantic (beta)",29.976598639455784
74908,Rock,7,../data/local/processed_mel/074908.npy,15212,Did You Just Hex Me?,13203,Did You Just Hex Me?,29.976598639455784
74942,Folk,2,../data/local/processed_mel/074942.npy,15214,20lb Sounds,13206,Acoustic Sessions,30.002721088435376
74954,Hip-Hop,3,../data/local/processed_mel/074954.npy,14456,C-Doc,13208,United We Fall,30.002721088435376
74955,Hip-Hop,3,../data/local/processed_mel/074955.npy,14456,C-Doc,13208,United We Fall,29.976598639455784
74959,Experimental,1,../data/local/processed_mel/074959.npy,15220,Bisamråtta,13209,Bisamråtta (2012),29.976598639455784
74960,Experimental,1,../data/local/processed_mel/074960.npy,15220,Bisamråtta,13209,Bisamråtta (2012),30.002721088435376
75194,Pop,6,../data/local/processed_mel/075194.npy,15241,Sanawon,13228,The Promise,30.002721088435376
75221,Rock,7,../data/local/processed_mel/075221.npy,15248,Holy Pain,13233,Last Sigh,29.976598639455784
75230,Rock,7,../data/local/processed_mel/075230.npy,15249,Aching Beauty,13234,L'Ultima Ora,29.976598639455784
75304,Folk,2,../data/local/processed_mel/075304.npy,15255,Lazer Boy,13241,come on let's be druids,29.976598639455784
75310,Pop,6,../data/local/processed_mel/075310.npy,15256,Geese,13242,We Be Geese,30.002721088435376
75314,Pop,6,../data/local/processed_mel/075314.npy,15256,Geese,13242,We Be Geese,30.002721088435376
75317,Pop,6,../data/local/processed_mel/075317.npy,15256,Geese,13242,We Be Geese,29.976598639455784
75429,Instrumental,4,../data/local/processed_mel/075429.npy,3951,Cherly KaCherly,13251,Drop a 4 note Soundtrack,29.976598639455784
75430,Instrumental,4,../data/local/processed_mel/075430.npy,3951,Cherly KaCherly,13251,Drop a 4 note Soundtrack,30.002721088435376
75431,Instrumental,4,../data/local/processed_mel/075431.npy,3951,Cherly KaCherly,13251,Drop a 4 note Soundtrack,29.976598639455784
75432,Instrumental,4,../data/local/processed_mel/075432.npy,3951,Cherly KaCherly,13251,Drop a 4 note Soundtrack,29.976598639455784
75433,Instrumental,4,../data/local/processed_mel/075433.npy,3951,Cherly KaCherly,13251,Drop a 4 note Soundtrack,29.976598639455784
75434,Instrumental,4,../data/local/processed_mel/075434.npy,3951,Cherly KaCherly,13251,Drop a 4 note Soundtrack,29.976598639455784
75435,Instrumental,4,../data/local/processed_mel/075435.npy,3951,Cherly KaCherly,13251,Drop a 4 note Soundtrack,30.002721088435376
75436,Instrumental,4,../data/local/processed_mel/075436.npy,3951,Cherly KaCherly,13251,Drop a 4 note Soundtrack,30.002721088435376
75437,Instrumental,4,../data/local/processed_mel/075437.npy,3951,Cherly KaCherly,13251,Drop a 4 note Soundtrack,30.002721088435376
75438,Instrumental,4,../data/local/processed_mel/075438.npy,3951,Cherly KaCherly,13251,Drop a 4 note Soundtrack,29.976598639455784
75439,Instrumental,4,../data/local/processed_mel/075439.npy,3951,Cherly KaCherly,13251,Drop a 4 note Soundtrack,30.002721088435376
75440,Instrumental,4,../data/local/processed_mel/075440.npy,3951,Cherly KaCherly,13251,Drop a 4 note Soundtrack,29.976598639455784
75441,Instrumental,4,../data/local/processed_mel/075441.npy,3951,Cherly KaCherly,13251,Drop a 4 note Soundtrack,29.976598639455784
75442,Instrumental,4,../data/local/processed_mel/075442.npy,3951,Cherly KaCherly,13251,Drop a 4 note Soundtrack,29.976598639455784
75443,Instrumental,4,../data/local/processed_mel/075443.npy,3951,Cherly KaCherly,13251,Drop a 4 note Soundtrack,30.002721088435376
75607,Instrumental,4,../data/local/processed_mel/075607.npy,7125,Rho,13270,Brace For Gravity,29.976598639455784
75612,Instrumental,4,../data/local/processed_mel/075612.npy,7125,Rho,13270,Brace For Gravity,29.976598639455784
75692,Pop,6,../data/local/processed_mel/075692.npy,14609,Cape Canaveral,13278,ePop027,29.976598639455784
75762,Electronic,0,../data/local/processed_mel/075762.npy,15307,BLEO,13286,BLackEr than yOur Dad,30.002721088435376
75763,Electronic,0,../data/local/processed_mel/075763.npy,15307,BLEO,13286,BLackEr than yOur Dad,29.976598639455784
75764,Electronic,0,../data/local/processed_mel/075764.npy,15307,BLEO,13286,BLackEr than yOur Dad,29.976598639455784
75782,Rock,7,../data/local/processed_mel/075782.npy,15310,Square People,13290,Mysteries and Secrets Unzipped: Soundtrack,29.976598639455784
75783,Rock,7,../data/local/processed_mel/075783.npy,15310,Square People,13290,Mysteries and Secrets Unzipped: Soundtrack,30.002721088435376
75784,Rock,7,../data/local/processed_mel/075784.npy,15310,Square People,13290,Mysteries and Secrets Unzipped: Soundtrack,29.976598639455784
75785,Rock,7,../data/local/processed_mel/075785.npy,15310,Square People,13290,Mysteries and Secrets Unzipped: Soundtrack,29.976598639455784
75786,Rock,7,../data/local/processed_mel/075786.npy,15310,Square People,13290,Mysteries and Secrets Unzipped: Soundtrack,29.976598639455784
75787,Rock,7,../data/local/processed_mel/075787.npy,15310,Square People,13290,Mysteries and Secrets Unzipped: Soundtrack,30.002721088435376
75788,Rock,7,../data/local/processed_mel/075788.npy,15310,Square People,13290,Mysteries and Secrets Unzipped: Soundtrack,29.976598639455784
75844,Folk,2,../data/local/processed_mel/075844.npy,10249,Jonah Rapino,13296,X Members No Peddlers 1999,30.002721088435376
75862,Folk,2,../data/local/processed_mel/075862.npy,10249,Jonah Rapino,13296,X Members No Peddlers 1999,30.002721088435376
75866,Folk,2,../data/local/processed_mel/075866.npy,10249,Jonah Rapino,13296,X Members No Peddlers 1999,30.002721088435376
75869,Folk,2,../data/local/processed_mel/075869.npy,10249,Jonah Rapino,13296,X Members No Peddlers 1999,29.976598639455784
75883,Folk,2,../data/local/processed_mel/075883.npy,10192,Colin L. Orchestra,13299,Live on WNYU,29.976598639455784
75903,Rock,7,../data/local/processed_mel/075903.npy,15289,The Monitors,13301,The Fired Dept.,29.976598639455784
75908,Rock,7,../data/local/processed_mel/075908.npy,15289,The Monitors,13301,The Fired Dept.,30.002721088435376
75925,Hip-Hop,3,../data/local/processed_mel/075925.npy,15323,Tricky Diesel,13303,Give Me a Beat,29.976598639455784
75926,Hip-Hop,3,../data/local/processed_mel/075926.npy,15323,Tricky Diesel,13303,Give Me a Beat,30.002721088435376
75927,Hip-Hop,3,../data/local/processed_mel/075927.npy,15323,Tricky Diesel,13303,Give Me a Beat,29.976598639455784
75928,Hip-Hop,3,../data/local/processed_mel/075928.npy,15323,Tricky Diesel,13303,Give Me a Beat,29.976598639455784
75929,Hip-Hop,3,../data/local/processed_mel/075929.npy,15323,Tricky Diesel,13303,Give Me a Beat,29.976598639455784
75930,Hip-Hop,3,../data/local/processed_mel/075930.npy,15323,Tricky Diesel,13303,Give Me a Beat,29.976598639455784
75931,Hip-Hop,3,../data/local/processed_mel/075931.npy,15323,Tricky Diesel,13303,Give Me a Beat,30.002721088435376
75932,Hip-Hop,3,../data/local/processed_mel/075932.npy,15323,Tricky Diesel,13303,Give Me a Beat,29.976598639455784
75933,Hip-Hop,3,../data/local/processed_mel/075933.npy,15323,Tricky Diesel,13303,Give Me a Beat,30.002721088435376
75935,Hip-Hop,3,../data/local/processed_mel/075935.npy,15323,Tricky Diesel,13303,Give Me a Beat,29.976598639455784
75936,Hip-Hop,3,../data/local/processed_mel/075936.npy,15323,Tricky Diesel,13303,Give Me a Beat,30.002721088435376
75937,Hip-Hop,3,../data/local/processed_mel/075937.npy,15323,Tricky Diesel,13303,Give Me a Beat,29.976598639455784
75975,Experimental,1,../data/local/processed_mel/075975.npy,13913,Miquel Parera Jaques,13304,nx011,30.002721088435376
76036,Experimental,1,../data/local/processed_mel/076036.npy,15391,Nicolas Tic Tac,13310,Téte de MO,29.976598639455784
76069,International,5,../data/local/processed_mel/076069.npy,15393,Koliadnyky of Kryvorivnia,13312,Live on Airborne Event with Dan Bodah 12/24/12,30.002721088435376
76071,International,5,../data/local/processed_mel/076071.npy,15393,Koliadnyky of Kryvorivnia,13312,Live on Airborne Event with Dan Bodah 12/24/12,30.002721088435376
76072,International,5,../data/local/processed_mel/076072.npy,15393,Koliadnyky of Kryvorivnia,13312,Live on Airborne Event with Dan Bodah 12/24/12,29.976598639455784
76073,International,5,../data/local/processed_mel/076073.npy,15393,Koliadnyky of Kryvorivnia,13312,Live on Airborne Event with Dan Bodah 12/24/12,30.002721088435376
76074,International,5,../data/local/processed_mel/076074.npy,15393,Koliadnyky of Kryvorivnia,13312,Live on Airborne Event with Dan Bodah 12/24/12,30.002721088435376
76075,International,5,../data/local/processed_mel/076075.npy,15393,Koliadnyky of Kryvorivnia,13312,Live on Airborne Event with Dan Bodah 12/24/12,30.002721088435376
76076,International,5,../data/local/processed_mel/076076.npy,15393,Koliadnyky of Kryvorivnia,13312,Live on Airborne Event with Dan Bodah 12/24/12,30.002721088435376
76077,International,5,../data/local/processed_mel/076077.npy,15393,Koliadnyky of Kryvorivnia,13312,Live on Airborne Event with Dan Bodah 12/24/12,30.002721088435376
76078,International,5,../data/local/processed_mel/076078.npy,15393,Koliadnyky of Kryvorivnia,13312,Live on Airborne Event with Dan Bodah 12/24/12,29.976598639455784
76079,International,5,../data/local/processed_mel/076079.npy,15393,Koliadnyky of Kryvorivnia,13312,Live on Airborne Event with Dan Bodah 12/24/12,29.976598639455784
76121,Rock,7,../data/local/processed_mel/076121.npy,15397,Happy Prescriptions,13320,Lights E.P.,29.976598639455784
76375,Experimental,1,../data/local/processed_mel/076375.npy,10457,Eric Boros,13354,Works 2006-2007,29.976598639455784
76381,Experimental,1,../data/local/processed_mel/076381.npy,10457,Eric Boros,13354,Works 2006-2007,29.976598639455784
76437,Folk,2,../data/local/processed_mel/076437.npy,15433,Misay Day,13366,Below the Green,30.002721088435376
76440,Folk,2,../data/local/processed_mel/076440.npy,15433,Misay Day,13366,Below the Green,29.976598639455784
76654,Electronic,0,../data/local/processed_mel/076654.npy,14670,Decktonic,13394,Forgotten Machines,29.976598639455784
76659,Electronic,0,../data/local/processed_mel/076659.npy,14670,Decktonic,13394,Forgotten Machines,29.976598639455784
77517,Experimental,1,../data/local/processed_mel/077517.npy,14774,The Fucked Up Beat,13456,Roswell Radio Cult,29.976598639455784
77519,Experimental,1,../data/local/processed_mel/077519.npy,14774,The Fucked Up Beat,13456,Roswell Radio Cult,29.976598639455784
77521,Experimental,1,../data/local/processed_mel/077521.npy,14774,The Fucked Up Beat,13456,Roswell Radio Cult,29.976598639455784
77522,Experimental,1,../data/local/processed_mel/077522.npy,14774,The Fucked Up Beat,13456,Roswell Radio Cult,29.976598639455784
77523,Experimental,1,../data/local/processed_mel/077523.npy,14774,The Fucked Up Beat,13456,Roswell Radio Cult,29.976598639455784
77564,Pop,6,../data/local/processed_mel/077564.npy,12618,Bryyn,13463,netBloc Vol. 41: Brought to you by the numerals 4 and 1,29.976598639455784
77571,Hip-Hop,3,../data/local/processed_mel/077571.npy,15529,Apex Realm,13463,netBloc Vol. 41: Brought to you by the numerals 4 and 1,30.002721088435376
77572,Pop,6,../data/local/processed_mel/077572.npy,14296,Evils That Never Came,13463,netBloc Vol. 41: Brought to you by the numerals 4 and 1,29.976598639455784
77952,Electronic,0,../data/local/processed_mel/077952.npy,14670,Decktonic,13494,Decktonic and Jake Allison Present Z-Saber and Night Drive Remixed,30.002721088435376
78038,Experimental,1,../data/local/processed_mel/078038.npy,15484,Twins of El Dorado,13414,Live on WFMU's Airborne Event with Dan Bodah - Jan 14. 2013,29.976598639455784
78156,Hip-Hop,3,../data/local/processed_mel/078156.npy,8694,Burning Bright,13511,Burning Bright EP,29.976598639455784
78213,Folk,2,../data/local/processed_mel/078213.npy,14026,Howie Mitchell,13525,Howie Mitchell - Singles,29.976598639455784
78516,Hip-Hop,3,../data/local/processed_mel/078516.npy,9224,The Custodian of Records,13562,The Remixes Vol. 2,29.976598639455784
78833,Hip-Hop,3,../data/local/processed_mel/078833.npy,15601,Stray,13583,O Diabo,29.976598639455784
78834,Hip-Hop,3,../data/local/processed_mel/078834.npy,15601,Stray,13583,O Diabo,29.976598639455784
78839,Hip-Hop,3,../data/local/processed_mel/078839.npy,15601,Stray,13583,O Diabo,29.976598639455784
78841,Hip-Hop,3,../data/local/processed_mel/078841.npy,15601,Stray,13583,O Diabo,30.002721088435376
78843,Hip-Hop,3,../data/local/processed_mel/078843.npy,15601,Stray,13584,Coraçãozinho de Satã,29.976598639455784
78845,Hip-Hop,3,../data/local/processed_mel/078845.npy,15601,Stray,13584,Coraçãozinho de Satã,30.002721088435376
78847,Hip-Hop,3,../data/local/processed_mel/078847.npy,15601,Stray,13584,Coraçãozinho de Satã,29.976598639455784
78848,Hip-Hop,3,../data/local/processed_mel/078848.npy,15601,Stray,13584,Coraçãozinho de Satã,30.002721088435376
78849,Hip-Hop,3,../data/local/processed_mel/078849.npy,15601,Stray,13584,Coraçãozinho de Satã,29.976598639455784
78850,Hip-Hop,3,../data/local/processed_mel/078850.npy,15601,Stray,13584,Coraçãozinho de Satã,29.976598639455784
78851,Hip-Hop,3,../data/local/processed_mel/078851.npy,15601,Stray,13584,Coraçãozinho de Satã,29.976598639455784
78852,Hip-Hop,3,../data/local/processed_mel/078852.npy,15601,Stray,13584,Coraçãozinho de Satã,30.002721088435376
78984,Hip-Hop,3,../data/local/processed_mel/078984.npy,9224,The Custodian of Records,13604,Burton Music,30.002721088435376
78998,Hip-Hop,3,../data/local/processed_mel/078998.npy,9224,The Custodian of Records,13604,Burton Music,29.976598639455784
79087,Experimental,1,../data/local/processed_mel/079087.npy,15606,Bob Meanza,13607,Three Diamond Ohms,30.002721088435376
79575,Rock,7,../data/local/processed_mel/079575.npy,15694,Games,13662,"Live on WFMU's The Evan ""Funk"" Davies Show 01-30-13",30.002721088435376
79593,Folk,2,../data/local/processed_mel/079593.npy,15697,Srch Party,13665,"Live on WFMU's The Long Rally with Scott McDowell - Feb 1, 2013",29.976598639455784
79605,Electronic,0,../data/local/processed_mel/079605.npy,14661,trollhead,13667,Trolls in Dub,30.002721088435376
79606,Electronic,0,../data/local/processed_mel/079606.npy,14661,trollhead,13667,Trolls in Dub,29.976598639455784
79610,Hip-Hop,3,../data/local/processed_mel/079610.npy,15701,Ill Papa Giraffe,13668,Ill Papa Giraffe,29.976598639455784
79616,Hip-Hop,3,../data/local/processed_mel/079616.npy,15701,Ill Papa Giraffe,13668,Ill Papa Giraffe,29.976598639455784
79741,Pop,6,../data/local/processed_mel/079741.npy,15717,YELLOW CHAIR,13689,Bethesda / Cents (2013),29.988979591836735
79973,Experimental,1,../data/local/processed_mel/079973.npy,15761,Alexei Biryukoff,14621,Phonography Compendium 2,29.976598639455784
79975,Experimental,1,../data/local/processed_mel/079975.npy,15760,Emanuele Costantini,14621,Phonography Compendium 2,29.988979591836735
79977,Experimental,1,../data/local/processed_mel/079977.npy,15760,Emanuele Costantini,14621,Phonography Compendium 2,29.988979591836735
79978,Experimental,1,../data/local/processed_mel/079978.npy,15760,Emanuele Costantini,14621,Phonography Compendium 2,29.988979591836735
79985,Folk,2,../data/local/processed_mel/079985.npy,15024,Hudson,13716,Eastward,29.976598639455784
79986,Folk,2,../data/local/processed_mel/079986.npy,15024,Hudson,13716,Eastward,29.976598639455784
79988,Folk,2,../data/local/processed_mel/079988.npy,15024,Hudson,13716,Eastward,30.002721088435376
79990,Folk,2,../data/local/processed_mel/079990.npy,15024,Hudson,13716,Eastward,30.002721088435376
79995,Folk,2,../data/local/processed_mel/079995.npy,15024,Hudson,13716,Eastward,29.976598639455784
80035,Rock,7,../data/local/processed_mel/080035.npy,15770,Damage it,13723,Youth & Punx,30.002721088435376
80293,Hip-Hop,3,../data/local/processed_mel/080293.npy,1,AWOL,13756,Jackin4Beats,30.002721088435376
80341,International,5,../data/local/processed_mel/080341.npy,12839,Brazda,13761,Live at the 2013 Golden Festival,29.976598639455784
80351,International,5,../data/local/processed_mel/080351.npy,2968,Nikolay Kolev,13762,Live at the 2013 Golden Festival,29.976598639455784
80389,Instrumental,4,../data/local/processed_mel/080389.npy,13452,A. P. Vague,13766,Empty Rooms,29.976598639455784
80402,Instrumental,4,../data/local/processed_mel/080402.npy,13452,A. P. Vague,13767,Empty Rooms vol. 2,29.976598639455784
80515,Instrumental,4,../data/local/processed_mel/080515.npy,13262,Jahzzar,13793,Crime Scene,30.002721088435376
80516,Instrumental,4,../data/local/processed_mel/080516.npy,13262,Jahzzar,13793,Crime Scene,29.988979591836735
80517,Instrumental,4,../data/local/processed_mel/080517.npy,13262,Jahzzar,13793,Crime Scene,29.988979591836735
80518,Instrumental,4,../data/local/processed_mel/080518.npy,13262,Jahzzar,13793,Crime Scene,30.002721088435376
80519,Instrumental,4,../data/local/processed_mel/080519.npy,13262,Jahzzar,13793,Crime Scene,29.988979591836735
80520,Instrumental,4,../data/local/processed_mel/080520.npy,13262,Jahzzar,13793,Crime Scene,29.988979591836735
80693,International,5,../data/local/processed_mel/080693.npy,6345,Yale Women's Slavic Chorus,13817,Live at the 2013 Golden Festival,30.002721088435376
80694,International,5,../data/local/processed_mel/080694.npy,6345,Yale Women's Slavic Chorus,13817,Live at the 2013 Golden Festival,30.002721088435376
80695,International,5,../data/local/processed_mel/080695.npy,6345,Yale Women's Slavic Chorus,13817,Live at the 2013 Golden Festival,30.002721088435376
80696,International,5,../data/local/processed_mel/080696.npy,6345,Yale Women's Slavic Chorus,13817,Live at the 2013 Golden Festival,29.976598639455784
80697,International,5,../data/local/processed_mel/080697.npy,6345,Yale Women's Slavic Chorus,13817,Live at the 2013 Golden Festival,29.976598639455784
80751,International,5,../data/local/processed_mel/080751.npy,11103,Gogofski,13824,Live at the 2013 Golden Festival,29.976598639455784
80753,International,5,../data/local/processed_mel/080753.npy,11103,Gogofski,13824,Live at the 2013 Golden Festival,29.976598639455784
80754,International,5,../data/local/processed_mel/080754.npy,11103,Gogofski,13824,Live at the 2013 Golden Festival,29.976598639455784
80755,International,5,../data/local/processed_mel/080755.npy,11103,Gogofski,13824,Live at the 2013 Golden Festival,30.002721088435376
80756,International,5,../data/local/processed_mel/080756.npy,11103,Gogofski,13824,Live at the 2013 Golden Festival,29.976598639455784
80758,International,5,../data/local/processed_mel/080758.npy,10188,Rozsa has become... Madárka,13825,Live at the 2013 Golden Festival,30.002721088435376
80765,International,5,../data/local/processed_mel/080765.npy,10188,Rozsa has become... Madárka,13825,Live at the 2013 Golden Festival,29.976598639455784
80766,International,5,../data/local/processed_mel/080766.npy,10188,Rozsa has become... Madárka,13825,Live at the 2013 Golden Festival,29.976598639455784
80772,International,5,../data/local/processed_mel/080772.npy,15839,Zlatni Makedoncinja,13827,Live at the 2013 Golden Festival,29.976598639455784
80773,International,5,../data/local/processed_mel/080773.npy,15839,Zlatni Makedoncinja,13827,Live at the 2013 Golden Festival,30.002721088435376
80774,International,5,../data/local/processed_mel/080774.npy,15839,Zlatni Makedoncinja,13827,Live at the 2013 Golden Festival,29.976598639455784
80775,International,5,../data/local/processed_mel/080775.npy,15839,Zlatni Makedoncinja,13827,Live at the 2013 Golden Festival,29.976598639455784
80776,International,5,../data/local/processed_mel/080776.npy,15839,Zlatni Makedoncinja,13827,Live at the 2013 Golden Festival,29.976598639455784
80793,Electronic,0,../data/local/processed_mel/080793.npy,15841,Ostin,13829,Delirium,29.976598639455784
80833,Electronic,0,../data/local/processed_mel/080833.npy,12217,Origami Repetika,13837,Little Bumble,29.976598639455784
80834,Electronic,0,../data/local/processed_mel/080834.npy,12217,Origami Repetika,13837,Little Bumble,30.002721088435376
80835,Electronic,0,../data/local/processed_mel/080835.npy,12217,Origami Repetika,13837,Little Bumble,30.002721088435376
80836,Electronic,0,../data/local/processed_mel/080836.npy,12217,Origami Repetika,13837,Little Bumble,30.002721088435376
81033,Folk,2,../data/local/processed_mel/081033.npy,15255,Lazer Boy,13855,The Broken Needle EP,29.976598639455784
81037,Folk,2,../data/local/processed_mel/081037.npy,15255,Lazer Boy,13855,The Broken Needle EP,29.976598639455784
81082,Folk,2,../data/local/processed_mel/081082.npy,15865,Jacco Gardner,13865,"Live on WFMU's The Evan ""Funk"" Davies Show - March 27, 2013",29.976598639455784
81083,Folk,2,../data/local/processed_mel/081083.npy,15865,Jacco Gardner,13865,"Live on WFMU's The Evan ""Funk"" Davies Show - March 27, 2013",29.976598639455784
81084,Folk,2,../data/local/processed_mel/081084.npy,15865,Jacco Gardner,13865,"Live on WFMU's The Evan ""Funk"" Davies Show - March 27, 2013",29.976598639455784
81085,Folk,2,../data/local/processed_mel/081085.npy,15865,Jacco Gardner,13865,"Live on WFMU's The Evan ""Funk"" Davies Show - March 27, 2013",29.976598639455784
81189,Experimental,1,../data/local/processed_mel/081189.npy,15412,"Ak'chamel, The Giver of Illness",13874,Old Norse Mara,30.002721088435376
81193,Electronic,0,../data/local/processed_mel/081193.npy,15885,Tactus,13875,Change EP,30.002721088435376
81194,Electronic,0,../data/local/processed_mel/081194.npy,15885,Tactus,13875,Change EP,29.976598639455784
81195,Electronic,0,../data/local/processed_mel/081195.npy,15885,Tactus,13875,Change EP,30.002721088435376
81362,Experimental,1,../data/local/processed_mel/081362.npy,12529,Maya Solovéy,13904,Midwinter,29.976598639455784
81365,Experimental,1,../data/local/processed_mel/081365.npy,12529,Maya Solovéy,13904,Midwinter,29.976598639455784
81436,Instrumental,4,../data/local/processed_mel/081436.npy,7168,Podington Bear,13910,Duets,29.976598639455784
81457,Instrumental,4,../data/local/processed_mel/081457.npy,7168,Podington Bear,13911,Solo Instruments,30.002721088435376
81485,Instrumental,4,../data/local/processed_mel/081485.npy,7168,Podington Bear,13914,Backbeat,29.976598639455784
81491,Instrumental,4,../data/local/processed_mel/081491.npy,7168,Podington Bear,13915,Background,29.976598639455784
81512,Instrumental,4,../data/local/processed_mel/081512.npy,7168,Podington Bear,13915,Background,30.002721088435376
81523,Instrumental,4,../data/local/processed_mel/081523.npy,7168,Podington Bear,13915,Background,29.976598639455784
81543,Instrumental,4,../data/local/processed_mel/081543.npy,7168,Podington Bear,13918,Driving,29.976598639455784
81554,Instrumental,4,../data/local/processed_mel/081554.npy,7168,Podington Bear,13918,Driving,30.002721088435376
81555,Instrumental,4,../data/local/processed_mel/081555.npy,7168,Podington Bear,13918,Driving,29.976598639455784
81565,Instrumental,4,../data/local/processed_mel/081565.npy,7168,Podington Bear,13919,Equatorial,29.976598639455784
81576,Instrumental,4,../data/local/processed_mel/081576.npy,7168,Podington Bear,13919,Equatorial,29.976598639455784
81586,Instrumental,4,../data/local/processed_mel/081586.npy,7168,Podington Bear,13921,Grit,29.976598639455784
81600,Instrumental,4,../data/local/processed_mel/081600.npy,7168,Podington Bear,13923,Inspiring,29.976598639455784
81612,Instrumental,4,../data/local/processed_mel/081612.npy,7168,Podington Bear,13928,Joyful,29.976598639455784
81613,Instrumental,4,../data/local/processed_mel/081613.npy,7168,Podington Bear,13928,Joyful,29.976598639455784
81623,Instrumental,4,../data/local/processed_mel/081623.npy,7168,Podington Bear,13928,Joyful,30.002721088435376
81638,Instrumental,4,../data/local/processed_mel/081638.npy,7168,Podington Bear,13930,Panoramic / Ambient,30.002721088435376
81650,Instrumental,4,../data/local/processed_mel/081650.npy,7168,Podington Bear,13930,Panoramic / Ambient,29.976598639455784
81660,Instrumental,4,../data/local/processed_mel/081660.npy,7168,Podington Bear,13930,Panoramic / Ambient,30.002721088435376
81781,Instrumental,4,../data/local/processed_mel/081781.npy,7168,Podington Bear,13939,Tender,30.002721088435376
81782,Instrumental,4,../data/local/processed_mel/081782.npy,7168,Podington Bear,13939,Tender,30.002721088435376
81792,Instrumental,4,../data/local/processed_mel/081792.npy,7168,Podington Bear,13939,Tender,29.976598639455784
81802,Instrumental,4,../data/local/processed_mel/081802.npy,7168,Podington Bear,13940,Thoughtful,30.002721088435376
81803,Instrumental,4,../data/local/processed_mel/081803.npy,7168,Podington Bear,13940,Thoughtful,29.976598639455784
81814,Instrumental,4,../data/local/processed_mel/081814.npy,7168,Podington Bear,13942,Woodwinds,29.976598639455784
81868,Electronic,0,../data/local/processed_mel/081868.npy,15918,Expert In Mental,13947,[50+1] An Electronic Swindle,29.976598639455784
81938,Folk,2,../data/local/processed_mel/081938.npy,15936,Jenny O.,13954,"Live on WFMU with Irwin - April 3, 2013",29.976598639455784
81945,Folk,2,../data/local/processed_mel/081945.npy,15936,Jenny O.,13954,"Live on WFMU with Irwin - April 3, 2013",30.002721088435376
81946,Folk,2,../data/local/processed_mel/081946.npy,15936,Jenny O.,13954,"Live on WFMU with Irwin - April 3, 2013",30.002721088435376
81988,Instrumental,4,../data/local/processed_mel/081988.npy,7168,Podington Bear,13960,Curious,29.976598639455784
81999,Instrumental,4,../data/local/processed_mel/081999.npy,7168,Podington Bear,13960,Curious,29.976598639455784
82157,Instrumental,4,../data/local/processed_mel/082157.npy,2631,BOPD,13968,Mann ist Mann,30.002721088435376
82231,Experimental,1,../data/local/processed_mel/082231.npy,9680,Richard Jonas,13976,Masker III,29.976598639455784
82237,Experimental,1,../data/local/processed_mel/082237.npy,9680,Richard Jonas,13976,Masker III,30.002721088435376
82242,Experimental,1,../data/local/processed_mel/082242.npy,9680,Richard Jonas,13977,Stekkerspel,30.002721088435376
82250,Experimental,1,../data/local/processed_mel/082250.npy,9680,Richard Jonas,13977,Stekkerspel,29.976598639455784
82410,Experimental,1,../data/local/processed_mel/082410.npy,11383,Elvis Herod,13992,Elvis Herod's Pork Belly Rumble,30.002721088435376
82505,Folk,2,../data/local/processed_mel/082505.npy,4450,Entertainment for the Braindead,14001,"netBloc Vol. 42: Life, The Universe & Everything",29.976598639455784
82507,Folk,2,../data/local/processed_mel/082507.npy,16027,Pete Lund,14001,"netBloc Vol. 42: Life, The Universe & Everything",30.002721088435376
82628,International,5,../data/local/processed_mel/082628.npy,16045,Herbata,14019,World Today,30.002721088435376
82629,International,5,../data/local/processed_mel/082629.npy,16045,Herbata,14019,World Today,30.002721088435376
82630,International,5,../data/local/processed_mel/082630.npy,16045,Herbata,14019,World Today,30.002721088435376
82631,International,5,../data/local/processed_mel/082631.npy,16045,Herbata,14019,World Today,29.976598639455784
82881,Experimental,1,../data/local/processed_mel/082881.npy,16066,Fields Ohio,14057,Fields of Ohio,30.002721088435376
82886,Experimental,1,../data/local/processed_mel/082886.npy,16066,Fields Ohio,14057,Fields of Ohio,29.976598639455784
82890,Experimental,1,../data/local/processed_mel/082890.npy,16066,Fields Ohio,14057,Fields of Ohio,30.002721088435376
82892,Folk,2,../data/local/processed_mel/082892.npy,16067,Mice Parade,14058,"Live on WFMU's 100% Whatever with Mary Wing - March 21, 2013",30.002721088435376
82893,Folk,2,../data/local/processed_mel/082893.npy,16067,Mice Parade,14058,"Live on WFMU's 100% Whatever with Mary Wing - March 21, 2013",30.002721088435376
82914,Instrumental,4,../data/local/processed_mel/082914.npy,13830,krackatoa,14061,Dining On Backs of the Brave,29.976598639455784
82915,Instrumental,4,../data/local/processed_mel/082915.npy,13830,krackatoa,14061,Dining On Backs of the Brave,29.976598639455784
82916,Instrumental,4,../data/local/processed_mel/082916.npy,13830,krackatoa,14061,Dining On Backs of the Brave,29.976598639455784
82917,Instrumental,4,../data/local/processed_mel/082917.npy,13830,krackatoa,14061,Dining On Backs of the Brave,29.976598639455784
82918,Instrumental,4,../data/local/processed_mel/082918.npy,13830,krackatoa,14061,Dining On Backs of the Brave,30.002721088435376
82919,Instrumental,4,../data/local/processed_mel/082919.npy,13830,krackatoa,14061,Dining On Backs of the Brave,30.002721088435376
82920,Instrumental,4,../data/local/processed_mel/082920.npy,13830,krackatoa,14061,Dining On Backs of the Brave,30.002721088435376
82921,Instrumental,4,../data/local/processed_mel/082921.npy,13830,krackatoa,14061,Dining On Backs of the Brave,29.976598639455784
82928,Instrumental,4,../data/local/processed_mel/082928.npy,13830,krackatoa,14061,Dining On Backs of the Brave,30.002721088435376
82929,Instrumental,4,../data/local/processed_mel/082929.npy,13830,krackatoa,14061,Dining On Backs of the Brave,29.976598639455784
82930,Instrumental,4,../data/local/processed_mel/082930.npy,13830,krackatoa,14061,Dining On Backs of the Brave,29.976598639455784
82931,Instrumental,4,../data/local/processed_mel/082931.npy,13830,krackatoa,14061,Dining On Backs of the Brave,30.002721088435376
82932,Instrumental,4,../data/local/processed_mel/082932.npy,13830,krackatoa,14061,Dining On Backs of the Brave,30.002721088435376
83600,Instrumental,4,../data/local/processed_mel/083600.npy,2631,BOPD,14126,Old Paper Houses Soundtrack,30.002721088435376
83612,Instrumental,4,../data/local/processed_mel/083612.npy,2631,BOPD,14126,Old Paper Houses Soundtrack,30.002721088435376
83613,Instrumental,4,../data/local/processed_mel/083613.npy,2631,BOPD,14126,Old Paper Houses Soundtrack,30.002721088435376
83715,Hip-Hop,3,../data/local/processed_mel/083715.npy,7473,Cullah,14145,All The Cullahs Of The Rainbow,29.976598639455784
83717,Hip-Hop,3,../data/local/processed_mel/083717.npy,7473,Cullah,14145,All The Cullahs Of The Rainbow,29.976598639455784
83718,Hip-Hop,3,../data/local/processed_mel/083718.npy,7473,Cullah,14145,All The Cullahs Of The Rainbow,29.976598639455784
83719,Hip-Hop,3,../data/local/processed_mel/083719.npy,7473,Cullah,14145,All The Cullahs Of The Rainbow,29.976598639455784
83789,Rock,7,../data/local/processed_mel/083789.npy,16205,Brutal Whiskers,14152,Fallen world,29.988979591836735
83790,Rock,7,../data/local/processed_mel/083790.npy,16205,Brutal Whiskers,14152,Fallen world,29.988979591836735
83791,Rock,7,../data/local/processed_mel/083791.npy,16205,Brutal Whiskers,14152,Fallen world,29.988979591836735
83903,Experimental,1,../data/local/processed_mel/083903.npy,16173,Rodd Rogers,14168,The Wonderful and the Obscure Volume 1: Rodd Keith,30.002721088435376
83911,Experimental,1,../data/local/processed_mel/083911.npy,16174,Rodd Keith and the Raindrops,14168,The Wonderful and the Obscure Volume 1: Rodd Keith,30.002721088435376
83913,Experimental,1,../data/local/processed_mel/083913.npy,16169,Rodd Keith,14168,The Wonderful and the Obscure Volume 1: Rodd Keith,30.002721088435376
83954,Experimental,1,../data/local/processed_mel/083954.npy,16228,Princess Army Wedding Combat,14171,SUXBYSUXWEST 3 COMPILATION,30.002721088435376
83960,Experimental,1,../data/local/processed_mel/083960.npy,16234,Tigre Merde,14171,SUXBYSUXWEST 3 COMPILATION,30.002721088435376
83969,Rock,7,../data/local/processed_mel/083969.npy,139,Foot Village,14173,Live on WFMU's The Marty McSorley Show - May 2013,30.002721088435376
84009,Folk,2,../data/local/processed_mel/084009.npy,16240,Ed Trickett,14180,Old Songs,29.976598639455784
84055,Experimental,1,../data/local/processed_mel/084055.npy,16246,Max Ebert,14189,Megapolis Festival Remix Workshop 2013,29.976598639455784
84056,Experimental,1,../data/local/processed_mel/084056.npy,16247,Stephanie Foo,14189,Megapolis Festival Remix Workshop 2013,30.002721088435376
84058,Experimental,1,../data/local/processed_mel/084058.npy,16249,Avery Trufelman,14189,Megapolis Festival Remix Workshop 2013,30.002721088435376
84095,Electronic,0,../data/local/processed_mel/084095.npy,15985,Le Perche Oreille,14192,Contes Et Histoires Grésillantes,29.976598639455784
84096,Electronic,0,../data/local/processed_mel/084096.npy,15985,Le Perche Oreille,14192,Contes Et Histoires Grésillantes,29.976598639455784
84097,Electronic,0,../data/local/processed_mel/084097.npy,15985,Le Perche Oreille,14192,Contes Et Histoires Grésillantes,29.976598639455784
84111,Hip-Hop,3,../data/local/processed_mel/084111.npy,3593,Tha Silent Partner,14195,Prequel Grooves,30.002721088435376
84135,Experimental,1,../data/local/processed_mel/084135.npy,16270,Electric Mirrors,14199,Drive,29.976598639455784
84136,Experimental,1,../data/local/processed_mel/084136.npy,16270,Electric Mirrors,14199,Drive,30.002721088435376
84139,Experimental,1,../data/local/processed_mel/084139.npy,16270,Electric Mirrors,14199,Drive,29.976598639455784
84141,Experimental,1,../data/local/processed_mel/084141.npy,16270,Electric Mirrors,14199,Drive,30.002721088435376
84142,Experimental,1,../data/local/processed_mel/084142.npy,16270,Electric Mirrors,14199,Drive,29.976598639455784
84144,Experimental,1,../data/local/processed_mel/084144.npy,16270,Electric Mirrors,14199,Drive,30.002721088435376
84154,Folk,2,../data/local/processed_mel/084154.npy,16276,Laura Stevenson and the Cans,14208,A Record,30.002721088435376
84155,Folk,2,../data/local/processed_mel/084155.npy,16276,Laura Stevenson and the Cans,14208,A Record,29.976598639455784
84156,Folk,2,../data/local/processed_mel/084156.npy,16276,Laura Stevenson and the Cans,14208,A Record,30.002721088435376
84157,Folk,2,../data/local/processed_mel/084157.npy,16276,Laura Stevenson and the Cans,14208,A Record,29.976598639455784
84158,Folk,2,../data/local/processed_mel/084158.npy,16276,Laura Stevenson and the Cans,14208,A Record,30.002721088435376
84159,Folk,2,../data/local/processed_mel/084159.npy,16276,Laura Stevenson and the Cans,14208,A Record,29.976598639455784
84195,Electronic,0,../data/local/processed_mel/084195.npy,2008,Lee Rosevere,14215,Time-Lapse Volume 2: meditations,30.002721088435376
84198,Electronic,0,../data/local/processed_mel/084198.npy,2008,Lee Rosevere,14215,Time-Lapse Volume 2: meditations,29.976598639455784
84200,Electronic,0,../data/local/processed_mel/084200.npy,2008,Lee Rosevere,14215,Time-Lapse Volume 2: meditations,29.976598639455784
84201,Electronic,0,../data/local/processed_mel/084201.npy,2008,Lee Rosevere,14215,Time-Lapse Volume 2: meditations,30.002721088435376
84202,Electronic,0,../data/local/processed_mel/084202.npy,2008,Lee Rosevere,14215,Time-Lapse Volume 2: meditations,29.976598639455784
84264,Electronic,0,../data/local/processed_mel/084264.npy,14023,.crk,14230,Dematerializing Sound Theory,30.002721088435376
84290,Rock,7,../data/local/processed_mel/084290.npy,1057,Mudhoney,14235,Live on WFMU May 2013,30.002721088435376
84291,Rock,7,../data/local/processed_mel/084291.npy,1057,Mudhoney,14235,Live on WFMU May 2013,29.976598639455784
84405,Experimental,1,../data/local/processed_mel/084405.npy,10567,OWL BRAIN ATLAS,14260,Snow Eater,29.976598639455784
84417,Experimental,1,../data/local/processed_mel/084417.npy,10567,OWL BRAIN ATLAS,14260,Snow Eater,29.976598639455784
84423,Experimental,1,../data/local/processed_mel/084423.npy,10567,OWL BRAIN ATLAS,14260,Snow Eater,30.002721088435376
84483,Electronic,0,../data/local/processed_mel/084483.npy,15307,BLEO,14269,DUET,29.976598639455784
84484,Electronic,0,../data/local/processed_mel/084484.npy,15307,BLEO,14269,DUET,30.002721088435376
84485,Electronic,0,../data/local/processed_mel/084485.npy,15307,BLEO,14269,DUET,30.002721088435376
84486,Electronic,0,../data/local/processed_mel/084486.npy,15307,BLEO,14269,DUET,29.976598639455784
84605,Pop,6,../data/local/processed_mel/084605.npy,15404,EARTH-ENEMY,14292,De-Memorization Techniques,29.976598639455784
84743,Rock,7,../data/local/processed_mel/084743.npy,16366,Whore Paint,14296,AS220's Spring Sampler 2013,30.002721088435376
84757,Rock,7,../data/local/processed_mel/084757.npy,11235,No Joy,14309,"Live on WFMU with Scott Williams - May 20, 2013",30.002721088435376
84768,Instrumental,4,../data/local/processed_mel/084768.npy,329,What Cheer? Brigade,14296,AS220's Spring Sampler 2013,30.002721088435376
84788,Rock,7,../data/local/processed_mel/084788.npy,5265,TV Ghost,14314,"Live on WFMU's The Evan ""Funk"" Davies Show - May 8, 2013",30.002721088435376
84817,Pop,6,../data/local/processed_mel/084817.npy,15216,Robin Mitchell,14326,netBloc Vol. 43: ANTIPETROMUSICABIOTIC,29.976598639455784
85027,Rock,7,../data/local/processed_mel/085027.npy,16402,Maan,14349,Manifold,29.976598639455784
85038,Electronic,0,../data/local/processed_mel/085038.npy,5450,Sick To The Back Teeth,14351,Grit,29.976598639455784
85039,Electronic,0,../data/local/processed_mel/085039.npy,5450,Sick To The Back Teeth,14351,Grit,29.976598639455784
85040,Electronic,0,../data/local/processed_mel/085040.npy,5450,Sick To The Back Teeth,14351,Grit,30.002721088435376
85041,Electronic,0,../data/local/processed_mel/085041.npy,5450,Sick To The Back Teeth,14351,Grit,29.976598639455784
85290,Electronic,0,../data/local/processed_mel/085290.npy,13743,Koalips,14383,Rain On Mars,29.976598639455784
85291,Electronic,0,../data/local/processed_mel/085291.npy,13743,Koalips,14383,Rain On Mars,29.976598639455784
85317,Electronic,0,../data/local/processed_mel/085317.npy,5789,Titus 12,14390,Human Face,30.002721088435376
85318,Electronic,0,../data/local/processed_mel/085318.npy,5789,Titus 12,14390,Human Face,29.988979591836735
85343,Electronic,0,../data/local/processed_mel/085343.npy,16465,L'homme Manete,14394,Gaming Sessions,30.002721088435376
85346,Electronic,0,../data/local/processed_mel/085346.npy,16465,L'homme Manete,14394,Gaming Sessions,29.976598639455784
85347,Electronic,0,../data/local/processed_mel/085347.npy,16465,L'homme Manete,14394,Gaming Sessions,29.976598639455784
85400,Experimental,1,../data/local/processed_mel/085400.npy,83,Black Pus,14403,"Live on WFMU's Dangerous for the Brain with Thomas Storck - June 9, 2013",30.002721088435376
85419,Pop,6,../data/local/processed_mel/085419.npy,16470,Orange Peels,14405,"Live on WFMU's Three Chord Monte with Joe Belock - June 4, 2013",29.976598639455784
85420,Pop,6,../data/local/processed_mel/085420.npy,16470,Orange Peels,14405,"Live on WFMU's Three Chord Monte with Joe Belock - June 4, 2013",29.976598639455784
85421,Pop,6,../data/local/processed_mel/085421.npy,16470,Orange Peels,14405,"Live on WFMU's Three Chord Monte with Joe Belock - June 4, 2013",30.002721088435376
85422,Pop,6,../data/local/processed_mel/085422.npy,16470,Orange Peels,14405,"Live on WFMU's Three Chord Monte with Joe Belock - June 4, 2013",29.976598639455784
85423,Pop,6,../data/local/processed_mel/085423.npy,16470,Orange Peels,14405,"Live on WFMU's Three Chord Monte with Joe Belock - June 4, 2013",29.976598639455784
85424,Pop,6,../data/local/processed_mel/085424.npy,16470,Orange Peels,14405,"Live on WFMU's Three Chord Monte with Joe Belock - June 4, 2013",30.002721088435376
85425,Pop,6,../data/local/processed_mel/085425.npy,16470,Orange Peels,14405,"Live on WFMU's Three Chord Monte with Joe Belock - June 4, 2013",29.976598639455784
85426,Pop,6,../data/local/processed_mel/085426.npy,16470,Orange Peels,14405,"Live on WFMU's Three Chord Monte with Joe Belock - June 4, 2013",29.976598639455784
85427,Pop,6,../data/local/processed_mel/085427.npy,16470,Orange Peels,14405,"Live on WFMU's Three Chord Monte with Joe Belock - June 4, 2013",30.002721088435376
85428,Pop,6,../data/local/processed_mel/085428.npy,16470,Orange Peels,14405,"Live on WFMU's Three Chord Monte with Joe Belock - June 4, 2013",29.976598639455784
85482,Folk,2,../data/local/processed_mel/085482.npy,9765,Derek Clegg,14422,Overlook The Human Race,29.976598639455784
85484,Folk,2,../data/local/processed_mel/085484.npy,9765,Derek Clegg,14422,Overlook The Human Race,29.976598639455784
85485,Folk,2,../data/local/processed_mel/085485.npy,9765,Derek Clegg,14422,Overlook The Human Race,29.976598639455784
85486,Folk,2,../data/local/processed_mel/085486.npy,9765,Derek Clegg,14422,Overlook The Human Race,30.002721088435376
85487,Folk,2,../data/local/processed_mel/085487.npy,9765,Derek Clegg,14422,Overlook The Human Race,30.002721088435376
85488,Folk,2,../data/local/processed_mel/085488.npy,9765,Derek Clegg,14422,Overlook The Human Race,29.976598639455784
85489,Folk,2,../data/local/processed_mel/085489.npy,9765,Derek Clegg,14422,Overlook The Human Race,29.976598639455784
85490,Folk,2,../data/local/processed_mel/085490.npy,9765,Derek Clegg,14422,Overlook The Human Race,30.002721088435376
85491,Folk,2,../data/local/processed_mel/085491.npy,9765,Derek Clegg,14422,Overlook The Human Race,29.976598639455784
85492,Folk,2,../data/local/processed_mel/085492.npy,9765,Derek Clegg,14422,Overlook The Human Race,29.976598639455784
85494,Experimental,1,../data/local/processed_mel/085494.npy,9557,Anonymous,14424,Sharks!,29.976598639455784
85691,Folk,2,../data/local/processed_mel/085691.npy,5104,Alexander Turnquist,14447,"Live at WFMU with Irene Trudel - February 18, 2013",30.002721088435376
85692,Folk,2,../data/local/processed_mel/085692.npy,5104,Alexander Turnquist,14447,"Live at WFMU with Irene Trudel - February 18, 2013",30.002721088435376
85693,Folk,2,../data/local/processed_mel/085693.npy,544,Eric Carbonara,14448,"Live At WFMU on Irene Trudel's Show - February 18, 2013",29.976598639455784
85787,Rock,7,../data/local/processed_mel/085787.npy,13535,Rations,14462,"""Martyrs and Prisoners""",29.976598639455784
85788,Rock,7,../data/local/processed_mel/085788.npy,13535,Rations,14462,"""Martyrs and Prisoners""",29.976598639455784
85791,Rock,7,../data/local/processed_mel/085791.npy,13535,Rations,14462,"""Martyrs and Prisoners""",29.976598639455784
85792,Rock,7,../data/local/processed_mel/085792.npy,13535,Rations,14462,"""Martyrs and Prisoners""",30.002721088435376
85816,Rock,7,../data/local/processed_mel/085816.npy,16512,Radio 421,14465,Seven,30.002721088435376
85817,Rock,7,../data/local/processed_mel/085817.npy,16512,Radio 421,14465,Seven,30.002721088435376
85822,Electronic,0,../data/local/processed_mel/085822.npy,13826,Psychadelik Pedestrian,14466,Nocturnia,29.976598639455784
85823,Electronic,0,../data/local/processed_mel/085823.npy,13826,Psychadelik Pedestrian,14466,Nocturnia,30.002721088435376
85828,Electronic,0,../data/local/processed_mel/085828.npy,13826,Psychadelik Pedestrian,14466,Nocturnia,30.002721088435376
85831,Electronic,0,../data/local/processed_mel/085831.npy,11574,Frame,14467,Visions,30.002721088435376
85832,Electronic,0,../data/local/processed_mel/085832.npy,11574,Frame,14467,Visions,30.002721088435376
85833,Electronic,0,../data/local/processed_mel/085833.npy,11574,Frame,14467,Visions,29.976598639455784
85834,Electronic,0,../data/local/processed_mel/085834.npy,11574,Frame,14467,Visions,29.976598639455784
85835,Electronic,0,../data/local/processed_mel/085835.npy,11574,Frame,14467,Visions,29.976598639455784
85836,Electronic,0,../data/local/processed_mel/085836.npy,11574,Frame,14467,Visions,29.976598639455784
85837,Electronic,0,../data/local/processed_mel/085837.npy,11574,Frame,14467,Visions,29.976598639455784
85838,Electronic,0,../data/local/processed_mel/085838.npy,11574,Frame,14467,Visions,29.976598639455784
85839,Electronic,0,../data/local/processed_mel/085839.npy,11574,Frame,14467,Visions,29.976598639455784
85840,Electronic,0,../data/local/processed_mel/085840.npy,11574,Frame,14467,Visions,29.976598639455784
85950,Pop,6,../data/local/processed_mel/085950.npy,1123,Pete Galub,14489,"Live on WFMU's Three Chord Monte with Joe Belock - May 7, 2013",29.976598639455784
85951,Pop,6,../data/local/processed_mel/085951.npy,1123,Pete Galub,14489,"Live on WFMU's Three Chord Monte with Joe Belock - May 7, 2013",30.002721088435376
85952,Pop,6,../data/local/processed_mel/085952.npy,1123,Pete Galub,14489,"Live on WFMU's Three Chord Monte with Joe Belock - May 7, 2013",30.002721088435376
85953,Pop,6,../data/local/processed_mel/085953.npy,1123,Pete Galub,14489,"Live on WFMU's Three Chord Monte with Joe Belock - May 7, 2013",30.002721088435376
85954,Pop,6,../data/local/processed_mel/085954.npy,1123,Pete Galub,14489,"Live on WFMU's Three Chord Monte with Joe Belock - May 7, 2013",29.976598639455784
85955,Pop,6,../data/local/processed_mel/085955.npy,1123,Pete Galub,14489,"Live on WFMU's Three Chord Monte with Joe Belock - May 7, 2013",30.002721088435376
85956,Pop,6,../data/local/processed_mel/085956.npy,1123,Pete Galub,14489,"Live on WFMU's Three Chord Monte with Joe Belock - May 7, 2013",29.976598639455784
85957,Pop,6,../data/local/processed_mel/085957.npy,1123,Pete Galub,14489,"Live on WFMU's Three Chord Monte with Joe Belock - May 7, 2013",29.976598639455784
85963,Folk,2,../data/local/processed_mel/085963.npy,16526,Star Rover,14490,"Live on WFMU's Airborne Event with Dan Bodah - May 6th, 2013",30.002721088435376
85966,Folk,2,../data/local/processed_mel/085966.npy,16526,Star Rover,14490,"Live on WFMU's Airborne Event with Dan Bodah - May 6th, 2013",29.976598639455784
85967,Folk,2,../data/local/processed_mel/085967.npy,16526,Star Rover,14490,"Live on WFMU's Airborne Event with Dan Bodah - May 6th, 2013",29.976598639455784
86140,Experimental,1,../data/local/processed_mel/086140.npy,16508,Damian Taveira & Juan Angel Italiano,14519,FSS. Primera Ola Creativa (fsS_001),29.976598639455784
86259,Experimental,1,../data/local/processed_mel/086259.npy,15547,Mystified,14533,Drones To Make Dinner By,29.976598639455784
86417,Rock,7,../data/local/processed_mel/086417.npy,16597,One Master,14552,"LIVE on My Castle of Quiet, 4.26.2013",29.976598639455784
86419,Rock,7,../data/local/processed_mel/086419.npy,16597,One Master,14552,"LIVE on My Castle of Quiet, 4.26.2013",29.976598639455784
86441,Rock,7,../data/local/processed_mel/086441.npy,16606,Fever Dream,14556,demo,29.976598639455784
86443,Rock,7,../data/local/processed_mel/086443.npy,16606,Fever Dream,14556,demo,29.976598639455784
86481,Instrumental,4,../data/local/processed_mel/086481.npy,16611,Andrea Carri,14566,Frammenti,29.976598639455784
86482,Instrumental,4,../data/local/processed_mel/086482.npy,16611,Andrea Carri,14566,Frammenti,29.976598639455784
86483,Instrumental,4,../data/local/processed_mel/086483.npy,16611,Andrea Carri,14566,Frammenti,29.976598639455784
86484,Instrumental,4,../data/local/processed_mel/086484.npy,16611,Andrea Carri,14566,Frammenti,29.976598639455784
86485,Instrumental,4,../data/local/processed_mel/086485.npy,16611,Andrea Carri,14566,Frammenti,29.976598639455784
86486,Instrumental,4,../data/local/processed_mel/086486.npy,16611,Andrea Carri,14566,Frammenti,30.002721088435376
86487,Instrumental,4,../data/local/processed_mel/086487.npy,16611,Andrea Carri,14566,Frammenti,29.976598639455784
86562,Rock,7,../data/local/processed_mel/086562.npy,16616,Sugar Overdose,14579,7 Different Kinds of Overdrive,29.976598639455784
86576,Experimental,1,../data/local/processed_mel/086576.npy,242,Pocahaunted,14583,"Pocahaunted: Live at the OCCII - June 22, 2009",29.976598639455784
86623,Folk,2,../data/local/processed_mel/086623.npy,16625,Eric Eckhart plus Salonband,14588,C3S :: Ignition Mix,30.002721088435376
86720,Experimental,1,../data/local/processed_mel/086720.npy,11364,McCloud Zicmuse,14607,Escape From the Valley of Iaeniaen,29.976598639455784
86721,Experimental,1,../data/local/processed_mel/086721.npy,11364,McCloud Zicmuse,14607,Escape From the Valley of Iaeniaen,30.002721088435376
86724,Experimental,1,../data/local/processed_mel/086724.npy,11364,McCloud Zicmuse,14607,Escape From the Valley of Iaeniaen,30.002721088435376
86725,Experimental,1,../data/local/processed_mel/086725.npy,11364,McCloud Zicmuse,14607,Escape From the Valley of Iaeniaen,29.976598639455784
86730,Experimental,1,../data/local/processed_mel/086730.npy,11364,McCloud Zicmuse,14607,Escape From the Valley of Iaeniaen,29.976598639455784
86761,Rock,7,../data/local/processed_mel/086761.npy,15106,Marco Trovatello,14588,C3S :: Ignition Mix,30.002721088435376
86762,Rock,7,../data/local/processed_mel/086762.npy,15106,Marco Trovatello,14588,C3S :: Ignition Mix,29.976598639455784
86763,Rock,7,../data/local/processed_mel/086763.npy,15106,Marco Trovatello,14588,C3S :: Ignition Mix,29.976598639455784
86793,Electronic,0,../data/local/processed_mel/086793.npy,16640,Dr Freebs,14588,C3S :: Ignition Mix,29.976598639455784
86795,Rock,7,../data/local/processed_mel/086795.npy,16624,Singvøgel,14588,C3S :: Ignition Mix,29.976598639455784
86799,Rock,7,../data/local/processed_mel/086799.npy,16622,Von Korf,14588,C3S :: Ignition Mix,29.976598639455784
87068,Electronic,0,../data/local/processed_mel/087068.npy,16672,Vigilante,14644,Realm of the New Day - The Remixes,29.976598639455784
87070,Electronic,0,../data/local/processed_mel/087070.npy,16673,(F.E.V.E.R.),14644,Realm of the New Day - The Remixes,29.976598639455784
87096,Instrumental,4,../data/local/processed_mel/087096.npy,16682,XPURM,14647,PRUMX,30.002721088435376
87097,Instrumental,4,../data/local/processed_mel/087097.npy,16682,XPURM,14647,PRUMX,29.976598639455784
87098,Instrumental,4,../data/local/processed_mel/087098.npy,16682,XPURM,14647,PRUMX,29.976598639455784
87099,Instrumental,4,../data/local/processed_mel/087099.npy,16682,XPURM,14647,PRUMX,29.976598639455784
87100,Instrumental,4,../data/local/processed_mel/087100.npy,16682,XPURM,14647,PRUMX,30.002721088435376
87101,Instrumental,4,../data/local/processed_mel/087101.npy,16682,XPURM,14647,PRUMX,30.002721088435376
87102,Instrumental,4,../data/local/processed_mel/087102.npy,16682,XPURM,14647,PRUMX,29.976598639455784
87103,Instrumental,4,../data/local/processed_mel/087103.npy,16682,XPURM,14647,PRUMX,29.976598639455784
87104,Instrumental,4,../data/local/processed_mel/087104.npy,16682,XPURM,14647,PRUMX,30.002721088435376
87105,Instrumental,4,../data/local/processed_mel/087105.npy,16682,XPURM,14647,PRUMX,29.976598639455784
87106,Instrumental,4,../data/local/processed_mel/087106.npy,16682,XPURM,14647,PRUMX,30.002721088435376
87107,Instrumental,4,../data/local/processed_mel/087107.npy,16682,XPURM,14647,PRUMX,29.976598639455784
87108,Instrumental,4,../data/local/processed_mel/087108.npy,16682,XPURM,14647,PRUMX,29.976598639455784
87121,Rock,7,../data/local/processed_mel/087121.npy,16684,The Planes,14651,Drinks on Amps,30.002721088435376
87151,Rock,7,../data/local/processed_mel/087151.npy,16689,Still Pluto,14657,Welcome to the World,29.976598639455784
87152,Rock,7,../data/local/processed_mel/087152.npy,16689,Still Pluto,14657,Welcome to the World,29.976598639455784
87153,Rock,7,../data/local/processed_mel/087153.npy,16689,Still Pluto,14657,Welcome to the World,29.976598639455784
87154,Rock,7,../data/local/processed_mel/087154.npy,16689,Still Pluto,14657,Welcome to the World,30.002721088435376
87155,Rock,7,../data/local/processed_mel/087155.npy,16689,Still Pluto,14657,Welcome to the World,29.976598639455784
87157,Electronic,0,../data/local/processed_mel/087157.npy,15536,Dr. Wylie,14659,The Trillmont Playbook,29.976598639455784
87158,Electronic,0,../data/local/processed_mel/087158.npy,15536,Dr. Wylie,14659,The Trillmont Playbook,30.002721088435376
87159,Electronic,0,../data/local/processed_mel/087159.npy,15536,Dr. Wylie,14659,The Trillmont Playbook,30.002721088435376
87160,Electronic,0,../data/local/processed_mel/087160.npy,15536,Dr. Wylie,14659,The Trillmont Playbook,30.002721088435376
87161,Electronic,0,../data/local/processed_mel/087161.npy,15536,Dr. Wylie,14659,The Trillmont Playbook,30.002721088435376
87185,Pop,6,../data/local/processed_mel/087185.npy,16692,Eric & Magill,14663,All Those I Know,30.002721088435376
87186,Pop,6,../data/local/processed_mel/087186.npy,16692,Eric & Magill,14663,All Those I Know,29.976598639455784
87187,Pop,6,../data/local/processed_mel/087187.npy,16692,Eric & Magill,14663,All Those I Know,30.002721088435376
87188,Pop,6,../data/local/processed_mel/087188.npy,16692,Eric & Magill,14663,All Those I Know,29.976598639455784
87189,Pop,6,../data/local/processed_mel/087189.npy,16692,Eric & Magill,14663,All Those I Know,30.002721088435376
87190,Pop,6,../data/local/processed_mel/087190.npy,16692,Eric & Magill,14663,All Those I Know,29.976598639455784
87191,Pop,6,../data/local/processed_mel/087191.npy,16692,Eric & Magill,14663,All Those I Know,30.002721088435376
87192,Pop,6,../data/local/processed_mel/087192.npy,16692,Eric & Magill,14663,All Those I Know,29.976598639455784
87193,Pop,6,../data/local/processed_mel/087193.npy,16692,Eric & Magill,14663,All Those I Know,29.976598639455784
87194,Pop,6,../data/local/processed_mel/087194.npy,16692,Eric & Magill,14663,All Those I Know,30.002721088435376
87237,Electronic,0,../data/local/processed_mel/087237.npy,16715,Kris Keyser,14671,Kris Keyser,29.976598639455784
87322,Pop,6,../data/local/processed_mel/087322.npy,16732,Sally Seltmann,14694,"Live on WFMU's Night People - June 24, 2010",30.002721088435376
87323,Pop,6,../data/local/processed_mel/087323.npy,16732,Sally Seltmann,14694,"Live on WFMU's Night People - June 24, 2010",30.002721088435376
87324,Pop,6,../data/local/processed_mel/087324.npy,16732,Sally Seltmann,14694,"Live on WFMU's Night People - June 24, 2010",29.976598639455784
87325,Pop,6,../data/local/processed_mel/087325.npy,16732,Sally Seltmann,14694,"Live on WFMU's Night People - June 24, 2010",29.976598639455784
87361,Rock,7,../data/local/processed_mel/087361.npy,4202,Nisi Period,14704,Soon the Love Balloon Will Pop,30.002721088435376
87362,Rock,7,../data/local/processed_mel/087362.npy,4202,Nisi Period,14704,Soon the Love Balloon Will Pop,30.002721088435376
87363,Rock,7,../data/local/processed_mel/087363.npy,4202,Nisi Period,14704,Soon the Love Balloon Will Pop,29.976598639455784
87377,Electronic,0,../data/local/processed_mel/087377.npy,16743,Kakurenbo,14710,Yukiai No Sora,29.988979591836735
87430,Rock,7,../data/local/processed_mel/087430.npy,16748,Bludded Head,14724,"Live on WFMU's My Castle of Quiet, 5.10.2013",29.976598639455784
87431,Rock,7,../data/local/processed_mel/087431.npy,16748,Bludded Head,14724,"Live on WFMU's My Castle of Quiet, 5.10.2013",29.976598639455784
87639,Electronic,0,../data/local/processed_mel/087639.npy,15989,Lantriperc,14765,Elevate Your Force,29.976598639455784
87641,Electronic,0,../data/local/processed_mel/087641.npy,15989,Lantriperc,14765,Elevate Your Force,30.002721088435376
87642,Electronic,0,../data/local/processed_mel/087642.npy,15989,Lantriperc,14765,Elevate Your Force,30.002721088435376
87643,Electronic,0,../data/local/processed_mel/087643.npy,15989,Lantriperc,14765,Elevate Your Force,30.002721088435376
87644,Electronic,0,../data/local/processed_mel/087644.npy,15989,Lantriperc,14765,Elevate Your Force,30.002721088435376
87645,Electronic,0,../data/local/processed_mel/087645.npy,15989,Lantriperc,14765,Elevate Your Force,30.002721088435376
87967,Folk,2,../data/local/processed_mel/087967.npy,16824,Sandy & Caroline Paton,14793,"Singing at the Tangermans, June 1962",29.976598639455784
87968,Folk,2,../data/local/processed_mel/087968.npy,16824,Sandy & Caroline Paton,14793,"Singing at the Tangermans, June 1962",29.976598639455784
87971,Folk,2,../data/local/processed_mel/087971.npy,16824,Sandy & Caroline Paton,14793,"Singing at the Tangermans, June 1962",29.976598639455784
88428,Pop,6,../data/local/processed_mel/088428.npy,10200,Human Resources,14807,Oxyc Woody II,29.976598639455784
88429,Pop,6,../data/local/processed_mel/088429.npy,10200,Human Resources,14807,Oxyc Woody II,30.002721088435376
88486,Experimental,1,../data/local/processed_mel/088486.npy,16843,Crank Sturgeon & Peeesseye,14824,Urine Cakes,30.002721088435376
88846,Folk,2,../data/local/processed_mel/088846.npy,3228,Josh Woodward,5114,Dirty Wings,30.002721088435376
88848,Folk,2,../data/local/processed_mel/088848.npy,3228,Josh Woodward,5114,Dirty Wings,30.002721088435376
88854,Folk,2,../data/local/processed_mel/088854.npy,3228,Josh Woodward,5114,Dirty Wings,29.976598639455784
88856,Folk,2,../data/local/processed_mel/088856.npy,3228,Josh Woodward,5114,Dirty Wings,29.976598639455784
88858,Folk,2,../data/local/processed_mel/088858.npy,3228,Josh Woodward,5114,Dirty Wings,29.976598639455784
88860,Folk,2,../data/local/processed_mel/088860.npy,3228,Josh Woodward,5114,Dirty Wings,29.976598639455784
88861,Folk,2,../data/local/processed_mel/088861.npy,3228,Josh Woodward,5114,Dirty Wings,30.002721088435376
88863,Folk,2,../data/local/processed_mel/088863.npy,3228,Josh Woodward,5114,Dirty Wings,29.976598639455784
88864,Folk,2,../data/local/processed_mel/088864.npy,3228,Josh Woodward,5114,Dirty Wings,29.976598639455784
88867,Folk,2,../data/local/processed_mel/088867.npy,3228,Josh Woodward,5114,Dirty Wings,29.976598639455784
88868,Folk,2,../data/local/processed_mel/088868.npy,3228,Josh Woodward,5114,Dirty Wings,29.976598639455784
88869,Folk,2,../data/local/processed_mel/088869.npy,3228,Josh Woodward,14878,Dirty Wings (Instrumentals),29.976598639455784
88870,Folk,2,../data/local/processed_mel/088870.npy,3228,Josh Woodward,14878,Dirty Wings (Instrumentals),29.976598639455784
88871,Folk,2,../data/local/processed_mel/088871.npy,3228,Josh Woodward,14878,Dirty Wings (Instrumentals),29.976598639455784
88872,Folk,2,../data/local/processed_mel/088872.npy,3228,Josh Woodward,14878,Dirty Wings (Instrumentals),30.002721088435376
88873,Folk,2,../data/local/processed_mel/088873.npy,3228,Josh Woodward,14878,Dirty Wings (Instrumentals),30.002721088435376
88874,Folk,2,../data/local/processed_mel/088874.npy,3228,Josh Woodward,14878,Dirty Wings (Instrumentals),29.976598639455784
88875,Folk,2,../data/local/processed_mel/088875.npy,3228,Josh Woodward,14878,Dirty Wings (Instrumentals),29.976598639455784
88876,Folk,2,../data/local/processed_mel/088876.npy,3228,Josh Woodward,14878,Dirty Wings (Instrumentals),29.976598639455784
88877,Folk,2,../data/local/processed_mel/088877.npy,3228,Josh Woodward,14878,Dirty Wings (Instrumentals),29.976598639455784
88878,Folk,2,../data/local/processed_mel/088878.npy,3228,Josh Woodward,14878,Dirty Wings (Instrumentals),30.002721088435376
88879,Folk,2,../data/local/processed_mel/088879.npy,3228,Josh Woodward,14878,Dirty Wings (Instrumentals),30.002721088435376
88892,Folk,2,../data/local/processed_mel/088892.npy,3228,Josh Woodward,14878,Dirty Wings (Instrumentals),29.976598639455784
88899,Rock,7,../data/local/processed_mel/088899.npy,16849,Hunter-Gatherer,14879,"Live on CJSW's White Lodge/Black Lodge June 21, 2011",30.002721088435376
88900,Rock,7,../data/local/processed_mel/088900.npy,16849,Hunter-Gatherer,14879,"Live on CJSW's White Lodge/Black Lodge June 21, 2011",29.976598639455784
88959,Rock,7,../data/local/processed_mel/088959.npy,15300,TIGERBERRY,14890,Teenage Crown (Extended Play),30.002721088435376
88960,Rock,7,../data/local/processed_mel/088960.npy,15300,TIGERBERRY,14890,Teenage Crown (Extended Play),30.002721088435376
89212,Experimental,1,../data/local/processed_mel/089212.npy,2079,Nat Roe,4969,S/T,29.988979591836735
89350,Folk,2,../data/local/processed_mel/089350.npy,425,Art of Flying,14919,An Eye Full of Lamp,30.002721088435376
89376,Experimental,1,../data/local/processed_mel/089376.npy,16869,Stanislav Bobrytskyy,14924,WHNZ​:64​:MFBL,29.976598639455784
89441,Folk,2,../data/local/processed_mel/089441.npy,425,Art of Flying,14919,An Eye Full of Lamp,29.976598639455784
89447,Hip-Hop,3,../data/local/processed_mel/089447.npy,8021,Anitek,14928,netBloc Vol. 44: Break From The System That Gotcha,30.002721088435376
89456,Hip-Hop,3,../data/local/processed_mel/089456.npy,12085,Alaclair Ensemble,14928,netBloc Vol. 44: Break From The System That Gotcha,30.002721088435376
89473,Hip-Hop,3,../data/local/processed_mel/089473.npy,16874,Public Enemy,14928,netBloc Vol. 44: Break From The System That Gotcha,29.976598639455784
89474,Electronic,0,../data/local/processed_mel/089474.npy,1939,Monk Turner,14928,netBloc Vol. 44: Break From The System That Gotcha,30.002721088435376
89482,Folk,2,../data/local/processed_mel/089482.npy,16876,John Wort Hannam,14930,"John Wort Hannam Live on CJSW's The Morning After March 28, 2012",30.002721088435376
89484,Folk,2,../data/local/processed_mel/089484.npy,16876,John Wort Hannam,14930,"John Wort Hannam Live on CJSW's The Morning After March 28, 2012",30.002721088435376
89485,Folk,2,../data/local/processed_mel/089485.npy,16876,John Wort Hannam,14930,"John Wort Hannam Live on CJSW's The Morning After March 28, 2012",29.976598639455784
89486,Folk,2,../data/local/processed_mel/089486.npy,16876,John Wort Hannam,14930,"John Wort Hannam Live on CJSW's The Morning After March 28, 2012",29.976598639455784
89639,Electronic,0,../data/local/processed_mel/089639.npy,16885,Seneca,14942,The Cashmere Jumper EP,29.976598639455784
89704,Rock,7,../data/local/processed_mel/089704.npy,7486,The Woolen Men,14953,Tour Tape Number 2,29.976598639455784
89814,Electronic,0,../data/local/processed_mel/089814.npy,16893,ENDRUDARK,14961,Dreams,30.002721088435376
89815,Electronic,0,../data/local/processed_mel/089815.npy,16893,ENDRUDARK,14961,Dreams,29.976598639455784
89816,Electronic,0,../data/local/processed_mel/089816.npy,16893,ENDRUDARK,14961,Dreams,29.976598639455784
89817,Electronic,0,../data/local/processed_mel/089817.npy,16893,ENDRUDARK,14961,Dreams,30.002721088435376
89841,Hip-Hop,3,../data/local/processed_mel/089841.npy,16894,Not The 1s,14962,Why You Cryin,30.002721088435376
89843,Hip-Hop,3,../data/local/processed_mel/089843.npy,16894,Not The 1s,14962,Why You Cryin,30.002721088435376
89846,Hip-Hop,3,../data/local/processed_mel/089846.npy,16894,Not The 1s,14962,Why You Cryin,29.976598639455784
89847,Hip-Hop,3,../data/local/processed_mel/089847.npy,16894,Not The 1s,14962,Why You Cryin,29.976598639455784
89848,Hip-Hop,3,../data/local/processed_mel/089848.npy,16894,Not The 1s,14962,Why You Cryin,29.976598639455784
89857,Hip-Hop,3,../data/local/processed_mel/089857.npy,16894,Not The 1s,14962,Why You Cryin,29.976598639455784
89859,Hip-Hop,3,../data/local/processed_mel/089859.npy,16894,Not The 1s,14962,Why You Cryin,29.976598639455784
89860,Hip-Hop,3,../data/local/processed_mel/089860.npy,16894,Not The 1s,14962,Why You Cryin,30.002721088435376
89991,Experimental,1,../data/local/processed_mel/089991.npy,16956,Jazznoize,14971,nx2013-08,29.976598639455784
89992,Experimental,1,../data/local/processed_mel/089992.npy,16957,Secrets Of The 45,14971,nx2013-08,30.002721088435376
90027,Experimental,1,../data/local/processed_mel/090027.npy,16958,Geometrie Variabili,14975,the Breath,29.976598639455784
90074,Electronic,0,../data/local/processed_mel/090074.npy,15990,Egg Nebula,14981,Underground Heritage,30.002721088435376
90278,Experimental,1,../data/local/processed_mel/090278.npy,2008,Lee Rosevere,14991,Vancouver Thunder Storm,30.002721088435376
90570,Pop,6,../data/local/processed_mel/090570.npy,7444,Pilesar,15015,Underscores,29.976598639455784
90579,Pop,6,../data/local/processed_mel/090579.npy,7444,Pilesar,15015,Underscores,29.976598639455784
90582,Pop,6,../data/local/processed_mel/090582.npy,7444,Pilesar,15015,Underscores,29.976598639455784
90583,Pop,6,../data/local/processed_mel/090583.npy,7444,Pilesar,15015,Underscores,29.976598639455784
90587,Pop,6,../data/local/processed_mel/090587.npy,7444,Pilesar,15015,Underscores,30.002721088435376
90589,Pop,6,../data/local/processed_mel/090589.npy,7444,Pilesar,15015,Underscores,30.002721088435376
90590,Pop,6,../data/local/processed_mel/090590.npy,7444,Pilesar,15015,Underscores,30.002721088435376
90591,Pop,6,../data/local/processed_mel/090591.npy,7444,Pilesar,15015,Underscores,29.976598639455784
90592,Pop,6,../data/local/processed_mel/090592.npy,7444,Pilesar,15015,Underscores,29.976598639455784
90625,Folk,2,../data/local/processed_mel/090625.npy,16987,Nick Corbo,15017,Bird Watching In America,29.976598639455784
90639,Rock,7,../data/local/processed_mel/090639.npy,16989,Noaidi,15019,"A certain reticent instinct, beyond reason",30.002721088435376
90652,Rock,7,../data/local/processed_mel/090652.npy,16982,Wreck and Reference,14994,Black cassette,29.976598639455784
90695,Rock,7,../data/local/processed_mel/090695.npy,16994,Aussitôt Mort,15028,6 songs,29.976598639455784
90804,Experimental,1,../data/local/processed_mel/090804.npy,16239,HighWay17,15044,Paly|toxic Loops,30.002721088435376
90824,Pop,6,../data/local/processed_mel/090824.npy,17006,The Mantles,15046,"Live on WFMU's Hello Children with Faye - July 20, 2013",30.002721088435376
90826,Pop,6,../data/local/processed_mel/090826.npy,17006,The Mantles,15046,"Live on WFMU's Hello Children with Faye - July 20, 2013",29.976598639455784
90828,Pop,6,../data/local/processed_mel/090828.npy,17006,The Mantles,15046,"Live on WFMU's Hello Children with Faye - July 20, 2013",30.002721088435376
90982,Hip-Hop,3,../data/local/processed_mel/090982.npy,17014,Mported Flows,15071,Three Pronged Fork,29.976598639455784
90987,Hip-Hop,3,../data/local/processed_mel/090987.npy,17014,Mported Flows,15071,Three Pronged Fork,30.002721088435376
90993,Hip-Hop,3,../data/local/processed_mel/090993.npy,17014,Mported Flows,15071,Three Pronged Fork,30.002721088435376
91081,Electronic,0,../data/local/processed_mel/091081.npy,17022,URB,15087,U_END,30.002721088435376
91082,Electronic,0,../data/local/processed_mel/091082.npy,17022,URB,15087,U_END,29.976598639455784
91083,Electronic,0,../data/local/processed_mel/091083.npy,17022,URB,15087,U_END,30.002721088435376
91084,Electronic,0,../data/local/processed_mel/091084.npy,17022,URB,15087,U_END,29.976598639455784
91085,Electronic,0,../data/local/processed_mel/091085.npy,17022,URB,15087,U_END,29.976598639455784
91086,Electronic,0,../data/local/processed_mel/091086.npy,17022,URB,15087,U_END,29.976598639455784
91087,Electronic,0,../data/local/processed_mel/091087.npy,17022,URB,15087,U_END,30.002721088435376
91088,Electronic,0,../data/local/processed_mel/091088.npy,17022,URB,15087,U_END,29.976598639455784
91089,Electronic,0,../data/local/processed_mel/091089.npy,17022,URB,15087,U_END,30.002721088435376
91092,Rock,7,../data/local/processed_mel/091092.npy,17023,Cuntz,15088,"Live on WFMU's Cherry Blossom Clinic with Terre T - September 14, 2013",29.976598639455784
91093,Rock,7,../data/local/processed_mel/091093.npy,17023,Cuntz,15088,"Live on WFMU's Cherry Blossom Clinic with Terre T - September 14, 2013",29.976598639455784
91098,Folk,2,../data/local/processed_mel/091098.npy,17024,Rachel Ries,15089,"Live on WFMU's Shrunken Planet with Jeffrey Davison - August 10, 2013",29.976598639455784
91102,Folk,2,../data/local/processed_mel/091102.npy,17024,Rachel Ries,15089,"Live on WFMU's Shrunken Planet with Jeffrey Davison - August 10, 2013",29.976598639455784
91130,Experimental,1,../data/local/processed_mel/091130.npy,14281,Chuck Bettis & Joe Merolla,15094,live at Agne Noir 9/19/13,30.002721088435376
91157,Pop,6,../data/local/processed_mel/091157.npy,13391,Monroeville Music Center,15101,Choose Your Own Adventure,29.976598639455784
91158,Pop,6,../data/local/processed_mel/091158.npy,13391,Monroeville Music Center,15101,Choose Your Own Adventure,30.002721088435376
91159,Pop,6,../data/local/processed_mel/091159.npy,13391,Monroeville Music Center,15101,Choose Your Own Adventure,30.002721088435376
91160,Pop,6,../data/local/processed_mel/091160.npy,13391,Monroeville Music Center,15101,Choose Your Own Adventure,30.002721088435376
91161,Pop,6,../data/local/processed_mel/091161.npy,13391,Monroeville Music Center,15101,Choose Your Own Adventure,30.002721088435376
91162,Pop,6,../data/local/processed_mel/091162.npy,13391,Monroeville Music Center,15101,Choose Your Own Adventure,29.976598639455784
91163,Pop,6,../data/local/processed_mel/091163.npy,13391,Monroeville Music Center,15101,Choose Your Own Adventure,29.976598639455784
91164,Pop,6,../data/local/processed_mel/091164.npy,13391,Monroeville Music Center,15101,Choose Your Own Adventure,30.002721088435376
91177,International,5,../data/local/processed_mel/091177.npy,17040,Aislinn,15103,Aislinn,29.976598639455784
91178,International,5,../data/local/processed_mel/091178.npy,17040,Aislinn,15103,Aislinn,30.002721088435376
91179,International,5,../data/local/processed_mel/091179.npy,17040,Aislinn,15103,Aislinn,29.976598639455784
91181,International,5,../data/local/processed_mel/091181.npy,17040,Aislinn,15103,Aislinn,30.002721088435376
91182,International,5,../data/local/processed_mel/091182.npy,17040,Aislinn,15103,Aislinn,30.002721088435376
91183,International,5,../data/local/processed_mel/091183.npy,17040,Aislinn,15103,Aislinn,29.976598639455784
91184,International,5,../data/local/processed_mel/091184.npy,17040,Aislinn,15103,Aislinn,29.976598639455784
91185,International,5,../data/local/processed_mel/091185.npy,17040,Aislinn,15103,Aislinn,29.976598639455784
91186,International,5,../data/local/processed_mel/091186.npy,17040,Aislinn,15103,Aislinn,29.976598639455784
91187,International,5,../data/local/processed_mel/091187.npy,17040,Aislinn,15103,Aislinn,29.976598639455784
91205,Rock,7,../data/local/processed_mel/091205.npy,5911,Lorenzo's Music,15106,Picture it all,30.002721088435376
91228,Folk,2,../data/local/processed_mel/091228.npy,17044,Lonely Faction,15110,So Few Comfortable Places,29.976598639455784
91238,Folk,2,../data/local/processed_mel/091238.npy,17044,Lonely Faction,15110,So Few Comfortable Places,29.976598639455784
91306,Hip-Hop,3,../data/local/processed_mel/091306.npy,11216,BADLUCK,15117,Master Don,30.002721088435376
91309,Hip-Hop,3,../data/local/processed_mel/091309.npy,17014,Mported Flows,15118,Advice,30.002721088435376
91312,Hip-Hop,3,../data/local/processed_mel/091312.npy,17014,Mported Flows,15118,Advice,29.976598639455784
91315,Hip-Hop,3,../data/local/processed_mel/091315.npy,17014,Mported Flows,15119,Master Plan,29.976598639455784
91317,Hip-Hop,3,../data/local/processed_mel/091317.npy,17014,Mported Flows,15119,Master Plan,29.976598639455784
91318,Hip-Hop,3,../data/local/processed_mel/091318.npy,17014,Mported Flows,15119,Master Plan,29.976598639455784
91319,Hip-Hop,3,../data/local/processed_mel/091319.npy,17014,Mported Flows,15119,Master Plan,30.002721088435376
91329,Rock,7,../data/local/processed_mel/091329.npy,2915,Obits,15080,"Live on WFMU's Cherry Blossom Clinic - Sep 21, 2013",29.976598639455784
91349,Pop,6,../data/local/processed_mel/091349.npy,17006,The Mantles,15046,"Live on WFMU's Hello Children with Faye - July 20, 2013",29.976598639455784
91443,Folk,2,../data/local/processed_mel/091443.npy,17053,Cal Folger Day,15135,"Live on WFMU's Shrunken Planet with Jeffrey Davison - Aug 3, 2013",30.002721088435376
91455,Rock,7,../data/local/processed_mel/091455.npy,17055,Free Pizza,15138,KOOL IS THE ROOL,29.976598639455784
91458,Rock,7,../data/local/processed_mel/091458.npy,17055,Free Pizza,15138,KOOL IS THE ROOL,29.976598639455784
91459,Rock,7,../data/local/processed_mel/091459.npy,17055,Free Pizza,15138,KOOL IS THE ROOL,29.976598639455784
91619,Electronic,0,../data/local/processed_mel/091619.npy,10397,Rolemusic,15164,gig's n' contest,30.002721088435376
91620,Electronic,0,../data/local/processed_mel/091620.npy,10397,Rolemusic,15164,gig's n' contest,29.976598639455784
91621,Electronic,0,../data/local/processed_mel/091621.npy,10397,Rolemusic,15164,gig's n' contest,29.976598639455784
91622,Electronic,0,../data/local/processed_mel/091622.npy,10397,Rolemusic,15164,gig's n' contest,29.976598639455784
91623,Electronic,0,../data/local/processed_mel/091623.npy,10397,Rolemusic,15164,gig's n' contest,29.976598639455784
91624,Electronic,0,../data/local/processed_mel/091624.npy,10397,Rolemusic,15164,gig's n' contest,29.976598639455784
91625,Electronic,0,../data/local/processed_mel/091625.npy,10397,Rolemusic,15164,gig's n' contest,29.976598639455784
91755,Electronic,0,../data/local/processed_mel/091755.npy,16715,Kris Keyser,6812,Symmetry,29.976598639455784
91788,Folk,2,../data/local/processed_mel/091788.npy,17120,Three Jolly Rogues,15183,Three Jolly Rogues,30.002721088435376
91790,Folk,2,../data/local/processed_mel/091790.npy,17120,Three Jolly Rogues,15183,Three Jolly Rogues,29.976598639455784
91791,Folk,2,../data/local/processed_mel/091791.npy,17120,Three Jolly Rogues,15183,Three Jolly Rogues,30.002721088435376
91793,Folk,2,../data/local/processed_mel/091793.npy,17120,Three Jolly Rogues,15183,Three Jolly Rogues,30.002721088435376
91796,Folk,2,../data/local/processed_mel/091796.npy,17120,Three Jolly Rogues,15183,Three Jolly Rogues,29.976598639455784
91797,Folk,2,../data/local/processed_mel/091797.npy,17120,Three Jolly Rogues,15183,Three Jolly Rogues,29.976598639455784
91851,Rock,7,../data/local/processed_mel/091851.npy,17124,Archétypo 120,15189,"First Whispers: Live at PlanoB, Porto, 20/03/08",29.976598639455784
91868,Rock,7,../data/local/processed_mel/091868.npy,7211,Los Margaritos,15191,Melcochambre Sónico,29.988979591836735
91869,Rock,7,../data/local/processed_mel/091869.npy,7211,Los Margaritos,15191,Melcochambre Sónico,29.988979591836735
91894,Experimental,1,../data/local/processed_mel/091894.npy,5994,Lezet,15197,Dabblings 3,30.002721088435376
91897,Experimental,1,../data/local/processed_mel/091897.npy,5994,Lezet,15197,Dabblings 3,30.002721088435376
91899,Experimental,1,../data/local/processed_mel/091899.npy,5994,Lezet,15197,Dabblings 3,29.976598639455784
91900,Experimental,1,../data/local/processed_mel/091900.npy,5994,Lezet,15197,Dabblings 3,29.976598639455784
91933,Folk,2,../data/local/processed_mel/091933.npy,10979,Zachary Cale,15205,"Live on WFMU's Shrunken Planet with Jeffrey Davison - Sep 28, 2013",30.002721088435376
91934,Folk,2,../data/local/processed_mel/091934.npy,10979,Zachary Cale,15205,"Live on WFMU's Shrunken Planet with Jeffrey Davison - Sep 28, 2013",29.976598639455784
91936,Folk,2,../data/local/processed_mel/091936.npy,10979,Zachary Cale,15205,"Live on WFMU's Shrunken Planet with Jeffrey Davison - Sep 28, 2013",30.002721088435376
91937,Folk,2,../data/local/processed_mel/091937.npy,10979,Zachary Cale,15205,"Live on WFMU's Shrunken Planet with Jeffrey Davison - Sep 28, 2013",29.976598639455784
91938,Folk,2,../data/local/processed_mel/091938.npy,10979,Zachary Cale,15205,"Live on WFMU's Shrunken Planet with Jeffrey Davison - Sep 28, 2013",29.976598639455784
91958,Folk,2,../data/local/processed_mel/091958.npy,17134,Graeme Mark,15211,Graeme Mark Live in Radio Bunker,30.002721088435376
91960,International,5,../data/local/processed_mel/091960.npy,17136,Čaj na Ex,15212,Čaj na ex Live from Radio Bunker,30.002721088435376
92124,Pop,6,../data/local/processed_mel/092124.npy,17123,The Craters,15238,Velcro,29.976598639455784
92125,Pop,6,../data/local/processed_mel/092125.npy,17123,The Craters,15238,Velcro,29.976598639455784
92129,Pop,6,../data/local/processed_mel/092129.npy,17123,The Craters,15238,Velcro,29.976598639455784
92130,Pop,6,../data/local/processed_mel/092130.npy,17123,The Craters,15238,Velcro,30.002721088435376
92131,Pop,6,../data/local/processed_mel/092131.npy,17123,The Craters,15238,Velcro,30.002721088435376
92206,International,5,../data/local/processed_mel/092206.npy,17136,Čaj na Ex,15212,Čaj na ex Live from Radio Bunker,30.002721088435376
92275,Electronic,0,../data/local/processed_mel/092275.npy,16873,DJ Spooky,15264,Of Water and Ice,30.002721088435376
92282,Electronic,0,../data/local/processed_mel/092282.npy,16873,DJ Spooky,15264,Of Water and Ice,30.002721088435376
92283,Electronic,0,../data/local/processed_mel/092283.npy,16873,DJ Spooky,15264,Of Water and Ice,30.002721088435376
92284,Electronic,0,../data/local/processed_mel/092284.npy,16873,DJ Spooky,15264,Of Water and Ice,29.976598639455784
92292,Folk,2,../data/local/processed_mel/092292.npy,17134,Graeme Mark,15211,Graeme Mark Live in Radio Bunker,30.002721088435376
92466,Electronic,0,../data/local/processed_mel/092466.npy,14670,Decktonic,15298,Youth Worship,30.002721088435376
92508,Rock,7,../data/local/processed_mel/092508.npy,17227,Spray Paint,15304,"Live on WFMU's Cherry Blossom Clinic with Terre T - October 5, 2013",30.002721088435376
92535,Folk,2,../data/local/processed_mel/092535.npy,17233,Andrea Tomasi,15310,"Live on WFMU's Shrunken Planet with Jeffrey Davison - Oct 5, 2013",30.002721088435376
92536,Folk,2,../data/local/processed_mel/092536.npy,17233,Andrea Tomasi,15310,"Live on WFMU's Shrunken Planet with Jeffrey Davison - Oct 5, 2013",29.976598639455784
92538,Folk,2,../data/local/processed_mel/092538.npy,17233,Andrea Tomasi,15310,"Live on WFMU's Shrunken Planet with Jeffrey Davison - Oct 5, 2013",29.976598639455784
92539,Folk,2,../data/local/processed_mel/092539.npy,17233,Andrea Tomasi,15310,"Live on WFMU's Shrunken Planet with Jeffrey Davison - Oct 5, 2013",30.002721088435376
92540,Folk,2,../data/local/processed_mel/092540.npy,17233,Andrea Tomasi,15310,"Live on WFMU's Shrunken Planet with Jeffrey Davison - Oct 5, 2013",30.002721088435376
92546,Electronic,0,../data/local/processed_mel/092546.npy,17235,Aerologic,15313,Best Bytes Volume 2,29.976598639455784
92548,Electronic,0,../data/local/processed_mel/092548.npy,13826,Psychadelik Pedestrian,15313,Best Bytes Volume 2,30.002721088435376
92551,Electronic,0,../data/local/processed_mel/092551.npy,14209,Marc Burt,15313,Best Bytes Volume 2,29.976598639455784
92554,Electronic,0,../data/local/processed_mel/092554.npy,17237,JMD,15313,Best Bytes Volume 2,30.002721088435376
92556,Electronic,0,../data/local/processed_mel/092556.npy,13826,Psychadelik Pedestrian,15313,Best Bytes Volume 2,29.976598639455784
92561,Electronic,0,../data/local/processed_mel/092561.npy,14215,Beat Doctor,15313,Best Bytes Volume 2,30.002721088435376
92562,Electronic,0,../data/local/processed_mel/092562.npy,14211,Redmann,15313,Best Bytes Volume 2,30.002721088435376
92564,Electronic,0,../data/local/processed_mel/092564.npy,17239,Fioko,15313,Best Bytes Volume 2,30.002721088435376
92565,Experimental,1,../data/local/processed_mel/092565.npy,17238,Reier,15314,Membrane,29.976598639455784
92573,Experimental,1,../data/local/processed_mel/092573.npy,17238,Reier,15314,Membrane,29.976598639455784
92574,Experimental,1,../data/local/processed_mel/092574.npy,17238,Reier,15314,Membrane,29.976598639455784
92868,Rock,7,../data/local/processed_mel/092868.npy,17253,American Ice Age,15335,The American Ice Age - MMXIII,29.976598639455784
92872,Experimental,1,../data/local/processed_mel/092872.npy,14774,The Fucked Up Beat,15336,A Bomb Shelter in Kansas,30.002721088435376
92873,Experimental,1,../data/local/processed_mel/092873.npy,14774,The Fucked Up Beat,15336,A Bomb Shelter in Kansas,29.976598639455784
92874,Experimental,1,../data/local/processed_mel/092874.npy,14774,The Fucked Up Beat,15336,A Bomb Shelter in Kansas,29.976598639455784
92878,Experimental,1,../data/local/processed_mel/092878.npy,14774,The Fucked Up Beat,15336,A Bomb Shelter in Kansas,29.976598639455784
92881,Experimental,1,../data/local/processed_mel/092881.npy,14774,The Fucked Up Beat,15336,A Bomb Shelter in Kansas,29.976598639455784
92885,Experimental,1,../data/local/processed_mel/092885.npy,14774,The Fucked Up Beat,15336,A Bomb Shelter in Kansas,29.976598639455784
92886,Experimental,1,../data/local/processed_mel/092886.npy,14774,The Fucked Up Beat,15336,A Bomb Shelter in Kansas,29.976598639455784
92887,Experimental,1,../data/local/processed_mel/092887.npy,14774,The Fucked Up Beat,15336,A Bomb Shelter in Kansas,29.976598639455784
92888,Experimental,1,../data/local/processed_mel/092888.npy,14774,The Fucked Up Beat,15336,A Bomb Shelter in Kansas,30.002721088435376
92889,Experimental,1,../data/local/processed_mel/092889.npy,14774,The Fucked Up Beat,15336,A Bomb Shelter in Kansas,30.002721088435376
92947,Instrumental,4,../data/local/processed_mel/092947.npy,17278,Muhmood,15344,Tamara and Demon,29.976598639455784
92948,Instrumental,4,../data/local/processed_mel/092948.npy,17278,Muhmood,15344,Tamara and Demon,30.002721088435376
92949,Instrumental,4,../data/local/processed_mel/092949.npy,17278,Muhmood,15344,Tamara and Demon,30.002721088435376
92950,Instrumental,4,../data/local/processed_mel/092950.npy,17278,Muhmood,15344,Tamara and Demon,29.976598639455784
92951,Instrumental,4,../data/local/processed_mel/092951.npy,17278,Muhmood,15344,Tamara and Demon,30.002721088435376
92952,Instrumental,4,../data/local/processed_mel/092952.npy,17278,Muhmood,15344,Tamara and Demon,29.976598639455784
92953,Instrumental,4,../data/local/processed_mel/092953.npy,17278,Muhmood,15344,Tamara and Demon,30.002721088435376
92954,Instrumental,4,../data/local/processed_mel/092954.npy,17278,Muhmood,15344,Tamara and Demon,29.976598639455784
92955,Instrumental,4,../data/local/processed_mel/092955.npy,17278,Muhmood,15344,Tamara and Demon,30.002721088435376
93363,Electronic,0,../data/local/processed_mel/093363.npy,17293,Jupiter Makes Me Scream,15376,Tuesday Morning Huricane,29.976598639455784
93364,Electronic,0,../data/local/processed_mel/093364.npy,17293,Jupiter Makes Me Scream,15376,Tuesday Morning Huricane,29.976598639455784
93704,Folk,2,../data/local/processed_mel/093704.npy,17341,The Chapin Sisters,15415,"Live on WFMU's Airborne Event with Dan Bodah: September 9, 2013",30.002721088435376
93710,Folk,2,../data/local/processed_mel/093710.npy,17341,The Chapin Sisters,15415,"Live on WFMU's Airborne Event with Dan Bodah: September 9, 2013",30.002721088435376
93712,Folk,2,../data/local/processed_mel/093712.npy,17341,The Chapin Sisters,15415,"Live on WFMU's Airborne Event with Dan Bodah: September 9, 2013",29.976598639455784
93716,Folk,2,../data/local/processed_mel/093716.npy,17341,The Chapin Sisters,15415,"Live on WFMU's Airborne Event with Dan Bodah: September 9, 2013",30.002721088435376
93727,Electronic,0,../data/local/processed_mel/093727.npy,13518,etc.,15416,[EPV_146] endless,29.976598639455784
93867,Rock,7,../data/local/processed_mel/093867.npy,17344,Vitamin Pets,15428,Peanut Butter Jesus,29.988979591836735
93868,Rock,7,../data/local/processed_mel/093868.npy,17344,Vitamin Pets,15429,Christmas Song,29.988979591836735
93915,Instrumental,4,../data/local/processed_mel/093915.npy,13262,Jahzzar,15433,Viikinsaari,29.976598639455784
93917,Instrumental,4,../data/local/processed_mel/093917.npy,13262,Jahzzar,15433,Viikinsaari,29.976598639455784
93918,Instrumental,4,../data/local/processed_mel/093918.npy,13262,Jahzzar,15433,Viikinsaari,29.976598639455784
93919,Instrumental,4,../data/local/processed_mel/093919.npy,13262,Jahzzar,15433,Viikinsaari,29.976598639455784
93920,Instrumental,4,../data/local/processed_mel/093920.npy,13262,Jahzzar,15433,Viikinsaari,29.976598639455784
93921,Instrumental,4,../data/local/processed_mel/093921.npy,13262,Jahzzar,15433,Viikinsaari,29.976598639455784
93940,Electronic,0,../data/local/processed_mel/093940.npy,11572,kesson shoujo,15438,childhood in housing complex,29.976598639455784
93941,Electronic,0,../data/local/processed_mel/093941.npy,11572,kesson shoujo,15438,childhood in housing complex,30.002721088435376
93942,Pop,6,../data/local/processed_mel/093942.npy,17350,Ready for Men,15439,Two Young Boys,29.976598639455784
93943,Pop,6,../data/local/processed_mel/093943.npy,17350,Ready for Men,15439,Two Young Boys,29.976598639455784
93944,Pop,6,../data/local/processed_mel/093944.npy,17350,Ready for Men,15439,Two Young Boys,30.002721088435376
93981,International,5,../data/local/processed_mel/093981.npy,17351,Abraka Dub,15440,Abraka Dub,30.002721088435376
94026,Rock,7,../data/local/processed_mel/094026.npy,17362,Obnox,15449,"Live on WFMU with Brian Turner - November 12, 2013",29.976598639455784
94033,Instrumental,4,../data/local/processed_mel/094033.npy,17361,Coldnoise,15448,Tales For Mind,29.976598639455784
94034,Instrumental,4,../data/local/processed_mel/094034.npy,17361,Coldnoise,15448,Tales For Mind,30.002721088435376
94035,Instrumental,4,../data/local/processed_mel/094035.npy,17361,Coldnoise,15448,Tales For Mind,30.002721088435376
94036,Instrumental,4,../data/local/processed_mel/094036.npy,17361,Coldnoise,15448,Tales For Mind,30.002721088435376
94037,Instrumental,4,../data/local/processed_mel/094037.npy,17361,Coldnoise,15448,Tales For Mind,29.976598639455784
94038,Instrumental,4,../data/local/processed_mel/094038.npy,17361,Coldnoise,15448,Tales For Mind,29.976598639455784
94039,Instrumental,4,../data/local/processed_mel/094039.npy,17361,Coldnoise,15448,Tales For Mind,29.976598639455784
94263,Electronic,0,../data/local/processed_mel/094263.npy,14511,Pandacetamol,15479,Breaching Airwaves,30.002721088435376
94348,Rock,7,../data/local/processed_mel/094348.npy,17413,Railkid Station,15490,"Tramps Are Handsome, We're The Jugglers",30.002721088435376
94411,Electronic,0,../data/local/processed_mel/094411.npy,16743,Kakurenbo,15495,Matsuyoi No Tsuki,29.976598639455784
94414,Electronic,0,../data/local/processed_mel/094414.npy,16743,Kakurenbo,15495,Matsuyoi No Tsuki,30.002721088435376
94415,Electronic,0,../data/local/processed_mel/094415.npy,16743,Kakurenbo,15495,Matsuyoi No Tsuki,29.976598639455784
94419,Rock,7,../data/local/processed_mel/094419.npy,17421,That Awful Rhythm,15496,netBloc Vol. 45: Old Orchard Ave,30.002721088435376
94422,Folk,2,../data/local/processed_mel/094422.npy,10341,Mr. & Mrs. Smith,15496,netBloc Vol. 45: Old Orchard Ave,29.976598639455784
94423,Pop,6,../data/local/processed_mel/094423.npy,17057,Bored With Four,15496,netBloc Vol. 45: Old Orchard Ave,30.002721088435376
94426,Hip-Hop,3,../data/local/processed_mel/094426.npy,17425,The Bins & Nardo,15496,netBloc Vol. 45: Old Orchard Ave,29.976598639455784
94449,Hip-Hop,3,../data/local/processed_mel/094449.npy,3593,Tha Silent Partner,15500,"Platters, Act 5: The Silent Anniversary (10 Years Of Tha Silent Partner)",29.976598639455784
94465,Hip-Hop,3,../data/local/processed_mel/094465.npy,3593,Tha Silent Partner,15500,"Platters, Act 5: The Silent Anniversary (10 Years Of Tha Silent Partner)",29.976598639455784
94467,Hip-Hop,3,../data/local/processed_mel/094467.npy,3593,Tha Silent Partner,15500,"Platters, Act 5: The Silent Anniversary (10 Years Of Tha Silent Partner)",30.002721088435376
94468,Hip-Hop,3,../data/local/processed_mel/094468.npy,3593,Tha Silent Partner,15500,"Platters, Act 5: The Silent Anniversary (10 Years Of Tha Silent Partner)",30.002721088435376
94628,Pop,6,../data/local/processed_mel/094628.npy,15460,Mike Morton,15504,Indonesia Travel Tour Guide,29.976598639455784
94630,Pop,6,../data/local/processed_mel/094630.npy,15460,Mike Morton,15504,Indonesia Travel Tour Guide,30.002721088435376
94631,Pop,6,../data/local/processed_mel/094631.npy,15460,Mike Morton,15504,Indonesia Travel Tour Guide,30.002721088435376
94632,Pop,6,../data/local/processed_mel/094632.npy,15460,Mike Morton,15504,Indonesia Travel Tour Guide,29.976598639455784
94634,Pop,6,../data/local/processed_mel/094634.npy,15460,Mike Morton,15504,Indonesia Travel Tour Guide,29.976598639455784
94635,Pop,6,../data/local/processed_mel/094635.npy,15460,Mike Morton,15504,Indonesia Travel Tour Guide,29.976598639455784
94638,Pop,6,../data/local/processed_mel/094638.npy,15460,Mike Morton,15504,Indonesia Travel Tour Guide,29.976598639455784
95189,Experimental,1,../data/local/processed_mel/095189.npy,13882,Semyon,15540,Bind:Sever,29.976598639455784
95231,Rock,7,../data/local/processed_mel/095231.npy,17496,Violins is not the answer,15546,Green Diesil & Poitín,29.976598639455784
95248,Rock,7,../data/local/processed_mel/095248.npy,7491,Valley Lodge,15451,"Live on WFMU on Evan ""Funk"" Davies show - Nov 20, 2013",30.002721088435376
95249,Rock,7,../data/local/processed_mel/095249.npy,7491,Valley Lodge,15451,"Live on WFMU on Evan ""Funk"" Davies show - Nov 20, 2013",29.976598639455784
95250,Rock,7,../data/local/processed_mel/095250.npy,7491,Valley Lodge,15451,"Live on WFMU on Evan ""Funk"" Davies show - Nov 20, 2013",29.976598639455784
95251,Rock,7,../data/local/processed_mel/095251.npy,7491,Valley Lodge,15451,"Live on WFMU on Evan ""Funk"" Davies show - Nov 20, 2013",30.002721088435376
95308,Rock,7,../data/local/processed_mel/095308.npy,17534,Mário Gajarský,15555,Mário Gajarský,29.976598639455784
95309,Rock,7,../data/local/processed_mel/095309.npy,17534,Mário Gajarský,15555,Mário Gajarský,29.976598639455784
95310,Rock,7,../data/local/processed_mel/095310.npy,17534,Mário Gajarský,15555,Mário Gajarský,29.976598639455784
95452,Instrumental,4,../data/local/processed_mel/095452.npy,17545,Deviant & Naive Ted,15574,Shatter A Shame,29.976598639455784
95506,Rock,7,../data/local/processed_mel/095506.npy,17549,Flamin' Groovies,15581,"Live on WFMU's Cherry Blossom Clinic with Terre T: Nov 16, 2013",29.976598639455784
95564,Experimental,1,../data/local/processed_mel/095564.npy,2575,Justice yeldham and the dynamic ribbon device,15589,When worst comes to worst (Lucas Abela Compilation Tracks),29.976598639455784
95722,Instrumental,4,../data/local/processed_mel/095722.npy,6074,Gillicuddy,15602,...Plays Guitar Again,30.002721088435376
95724,Instrumental,4,../data/local/processed_mel/095724.npy,6074,Gillicuddy,15602,...Plays Guitar Again,29.976598639455784
95725,Instrumental,4,../data/local/processed_mel/095725.npy,6074,Gillicuddy,15602,...Plays Guitar Again,30.002721088435376
95726,Instrumental,4,../data/local/processed_mel/095726.npy,6074,Gillicuddy,15602,...Plays Guitar Again,30.002721088435376
95727,Instrumental,4,../data/local/processed_mel/095727.npy,6074,Gillicuddy,15602,...Plays Guitar Again,29.976598639455784
95908,Hip-Hop,3,../data/local/processed_mel/095908.npy,2283,Suicidal Rap Orgy,2402,Genital Warfare,29.976598639455784
95910,Hip-Hop,3,../data/local/processed_mel/095910.npy,2283,Suicidal Rap Orgy,2402,Genital Warfare,29.976598639455784
95911,Hip-Hop,3,../data/local/processed_mel/095911.npy,2283,Suicidal Rap Orgy,2402,Genital Warfare,29.976598639455784
95912,Hip-Hop,3,../data/local/processed_mel/095912.npy,2283,Suicidal Rap Orgy,2402,Genital Warfare,29.976598639455784
95914,Hip-Hop,3,../data/local/processed_mel/095914.npy,2283,Suicidal Rap Orgy,2402,Genital Warfare,30.002721088435376
95915,Hip-Hop,3,../data/local/processed_mel/095915.npy,2283,Suicidal Rap Orgy,2402,Genital Warfare,29.976598639455784
96166,International,5,../data/local/processed_mel/096166.npy,17597,Sound: The Encounter,15640,"Live on WFMU's Transpacific Sound Paradise with Rob Weisberg - December 7, 2013",30.002721088435376
96167,International,5,../data/local/processed_mel/096167.npy,17597,Sound: The Encounter,15640,"Live on WFMU's Transpacific Sound Paradise with Rob Weisberg - December 7, 2013",29.976598639455784
96168,International,5,../data/local/processed_mel/096168.npy,17597,Sound: The Encounter,15640,"Live on WFMU's Transpacific Sound Paradise with Rob Weisberg - December 7, 2013",30.002721088435376
96169,International,5,../data/local/processed_mel/096169.npy,17597,Sound: The Encounter,15640,"Live on WFMU's Transpacific Sound Paradise with Rob Weisberg - December 7, 2013",29.976598639455784
96399,Rock,7,../data/local/processed_mel/096399.npy,17630,Insane Ride,15654,Wrong or Right,30.002721088435376
96400,Rock,7,../data/local/processed_mel/096400.npy,17630,Insane Ride,15654,Wrong or Right,29.976598639455784
96401,Rock,7,../data/local/processed_mel/096401.npy,17630,Insane Ride,15654,Wrong or Right,29.976598639455784
96402,Rock,7,../data/local/processed_mel/096402.npy,17630,Insane Ride,15654,Wrong or Right,29.976598639455784
96403,Rock,7,../data/local/processed_mel/096403.npy,17630,Insane Ride,15654,Wrong or Right,30.002721088435376
96408,Rock,7,../data/local/processed_mel/096408.npy,17534,Mário Gajarský,15555,Mário Gajarský,30.002721088435376
96627,Experimental,1,../data/local/processed_mel/096627.npy,17691,Damien Schultz,15685,Je Suis Superposé,29.976598639455784
96657,Hip-Hop,3,../data/local/processed_mel/096657.npy,3593,Tha Silent Partner,15691,Good Times (Featuring CM),30.002721088435376
96675,Hip-Hop,3,../data/local/processed_mel/096675.npy,17695,Deadly Combo,15692,Unattainable,29.976598639455784
96678,Hip-Hop,3,../data/local/processed_mel/096678.npy,17695,Deadly Combo,15692,Unattainable,29.976598639455784
96692,Folk,2,../data/local/processed_mel/096692.npy,17697,Melissa Laveaux,15695,"Live on WFMU's 100% Whatever with Mary Wing - December 12, 2013",29.976598639455784
96693,Folk,2,../data/local/processed_mel/096693.npy,17697,Melissa Laveaux,15695,"Live on WFMU's 100% Whatever with Mary Wing - December 12, 2013",30.002721088435376
96694,Folk,2,../data/local/processed_mel/096694.npy,17697,Melissa Laveaux,15695,"Live on WFMU's 100% Whatever with Mary Wing - December 12, 2013",29.976598639455784
96695,Folk,2,../data/local/processed_mel/096695.npy,17697,Melissa Laveaux,15695,"Live on WFMU's 100% Whatever with Mary Wing - December 12, 2013",29.976598639455784
96696,Folk,2,../data/local/processed_mel/096696.npy,17697,Melissa Laveaux,15695,"Live on WFMU's 100% Whatever with Mary Wing - December 12, 2013",29.976598639455784
96697,Folk,2,../data/local/processed_mel/096697.npy,17697,Melissa Laveaux,15695,"Live on WFMU's 100% Whatever with Mary Wing - December 12, 2013",30.002721088435376
96698,Folk,2,../data/local/processed_mel/096698.npy,17697,Melissa Laveaux,15695,"Live on WFMU's 100% Whatever with Mary Wing - December 12, 2013",29.976598639455784
96699,Folk,2,../data/local/processed_mel/096699.npy,17697,Melissa Laveaux,15695,"Live on WFMU's 100% Whatever with Mary Wing - December 12, 2013",29.976598639455784
96718,Rock,7,../data/local/processed_mel/096718.npy,17698,Evil Sword,15697,"Live on WFMU's Beastin' The Airwaves! with Keili: Oct 25, 2013",30.002721088435376
96726,Folk,2,../data/local/processed_mel/096726.npy,17701,Allysen Callery,15701,"Live on WFMU's Shrunken Planet with Jeffrey Davison- November 30, 2013",29.976598639455784
96728,Folk,2,../data/local/processed_mel/096728.npy,17701,Allysen Callery,15701,"Live on WFMU's Shrunken Planet with Jeffrey Davison- November 30, 2013",29.976598639455784
96729,Folk,2,../data/local/processed_mel/096729.npy,17701,Allysen Callery,15701,"Live on WFMU's Shrunken Planet with Jeffrey Davison- November 30, 2013",29.976598639455784
96730,Folk,2,../data/local/processed_mel/096730.npy,17701,Allysen Callery,15701,"Live on WFMU's Shrunken Planet with Jeffrey Davison- November 30, 2013",29.976598639455784
96731,Folk,2,../data/local/processed_mel/096731.npy,17701,Allysen Callery,15701,"Live on WFMU's Shrunken Planet with Jeffrey Davison- November 30, 2013",30.002721088435376
96898,Experimental,1,../data/local/processed_mel/096898.npy,17735,Sudden Infant,15721,Sketchbook N°9,29.976598639455784
96900,Experimental,1,../data/local/processed_mel/096900.npy,17735,Sudden Infant,15721,Sketchbook N°9,29.976598639455784
96901,Experimental,1,../data/local/processed_mel/096901.npy,17735,Sudden Infant,15721,Sketchbook N°9,29.976598639455784
96902,Experimental,1,../data/local/processed_mel/096902.npy,17735,Sudden Infant,15721,Sketchbook N°9,30.002721088435376
96935,Rock,7,../data/local/processed_mel/096935.npy,17496,Violins is not the answer,15726,"Classic, dead.",29.976598639455784
96936,Rock,7,../data/local/processed_mel/096936.npy,17496,Violins is not the answer,15726,"Classic, dead.",29.976598639455784
96944,Pop,6,../data/local/processed_mel/096944.npy,17757,The Cosmic Setter,15728,27,29.976598639455784
96945,Pop,6,../data/local/processed_mel/096945.npy,17758,The Cosmic Setter ft. Make Like A Tree,15728,27,29.976598639455784
96946,Pop,6,../data/local/processed_mel/096946.npy,17757,The Cosmic Setter,15728,27,29.976598639455784
97037,Hip-Hop,3,../data/local/processed_mel/097037.npy,17781,CuzOH! Black Feat. Wordsmith,15739,FrostWire Creative Commons Mixtape Volume 4,30.002721088435376
97041,Hip-Hop,3,../data/local/processed_mel/097041.npy,15193,John Graham,15739,FrostWire Creative Commons Mixtape Volume 4,30.002721088435376
97043,Hip-Hop,3,../data/local/processed_mel/097043.npy,17784,KINGS OF THE CITY,15739,FrostWire Creative Commons Mixtape Volume 4,30.002721088435376
97211,Folk,2,../data/local/processed_mel/097211.npy,17819,The Wingdale Community Singers,15764,"Live on WFMU's Irene Trudel's Show - November 4, 2013",29.976598639455784
97215,Folk,2,../data/local/processed_mel/097215.npy,17819,The Wingdale Community Singers,15764,"Live on WFMU's Irene Trudel's Show - November 4, 2013",30.002721088435376
97216,Folk,2,../data/local/processed_mel/097216.npy,17819,The Wingdale Community Singers,15764,"Live on WFMU's Irene Trudel's Show - November 4, 2013",30.002721088435376
97279,Instrumental,4,../data/local/processed_mel/097279.npy,13255,Dexter Britain,14876,Zenith,29.976598639455784
97283,Instrumental,4,../data/local/processed_mel/097283.npy,13255,Dexter Britain,14876,Zenith,29.976598639455784
97285,Instrumental,4,../data/local/processed_mel/097285.npy,13255,Dexter Britain,14876,Zenith,29.976598639455784
97373,Experimental,1,../data/local/processed_mel/097373.npy,7473,Cullah,15778,Adolessonce,29.976598639455784
97374,Experimental,1,../data/local/processed_mel/097374.npy,7473,Cullah,15778,Adolessonce,29.976598639455784
97393,Electronic,0,../data/local/processed_mel/097393.npy,11574,Frame,15783,Random Features,29.976598639455784
97404,Electronic,0,../data/local/processed_mel/097404.npy,11574,Frame,15783,Random Features,30.002721088435376
97406,Experimental,1,../data/local/processed_mel/097406.npy,17843,Vilezlo,15785,The power of dreams,29.976598639455784
97407,Experimental,1,../data/local/processed_mel/097407.npy,17843,Vilezlo,15785,The power of dreams,29.976598639455784
97424,Electronic,0,../data/local/processed_mel/097424.npy,10484,RoccoW,15889,Weeklybeats 2014,30.002721088435376
97540,Electronic,0,../data/local/processed_mel/097540.npy,11569,Amitron_7,15799,Come Ye Sinners to the Gospel Feast,30.002721088435376
97542,Electronic,0,../data/local/processed_mel/097542.npy,11569,Amitron_7,15799,Come Ye Sinners to the Gospel Feast,29.976598639455784
97544,Electronic,0,../data/local/processed_mel/097544.npy,11569,Amitron_7,15799,Come Ye Sinners to the Gospel Feast,29.976598639455784
97545,Electronic,0,../data/local/processed_mel/097545.npy,11569,Amitron_7,15799,Come Ye Sinners to the Gospel Feast,30.002721088435376
97547,Electronic,0,../data/local/processed_mel/097547.npy,17179,Malportado Kids,15800,The Mi Concha EP,30.002721088435376
97548,Electronic,0,../data/local/processed_mel/097548.npy,17179,Malportado Kids,15800,The Mi Concha EP,29.976598639455784
97568,Hip-Hop,3,../data/local/processed_mel/097568.npy,17853,E-Prosounds,15804,"Live on WFMU's Beastin' The Airwaves! with Keili: Dec 13, 2013",30.002721088435376
97569,Hip-Hop,3,../data/local/processed_mel/097569.npy,17853,E-Prosounds,15804,"Live on WFMU's Beastin' The Airwaves! with Keili: Dec 13, 2013",29.976598639455784
97570,Hip-Hop,3,../data/local/processed_mel/097570.npy,17853,E-Prosounds,15804,"Live on WFMU's Beastin' The Airwaves! with Keili: Dec 13, 2013",29.976598639455784
97585,Folk,2,../data/local/processed_mel/097585.npy,17860,Olivia Chaney,15809,"Live on WFMU with Irene Trudel: Nov 4, 2013",29.976598639455784
97586,Folk,2,../data/local/processed_mel/097586.npy,17860,Olivia Chaney,15809,"Live on WFMU with Irene Trudel: Nov 4, 2013",30.002721088435376
97587,Folk,2,../data/local/processed_mel/097587.npy,17860,Olivia Chaney,15809,"Live on WFMU with Irene Trudel: Nov 4, 2013",30.002721088435376
97588,Folk,2,../data/local/processed_mel/097588.npy,17860,Olivia Chaney,15809,"Live on WFMU with Irene Trudel: Nov 4, 2013",29.976598639455784
97589,Folk,2,../data/local/processed_mel/097589.npy,17860,Olivia Chaney,15809,"Live on WFMU with Irene Trudel: Nov 4, 2013",30.002721088435376
97590,Folk,2,../data/local/processed_mel/097590.npy,17860,Olivia Chaney,15809,"Live on WFMU with Irene Trudel: Nov 4, 2013",29.976598639455784
97690,Rock,7,../data/local/processed_mel/097690.npy,15300,TIGERBERRY,15823,Alive,30.002721088435376
97691,Hip-Hop,3,../data/local/processed_mel/097691.npy,12207,Tickle,15824,The Wee EP,29.976598639455784
97692,Hip-Hop,3,../data/local/processed_mel/097692.npy,12207,Tickle,15824,The Wee EP,29.976598639455784
97697,Hip-Hop,3,../data/local/processed_mel/097697.npy,12207,Tickle,15824,The Wee EP,30.002721088435376
97793,Experimental,1,../data/local/processed_mel/097793.npy,17879,Inox Kapell,15836,Das Rhytmusboxen des Ambientinox,29.976598639455784
97794,Experimental,1,../data/local/processed_mel/097794.npy,17879,Inox Kapell,15836,Das Rhytmusboxen des Ambientinox,30.002721088435376
97813,Experimental,1,../data/local/processed_mel/097813.npy,17879,Inox Kapell,15836,Das Rhytmusboxen des Ambientinox,30.002721088435376
97814,Experimental,1,../data/local/processed_mel/097814.npy,17879,Inox Kapell,15836,Das Rhytmusboxen des Ambientinox,29.976598639455784
97841,Experimental,1,../data/local/processed_mel/097841.npy,17883,Vibration Terrorists,15843,VOL 1,30.002721088435376
97844,Electronic,0,../data/local/processed_mel/097844.npy,15990,Egg Nebula,15844,Skyward EP,30.002721088435376
97845,Electronic,0,../data/local/processed_mel/097845.npy,15990,Egg Nebula,15844,Skyward EP,29.976598639455784
97846,Electronic,0,../data/local/processed_mel/097846.npy,15990,Egg Nebula,15844,Skyward EP,29.976598639455784
97847,Electronic,0,../data/local/processed_mel/097847.npy,15990,Egg Nebula,15844,Skyward EP,30.002721088435376
97848,Electronic,0,../data/local/processed_mel/097848.npy,15990,Egg Nebula,15844,Skyward EP,29.976598639455784
97886,Rock,7,../data/local/processed_mel/097886.npy,17885,Easy Rider,15849,"Live on WFMU's Distort Jersey City with Reed Dunlea: Jan 14, 2014",29.976598639455784
97887,Rock,7,../data/local/processed_mel/097887.npy,17885,Easy Rider,15849,"Live on WFMU's Distort Jersey City with Reed Dunlea: Jan 14, 2014",29.976598639455784
97894,Rock,7,../data/local/processed_mel/097894.npy,17080,intouch,15850,Overdose,30.002721088435376
97940,Electronic,0,../data/local/processed_mel/097940.npy,10484,RoccoW,15889,Weeklybeats 2014,30.002721088435376
97958,Electronic,0,../data/local/processed_mel/097958.npy,17892,Gilo,15860,4a @ electric,30.002721088435376
97959,Electronic,0,../data/local/processed_mel/097959.npy,17892,Gilo,15860,4a @ electric,29.976598639455784
97960,Electronic,0,../data/local/processed_mel/097960.npy,17892,Gilo,15860,4a @ electric,30.002721088435376
97961,Electronic,0,../data/local/processed_mel/097961.npy,17892,Gilo,15860,4a @ electric,30.002721088435376
97962,Electronic,0,../data/local/processed_mel/097962.npy,17892,Gilo,15860,4a @ electric,29.976598639455784
97980,Hip-Hop,3,../data/local/processed_mel/097980.npy,17695,Deadly Combo,15863,Back To Break Bread,30.002721088435376
97986,Hip-Hop,3,../data/local/processed_mel/097986.npy,17695,Deadly Combo,15864,Up To You (3 Da Hard Way) (Featuring Cable),29.976598639455784
97987,Hip-Hop,3,../data/local/processed_mel/097987.npy,17695,Deadly Combo,15864,Up To You (3 Da Hard Way) (Featuring Cable),29.976598639455784
97988,Hip-Hop,3,../data/local/processed_mel/097988.npy,17695,Deadly Combo,15864,Up To You (3 Da Hard Way) (Featuring Cable),30.002721088435376
97989,Hip-Hop,3,../data/local/processed_mel/097989.npy,17695,Deadly Combo,15864,Up To You (3 Da Hard Way) (Featuring Cable),30.002721088435376
98202,Electronic,0,../data/local/processed_mel/098202.npy,17907,Ezylohm_tek,15887,Prometheus,30.002721088435376
98203,Electronic,0,../data/local/processed_mel/098203.npy,17907,Ezylohm_tek,15887,Prometheus,29.976598639455784
98204,Electronic,0,../data/local/processed_mel/098204.npy,17907,Ezylohm_tek,15887,Prometheus,29.976598639455784
98205,Electronic,0,../data/local/processed_mel/098205.npy,17907,Ezylohm_tek,15887,Prometheus,29.976598639455784
98206,Electronic,0,../data/local/processed_mel/098206.npy,17907,Ezylohm_tek,15887,Prometheus,30.002721088435376
98227,Electronic,0,../data/local/processed_mel/098227.npy,10484,RoccoW,15889,Weeklybeats 2014,30.002721088435376
98228,Electronic,0,../data/local/processed_mel/098228.npy,10484,RoccoW,15889,Weeklybeats 2014,29.976598639455784
98235,Instrumental,4,../data/local/processed_mel/098235.npy,17910,Fear Konstruktor,15898,Controllable Fear,30.002721088435376
98236,Instrumental,4,../data/local/processed_mel/098236.npy,17910,Fear Konstruktor,15898,Controllable Fear,29.988979591836735
98237,Instrumental,4,../data/local/processed_mel/098237.npy,17910,Fear Konstruktor,15898,Controllable Fear,30.002721088435376
98238,Instrumental,4,../data/local/processed_mel/098238.npy,17910,Fear Konstruktor,15898,Controllable Fear,29.976598639455784
98251,Rock,7,../data/local/processed_mel/098251.npy,11423,Ljudske Potrebe,15899,DemoN,30.002721088435376
98297,Rock,7,../data/local/processed_mel/098297.npy,17534,Mário Gajarský,15555,Mário Gajarský,30.002721088435376
98339,International,5,../data/local/processed_mel/098339.npy,11103,Gogofski,15912,Live at the 2014 Golden Festival,30.002721088435376
98573,Hip-Hop,3,../data/local/processed_mel/098573.npy,15196,Hi-Rez,15949,Lost Time,30.002721088435376
98574,Hip-Hop,3,../data/local/processed_mel/098574.npy,15196,Hi-Rez,15949,Lost Time,30.002721088435376
98575,Hip-Hop,3,../data/local/processed_mel/098575.npy,15196,Hi-Rez,15949,Lost Time,30.002721088435376
98576,Hip-Hop,3,../data/local/processed_mel/098576.npy,15196,Hi-Rez,15949,Lost Time,29.976598639455784
98577,Hip-Hop,3,../data/local/processed_mel/098577.npy,15196,Hi-Rez,15949,Lost Time,30.002721088435376
98578,Hip-Hop,3,../data/local/processed_mel/098578.npy,15196,Hi-Rez,15949,Lost Time,29.976598639455784
98579,Hip-Hop,3,../data/local/processed_mel/098579.npy,15196,Hi-Rez,15949,Lost Time,30.002721088435376
98580,Hip-Hop,3,../data/local/processed_mel/098580.npy,15196,Hi-Rez,15949,Lost Time,29.976598639455784
98581,Hip-Hop,3,../data/local/processed_mel/098581.npy,15196,Hi-Rez,15949,Lost Time,29.976598639455784
98582,Hip-Hop,3,../data/local/processed_mel/098582.npy,15196,Hi-Rez,15949,Lost Time,30.002721088435376
98583,Hip-Hop,3,../data/local/processed_mel/098583.npy,15196,Hi-Rez,15949,Lost Time,29.976598639455784
98584,Hip-Hop,3,../data/local/processed_mel/098584.npy,15196,Hi-Rez,15949,Lost Time,30.002721088435376
98585,Hip-Hop,3,../data/local/processed_mel/098585.npy,15196,Hi-Rez,15949,Lost Time,30.002721088435376
98613,Hip-Hop,3,../data/local/processed_mel/098613.npy,17784,KINGS OF THE CITY,15952,The FrostWire EP,29.976598639455784
98617,Hip-Hop,3,../data/local/processed_mel/098617.npy,17784,KINGS OF THE CITY,15952,The FrostWire EP,30.002721088435376
98618,Hip-Hop,3,../data/local/processed_mel/098618.npy,17784,KINGS OF THE CITY,15952,The FrostWire EP,29.976598639455784
98619,Hip-Hop,3,../data/local/processed_mel/098619.npy,17784,KINGS OF THE CITY,15953,No Guts EP,30.002721088435376
98620,Hip-Hop,3,../data/local/processed_mel/098620.npy,17784,KINGS OF THE CITY,15953,No Guts EP,29.976598639455784
98621,Hip-Hop,3,../data/local/processed_mel/098621.npy,17784,KINGS OF THE CITY,15953,No Guts EP,29.976598639455784
98622,Hip-Hop,3,../data/local/processed_mel/098622.npy,17784,KINGS OF THE CITY,15953,No Guts EP,29.976598639455784
98623,Hip-Hop,3,../data/local/processed_mel/098623.npy,17784,KINGS OF THE CITY,15953,No Guts EP,30.002721088435376
98624,Hip-Hop,3,../data/local/processed_mel/098624.npy,17784,KINGS OF THE CITY,15954,No Glory EP,30.002721088435376
98625,Hip-Hop,3,../data/local/processed_mel/098625.npy,17784,KINGS OF THE CITY,15954,No Glory EP,29.976598639455784
98626,Hip-Hop,3,../data/local/processed_mel/098626.npy,17784,KINGS OF THE CITY,15954,No Glory EP,29.976598639455784
98627,Hip-Hop,3,../data/local/processed_mel/098627.npy,17784,KINGS OF THE CITY,15954,No Glory EP,29.976598639455784
98628,Hip-Hop,3,../data/local/processed_mel/098628.npy,17784,KINGS OF THE CITY,15954,No Glory EP,30.002721088435376
98680,International,5,../data/local/processed_mel/098680.npy,6345,Yale Women's Slavic Chorus,15968,Live at the 2014 Golden Festival,29.976598639455784
98681,International,5,../data/local/processed_mel/098681.npy,6345,Yale Women's Slavic Chorus,15968,Live at the 2014 Golden Festival,29.976598639455784
98701,Rock,7,../data/local/processed_mel/098701.npy,17344,Vitamin Pets,15973,Fried Eggs in Skunk Island,29.988979591836735
98770,Electronic,0,../data/local/processed_mel/098770.npy,10484,RoccoW,15889,Weeklybeats 2014,29.976598639455784
98838,Electronic,0,../data/local/processed_mel/098838.npy,8741,Moonove,14523,Moonove,29.988979591836735
99041,Electronic,0,../data/local/processed_mel/099041.npy,17999,The Polish Ambassador,16013,Ecozoic,30.002721088435376
99135,Electronic,0,../data/local/processed_mel/099135.npy,18011,Pontic Firebird,16027,Live at the 2014 Golden Festival,30.002721088435376
99214,Experimental,1,../data/local/processed_mel/099214.npy,13424,Julian Winter,16033,Eldrich,30.002721088435376
99260,Rock,7,../data/local/processed_mel/099260.npy,16183,Distemper,16038,My Underground,29.976598639455784
99261,Electronic,0,../data/local/processed_mel/099261.npy,10484,RoccoW,15889,Weeklybeats 2014,29.976598639455784
99274,Experimental,1,../data/local/processed_mel/099274.npy,17843,Vilezlo,15785,The power of dreams,29.976598639455784
99311,Electronic,0,../data/local/processed_mel/099311.npy,18018,Ample Mammal,16044,Mating Season,29.976598639455784
99313,Electronic,0,../data/local/processed_mel/099313.npy,18018,Ample Mammal,16044,Mating Season,29.976598639455784
99345,Rock,7,../data/local/processed_mel/099345.npy,16689,Still Pluto,16048,Bitter Pill,30.002721088435376
99361,International,5,../data/local/processed_mel/099361.npy,18022,Svitanya,16051,Live at the 2014 Golden Festival,29.976598639455784
99362,International,5,../data/local/processed_mel/099362.npy,18022,Svitanya,16051,Live at the 2014 Golden Festival,30.002721088435376
99363,International,5,../data/local/processed_mel/099363.npy,18022,Svitanya,16051,Live at the 2014 Golden Festival,30.002721088435376
99364,International,5,../data/local/processed_mel/099364.npy,18022,Svitanya,16051,Live at the 2014 Golden Festival,30.002721088435376
99368,International,5,../data/local/processed_mel/099368.npy,18023,Yasna New York Bulgarian Women's Voices Choir,16053,Live at the 2014 Golden Festival,30.002721088435376
99369,International,5,../data/local/processed_mel/099369.npy,18023,Yasna New York Bulgarian Women's Voices Choir,16053,Live at the 2014 Golden Festival,29.976598639455784
99370,International,5,../data/local/processed_mel/099370.npy,18023,Yasna New York Bulgarian Women's Voices Choir,16053,Live at the 2014 Golden Festival,29.976598639455784
99371,International,5,../data/local/processed_mel/099371.npy,18023,Yasna New York Bulgarian Women's Voices Choir,16053,Live at the 2014 Golden Festival,30.002721088435376
99372,International,5,../data/local/processed_mel/099372.npy,18023,Yasna New York Bulgarian Women's Voices Choir,16053,Live at the 2014 Golden Festival,30.002721088435376
99373,International,5,../data/local/processed_mel/099373.npy,18023,Yasna New York Bulgarian Women's Voices Choir,16053,Live at the 2014 Golden Festival,30.002721088435376
99374,International,5,../data/local/processed_mel/099374.npy,18023,Yasna New York Bulgarian Women's Voices Choir,16053,Live at the 2014 Golden Festival,29.976598639455784
99375,International,5,../data/local/processed_mel/099375.npy,18023,Yasna New York Bulgarian Women's Voices Choir,16053,Live at the 2014 Golden Festival,29.976598639455784
99389,International,5,../data/local/processed_mel/099389.npy,18025,Ukrainian Village Voices,16056,Live at the 2014 Golden Festival,30.002721088435376
99390,International,5,../data/local/processed_mel/099390.npy,18025,Ukrainian Village Voices,16056,Live at the 2014 Golden Festival,30.002721088435376
99391,International,5,../data/local/processed_mel/099391.npy,18025,Ukrainian Village Voices,16056,Live at the 2014 Golden Festival,29.976598639455784
99392,International,5,../data/local/processed_mel/099392.npy,18025,Ukrainian Village Voices,16056,Live at the 2014 Golden Festival,29.976598639455784
99393,International,5,../data/local/processed_mel/099393.npy,18025,Ukrainian Village Voices,16056,Live at the 2014 Golden Festival,30.002721088435376
99394,International,5,../data/local/processed_mel/099394.npy,18025,Ukrainian Village Voices,16056,Live at the 2014 Golden Festival,30.002721088435376
99395,International,5,../data/local/processed_mel/099395.npy,18025,Ukrainian Village Voices,16056,Live at the 2014 Golden Festival,30.002721088435376
99411,Rock,7,../data/local/processed_mel/099411.npy,18027,Pampers,16058,"Live on WFMU's Cherry Blossom Clinic with Terre T: Feb 15, 2014",29.976598639455784
99419,Rock,7,../data/local/processed_mel/099419.npy,18027,Pampers,16058,"Live on WFMU's Cherry Blossom Clinic with Terre T: Feb 15, 2014",30.002721088435376
99436,Rock,7,../data/local/processed_mel/099436.npy,17172,Atlantic Thrills,16060,"Live on WFMU's Cherry Blossom Clinic with Terre T: Feb 8, 2014",30.002721088435376
99437,Rock,7,../data/local/processed_mel/099437.npy,17172,Atlantic Thrills,16060,"Live on WFMU's Cherry Blossom Clinic with Terre T: Feb 8, 2014",29.976598639455784
99438,Rock,7,../data/local/processed_mel/099438.npy,17172,Atlantic Thrills,16060,"Live on WFMU's Cherry Blossom Clinic with Terre T: Feb 8, 2014",30.002721088435376
99439,Rock,7,../data/local/processed_mel/099439.npy,17172,Atlantic Thrills,16060,"Live on WFMU's Cherry Blossom Clinic with Terre T: Feb 8, 2014",29.976598639455784
99440,Rock,7,../data/local/processed_mel/099440.npy,17172,Atlantic Thrills,16060,"Live on WFMU's Cherry Blossom Clinic with Terre T: Feb 8, 2014",30.002721088435376
99441,Rock,7,../data/local/processed_mel/099441.npy,17172,Atlantic Thrills,16060,"Live on WFMU's Cherry Blossom Clinic with Terre T: Feb 8, 2014",29.976598639455784
99442,Rock,7,../data/local/processed_mel/099442.npy,17172,Atlantic Thrills,16060,"Live on WFMU's Cherry Blossom Clinic with Terre T: Feb 8, 2014",30.002721088435376
99501,Hip-Hop,3,../data/local/processed_mel/099501.npy,17695,Deadly Combo,16074,The Unattainable RE:mixxes,30.002721088435376
99703,Electronic,0,../data/local/processed_mel/099703.npy,18063,eden,16096,[EPV_152] HEAVEN,30.002721088435376
99704,Electronic,0,../data/local/processed_mel/099704.npy,18063,eden,16096,[EPV_152] HEAVEN,30.002721088435376
99707,Electronic,0,../data/local/processed_mel/099707.npy,18063,eden,16096,[EPV_152] HEAVEN,30.002721088435376
100478,Hip-Hop,3,../data/local/processed_mel/100478.npy,13450,LOWdown,16100,HAUPHUCHINLIVEIYAM,29.976598639455784
100479,Hip-Hop,3,../data/local/processed_mel/100479.npy,13450,LOWdown,16100,HAUPHUCHINLIVEIYAM,30.002721088435376
100480,Hip-Hop,3,../data/local/processed_mel/100480.npy,13450,LOWdown,16100,HAUPHUCHINLIVEIYAM,29.976598639455784
100497,Electronic,0,../data/local/processed_mel/100497.npy,10484,RoccoW,15889,Weeklybeats 2014,29.976598639455784
100535,Electronic,0,../data/local/processed_mel/100535.npy,12787,Small Colin,16112,Mono Box,29.976598639455784
100536,Electronic,0,../data/local/processed_mel/100536.npy,12787,Small Colin,16112,Mono Box,29.976598639455784
100544,Electronic,0,../data/local/processed_mel/100544.npy,17128,Megatone,16114,First Space Voyage,30.002721088435376
100549,Electronic,0,../data/local/processed_mel/100549.npy,17128,Megatone,16114,First Space Voyage,29.976598639455784
100550,Electronic,0,../data/local/processed_mel/100550.npy,17128,Megatone,16114,First Space Voyage,30.002721088435376
100552,Electronic,0,../data/local/processed_mel/100552.npy,17128,Megatone,16114,First Space Voyage,30.002721088435376
100745,Electronic,0,../data/local/processed_mel/100745.npy,10484,RoccoW,15889,Weeklybeats 2014,29.976598639455784
100799,Rock,7,../data/local/processed_mel/100799.npy,18153,Margina,16134,Margina,29.976598639455784
100802,Rock,7,../data/local/processed_mel/100802.npy,18153,Margina,16134,Margina,30.002721088435376
100835,Electronic,0,../data/local/processed_mel/100835.npy,17965,Nick Otheen,16140,Along The Way,30.002721088435376
100949,Hip-Hop,3,../data/local/processed_mel/100949.npy,18156,DJ Def Chad,16141,The Black Holocaust,29.976598639455784
100958,Hip-Hop,3,../data/local/processed_mel/100958.npy,18156,DJ Def Chad,16141,The Black Holocaust,29.976598639455784
100959,Hip-Hop,3,../data/local/processed_mel/100959.npy,18156,DJ Def Chad,16141,The Black Holocaust,29.976598639455784
100972,Electronic,0,../data/local/processed_mel/100972.npy,14048,Dyman,16144,Infection,30.002721088435376
100973,Electronic,0,../data/local/processed_mel/100973.npy,14048,Dyman,16144,Infection,29.976598639455784
100975,Electronic,0,../data/local/processed_mel/100975.npy,14048,Dyman,16144,Infection,29.976598639455784
100976,Electronic,0,../data/local/processed_mel/100976.npy,14048,Dyman,16144,Infection,30.002721088435376
101111,International,5,../data/local/processed_mel/101111.npy,18167,La Sabrosa Sabrosura,16155,"Live on WFMU's Transpacific Sound Paradise: Dec 28, 2013",29.976598639455784
101112,International,5,../data/local/processed_mel/101112.npy,18167,La Sabrosa Sabrosura,16155,"Live on WFMU's Transpacific Sound Paradise: Dec 28, 2013",30.002721088435376
101116,International,5,../data/local/processed_mel/101116.npy,18167,La Sabrosa Sabrosura,16155,"Live on WFMU's Transpacific Sound Paradise: Dec 28, 2013",29.976598639455784
101118,International,5,../data/local/processed_mel/101118.npy,18167,La Sabrosa Sabrosura,16155,"Live on WFMU's Transpacific Sound Paradise: Dec 28, 2013",29.976598639455784
101119,International,5,../data/local/processed_mel/101119.npy,18167,La Sabrosa Sabrosura,16155,"Live on WFMU's Transpacific Sound Paradise: Dec 28, 2013",29.976598639455784
101864,Experimental,1,../data/local/processed_mel/101864.npy,17238,Reier,16189,Pataki,30.002721088435376
101868,Experimental,1,../data/local/processed_mel/101868.npy,17238,Reier,16189,Pataki,29.976598639455784
101873,Experimental,1,../data/local/processed_mel/101873.npy,17238,Reier,16189,Pataki,29.976598639455784
101893,Experimental,1,../data/local/processed_mel/101893.npy,17238,Reier,16189,Pataki,29.976598639455784
102092,Experimental,1,../data/local/processed_mel/102092.npy,18141,Third Mind Movement,16119,Kitties,29.976598639455784
102195,Rock,7,../data/local/processed_mel/102195.npy,18163,Eidetic Seeing,16151,EP,30.002721088435376
103600,Electronic,0,../data/local/processed_mel/103600.npy,10484,RoccoW,15889,Weeklybeats 2014,30.002721088435376
103800,Hip-Hop,3,../data/local/processed_mel/103800.npy,18156,DJ Def Chad,16314,Up and Away,29.976598639455784
103808,Hip-Hop,3,../data/local/processed_mel/103808.npy,18156,DJ Def Chad,16315,Breathe Easy (Remixx),29.976598639455784
104008,Folk,2,../data/local/processed_mel/104008.npy,18276,Lille,16258,Winter minialbum,29.988979591836735
104009,Folk,2,../data/local/processed_mel/104009.npy,18276,Lille,16258,Winter minialbum,29.988979591836735
104010,Folk,2,../data/local/processed_mel/104010.npy,18276,Lille,16258,Winter minialbum,29.988979591836735
104062,Rock,7,../data/local/processed_mel/104062.npy,18387,Etcetera Music,16332,Origins of the Pig,29.976598639455784
104063,Rock,7,../data/local/processed_mel/104063.npy,18387,Etcetera Music,16332,Origins of the Pig,30.002721088435376
104064,Pop,6,../data/local/processed_mel/104064.npy,18248,Boogarins,16227,"Live on WFMU's Three Chord Monte with Joe Belock: March 25, 2014",30.002721088435376
104065,Pop,6,../data/local/processed_mel/104065.npy,18248,Boogarins,16227,"Live on WFMU's Three Chord Monte with Joe Belock: March 25, 2014",30.002721088435376
104066,Pop,6,../data/local/processed_mel/104066.npy,18248,Boogarins,16227,"Live on WFMU's Three Chord Monte with Joe Belock: March 25, 2014",29.976598639455784
104067,Pop,6,../data/local/processed_mel/104067.npy,18248,Boogarins,16227,"Live on WFMU's Three Chord Monte with Joe Belock: March 25, 2014",30.002721088435376
104068,Pop,6,../data/local/processed_mel/104068.npy,18248,Boogarins,16227,"Live on WFMU's Three Chord Monte with Joe Belock: March 25, 2014",29.976598639455784
104086,Rock,7,../data/local/processed_mel/104086.npy,3841,Carsick Cars,16335,"Live on WFMU's 100% Whatever with Mary Wing - April 6, 2014",30.002721088435376
104276,Electronic,0,../data/local/processed_mel/104276.npy,18289,SKGB,16363,The Further Adventures of SKGB,30.002721088435376
104277,Electronic,0,../data/local/processed_mel/104277.npy,18289,SKGB,16363,The Further Adventures of SKGB,30.002721088435376
104278,Electronic,0,../data/local/processed_mel/104278.npy,18289,SKGB,16363,The Further Adventures of SKGB,30.002721088435376
104279,Electronic,0,../data/local/processed_mel/104279.npy,18289,SKGB,16363,The Further Adventures of SKGB,30.002721088435376
104282,Electronic,0,../data/local/processed_mel/104282.npy,18405,Beatoven,16364,proj.ekt.168 v3.0,29.976598639455784
104283,Electronic,0,../data/local/processed_mel/104283.npy,18405,Beatoven,16364,proj.ekt.168 v3.0,29.976598639455784
104284,Electronic,0,../data/local/processed_mel/104284.npy,18405,Beatoven,16364,proj.ekt.168 v3.0,29.976598639455784
104356,Folk,2,../data/local/processed_mel/104356.npy,18408,Mark Fosson,16372,"Live on WFMU with Irene Trudel: April 21, 2014",30.002721088435376
104357,Folk,2,../data/local/processed_mel/104357.npy,18408,Mark Fosson,16372,"Live on WFMU with Irene Trudel: April 21, 2014",29.976598639455784
104625,Experimental,1,../data/local/processed_mel/104625.npy,18433,Anne-F Jacques,16406,Some Asperities,29.976598639455784
104724,Experimental,1,../data/local/processed_mel/104724.npy,13528,Noise Problems Selections,16415,Noise Problems Avantgarde Vol.1,29.976598639455784
104725,Experimental,1,../data/local/processed_mel/104725.npy,13528,Noise Problems Selections,16415,Noise Problems Avantgarde Vol.1,30.002721088435376
105022,Experimental,1,../data/local/processed_mel/105022.npy,18403,Infinite Plastic Internal,16357,WHNZ​:​65​:​REVOLUA,29.976598639455784
105119,Rock,7,../data/local/processed_mel/105119.npy,18485,Sonic Avenues,16440,"Live on WFMU's Cherry Blossom Clinic with Terre T - May 3, 2014",29.976598639455784
105142,Rock,7,../data/local/processed_mel/105142.npy,18490,Waste Disposal Machine feat. Sci Fi Industries,16446,Detritus,29.976598639455784
105145,Rock,7,../data/local/processed_mel/105145.npy,16670,Mikroben Krieg,16446,Detritus,29.976598639455784
105196,Folk,2,../data/local/processed_mel/105196.npy,18523,Lindsay Clark,16449,Whitehaus Family Record Family Record,30.002721088435376
105408,Electronic,0,../data/local/processed_mel/105408.npy,15990,Egg Nebula,16469,We Are Humanity .​.​.​And We Are Lost In The Cosmic Infinity,30.002721088435376
105411,Electronic,0,../data/local/processed_mel/105411.npy,15990,Egg Nebula,16469,We Are Humanity .​.​.​And We Are Lost In The Cosmic Infinity,30.002721088435376
105412,Electronic,0,../data/local/processed_mel/105412.npy,15990,Egg Nebula,16469,We Are Humanity .​.​.​And We Are Lost In The Cosmic Infinity,29.976598639455784
105413,Electronic,0,../data/local/processed_mel/105413.npy,15990,Egg Nebula,16469,We Are Humanity .​.​.​And We Are Lost In The Cosmic Infinity,30.002721088435376
105414,Electronic,0,../data/local/processed_mel/105414.npy,15990,Egg Nebula,16469,We Are Humanity .​.​.​And We Are Lost In The Cosmic Infinity,29.976598639455784
105443,Hip-Hop,3,../data/local/processed_mel/105443.npy,18538,M.O.B. Stars,16471,Classic Material Vol. 4: DCOM Radio,30.002721088435376
105450,Hip-Hop,3,../data/local/processed_mel/105450.npy,17695,Deadly Combo,16471,Classic Material Vol. 4: DCOM Radio,30.002721088435376
105451,Hip-Hop,3,../data/local/processed_mel/105451.npy,3226,CM aka Creative,16471,Classic Material Vol. 4: DCOM Radio,29.976598639455784
105662,Electronic,0,../data/local/processed_mel/105662.npy,17892,Gilo,16505,Studio 6,30.002721088435376
105664,Electronic,0,../data/local/processed_mel/105664.npy,17892,Gilo,16505,Studio 6,29.976598639455784
105670,Electronic,0,../data/local/processed_mel/105670.npy,17892,Gilo,16505,Studio 6,30.002721088435376
105671,Electronic,0,../data/local/processed_mel/105671.npy,17892,Gilo,16505,Studio 6,30.002721088435376
105672,Electronic,0,../data/local/processed_mel/105672.npy,17892,Gilo,16505,Studio 6,29.976598639455784
105673,Electronic,0,../data/local/processed_mel/105673.npy,18569,Gilo feat. As Metralhadoras,16505,Studio 6,29.976598639455784
105674,Electronic,0,../data/local/processed_mel/105674.npy,17892,Gilo,16505,Studio 6,29.976598639455784
105682,Rock,7,../data/local/processed_mel/105682.npy,17080,intouch,16507,Heaven In Your Mouth,29.976598639455784
105683,Hip-Hop,3,../data/local/processed_mel/105683.npy,18571,Clipping,16508,"Live on WFMU with Marty McSorley: May 20, 2014",30.002721088435376
105685,Hip-Hop,3,../data/local/processed_mel/105685.npy,18571,Clipping,16508,"Live on WFMU with Marty McSorley: May 20, 2014",30.002721088435376
105712,Folk,2,../data/local/processed_mel/105712.npy,18573,Sam Moss,16511,"Live on WFMU's Shrunken Planet with Jeffrey Davison: May 10, 2014",29.976598639455784
105713,Folk,2,../data/local/processed_mel/105713.npy,18573,Sam Moss,16511,"Live on WFMU's Shrunken Planet with Jeffrey Davison: May 10, 2014",29.976598639455784
105714,Folk,2,../data/local/processed_mel/105714.npy,18573,Sam Moss,16511,"Live on WFMU's Shrunken Planet with Jeffrey Davison: May 10, 2014",29.976598639455784
105715,Folk,2,../data/local/processed_mel/105715.npy,18573,Sam Moss,16511,"Live on WFMU's Shrunken Planet with Jeffrey Davison: May 10, 2014",29.976598639455784
105716,Folk,2,../data/local/processed_mel/105716.npy,18573,Sam Moss,16511,"Live on WFMU's Shrunken Planet with Jeffrey Davison: May 10, 2014",29.976598639455784
105717,Folk,2,../data/local/processed_mel/105717.npy,18573,Sam Moss,16511,"Live on WFMU's Shrunken Planet with Jeffrey Davison: May 10, 2014",30.002721088435376
105718,Folk,2,../data/local/processed_mel/105718.npy,18573,Sam Moss,16511,"Live on WFMU's Shrunken Planet with Jeffrey Davison: May 10, 2014",29.976598639455784
105719,Experimental,1,../data/local/processed_mel/105719.npy,18574,Gatherer,16512,Amoeba Miasma Void,30.002721088435376
105720,Experimental,1,../data/local/processed_mel/105720.npy,18574,Gatherer,16512,Amoeba Miasma Void,30.002721088435376
105722,Experimental,1,../data/local/processed_mel/105722.npy,18574,Gatherer,16512,Amoeba Miasma Void,30.002721088435376
105824,Hip-Hop,3,../data/local/processed_mel/105824.npy,18584,All Urban Outfield,16526,Sacrifice Fly (Sampler),30.002721088435376
105825,Hip-Hop,3,../data/local/processed_mel/105825.npy,18584,All Urban Outfield,16526,Sacrifice Fly (Sampler),29.976598639455784
105826,Hip-Hop,3,../data/local/processed_mel/105826.npy,18584,All Urban Outfield,16526,Sacrifice Fly (Sampler),30.002721088435376
105827,Hip-Hop,3,../data/local/processed_mel/105827.npy,18584,All Urban Outfield,16526,Sacrifice Fly (Sampler),30.002721088435376
105887,Folk,2,../data/local/processed_mel/105887.npy,18589,Leif Vollebek,16535,"Live on WFMU with Irene - May 19, 2014",29.976598639455784
105890,Folk,2,../data/local/processed_mel/105890.npy,18589,Leif Vollebek,16535,"Live on WFMU with Irene - May 19, 2014",29.976598639455784
105912,Rock,7,../data/local/processed_mel/105912.npy,18590,Split Single,16537,"Live on WFMU with Therese - May 26, 2014",30.002721088435376
105914,Folk,2,../data/local/processed_mel/105914.npy,18592,Matt Sowell,16539,"Live on WFMU with Irene - May 5, 2014",30.002721088435376
105915,Folk,2,../data/local/processed_mel/105915.npy,18592,Matt Sowell,16539,"Live on WFMU with Irene - May 5, 2014",30.002721088435376
105916,Folk,2,../data/local/processed_mel/105916.npy,18592,Matt Sowell,16539,"Live on WFMU with Irene - May 5, 2014",29.976598639455784
105917,Folk,2,../data/local/processed_mel/105917.npy,18592,Matt Sowell,16539,"Live on WFMU with Irene - May 5, 2014",29.976598639455784
105918,Folk,2,../data/local/processed_mel/105918.npy,18592,Matt Sowell,16539,"Live on WFMU with Irene - May 5, 2014",29.976598639455784
105919,Folk,2,../data/local/processed_mel/105919.npy,18592,Matt Sowell,16539,"Live on WFMU with Irene - May 5, 2014",30.002721088435376
105920,Folk,2,../data/local/processed_mel/105920.npy,18592,Matt Sowell,16539,"Live on WFMU with Irene - May 5, 2014",30.002721088435376
106274,Rock,7,../data/local/processed_mel/106274.npy,18641,Night Rally,16561,Demo/ EP (The Elegant Look of New),30.002721088435376
106277,Rock,7,../data/local/processed_mel/106277.npy,18641,Night Rally,16561,Demo/ EP (The Elegant Look of New),30.002721088435376
106339,Folk,2,../data/local/processed_mel/106339.npy,18649,Julie Byrne,16572,"Live on WFMU's Shrunken Planet with Jeffrey Davison - May 24, 2014",29.976598639455784
106342,Folk,2,../data/local/processed_mel/106342.npy,18649,Julie Byrne,16572,"Live on WFMU's Shrunken Planet with Jeffrey Davison - May 24, 2014",30.002721088435376
106343,Folk,2,../data/local/processed_mel/106343.npy,18649,Julie Byrne,16572,"Live on WFMU's Shrunken Planet with Jeffrey Davison - May 24, 2014",29.976598639455784
106456,Folk,2,../data/local/processed_mel/106456.npy,18661,Titan,16588,Bollocks titan,29.976598639455784
106457,Folk,2,../data/local/processed_mel/106457.npy,18661,Titan,16588,Bollocks titan,29.976598639455784
106458,Folk,2,../data/local/processed_mel/106458.npy,18661,Titan,16588,Bollocks titan,30.002721088435376
106463,Rock,7,../data/local/processed_mel/106463.npy,18665,Dinosaur Jugnot,16589,Welcome to Dinosaur Jugnot,29.976598639455784
106465,Rock,7,../data/local/processed_mel/106465.npy,18665,Dinosaur Jugnot,16589,Welcome to Dinosaur Jugnot,30.002721088435376
106502,Instrumental,4,../data/local/processed_mel/106502.npy,18673,Fabian Measures,19142,Hanami,29.976598639455784
106522,Experimental,1,../data/local/processed_mel/106522.npy,18278,Wilted Woman,16598,Erzfeind,29.976598639455784
106562,Rock,7,../data/local/processed_mel/106562.npy,18269,Apache Tomcat,16604,Classics By Request,30.002721088435376
106563,Rock,7,../data/local/processed_mel/106563.npy,18269,Apache Tomcat,16604,Classics By Request,30.002721088435376
106564,Rock,7,../data/local/processed_mel/106564.npy,18269,Apache Tomcat,16604,Classics By Request,30.002721088435376
106566,Rock,7,../data/local/processed_mel/106566.npy,18269,Apache Tomcat,16604,Classics By Request,30.002721088435376
106567,Rock,7,../data/local/processed_mel/106567.npy,18269,Apache Tomcat,16604,Classics By Request,30.002721088435376
106568,Rock,7,../data/local/processed_mel/106568.npy,18269,Apache Tomcat,16604,Classics By Request,30.002721088435376
106569,Rock,7,../data/local/processed_mel/106569.npy,18269,Apache Tomcat,16604,Classics By Request,30.002721088435376
106570,Rock,7,../data/local/processed_mel/106570.npy,18269,Apache Tomcat,16604,Classics By Request,29.976598639455784
106571,Rock,7,../data/local/processed_mel/106571.npy,18269,Apache Tomcat,16604,Classics By Request,29.976598639455784
106937,Folk,2,../data/local/processed_mel/106937.npy,18704,Meaner Pencil,16651,"Live on WFMU with Irene - June 23, 2014",29.976598639455784
106953,Rock,7,../data/local/processed_mel/106953.npy,13017,Mutilation Rites,16654,"Live on WFMU's Imaginary Radio with Chris M. - June 20, 2014",29.976598639455784
106954,Rock,7,../data/local/processed_mel/106954.npy,13017,Mutilation Rites,16654,"Live on WFMU's Imaginary Radio with Chris M. - June 20, 2014",30.002721088435376
106955,Rock,7,../data/local/processed_mel/106955.npy,13017,Mutilation Rites,16654,"Live on WFMU's Imaginary Radio with Chris M. - June 20, 2014",29.976598639455784
106956,Rock,7,../data/local/processed_mel/106956.npy,13017,Mutilation Rites,16654,"Live on WFMU's Imaginary Radio with Chris M. - June 20, 2014",30.002721088435376
107020,Hip-Hop,3,../data/local/processed_mel/107020.npy,12085,Alaclair Ensemble,16672,Toute Est Impossible,30.002721088435376
107021,Hip-Hop,3,../data/local/processed_mel/107021.npy,12085,Alaclair Ensemble,16672,Toute Est Impossible,29.976598639455784
107025,Hip-Hop,3,../data/local/processed_mel/107025.npy,12085,Alaclair Ensemble,16672,Toute Est Impossible,30.002721088435376
107027,Hip-Hop,3,../data/local/processed_mel/107027.npy,12085,Alaclair Ensemble,16672,Toute Est Impossible,30.002721088435376
107028,Hip-Hop,3,../data/local/processed_mel/107028.npy,12085,Alaclair Ensemble,16672,Toute Est Impossible,29.976598639455784
107029,Hip-Hop,3,../data/local/processed_mel/107029.npy,12085,Alaclair Ensemble,16672,Toute Est Impossible,29.976598639455784
107030,Hip-Hop,3,../data/local/processed_mel/107030.npy,12085,Alaclair Ensemble,16672,Toute Est Impossible,29.976598639455784
107031,Hip-Hop,3,../data/local/processed_mel/107031.npy,12085,Alaclair Ensemble,16672,Toute Est Impossible,29.976598639455784
107101,Rock,7,../data/local/processed_mel/107101.npy,18730,Mess.,16683,Lucky One,29.988979591836735
107125,Electronic,0,../data/local/processed_mel/107125.npy,18732,Marrach,16686,Chambers of Resistance,29.976598639455784
107126,Electronic,0,../data/local/processed_mel/107126.npy,18732,Marrach,16686,Chambers of Resistance,29.976598639455784
107127,Electronic,0,../data/local/processed_mel/107127.npy,18732,Marrach,16686,Chambers of Resistance,29.976598639455784
107128,Electronic,0,../data/local/processed_mel/107128.npy,18732,Marrach,16686,Chambers of Resistance,29.976598639455784
107129,Electronic,0,../data/local/processed_mel/107129.npy,18732,Marrach,16686,Chambers of Resistance,30.002721088435376
107178,International,5,../data/local/processed_mel/107178.npy,18736,Don Goliath,16695,Rootsstep Colossus,29.976598639455784
107179,International,5,../data/local/processed_mel/107179.npy,18737,Don Goliath mmet I-lodica,16695,Rootsstep Colossus,30.002721088435376
107180,International,5,../data/local/processed_mel/107180.npy,18736,Don Goliath,16695,Rootsstep Colossus,29.976598639455784
107181,International,5,../data/local/processed_mel/107181.npy,18736,Don Goliath,16695,Rootsstep Colossus,29.976598639455784
107182,International,5,../data/local/processed_mel/107182.npy,18738,Don Goliath meet Samson Benji,16695,Rootsstep Colossus,29.976598639455784
107183,International,5,../data/local/processed_mel/107183.npy,18736,Don Goliath,16695,Rootsstep Colossus,29.976598639455784
107184,International,5,../data/local/processed_mel/107184.npy,18736,Don Goliath,16695,Rootsstep Colossus,30.002721088435376
107185,International,5,../data/local/processed_mel/107185.npy,18739,Don Goliath meet Iyah Ranx,16695,Rootsstep Colossus,30.002721088435376
107186,International,5,../data/local/processed_mel/107186.npy,18736,Don Goliath,16695,Rootsstep Colossus,29.976598639455784
107187,International,5,../data/local/processed_mel/107187.npy,18736,Don Goliath,16695,Rootsstep Colossus,29.976598639455784
107188,International,5,../data/local/processed_mel/107188.npy,18736,Don Goliath,16695,Rootsstep Colossus,29.976598639455784
107189,International,5,../data/local/processed_mel/107189.npy,18736,Don Goliath,16695,Rootsstep Colossus,29.976598639455784
107248,International,5,../data/local/processed_mel/107248.npy,18747,Vanya Zhuk,16703,"Live on WFMU's Transpacific Sound Paradise with Rob Weisberg - June 28, 2014",30.002721088435376
107249,International,5,../data/local/processed_mel/107249.npy,18747,Vanya Zhuk,16703,"Live on WFMU's Transpacific Sound Paradise with Rob Weisberg - June 28, 2014",30.002721088435376
107250,International,5,../data/local/processed_mel/107250.npy,18747,Vanya Zhuk,16703,"Live on WFMU's Transpacific Sound Paradise with Rob Weisberg - June 28, 2014",29.976598639455784
107251,International,5,../data/local/processed_mel/107251.npy,18747,Vanya Zhuk,16703,"Live on WFMU's Transpacific Sound Paradise with Rob Weisberg - June 28, 2014",29.976598639455784
107256,International,5,../data/local/processed_mel/107256.npy,18747,Vanya Zhuk,16703,"Live on WFMU's Transpacific Sound Paradise with Rob Weisberg - June 28, 2014",30.002721088435376
107257,International,5,../data/local/processed_mel/107257.npy,18747,Vanya Zhuk,16703,"Live on WFMU's Transpacific Sound Paradise with Rob Weisberg - June 28, 2014",29.976598639455784
107388,Rock,7,../data/local/processed_mel/107388.npy,18754,Aussitôt Mort / MORT MORT MORT,16717,Montuenga,30.002721088435376
107389,Rock,7,../data/local/processed_mel/107389.npy,18754,Aussitôt Mort / MORT MORT MORT,16717,Montuenga,29.976598639455784
107390,Rock,7,../data/local/processed_mel/107390.npy,18754,Aussitôt Mort / MORT MORT MORT,16717,Montuenga,30.002721088435376
107391,Rock,7,../data/local/processed_mel/107391.npy,18754,Aussitôt Mort / MORT MORT MORT,16717,Montuenga,29.976598639455784
107425,Electronic,0,../data/local/processed_mel/107425.npy,18761,UncleBibby,16727,Free Music Project Vol. 1,30.002721088435376
107426,Electronic,0,../data/local/processed_mel/107426.npy,18761,UncleBibby,16727,Free Music Project Vol. 1,30.002721088435376
107427,Electronic,0,../data/local/processed_mel/107427.npy,18761,UncleBibby,16727,Free Music Project Vol. 1,29.976598639455784
107429,Electronic,0,../data/local/processed_mel/107429.npy,18761,UncleBibby,16727,Free Music Project Vol. 1,29.976598639455784
107432,Electronic,0,../data/local/processed_mel/107432.npy,18761,UncleBibby,16727,Free Music Project Vol. 1,30.002721088435376
107433,Electronic,0,../data/local/processed_mel/107433.npy,18761,UncleBibby,16727,Free Music Project Vol. 1,29.976598639455784
107434,Electronic,0,../data/local/processed_mel/107434.npy,18761,UncleBibby,16727,Free Music Project Vol. 1,30.002721088435376
107435,Electronic,0,../data/local/processed_mel/107435.npy,18761,UncleBibby,16727,Free Music Project Vol. 1,30.002721088435376
107476,Rock,7,../data/local/processed_mel/107476.npy,18766,CRTVTR,16734,"Here it comes, Tramontane!",29.976598639455784
107506,Rock,7,../data/local/processed_mel/107506.npy,18772,The United Sons of Toil,16739,"When The Revolution Comes, Everything Will Be Beautiful",29.976598639455784
107531,Instrumental,4,../data/local/processed_mel/107531.npy,18775,Vägskäl,16743,Last Summer,29.976598639455784
107532,Instrumental,4,../data/local/processed_mel/107532.npy,18775,Vägskäl,16743,Last Summer,29.976598639455784
107533,Instrumental,4,../data/local/processed_mel/107533.npy,18775,Vägskäl,16743,Last Summer,30.002721088435376
107534,Instrumental,4,../data/local/processed_mel/107534.npy,18775,Vägskäl,16743,Last Summer,30.002721088435376
107567,Folk,2,../data/local/processed_mel/107567.npy,16761,Linda Draper,14741,"Live on WFMU: Irene Trudel's Show - July 22nd, 2013",29.976598639455784
107569,Folk,2,../data/local/processed_mel/107569.npy,18755,Kelly Latimore,16748,Trails,30.002721088435376
107571,Folk,2,../data/local/processed_mel/107571.npy,18755,Kelly Latimore,16748,Trails,29.976598639455784
107574,Folk,2,../data/local/processed_mel/107574.npy,18755,Kelly Latimore,16748,Trails,30.002721088435376
107577,Folk,2,../data/local/processed_mel/107577.npy,18755,Kelly Latimore,16748,Trails,29.976598639455784
107578,Folk,2,../data/local/processed_mel/107578.npy,18755,Kelly Latimore,16748,Trails,29.976598639455784
107579,Folk,2,../data/local/processed_mel/107579.npy,18755,Kelly Latimore,16748,Trails,29.976598639455784
107583,Folk,2,../data/local/processed_mel/107583.npy,18755,Kelly Latimore,16749,Unaccountable odes,30.002721088435376
107584,Folk,2,../data/local/processed_mel/107584.npy,18755,Kelly Latimore,16749,Unaccountable odes,30.002721088435376
107588,Folk,2,../data/local/processed_mel/107588.npy,18755,Kelly Latimore,16749,Unaccountable odes,30.002721088435376
107589,Folk,2,../data/local/processed_mel/107589.npy,18755,Kelly Latimore,16749,Unaccountable odes,29.976598639455784
107590,Folk,2,../data/local/processed_mel/107590.npy,18755,Kelly Latimore,16749,Unaccountable odes,29.976598639455784
107591,Folk,2,../data/local/processed_mel/107591.npy,18755,Kelly Latimore,16749,Unaccountable odes,29.976598639455784
107592,Folk,2,../data/local/processed_mel/107592.npy,18755,Kelly Latimore,16750,Prelude,29.976598639455784
107593,Folk,2,../data/local/processed_mel/107593.npy,18755,Kelly Latimore,16750,Prelude,29.976598639455784
107594,Folk,2,../data/local/processed_mel/107594.npy,18755,Kelly Latimore,16750,Prelude,29.976598639455784
107595,Folk,2,../data/local/processed_mel/107595.npy,18755,Kelly Latimore,16750,Prelude,29.976598639455784
107596,Folk,2,../data/local/processed_mel/107596.npy,18755,Kelly Latimore,16750,Prelude,30.002721088435376
107597,Folk,2,../data/local/processed_mel/107597.npy,18755,Kelly Latimore,16750,Prelude,30.002721088435376
107598,Folk,2,../data/local/processed_mel/107598.npy,18755,Kelly Latimore,16750,Prelude,29.976598639455784
107613,Electronic,0,../data/local/processed_mel/107613.npy,18767,Vienna Ditto,16752,Ugly,29.976598639455784
107616,Electronic,0,../data/local/processed_mel/107616.npy,18767,Vienna Ditto,16753,I know his blood,29.976598639455784
107617,Electronic,0,../data/local/processed_mel/107617.npy,18767,Vienna Ditto,16753,I know his blood,30.002721088435376
107659,Rock,7,../data/local/processed_mel/107659.npy,307,Tony Gage,16762,Gage Against The Machine,30.002721088435376
107799,Rock,7,../data/local/processed_mel/107799.npy,18795,Landskap,16782,netBloc Vol. 46: #returnofthenetbloc,29.976598639455784
107804,Electronic,0,../data/local/processed_mel/107804.npy,18797,Fields of Ohio,16782,netBloc Vol. 46: #returnofthenetbloc,29.976598639455784
107805,Rock,7,../data/local/processed_mel/107805.npy,18798,Acherontia,16782,netBloc Vol. 46: #returnofthenetbloc,30.002721088435376
107809,Hip-Hop,3,../data/local/processed_mel/107809.npy,18801,J.O.,16782,netBloc Vol. 46: #returnofthenetbloc,30.002721088435376
107810,Pop,6,../data/local/processed_mel/107810.npy,18802,TV Girl,16782,netBloc Vol. 46: #returnofthenetbloc,30.002721088435376
107850,Hip-Hop,3,../data/local/processed_mel/107850.npy,11677,The Honorable Sleaze,16784,Summer Fresh XE,29.976598639455784
107851,Folk,2,../data/local/processed_mel/107851.npy,16027,Pete Lund,16785,Gypsy Cab,30.002721088435376
107852,Folk,2,../data/local/processed_mel/107852.npy,16027,Pete Lund,16785,Gypsy Cab,30.002721088435376
107908,Electronic,0,../data/local/processed_mel/107908.npy,18808,Project 5am (Feat. DJ Whodini),16791,"5am, Wabi Sabi",30.002721088435376
107949,International,5,../data/local/processed_mel/107949.npy,18810,Mamá Patxanga,16799,Aliwbili,29.976598639455784
107950,International,5,../data/local/processed_mel/107950.npy,18810,Mamá Patxanga,16799,Aliwbili,30.002721088435376
107951,International,5,../data/local/processed_mel/107951.npy,18810,Mamá Patxanga,16799,Aliwbili,30.002721088435376
107952,International,5,../data/local/processed_mel/107952.npy,18810,Mamá Patxanga,16799,Aliwbili,29.976598639455784
107953,International,5,../data/local/processed_mel/107953.npy,18810,Mamá Patxanga,16799,Aliwbili,29.976598639455784
107954,International,5,../data/local/processed_mel/107954.npy,18810,Mamá Patxanga,16799,Aliwbili,29.976598639455784
107955,International,5,../data/local/processed_mel/107955.npy,18810,Mamá Patxanga,16799,Aliwbili,29.976598639455784
107956,International,5,../data/local/processed_mel/107956.npy,18810,Mamá Patxanga,16799,Aliwbili,30.002721088435376
107957,International,5,../data/local/processed_mel/107957.npy,18810,Mamá Patxanga,16799,Aliwbili,30.002721088435376
108012,Folk,2,../data/local/processed_mel/108012.npy,18816,Zach Fleury,16810,The Tarzan Suite,29.976598639455784
108014,Folk,2,../data/local/processed_mel/108014.npy,18816,Zach Fleury,16810,The Tarzan Suite,30.002721088435376
108015,Folk,2,../data/local/processed_mel/108015.npy,18816,Zach Fleury,16810,The Tarzan Suite,30.002721088435376
108016,Folk,2,../data/local/processed_mel/108016.npy,18816,Zach Fleury,16810,The Tarzan Suite,29.976598639455784
108017,Instrumental,4,../data/local/processed_mel/108017.npy,2008,Lee Rosevere,16811,All These Simple Things,30.002721088435376
108018,Instrumental,4,../data/local/processed_mel/108018.npy,2008,Lee Rosevere,16811,All These Simple Things,29.976598639455784
108019,Instrumental,4,../data/local/processed_mel/108019.npy,2008,Lee Rosevere,16811,All These Simple Things,29.976598639455784
108020,Instrumental,4,../data/local/processed_mel/108020.npy,2008,Lee Rosevere,16811,All These Simple Things,29.976598639455784
108021,Instrumental,4,../data/local/processed_mel/108021.npy,2008,Lee Rosevere,16811,All These Simple Things,30.002721088435376
108022,Instrumental,4,../data/local/processed_mel/108022.npy,2008,Lee Rosevere,16811,All These Simple Things,30.002721088435376
108023,Instrumental,4,../data/local/processed_mel/108023.npy,2008,Lee Rosevere,16811,All These Simple Things,29.976598639455784
108024,Instrumental,4,../data/local/processed_mel/108024.npy,2008,Lee Rosevere,16811,All These Simple Things,30.002721088435376
108025,Instrumental,4,../data/local/processed_mel/108025.npy,2008,Lee Rosevere,16811,All These Simple Things,29.976598639455784
108026,Instrumental,4,../data/local/processed_mel/108026.npy,2008,Lee Rosevere,16811,All These Simple Things,30.002721088435376
108027,Instrumental,4,../data/local/processed_mel/108027.npy,2008,Lee Rosevere,16811,All These Simple Things,29.976598639455784
108031,Rock,7,../data/local/processed_mel/108031.npy,18780,Wann,16755,Rubicone,29.976598639455784
108036,Rock,7,../data/local/processed_mel/108036.npy,18780,Wann,16755,Rubicone,29.976598639455784
108037,Rock,7,../data/local/processed_mel/108037.npy,18817,Kubark,16812,Kubark,30.002721088435376
108038,Rock,7,../data/local/processed_mel/108038.npy,18817,Kubark,16812,Kubark,29.976598639455784
108049,Experimental,1,../data/local/processed_mel/108049.npy,3171,Radioactive Sparrow,16814,Museum of the Future,30.002721088435376
108050,Experimental,1,../data/local/processed_mel/108050.npy,3171,Radioactive Sparrow,16814,Museum of the Future,30.002721088435376
108059,Experimental,1,../data/local/processed_mel/108059.npy,3171,Radioactive Sparrow,16814,Museum of the Future,29.976598639455784
108060,Experimental,1,../data/local/processed_mel/108060.npy,3171,Radioactive Sparrow,16814,Museum of the Future,30.002721088435376
108155,Rock,7,../data/local/processed_mel/108155.npy,18831,Interlude,16823,A la deriva,29.976598639455784
108230,Electronic,0,../data/local/processed_mel/108230.npy,18838,Marlaja Virta & ono,16835,[EPV_161] Viaton sydän,30.002721088435376
108290,Rock,7,../data/local/processed_mel/108290.npy,16025,Celebration,16842,Hello Paradise,29.976598639455784
108297,Rock,7,../data/local/processed_mel/108297.npy,16025,Celebration,16842,Hello Paradise,29.976598639455784
108298,Rock,7,../data/local/processed_mel/108298.npy,16025,Celebration,16842,Hello Paradise,29.976598639455784
108299,Folk,2,../data/local/processed_mel/108299.npy,18841,Carter Behnke,16843,Time To Go EP,30.002721088435376
108300,Folk,2,../data/local/processed_mel/108300.npy,18841,Carter Behnke,16843,Time To Go EP,29.976598639455784
108301,Folk,2,../data/local/processed_mel/108301.npy,18841,Carter Behnke,16843,Time To Go EP,29.976598639455784
108302,Folk,2,../data/local/processed_mel/108302.npy,18841,Carter Behnke,16843,Time To Go EP,30.002721088435376
108303,Folk,2,../data/local/processed_mel/108303.npy,18841,Carter Behnke,16843,Time To Go EP,29.976598639455784
108304,Folk,2,../data/local/processed_mel/108304.npy,18841,Carter Behnke,16843,Time To Go EP,29.976598639455784
108305,Folk,2,../data/local/processed_mel/108305.npy,18841,Carter Behnke,16843,Time To Go EP,30.002721088435376
108306,Folk,2,../data/local/processed_mel/108306.npy,18841,Carter Behnke,16843,Time To Go EP,29.976598639455784
108307,Folk,2,../data/local/processed_mel/108307.npy,18841,Carter Behnke,16843,Time To Go EP,30.002721088435376
108308,Folk,2,../data/local/processed_mel/108308.npy,18841,Carter Behnke,16843,Time To Go EP,29.976598639455784
108313,Experimental,1,../data/local/processed_mel/108313.npy,9500,Cagey House,16845,Queen of Spins,29.976598639455784
108314,Experimental,1,../data/local/processed_mel/108314.npy,9500,Cagey House,16845,Queen of Spins,30.002721088435376
108318,Experimental,1,../data/local/processed_mel/108318.npy,9500,Cagey House,16845,Queen of Spins,29.976598639455784
108319,Experimental,1,../data/local/processed_mel/108319.npy,9500,Cagey House,16845,Queen of Spins,29.976598639455784
108343,Electronic,0,../data/local/processed_mel/108343.npy,18847,The Prodigy,16855,Mean Machine,29.976598639455784
108415,Electronic,0,../data/local/processed_mel/108415.npy,18761,UncleBibby,16862,Free Music Project Vol. 2,29.976598639455784
108416,Electronic,0,../data/local/processed_mel/108416.npy,18761,UncleBibby,16862,Free Music Project Vol. 2,30.002721088435376
108418,Electronic,0,../data/local/processed_mel/108418.npy,18761,UncleBibby,16862,Free Music Project Vol. 2,29.976598639455784
108420,Electronic,0,../data/local/processed_mel/108420.npy,18761,UncleBibby,16862,Free Music Project Vol. 2,29.976598639455784
108421,Electronic,0,../data/local/processed_mel/108421.npy,18761,UncleBibby,16862,Free Music Project Vol. 2,29.976598639455784
108422,Electronic,0,../data/local/processed_mel/108422.npy,18761,UncleBibby,16862,Free Music Project Vol. 2,30.002721088435376
108423,Electronic,0,../data/local/processed_mel/108423.npy,18761,UncleBibby,16862,Free Music Project Vol. 2,30.002721088435376
108425,Pop,6,../data/local/processed_mel/108425.npy,18870,cultureculture,16863,cultureculture EP 2014,29.976598639455784
108426,Pop,6,../data/local/processed_mel/108426.npy,18870,cultureculture,16863,cultureculture EP 2014,30.002721088435376
108427,Pop,6,../data/local/processed_mel/108427.npy,18870,cultureculture,16863,cultureculture EP 2014,30.002721088435376
108428,Pop,6,../data/local/processed_mel/108428.npy,18870,cultureculture,16863,cultureculture EP 2014,29.976598639455784
108429,Pop,6,../data/local/processed_mel/108429.npy,18870,cultureculture,16863,cultureculture EP 2014,29.976598639455784
108464,Electronic,0,../data/local/processed_mel/108464.npy,2008,Lee Rosevere,16867,Earthe,29.976598639455784
108471,Instrumental,4,../data/local/processed_mel/108471.npy,18876,Alex Mason,16870,Hybrid,30.002721088435376
108472,Instrumental,4,../data/local/processed_mel/108472.npy,18876,Alex Mason,16870,Hybrid,30.002721088435376
108473,Instrumental,4,../data/local/processed_mel/108473.npy,18876,Alex Mason,16870,Hybrid,29.976598639455784
108474,Instrumental,4,../data/local/processed_mel/108474.npy,18876,Alex Mason,16870,Hybrid,29.976598639455784
108475,Instrumental,4,../data/local/processed_mel/108475.npy,18876,Alex Mason,16870,Hybrid,30.002721088435376
108476,Instrumental,4,../data/local/processed_mel/108476.npy,18876,Alex Mason,16870,Hybrid,29.976598639455784
108477,Instrumental,4,../data/local/processed_mel/108477.npy,18876,Alex Mason,16870,Hybrid,29.976598639455784
108478,Instrumental,4,../data/local/processed_mel/108478.npy,18876,Alex Mason,16870,Hybrid,30.002721088435376
108487,Hip-Hop,3,../data/local/processed_mel/108487.npy,18877,Sun Sunych,16872,Hybris,29.988979591836735
108488,Hip-Hop,3,../data/local/processed_mel/108488.npy,18878,Sun Sunych ft. Alex East Block,16872,Hybris,29.988979591836735
108489,Hip-Hop,3,../data/local/processed_mel/108489.npy,18877,Sun Sunych,16872,Hybris,29.988979591836735
108490,Hip-Hop,3,../data/local/processed_mel/108490.npy,18877,Sun Sunych,16872,Hybris,29.988979591836735
108491,Hip-Hop,3,../data/local/processed_mel/108491.npy,18877,Sun Sunych,16872,Hybris,29.988979591836735
108492,Hip-Hop,3,../data/local/processed_mel/108492.npy,18877,Sun Sunych,16872,Hybris,29.988979591836735
108494,Hip-Hop,3,../data/local/processed_mel/108494.npy,18880,Sun Sunych ft. Marina Zakharchenko,16872,Hybris,29.988979591836735
108496,Hip-Hop,3,../data/local/processed_mel/108496.npy,18877,Sun Sunych,16872,Hybris,29.988979591836735
108497,Hip-Hop,3,../data/local/processed_mel/108497.npy,18877,Sun Sunych,16872,Hybris,29.988979591836735
108498,Hip-Hop,3,../data/local/processed_mel/108498.npy,18878,Sun Sunych ft. Alex East Block,16872,Hybris,29.988979591836735
108499,Hip-Hop,3,../data/local/processed_mel/108499.npy,18877,Sun Sunych,16872,Hybris,29.988979591836735
108500,Hip-Hop,3,../data/local/processed_mel/108500.npy,18881,Sun Sunych ft. Sunniq & Alex East Block,16872,Hybris,29.988979591836735
108501,Hip-Hop,3,../data/local/processed_mel/108501.npy,18877,Sun Sunych,16872,Hybris,29.988979591836735
108502,Rock,7,../data/local/processed_mel/108502.npy,17247,Voodoo Puppets,16875,Split,30.002721088435376
108503,Rock,7,../data/local/processed_mel/108503.npy,17247,Voodoo Puppets,16875,Split,30.002721088435376
108504,Rock,7,../data/local/processed_mel/108504.npy,18884,Botinki Ra,16875,Split,29.976598639455784
108505,Rock,7,../data/local/processed_mel/108505.npy,18884,Botinki Ra,16875,Split,30.002721088435376
108745,Hip-Hop,3,../data/local/processed_mel/108745.npy,18872,Cheese N Pot-C,16884,Cheese N Pot-C Buffet XE,30.002721088435376
108774,Hip-Hop,3,../data/local/processed_mel/108774.npy,18872,Cheese N Pot-C,16888,"Bloc Party (Featuring CM aka Creative, The Honorable Sleaze, C-Doc & Mported Flows)",30.002721088435376
108799,Hip-Hop,3,../data/local/processed_mel/108799.npy,18921,D3Zs,16889,Doin' The Raps XE,29.976598639455784
108808,Hip-Hop,3,../data/local/processed_mel/108808.npy,18921,D3Zs,16889,Doin' The Raps XE,29.976598639455784
108809,Hip-Hop,3,../data/local/processed_mel/108809.npy,18921,D3Zs,16889,Doin' The Raps XE,30.002721088435376
108812,Hip-Hop,3,../data/local/processed_mel/108812.npy,18921,D3Zs,16889,Doin' The Raps XE,29.976598639455784
108836,Hip-Hop,3,../data/local/processed_mel/108836.npy,3593,Tha Silent Partner,16893,SIX ONNA 7 (Part 3),30.002721088435376
108837,Hip-Hop,3,../data/local/processed_mel/108837.npy,3593,Tha Silent Partner,16893,SIX ONNA 7 (Part 3),29.976598639455784
108838,Hip-Hop,3,../data/local/processed_mel/108838.npy,3593,Tha Silent Partner,16893,SIX ONNA 7 (Part 3),30.002721088435376
108839,Hip-Hop,3,../data/local/processed_mel/108839.npy,3593,Tha Silent Partner,16893,SIX ONNA 7 (Part 3),29.976598639455784
108840,Hip-Hop,3,../data/local/processed_mel/108840.npy,3593,Tha Silent Partner,16893,SIX ONNA 7 (Part 3),29.976598639455784
108841,Hip-Hop,3,../data/local/processed_mel/108841.npy,3593,Tha Silent Partner,16893,SIX ONNA 7 (Part 3),29.976598639455784
108878,Instrumental,4,../data/local/processed_mel/108878.npy,10469,Plusplus,16902,Psycho,29.976598639455784
108879,Instrumental,4,../data/local/processed_mel/108879.npy,10469,Plusplus,16902,Psycho,30.002721088435376
108880,Instrumental,4,../data/local/processed_mel/108880.npy,10469,Plusplus,16902,Psycho,30.002721088435376
108881,Instrumental,4,../data/local/processed_mel/108881.npy,10469,Plusplus,16902,Psycho,30.002721088435376
108882,Instrumental,4,../data/local/processed_mel/108882.npy,10469,Plusplus,16902,Psycho,30.002721088435376
108883,Instrumental,4,../data/local/processed_mel/108883.npy,10469,Plusplus,16902,Psycho,29.976598639455784
108884,Instrumental,4,../data/local/processed_mel/108884.npy,10469,Plusplus,16902,Psycho,29.976598639455784
108885,Instrumental,4,../data/local/processed_mel/108885.npy,10469,Plusplus,16902,Psycho,29.976598639455784
108906,Instrumental,4,../data/local/processed_mel/108906.npy,18673,Fabian Measures,19143,Singles Album,29.976598639455784
108957,Rock,7,../data/local/processed_mel/108957.npy,18947,The Mystery Artist,16914,Unquietness,30.002721088435376
108961,Rock,7,../data/local/processed_mel/108961.npy,18947,The Mystery Artist,16914,Unquietness,30.002721088435376
108962,Rock,7,../data/local/processed_mel/108962.npy,18947,The Mystery Artist,16914,Unquietness,30.002721088435376
108967,Rock,7,../data/local/processed_mel/108967.npy,18948,The Judy Blooms,16915,"Live on WFMU's Dark Night of the Soul with Julie - September 4, 2014",29.976598639455784
108968,Rock,7,../data/local/processed_mel/108968.npy,18948,The Judy Blooms,16915,"Live on WFMU's Dark Night of the Soul with Julie - September 4, 2014",29.976598639455784
108969,Rock,7,../data/local/processed_mel/108969.npy,18948,The Judy Blooms,16915,"Live on WFMU's Dark Night of the Soul with Julie - September 4, 2014",29.976598639455784
108970,Rock,7,../data/local/processed_mel/108970.npy,18948,The Judy Blooms,16915,"Live on WFMU's Dark Night of the Soul with Julie - September 4, 2014",29.976598639455784
109068,Experimental,1,../data/local/processed_mel/109068.npy,14930,Rene Kita,16928,Polkimellisuuksia,30.002721088435376
109071,Experimental,1,../data/local/processed_mel/109071.npy,14930,Rene Kita,16928,Polkimellisuuksia,30.002721088435376
109072,Experimental,1,../data/local/processed_mel/109072.npy,14930,Rene Kita,16928,Polkimellisuuksia,30.002721088435376
109106,Experimental,1,../data/local/processed_mel/109106.npy,18976,100% BLACK,16933,lodged,29.976598639455784
109189,Instrumental,4,../data/local/processed_mel/109189.npy,18000,Aires,16946,Split - Aires / Rui P. Andrade / Earthly Beasts,29.976598639455784
109191,Instrumental,4,../data/local/processed_mel/109191.npy,18984,Earthly Beasts,16946,Split - Aires / Rui P. Andrade / Earthly Beasts,29.976598639455784
109203,Rock,7,../data/local/processed_mel/109203.npy,17534,Mário Gajarský,15555,Mário Gajarský,29.976598639455784
109235,Rock,7,../data/local/processed_mel/109235.npy,18988,Vicky and The Vengents,16953,"Live on WFMU's Three Chord Monty with Joe Belock: Aug 19, 2014",29.976598639455784
109276,Experimental,1,../data/local/processed_mel/109276.npy,7663,Razen,16958,Remote Hologram,29.976598639455784
109349,Rock,7,../data/local/processed_mel/109349.npy,17080,intouch,16969,Pride,29.976598639455784
109350,Rock,7,../data/local/processed_mel/109350.npy,15300,TIGERBERRY,16970,Spirit Kit,30.002721088435376
109355,Rock,7,../data/local/processed_mel/109355.npy,15300,TIGERBERRY,16970,Spirit Kit,30.002721088435376
109356,Rock,7,../data/local/processed_mel/109356.npy,15300,TIGERBERRY,16970,Spirit Kit,30.002721088435376
109357,Rock,7,../data/local/processed_mel/109357.npy,15300,TIGERBERRY,16970,Spirit Kit,29.976598639455784
109445,Folk,2,../data/local/processed_mel/109445.npy,19010,Stephen Bartolomei,16983,"Live on WFMU with Irene Trudel - September 8, 2014",30.002721088435376
109446,Folk,2,../data/local/processed_mel/109446.npy,19010,Stephen Bartolomei,16983,"Live on WFMU with Irene Trudel - September 8, 2014",29.976598639455784
109447,Folk,2,../data/local/processed_mel/109447.npy,19010,Stephen Bartolomei,16983,"Live on WFMU with Irene Trudel - September 8, 2014",29.976598639455784
109448,Folk,2,../data/local/processed_mel/109448.npy,19010,Stephen Bartolomei,16983,"Live on WFMU with Irene Trudel - September 8, 2014",30.002721088435376
109449,Folk,2,../data/local/processed_mel/109449.npy,19010,Stephen Bartolomei,16983,"Live on WFMU with Irene Trudel - September 8, 2014",29.976598639455784
109450,Folk,2,../data/local/processed_mel/109450.npy,19010,Stephen Bartolomei,16983,"Live on WFMU with Irene Trudel - September 8, 2014",30.002721088435376
109468,Rock,7,../data/local/processed_mel/109468.npy,19011,The Pink Tiles,16984,"Live on WFMU's Surface Noise with Joe McGasko: Oct 2, 2014",29.976598639455784
109480,Folk,2,../data/local/processed_mel/109480.npy,17024,Rachel Ries,16985,"Live on WFMU with Irene Trudel - September 15, 2014",30.002721088435376
109481,Rock,7,../data/local/processed_mel/109481.npy,19012,Doom,16986,"Live on WFMU with Brian Turner: Sep 23, 2014",29.988979591836735
109497,Rock,7,../data/local/processed_mel/109497.npy,19012,Doom,16986,"Live on WFMU with Brian Turner: Sep 23, 2014",29.988979591836735
109535,Electronic,0,../data/local/processed_mel/109535.npy,8118,Skip,16992,HyperSpaceAdventure,29.976598639455784
109537,Electronic,0,../data/local/processed_mel/109537.npy,8118,Skip,16992,HyperSpaceAdventure,29.976598639455784
109538,Electronic,0,../data/local/processed_mel/109538.npy,8118,Skip,16992,HyperSpaceAdventure,30.002721088435376
109542,Electronic,0,../data/local/processed_mel/109542.npy,19015,Newton Balloon,16993,Every Cloud Has Your Smile,29.988979591836735
109543,Electronic,0,../data/local/processed_mel/109543.npy,19015,Newton Balloon,16993,Every Cloud Has Your Smile,29.976598639455784
109548,Experimental,1,../data/local/processed_mel/109548.npy,10071,East of Borneo,16947,Scrunch,30.002721088435376
109670,Hip-Hop,3,../data/local/processed_mel/109670.npy,18921,D3Zs,17013,Zenpin Hangaku,30.002721088435376
109681,Hip-Hop,3,../data/local/processed_mel/109681.npy,19024,CM & Tha Silent Partner,17015,bloc Sonics,30.002721088435376
109684,Hip-Hop,3,../data/local/processed_mel/109684.npy,19024,CM & Tha Silent Partner,17015,bloc Sonics,29.976598639455784
109685,Hip-Hop,3,../data/local/processed_mel/109685.npy,19024,CM & Tha Silent Partner,17015,bloc Sonics,29.976598639455784
109686,Hip-Hop,3,../data/local/processed_mel/109686.npy,19024,CM & Tha Silent Partner,17015,bloc Sonics,29.976598639455784
109687,Hip-Hop,3,../data/local/processed_mel/109687.npy,19024,CM & Tha Silent Partner,17015,bloc Sonics,30.002721088435376
109711,Experimental,1,../data/local/processed_mel/109711.npy,8109,Tiruset,17019,Minimal Machine Music,29.976598639455784
109712,Experimental,1,../data/local/processed_mel/109712.npy,8109,Tiruset,17019,Minimal Machine Music,29.976598639455784
109896,Folk,2,../data/local/processed_mel/109896.npy,19031,Debby Schwartz,17031,Live on WFMU with Gaylord Fields - October 5. 2014,30.002721088435376
109900,Folk,2,../data/local/processed_mel/109900.npy,19031,Debby Schwartz,17031,Live on WFMU with Gaylord Fields - October 5. 2014,30.002721088435376
109901,Folk,2,../data/local/processed_mel/109901.npy,19031,Debby Schwartz,17031,Live on WFMU with Gaylord Fields - October 5. 2014,29.976598639455784
109902,Folk,2,../data/local/processed_mel/109902.npy,19031,Debby Schwartz,17031,Live on WFMU with Gaylord Fields - October 5. 2014,29.976598639455784
109903,Folk,2,../data/local/processed_mel/109903.npy,19031,Debby Schwartz,17031,Live on WFMU with Gaylord Fields - October 5. 2014,30.002721088435376
109904,Folk,2,../data/local/processed_mel/109904.npy,19031,Debby Schwartz,17031,Live on WFMU with Gaylord Fields - October 5. 2014,29.976598639455784
109905,Folk,2,../data/local/processed_mel/109905.npy,19031,Debby Schwartz,17031,Live on WFMU with Gaylord Fields - October 5. 2014,29.976598639455784
109906,Folk,2,../data/local/processed_mel/109906.npy,19031,Debby Schwartz,17031,Live on WFMU with Gaylord Fields - October 5. 2014,30.002721088435376
110109,Electronic,0,../data/local/processed_mel/110109.npy,8657,Rushjet1,17051,Piko Piko Stereo,29.976598639455784
110110,Electronic,0,../data/local/processed_mel/110110.npy,19044,McMaNGOS,17051,Piko Piko Stereo,29.976598639455784
110111,Electronic,0,../data/local/processed_mel/110111.npy,19045,Rhythmics & Cat Like Thief,17051,Piko Piko Stereo,30.002721088435376
110166,Rock,7,../data/local/processed_mel/110166.npy,19050,The #1s,17064,"Live on WFMU with Evan ""Funk"" Davies - October 22. 2014",29.976598639455784
110167,Rock,7,../data/local/processed_mel/110167.npy,19050,The #1s,17064,"Live on WFMU with Evan ""Funk"" Davies - October 22. 2014",29.976598639455784
110171,Folk,2,../data/local/processed_mel/110171.npy,1625,Peter Biedermann,17065,"Live on WFMU with Irene Trudel - October 20, 2014",29.976598639455784
110172,Folk,2,../data/local/processed_mel/110172.npy,1625,Peter Biedermann,17065,"Live on WFMU with Irene Trudel - October 20, 2014",29.976598639455784
110230,Experimental,1,../data/local/processed_mel/110230.npy,17790,Host,17073,Star & System,29.976598639455784
110259,Hip-Hop,3,../data/local/processed_mel/110259.npy,19057,Kellee Maize & J. Glaze Productions,17087,The Remixes,29.976598639455784
110260,Hip-Hop,3,../data/local/processed_mel/110260.npy,19057,Kellee Maize & J. Glaze Productions,17087,The Remixes,29.976598639455784
110261,Hip-Hop,3,../data/local/processed_mel/110261.npy,19057,Kellee Maize & J. Glaze Productions,17087,The Remixes,30.002721088435376
110262,Hip-Hop,3,../data/local/processed_mel/110262.npy,19057,Kellee Maize & J. Glaze Productions,17087,The Remixes,30.002721088435376
110263,Hip-Hop,3,../data/local/processed_mel/110263.npy,19058,Kellee Maize & J. Glaze & Udachi,17087,The Remixes,30.002721088435376
110264,Hip-Hop,3,../data/local/processed_mel/110264.npy,19057,Kellee Maize & J. Glaze Productions,17087,The Remixes,30.002721088435376
110265,Hip-Hop,3,../data/local/processed_mel/110265.npy,19058,Kellee Maize & J. Glaze & Udachi,17087,The Remixes,29.976598639455784
110266,Hip-Hop,3,../data/local/processed_mel/110266.npy,19059,Kellee Maize & J. Glaze & Mike Cash,17087,The Remixes,30.002721088435376
110267,Hip-Hop,3,../data/local/processed_mel/110267.npy,19057,Kellee Maize & J. Glaze Productions,17087,The Remixes,29.976598639455784
110274,Experimental,1,../data/local/processed_mel/110274.npy,19061,tramuc and darius,17089,rebirth of time,29.976598639455784
110384,Folk,2,../data/local/processed_mel/110384.npy,1625,Peter Biedermann,17065,"Live on WFMU with Irene Trudel - October 20, 2014",30.002721088435376
110410,Rock,7,../data/local/processed_mel/110410.npy,18597,Vows,17104,"Live on WFMU's Dark Night of The Soul with Julie: Sep 22, 2014",30.002721088435376
110417,Rock,7,../data/local/processed_mel/110417.npy,18597,Vows,17104,"Live on WFMU's Dark Night of The Soul with Julie: Sep 22, 2014",29.976598639455784
110436,Folk,2,../data/local/processed_mel/110436.npy,559,Michael Chapman,17108,"Live on WFMU's Surface Noise with Joe McGasko - September 25, 2014",29.976598639455784
110437,Folk,2,../data/local/processed_mel/110437.npy,559,Michael Chapman,17108,"Live on WFMU's Surface Noise with Joe McGasko - September 25, 2014",29.976598639455784
110438,Folk,2,../data/local/processed_mel/110438.npy,559,Michael Chapman,17108,"Live on WFMU's Surface Noise with Joe McGasko - September 25, 2014",29.976598639455784
110439,Folk,2,../data/local/processed_mel/110439.npy,559,Michael Chapman,17108,"Live on WFMU's Surface Noise with Joe McGasko - September 25, 2014",29.976598639455784
110440,Folk,2,../data/local/processed_mel/110440.npy,559,Michael Chapman,17108,"Live on WFMU's Surface Noise with Joe McGasko - September 25, 2014",30.002721088435376
110441,Folk,2,../data/local/processed_mel/110441.npy,559,Michael Chapman,17108,"Live on WFMU's Surface Noise with Joe McGasko - September 25, 2014",30.002721088435376
110447,International,5,../data/local/processed_mel/110447.npy,19071,Papascandy,17111,Speakin Up,29.976598639455784
110448,International,5,../data/local/processed_mel/110448.npy,19071,Papascandy,17111,Speakin Up,30.002721088435376
110449,International,5,../data/local/processed_mel/110449.npy,19071,Papascandy,17111,Speakin Up,29.976598639455784
110450,International,5,../data/local/processed_mel/110450.npy,19071,Papascandy,17111,Speakin Up,29.976598639455784
110451,International,5,../data/local/processed_mel/110451.npy,19071,Papascandy,17111,Speakin Up,30.002721088435376
110452,International,5,../data/local/processed_mel/110452.npy,19071,Papascandy,17111,Speakin Up,30.002721088435376
110546,Rock,7,../data/local/processed_mel/110546.npy,19091,High Times,17119,Demo,30.002721088435376
110610,Experimental,1,../data/local/processed_mel/110610.npy,16162,Jeff Kolar,17123,Remote Control,29.976598639455784
110611,Experimental,1,../data/local/processed_mel/110611.npy,16162,Jeff Kolar,17124,Hallmark Cards Vol. 2: Happy Birthday To You,30.002721088435376
110623,Experimental,1,../data/local/processed_mel/110623.npy,19092,Mirbeau,17126,Silence and Blue Notes,30.002721088435376
110629,Experimental,1,../data/local/processed_mel/110629.npy,19092,Mirbeau,17126,Silence and Blue Notes,30.002721088435376
110630,Experimental,1,../data/local/processed_mel/110630.npy,19092,Mirbeau,17126,Silence and Blue Notes,29.976598639455784
110634,Rock,7,../data/local/processed_mel/110634.npy,18163,Eidetic Seeing,17127,Drink the Sun,29.976598639455784
110636,Rock,7,../data/local/processed_mel/110636.npy,18163,Eidetic Seeing,17127,Drink the Sun,29.976598639455784
110637,Rock,7,../data/local/processed_mel/110637.npy,18163,Eidetic Seeing,17127,Drink the Sun,30.002721088435376
110647,Instrumental,4,../data/local/processed_mel/110647.npy,19096,Il Sogno Del Marinaio,17131,"Live on Redundancy Radio with DJ Disk Jockey: October 22, 2014",29.976598639455784
110648,Instrumental,4,../data/local/processed_mel/110648.npy,19096,Il Sogno Del Marinaio,17131,"Live on Redundancy Radio with DJ Disk Jockey: October 22, 2014",30.002721088435376
110649,Instrumental,4,../data/local/processed_mel/110649.npy,19096,Il Sogno Del Marinaio,17131,"Live on Redundancy Radio with DJ Disk Jockey: October 22, 2014",29.976598639455784
110650,Instrumental,4,../data/local/processed_mel/110650.npy,19096,Il Sogno Del Marinaio,17131,"Live on Redundancy Radio with DJ Disk Jockey: October 22, 2014",29.976598639455784
110651,Instrumental,4,../data/local/processed_mel/110651.npy,19096,Il Sogno Del Marinaio,17131,"Live on Redundancy Radio with DJ Disk Jockey: October 22, 2014",29.976598639455784
110652,Instrumental,4,../data/local/processed_mel/110652.npy,19096,Il Sogno Del Marinaio,17131,"Live on Redundancy Radio with DJ Disk Jockey: October 22, 2014",30.002721088435376
110653,Instrumental,4,../data/local/processed_mel/110653.npy,19096,Il Sogno Del Marinaio,17131,"Live on Redundancy Radio with DJ Disk Jockey: October 22, 2014",30.002721088435376
110654,Instrumental,4,../data/local/processed_mel/110654.npy,19096,Il Sogno Del Marinaio,17131,"Live on Redundancy Radio with DJ Disk Jockey: October 22, 2014",29.976598639455784
110681,Experimental,1,../data/local/processed_mel/110681.npy,16239,HighWay17,17141,The Nylon Fillings,30.002721088435376
110684,Experimental,1,../data/local/processed_mel/110684.npy,16239,HighWay17,17141,The Nylon Fillings,29.976598639455784
110687,Electronic,0,../data/local/processed_mel/110687.npy,19102,Anima,17142,Dreamheart,29.976598639455784
110688,Electronic,0,../data/local/processed_mel/110688.npy,19102,Anima,17142,Dreamheart,30.002721088435376
110689,Electronic,0,../data/local/processed_mel/110689.npy,19102,Anima,17142,Dreamheart,29.976598639455784
110690,Electronic,0,../data/local/processed_mel/110690.npy,19102,Anima,17142,Dreamheart,29.976598639455784
110691,Electronic,0,../data/local/processed_mel/110691.npy,19102,Anima,17142,Dreamheart,30.002721088435376
110711,Experimental,1,../data/local/processed_mel/110711.npy,19104,Chris Silver T and Mauro Sambo,17148,…Serpeggiava Un Freddo Viscido Di Ombra Perenne’ ,29.976598639455784
110735,Hip-Hop,3,../data/local/processed_mel/110735.npy,18921,D3Zs,17151,"Bloc Party 2 (Featuring CM aka Creative, C-Doc, The Honorable Sleaze, L-Mega & Pot-C)",30.002721088435376
110736,Hip-Hop,3,../data/local/processed_mel/110736.npy,18921,D3Zs,17151,"Bloc Party 2 (Featuring CM aka Creative, C-Doc, The Honorable Sleaze, L-Mega & Pot-C)",29.976598639455784
110923,Folk,2,../data/local/processed_mel/110923.npy,19109,Humble Tripe,17160,"Live on WFMU's Shrunken Planet with Jeffrey Davison - September 27, 2014",30.002721088435376
110927,Folk,2,../data/local/processed_mel/110927.npy,19109,Humble Tripe,17160,"Live on WFMU's Shrunken Planet with Jeffrey Davison - September 27, 2014",29.976598639455784
110928,Folk,2,../data/local/processed_mel/110928.npy,19109,Humble Tripe,17160,"Live on WFMU's Shrunken Planet with Jeffrey Davison - September 27, 2014",29.976598639455784
110980,Rock,7,../data/local/processed_mel/110980.npy,19115,Antethic,17168,Origin,29.976598639455784
110982,Rock,7,../data/local/processed_mel/110982.npy,19115,Antethic,17168,Origin,30.002721088435376
110983,Rock,7,../data/local/processed_mel/110983.npy,19115,Antethic,17168,Origin,29.976598639455784
110985,Rock,7,../data/local/processed_mel/110985.npy,19115,Antethic,17168,Origin,29.976598639455784
111015,Instrumental,4,../data/local/processed_mel/111015.npy,13830,krackatoa,17175,All is lost is found,29.976598639455784
111220,Instrumental,4,../data/local/processed_mel/111220.npy,15547,Mystified,17195,Traveller Soundtrack Selections,30.002721088435376
111221,Instrumental,4,../data/local/processed_mel/111221.npy,15547,Mystified,17195,Traveller Soundtrack Selections,29.976598639455784
111222,Instrumental,4,../data/local/processed_mel/111222.npy,15547,Mystified,17195,Traveller Soundtrack Selections,30.002721088435376
111223,Instrumental,4,../data/local/processed_mel/111223.npy,15547,Mystified,17195,Traveller Soundtrack Selections,30.002721088435376
111224,Instrumental,4,../data/local/processed_mel/111224.npy,15547,Mystified,17195,Traveller Soundtrack Selections,30.002721088435376
111225,Instrumental,4,../data/local/processed_mel/111225.npy,15547,Mystified,17195,Traveller Soundtrack Selections,29.976598639455784
111226,Instrumental,4,../data/local/processed_mel/111226.npy,15547,Mystified,17195,Traveller Soundtrack Selections,30.002721088435376
111227,Instrumental,4,../data/local/processed_mel/111227.npy,15547,Mystified,17195,Traveller Soundtrack Selections,29.976598639455784
111228,Instrumental,4,../data/local/processed_mel/111228.npy,15547,Mystified,17195,Traveller Soundtrack Selections,29.976598639455784
111229,Instrumental,4,../data/local/processed_mel/111229.npy,15547,Mystified,17195,Traveller Soundtrack Selections,30.002721088435376
111230,Instrumental,4,../data/local/processed_mel/111230.npy,15547,Mystified,17195,Traveller Soundtrack Selections,29.976598639455784
111306,Rock,7,../data/local/processed_mel/111306.npy,13966,Lately Kind of Yeah,17208,Gastr,29.976598639455784
111311,Rock,7,../data/local/processed_mel/111311.npy,13966,Lately Kind of Yeah,17208,Gastr,30.002721088435376
111335,Rock,7,../data/local/processed_mel/111335.npy,13523,springtide,13316,Just Before April,29.976598639455784
111367,Pop,6,../data/local/processed_mel/111367.npy,16362,Fierbinteanu,17220,Massive Exposure [LCL19],30.002721088435376
111368,Pop,6,../data/local/processed_mel/111368.npy,16362,Fierbinteanu,17220,Massive Exposure [LCL19],29.976598639455784
111371,Pop,6,../data/local/processed_mel/111371.npy,16362,Fierbinteanu,17220,Massive Exposure [LCL19],29.976598639455784
111372,Pop,6,../data/local/processed_mel/111372.npy,16362,Fierbinteanu,17220,Massive Exposure [LCL19],29.976598639455784
111375,Pop,6,../data/local/processed_mel/111375.npy,16362,Fierbinteanu,17220,Massive Exposure [LCL19],29.976598639455784
111376,Pop,6,../data/local/processed_mel/111376.npy,16362,Fierbinteanu,17220,Massive Exposure [LCL19],30.002721088435376
111377,Pop,6,../data/local/processed_mel/111377.npy,16362,Fierbinteanu,17220,Massive Exposure [LCL19],30.002721088435376
111378,Pop,6,../data/local/processed_mel/111378.npy,16362,Fierbinteanu,17220,Massive Exposure [LCL19],29.976598639455784
111379,Pop,6,../data/local/processed_mel/111379.npy,16362,Fierbinteanu,17220,Massive Exposure [LCL19],30.002721088435376
111382,Pop,6,../data/local/processed_mel/111382.npy,16362,Fierbinteanu,17220,Massive Exposure [LCL19],29.976598639455784
111385,Pop,6,../data/local/processed_mel/111385.npy,16362,Fierbinteanu,17220,Massive Exposure [LCL19],29.976598639455784
111386,Pop,6,../data/local/processed_mel/111386.npy,16362,Fierbinteanu,17220,Massive Exposure [LCL19],29.976598639455784
111387,Pop,6,../data/local/processed_mel/111387.npy,16362,Fierbinteanu,17220,Massive Exposure [LCL19],29.976598639455784
111388,Pop,6,../data/local/processed_mel/111388.npy,16362,Fierbinteanu,17220,Massive Exposure [LCL19],29.976598639455784
111389,Pop,6,../data/local/processed_mel/111389.npy,16362,Fierbinteanu,17220,Massive Exposure [LCL19],30.002721088435376
111390,Pop,6,../data/local/processed_mel/111390.npy,16362,Fierbinteanu,17220,Massive Exposure [LCL19],29.976598639455784
111391,Pop,6,../data/local/processed_mel/111391.npy,16362,Fierbinteanu,17220,Massive Exposure [LCL19],29.976598639455784
111392,Pop,6,../data/local/processed_mel/111392.npy,16362,Fierbinteanu,17220,Massive Exposure [LCL19],30.002721088435376
111393,Pop,6,../data/local/processed_mel/111393.npy,16362,Fierbinteanu,17220,Massive Exposure [LCL19],29.976598639455784
111394,Pop,6,../data/local/processed_mel/111394.npy,16362,Fierbinteanu,17220,Massive Exposure [LCL19],29.976598639455784
111395,Pop,6,../data/local/processed_mel/111395.npy,16362,Fierbinteanu,17220,Massive Exposure [LCL19],30.002721088435376
111396,Pop,6,../data/local/processed_mel/111396.npy,16362,Fierbinteanu,17220,Massive Exposure [LCL19],29.976598639455784
111397,Pop,6,../data/local/processed_mel/111397.npy,16362,Fierbinteanu,17220,Massive Exposure [LCL19],30.002721088435376
111398,Pop,6,../data/local/processed_mel/111398.npy,16362,Fierbinteanu,17220,Massive Exposure [LCL19],29.976598639455784
111399,Pop,6,../data/local/processed_mel/111399.npy,16362,Fierbinteanu,17220,Massive Exposure [LCL19],30.002721088435376
111400,Pop,6,../data/local/processed_mel/111400.npy,16362,Fierbinteanu,17220,Massive Exposure [LCL19],29.976598639455784
111401,Pop,6,../data/local/processed_mel/111401.npy,16362,Fierbinteanu,17220,Massive Exposure [LCL19],30.002721088435376
111402,Pop,6,../data/local/processed_mel/111402.npy,16362,Fierbinteanu,17220,Massive Exposure [LCL19],30.002721088435376
111460,Experimental,1,../data/local/processed_mel/111460.npy,16066,Fields Ohio,17229,Without Love We Are Dangerous,30.002721088435376
111579,Experimental,1,../data/local/processed_mel/111579.npy,19064,Jarby Mc Coy,17179,décollages,29.976598639455784
111658,Rock,7,../data/local/processed_mel/111658.npy,13523,springtide,13316,Just Before April,30.002721088435376
111747,Rock,7,../data/local/processed_mel/111747.npy,19174,Soko,17258,"Live on WFMU's Dark Night of the Soul - November 13, 2014",29.976598639455784
111793,Instrumental,4,../data/local/processed_mel/111793.npy,19188,Nightech,17264,Silence of the Noise,29.976598639455784
111819,Electronic,0,../data/local/processed_mel/111819.npy,19189,P C III,17267,"Ad Astra, Vol. 1",29.976598639455784
111873,Instrumental,4,../data/local/processed_mel/111873.npy,19192,MULTIPOINT INJECTOR,17272,Works 1999-2002,30.002721088435376
111911,Rock,7,../data/local/processed_mel/111911.npy,19198,Camden,17277,Reel Time Canvas,30.002721088435376
111933,Electronic,0,../data/local/processed_mel/111933.npy,19200,EG111111,17281,Full Turn,29.976598639455784
111974,Rock,7,../data/local/processed_mel/111974.npy,19211,Gal Pals,17289,"Live on WFMU's Bodega Pop Live with Gary Sullivan - October 22, 2014",30.002721088435376
112020,Rock,7,../data/local/processed_mel/112020.npy,13523,springtide,13316,Just Before April,29.976598639455784
112065,Rock,7,../data/local/processed_mel/112065.npy,16689,Still Pluto,17297,Songs To Mend The Heart Once Been Torn Apart,29.976598639455784
112066,Rock,7,../data/local/processed_mel/112066.npy,16689,Still Pluto,17297,Songs To Mend The Heart Once Been Torn Apart,29.976598639455784
112088,Experimental,1,../data/local/processed_mel/112088.npy,19219,Martin Rach,17299,Zitherphonics,30.002721088435376
112133,Experimental,1,../data/local/processed_mel/112133.npy,19219,Martin Rach,17308,Mongrel Drone Set,30.002721088435376
112196,Experimental,1,../data/local/processed_mel/112196.npy,19259,Dead Peoples Records,17321,Scherzophobia,29.976598639455784
112197,Experimental,1,../data/local/processed_mel/112197.npy,19259,Dead Peoples Records,17321,Scherzophobia,29.976598639455784
112198,Experimental,1,../data/local/processed_mel/112198.npy,19259,Dead Peoples Records,17321,Scherzophobia,29.976598639455784
112199,Experimental,1,../data/local/processed_mel/112199.npy,19259,Dead Peoples Records,17321,Scherzophobia,30.002721088435376
112209,Instrumental,4,../data/local/processed_mel/112209.npy,12654,The OO-Ray,17325,Snowglobe EP,30.002721088435376
112210,Instrumental,4,../data/local/processed_mel/112210.npy,12654,The OO-Ray,17325,Snowglobe EP,30.002721088435376
112211,Instrumental,4,../data/local/processed_mel/112211.npy,12654,The OO-Ray,17325,Snowglobe EP,29.976598639455784
112215,Experimental,1,../data/local/processed_mel/112215.npy,19260,long_loaf,17326,Search,29.976598639455784
112252,Folk,2,../data/local/processed_mel/112252.npy,19264,Anamoli,17330,Tiempo de otras cosas,30.002721088435376
112314,Rock,7,../data/local/processed_mel/112314.npy,11018,Cloudkicker,17338,Little histories,29.976598639455784
112315,Rock,7,../data/local/processed_mel/112315.npy,11018,Cloudkicker,17338,Little histories,30.002721088435376
112316,Rock,7,../data/local/processed_mel/112316.npy,11018,Cloudkicker,17338,Little histories,29.976598639455784
112317,Rock,7,../data/local/processed_mel/112317.npy,11018,Cloudkicker,17338,Little histories,29.976598639455784
112318,Rock,7,../data/local/processed_mel/112318.npy,11018,Cloudkicker,17338,Little histories,29.976598639455784
112490,Electronic,0,../data/local/processed_mel/112490.npy,19276,Jubal,17356,Kerst Shissles EP,29.976598639455784
112526,Rock,7,../data/local/processed_mel/112526.npy,19279,Action Will Be Taken,17361,Action Will Be Taken,29.976598639455784
112527,Rock,7,../data/local/processed_mel/112527.npy,19279,Action Will Be Taken,17361,Action Will Be Taken,29.976598639455784
112528,Rock,7,../data/local/processed_mel/112528.npy,19279,Action Will Be Taken,17361,Action Will Be Taken,30.002721088435376
112529,Rock,7,../data/local/processed_mel/112529.npy,19279,Action Will Be Taken,17361,Action Will Be Taken,29.976598639455784
112583,Experimental,1,../data/local/processed_mel/112583.npy,19258,Simon Panrucker,17369,"Happy Christmas, You Guys!",30.002721088435376
112584,Experimental,1,../data/local/processed_mel/112584.npy,19258,Simon Panrucker,17369,"Happy Christmas, You Guys!",29.976598639455784
112585,Experimental,1,../data/local/processed_mel/112585.npy,19258,Simon Panrucker,17369,"Happy Christmas, You Guys!",30.002721088435376
112586,Experimental,1,../data/local/processed_mel/112586.npy,19258,Simon Panrucker,17369,"Happy Christmas, You Guys!",29.976598639455784
112587,Experimental,1,../data/local/processed_mel/112587.npy,19258,Simon Panrucker,17369,"Happy Christmas, You Guys!",30.002721088435376
112588,Experimental,1,../data/local/processed_mel/112588.npy,19258,Simon Panrucker,17369,"Happy Christmas, You Guys!",29.976598639455784
112668,Experimental,1,../data/local/processed_mel/112668.npy,19268,ODOR BABY,17373,CONSUMPTION PRODUCT,29.976598639455784
112733,Rock,7,../data/local/processed_mel/112733.npy,19287,Is,17382,Foreverdark Woods,30.002721088435376
112734,Rock,7,../data/local/processed_mel/112734.npy,19287,Is,17382,Foreverdark Woods,29.976598639455784
112735,Rock,7,../data/local/processed_mel/112735.npy,19287,Is,17382,Foreverdark Woods,30.002721088435376
112767,Electronic,0,../data/local/processed_mel/112767.npy,9680,Richard Jonas,17388,Mid Nineties Mods Salvage 2,29.976598639455784
112768,Electronic,0,../data/local/processed_mel/112768.npy,9680,Richard Jonas,17388,Mid Nineties Mods Salvage 2,29.976598639455784
112769,Electronic,0,../data/local/processed_mel/112769.npy,9680,Richard Jonas,17388,Mid Nineties Mods Salvage 2,29.976598639455784
112770,Electronic,0,../data/local/processed_mel/112770.npy,9680,Richard Jonas,17388,Mid Nineties Mods Salvage 2,30.002721088435376
112780,Experimental,1,../data/local/processed_mel/112780.npy,19268,ODOR BABY,17387,RELAX IT GETS WORSE,30.002721088435376
112781,Experimental,1,../data/local/processed_mel/112781.npy,19268,ODOR BABY,17387,RELAX IT GETS WORSE,29.976598639455784
112785,Experimental,1,../data/local/processed_mel/112785.npy,19268,ODOR BABY,17387,RELAX IT GETS WORSE,30.002721088435376
112788,Experimental,1,../data/local/processed_mel/112788.npy,19268,ODOR BABY,17387,RELAX IT GETS WORSE,30.002721088435376
112789,Experimental,1,../data/local/processed_mel/112789.npy,19268,ODOR BABY,17387,RELAX IT GETS WORSE,30.002721088435376
112821,Experimental,1,../data/local/processed_mel/112821.npy,19030,Castello di Trokai,17397,O%IDIOT,30.002721088435376
112975,Instrumental,4,../data/local/processed_mel/112975.npy,6074,Gillicuddy,17414,Up/Down,29.976598639455784
112976,Instrumental,4,../data/local/processed_mel/112976.npy,6074,Gillicuddy,17414,Up/Down,29.976598639455784
112977,Instrumental,4,../data/local/processed_mel/112977.npy,6074,Gillicuddy,17414,Up/Down,30.002721088435376
112978,Instrumental,4,../data/local/processed_mel/112978.npy,6074,Gillicuddy,17414,Up/Down,30.002721088435376
113016,Pop,6,../data/local/processed_mel/113016.npy,5673,Malaventura,17420,#malaventura04,29.976598639455784
113017,Pop,6,../data/local/processed_mel/113017.npy,5673,Malaventura,17420,#malaventura04,29.976598639455784
113018,Pop,6,../data/local/processed_mel/113018.npy,5673,Malaventura,17420,#malaventura04,30.002721088435376
113019,Pop,6,../data/local/processed_mel/113019.npy,5673,Malaventura,17420,#malaventura04,30.002721088435376
113020,Pop,6,../data/local/processed_mel/113020.npy,5673,Malaventura,17420,#malaventura04,30.002721088435376
113021,Pop,6,../data/local/processed_mel/113021.npy,5673,Malaventura,17420,#malaventura04,30.002721088435376
113022,Pop,6,../data/local/processed_mel/113022.npy,5673,Malaventura,17420,#malaventura04,29.976598639455784
113023,Pop,6,../data/local/processed_mel/113023.npy,5673,Malaventura,17420,#malaventura04,29.976598639455784
113024,Pop,6,../data/local/processed_mel/113024.npy,5673,Malaventura,17420,#malaventura04,29.976598639455784
113025,Pop,6,../data/local/processed_mel/113025.npy,5673,Malaventura,17420,#malaventura04,30.002721088435376
113026,Pop,6,../data/local/processed_mel/113026.npy,5673,Malaventura,17420,#malaventura04,29.976598639455784
113027,Pop,6,../data/local/processed_mel/113027.npy,5673,Malaventura,17420,#malaventura04,30.002721088435376
113028,Pop,6,../data/local/processed_mel/113028.npy,5673,Malaventura,17420,#malaventura04,29.976598639455784
113034,Hip-Hop,3,../data/local/processed_mel/113034.npy,12207,Tickle,17422,The Drop,30.002721088435376
113035,Hip-Hop,3,../data/local/processed_mel/113035.npy,12207,Tickle,17422,The Drop,30.002721088435376
113036,Hip-Hop,3,../data/local/processed_mel/113036.npy,12207,Tickle,17422,The Drop,30.002721088435376
113037,Hip-Hop,3,../data/local/processed_mel/113037.npy,12207,Tickle,17422,The Drop,29.976598639455784
113063,Rock,7,../data/local/processed_mel/113063.npy,17080,intouch,17428,Lust,29.976598639455784
113110,Instrumental,4,../data/local/processed_mel/113110.npy,19283,Ian Alex Mac,17426,Cues (Additional Tracks),29.976598639455784
113164,Rock,7,../data/local/processed_mel/113164.npy,19345,I Re della Spiaggia,17440,I Re della Spiaggia,30.002721088435376
113165,Rock,7,../data/local/processed_mel/113165.npy,19345,I Re della Spiaggia,17440,I Re della Spiaggia,29.976598639455784
113166,Rock,7,../data/local/processed_mel/113166.npy,19345,I Re della Spiaggia,17440,I Re della Spiaggia,30.002721088435376
113167,Folk,2,../data/local/processed_mel/113167.npy,19346,Mary Caroline,17441,Life on Earth,30.002721088435376
113203,Experimental,1,../data/local/processed_mel/113203.npy,19259,Dead Peoples Records,17447,Miss Roth - This Is Your 5 Minute Call,30.002721088435376
113259,International,5,../data/local/processed_mel/113259.npy,19357,Dead Combo,17457,CC Affiliates Mixtape #1,29.976598639455784
113260,International,5,../data/local/processed_mel/113260.npy,19358,Triolocria,17457,CC Affiliates Mixtape #1,30.002721088435376
113261,International,5,../data/local/processed_mel/113261.npy,19359,BNegão and Seletores de Freqüência,17457,CC Affiliates Mixtape #1,29.976598639455784
113263,International,5,../data/local/processed_mel/113263.npy,19361,Mendes Brothers,17457,CC Affiliates Mixtape #1,29.976598639455784
113265,International,5,../data/local/processed_mel/113265.npy,19363,Mc Norman,17457,CC Affiliates Mixtape #1,29.976598639455784
113266,International,5,../data/local/processed_mel/113266.npy,19364,YEIZON,17457,CC Affiliates Mixtape #1,29.976598639455784
113268,International,5,../data/local/processed_mel/113268.npy,19380,NERO ONE,17457,CC Affiliates Mixtape #1,30.002721088435376
113269,International,5,../data/local/processed_mel/113269.npy,19367,Qina,17457,CC Affiliates Mixtape #1,29.976598639455784
113270,International,5,../data/local/processed_mel/113270.npy,19368,inje,17457,CC Affiliates Mixtape #1,30.002721088435376
113271,International,5,../data/local/processed_mel/113271.npy,19369,CC Asia Band,17457,CC Affiliates Mixtape #1,30.002721088435376
113272,International,5,../data/local/processed_mel/113272.npy,19370,MONK,17457,CC Affiliates Mixtape #1,30.002721088435376
113276,International,5,../data/local/processed_mel/113276.npy,19336,Tamara Laurel,17457,CC Affiliates Mixtape #1,30.002721088435376
113277,International,5,../data/local/processed_mel/113277.npy,19374,One In A Googolplex,17457,CC Affiliates Mixtape #1,29.976598639455784
113280,International,5,../data/local/processed_mel/113280.npy,19377,Athuzela Brown,17457,CC Affiliates Mixtape #1,30.002721088435376
113281,International,5,../data/local/processed_mel/113281.npy,19378,Dimitris Bakoulis,17457,CC Affiliates Mixtape #1,29.976598639455784
113282,International,5,../data/local/processed_mel/113282.npy,19379,Tvrdý / Havelka,17457,CC Affiliates Mixtape #1,29.976598639455784
113294,Rock,7,../data/local/processed_mel/113294.npy,7211,Los Margaritos,17460,Rockanrolandia,30.002721088435376
113303,Rock,7,../data/local/processed_mel/113303.npy,7211,Los Margaritos,17461,Canibalismo en África,29.988979591836735
113304,Rock,7,../data/local/processed_mel/113304.npy,7211,Los Margaritos,17461,Canibalismo en África,30.002721088435376
113305,Rock,7,../data/local/processed_mel/113305.npy,7211,Los Margaritos,17461,Canibalismo en África,30.002721088435376
113311,Rock,7,../data/local/processed_mel/113311.npy,7201,Mamá Burger,17463,Pastillitas y licor,29.988979591836735
113334,Electronic,0,../data/local/processed_mel/113334.npy,17575,Chtin Mara,17468,Animus Animal Anima,30.002721088435376
113335,Electronic,0,../data/local/processed_mel/113335.npy,17575,Chtin Mara,17468,Animus Animal Anima,30.002721088435376
113336,Electronic,0,../data/local/processed_mel/113336.npy,17575,Chtin Mara,17468,Animus Animal Anima,29.976598639455784
113342,Folk,2,../data/local/processed_mel/113342.npy,1331,Mia Doi Todd,17470,"Live on WFMU's This Is The Modern World with Trouble: Oct 28, 2014",29.976598639455784
113343,Folk,2,../data/local/processed_mel/113343.npy,1331,Mia Doi Todd,17470,"Live on WFMU's This Is The Modern World with Trouble: Oct 28, 2014",29.976598639455784
113344,Folk,2,../data/local/processed_mel/113344.npy,1331,Mia Doi Todd,17470,"Live on WFMU's This Is The Modern World with Trouble: Oct 28, 2014",30.002721088435376
113357,Folk,2,../data/local/processed_mel/113357.npy,19389,Samuel Vas Y,17474,"Live on WFMU with Irene Trudel: Jan 13, 2015",29.976598639455784
113359,Folk,2,../data/local/processed_mel/113359.npy,19389,Samuel Vas Y,17474,"Live on WFMU with Irene Trudel: Jan 13, 2015",29.976598639455784
113360,Folk,2,../data/local/processed_mel/113360.npy,19389,Samuel Vas Y,17474,"Live on WFMU with Irene Trudel: Jan 13, 2015",29.976598639455784
113511,Rock,7,../data/local/processed_mel/113511.npy,19406,A Crooked Pulse,17494,A Crooked Pulse,30.002721088435376
113512,Rock,7,../data/local/processed_mel/113512.npy,19406,A Crooked Pulse,17494,A Crooked Pulse,29.976598639455784
113513,Rock,7,../data/local/processed_mel/113513.npy,19406,A Crooked Pulse,17494,A Crooked Pulse,29.976598639455784
113530,Rock,7,../data/local/processed_mel/113530.npy,9856,Sarin,17496,Burial dream,30.002721088435376
113558,Experimental,1,../data/local/processed_mel/113558.npy,19411,Hazy Montagne Mystique,17499,Bleu quand je fermes les yeux - Live on CKUT,29.988979591836735
113564,Experimental,1,../data/local/processed_mel/113564.npy,19382,Bit Laden,17459,ININTELIGIBLE (EP1),29.976598639455784
113574,Rock,7,../data/local/processed_mel/113574.npy,5911,Lorenzo's Music,17502,I Never Wanted to Say (Single),30.002721088435376
113696,International,5,../data/local/processed_mel/113696.npy,19427,La Tabù,17524,Live,30.002721088435376
113697,International,5,../data/local/processed_mel/113697.npy,19427,La Tabù,17524,Live,29.976598639455784
113698,International,5,../data/local/processed_mel/113698.npy,19427,La Tabù,17524,Live,30.002721088435376
113699,International,5,../data/local/processed_mel/113699.npy,19427,La Tabù,17524,Live,29.976598639455784
113700,International,5,../data/local/processed_mel/113700.npy,19427,La Tabù,17524,Live,29.976598639455784
113701,International,5,../data/local/processed_mel/113701.npy,19427,La Tabù,17524,Live,30.002721088435376
113702,Experimental,1,../data/local/processed_mel/113702.npy,11234,Hermit,17525,Noise Festival 2001,30.002721088435376
113787,Instrumental,4,../data/local/processed_mel/113787.npy,19432,Phlox.s,17537,Kraken in the Harbour of Primston,30.002721088435376
113788,Instrumental,4,../data/local/processed_mel/113788.npy,19432,Phlox.s,17537,Kraken in the Harbour of Primston,30.002721088435376
113789,Instrumental,4,../data/local/processed_mel/113789.npy,19432,Phlox.s,17537,Kraken in the Harbour of Primston,30.002721088435376
113790,Instrumental,4,../data/local/processed_mel/113790.npy,19432,Phlox.s,17537,Kraken in the Harbour of Primston,29.976598639455784
113808,Pop,6,../data/local/processed_mel/113808.npy,19438,The Copycuts,17542,Sketches,29.976598639455784
113809,Pop,6,../data/local/processed_mel/113809.npy,19438,The Copycuts,17542,Sketches,30.002721088435376
113810,Pop,6,../data/local/processed_mel/113810.npy,19438,The Copycuts,17542,Sketches,30.002721088435376
113822,Rock,7,../data/local/processed_mel/113822.npy,19436,Fixtures,17540,"Live on WFMU's Knuckle Sandwich with Dave Bombay: Jan 23, 2015",29.976598639455784
113932,Pop,6,../data/local/processed_mel/113932.npy,19448,Chris Herb,17549,Death to False Techno,30.002721088435376
113933,Pop,6,../data/local/processed_mel/113933.npy,19448,Chris Herb,17549,Death to False Techno,29.976598639455784
113934,Pop,6,../data/local/processed_mel/113934.npy,19448,Chris Herb,17549,Death to False Techno,29.976598639455784
113935,Pop,6,../data/local/processed_mel/113935.npy,19448,Chris Herb,17549,Death to False Techno,29.976598639455784
113946,Folk,2,../data/local/processed_mel/113946.npy,19451,Brett Saxon,17551,"Live on WFMU's Knuckle Sandwich with Dave Bombay: Jan 23, 2015",29.976598639455784
113949,Folk,2,../data/local/processed_mel/113949.npy,19451,Brett Saxon,17551,"Live on WFMU's Knuckle Sandwich with Dave Bombay: Jan 23, 2015",29.976598639455784
113950,Folk,2,../data/local/processed_mel/113950.npy,19451,Brett Saxon,17551,"Live on WFMU's Knuckle Sandwich with Dave Bombay: Jan 23, 2015",29.976598639455784
113969,Instrumental,4,../data/local/processed_mel/113969.npy,19452,Fearless Super Pictures,17553,An Unearthly Child,29.976598639455784
113970,Electronic,0,../data/local/processed_mel/113970.npy,19453,Little Glass Men,17554,Spontaneous Album Sampler,29.976598639455784
113971,Electronic,0,../data/local/processed_mel/113971.npy,19453,Little Glass Men,17554,Spontaneous Album Sampler,29.976598639455784
113972,Electronic,0,../data/local/processed_mel/113972.npy,19453,Little Glass Men,17554,Spontaneous Album Sampler,29.976598639455784
113973,Electronic,0,../data/local/processed_mel/113973.npy,19453,Little Glass Men,17554,Spontaneous Album Sampler,30.002721088435376
114036,Hip-Hop,3,../data/local/processed_mel/114036.npy,19459,Aviscerall,17582,Nostalgia Infinite,29.976598639455784
114037,Hip-Hop,3,../data/local/processed_mel/114037.npy,19459,Aviscerall,17582,Nostalgia Infinite,29.976598639455784
114040,Hip-Hop,3,../data/local/processed_mel/114040.npy,19459,Aviscerall,17582,Nostalgia Infinite,30.002721088435376
114041,Hip-Hop,3,../data/local/processed_mel/114041.npy,19459,Aviscerall,17582,Nostalgia Infinite,30.002721088435376
114042,Hip-Hop,3,../data/local/processed_mel/114042.npy,19459,Aviscerall,17582,Nostalgia Infinite,29.976598639455784
114044,Hip-Hop,3,../data/local/processed_mel/114044.npy,19459,Aviscerall,17582,Nostalgia Infinite,29.976598639455784
114045,Hip-Hop,3,../data/local/processed_mel/114045.npy,19459,Aviscerall,17582,Nostalgia Infinite,29.976598639455784
114047,Hip-Hop,3,../data/local/processed_mel/114047.npy,19459,Aviscerall,17582,Nostalgia Infinite,30.002721088435376
114048,Hip-Hop,3,../data/local/processed_mel/114048.npy,19459,Aviscerall,17582,Nostalgia Infinite,29.976598639455784
114049,Hip-Hop,3,../data/local/processed_mel/114049.npy,19459,Aviscerall,17582,Nostalgia Infinite,29.976598639455784
114050,Hip-Hop,3,../data/local/processed_mel/114050.npy,19459,Aviscerall,17582,Nostalgia Infinite,29.976598639455784
114051,Hip-Hop,3,../data/local/processed_mel/114051.npy,19459,Aviscerall,17582,Nostalgia Infinite,29.976598639455784
114061,Electronic,0,../data/local/processed_mel/114061.npy,14670,Decktonic,17587,Classics,29.976598639455784
114062,Electronic,0,../data/local/processed_mel/114062.npy,14670,Decktonic,17587,Classics,29.988979591836735
114064,Electronic,0,../data/local/processed_mel/114064.npy,14670,Decktonic,17587,Classics,30.002721088435376
114065,Electronic,0,../data/local/processed_mel/114065.npy,14670,Decktonic,17587,Classics,29.976598639455784
114066,Electronic,0,../data/local/processed_mel/114066.npy,14670,Decktonic,17587,Classics,30.002721088435376
114067,Electronic,0,../data/local/processed_mel/114067.npy,14670,Decktonic,17587,Classics,29.976598639455784
114069,Instrumental,4,../data/local/processed_mel/114069.npy,19461,Blue Dot Sessions,17589,Glacier Quartet,29.988979591836735
114070,Instrumental,4,../data/local/processed_mel/114070.npy,19461,Blue Dot Sessions,17589,Glacier Quartet,29.988979591836735
114072,Instrumental,4,../data/local/processed_mel/114072.npy,19461,Blue Dot Sessions,17589,Glacier Quartet,29.988979591836735
114073,Instrumental,4,../data/local/processed_mel/114073.npy,19461,Blue Dot Sessions,17589,Glacier Quartet,29.988979591836735
114074,Instrumental,4,../data/local/processed_mel/114074.npy,19461,Blue Dot Sessions,17589,Glacier Quartet,29.988979591836735
114076,Instrumental,4,../data/local/processed_mel/114076.npy,19461,Blue Dot Sessions,17589,Glacier Quartet,29.988979591836735
114077,Instrumental,4,../data/local/processed_mel/114077.npy,19461,Blue Dot Sessions,17589,Glacier Quartet,29.988979591836735
114198,Rock,7,../data/local/processed_mel/114198.npy,19470,Fallen to Flux,17599,From the Outside Looking In,30.002721088435376
114199,Rock,7,../data/local/processed_mel/114199.npy,19470,Fallen to Flux,17599,From the Outside Looking In,30.002721088435376
114200,Rock,7,../data/local/processed_mel/114200.npy,19470,Fallen to Flux,17599,From the Outside Looking In,29.976598639455784
114201,Rock,7,../data/local/processed_mel/114201.npy,19470,Fallen to Flux,17599,From the Outside Looking In,30.002721088435376
114231,Instrumental,4,../data/local/processed_mel/114231.npy,19461,Blue Dot Sessions,17604,Modul Kalimba,29.988979591836735
114232,Instrumental,4,../data/local/processed_mel/114232.npy,19461,Blue Dot Sessions,17604,Modul Kalimba,29.988979591836735
114233,Instrumental,4,../data/local/processed_mel/114233.npy,19461,Blue Dot Sessions,17604,Modul Kalimba,29.988979591836735
114234,Instrumental,4,../data/local/processed_mel/114234.npy,19461,Blue Dot Sessions,17604,Modul Kalimba,29.988979591836735
114235,Instrumental,4,../data/local/processed_mel/114235.npy,19461,Blue Dot Sessions,17604,Modul Kalimba,29.988979591836735
114236,Instrumental,4,../data/local/processed_mel/114236.npy,19461,Blue Dot Sessions,17604,Modul Kalimba,29.988979591836735
114237,Instrumental,4,../data/local/processed_mel/114237.npy,19461,Blue Dot Sessions,17604,Modul Kalimba,29.988979591836735
114238,Instrumental,4,../data/local/processed_mel/114238.npy,19461,Blue Dot Sessions,17604,Modul Kalimba,29.988979591836735
114239,Instrumental,4,../data/local/processed_mel/114239.npy,19461,Blue Dot Sessions,17604,Modul Kalimba,29.988979591836735
114242,Electronic,0,../data/local/processed_mel/114242.npy,19475,Tentacles,17605,Dance,29.976598639455784
114245,Electronic,0,../data/local/processed_mel/114245.npy,19475,Tentacles,17605,Dance,29.976598639455784
114265,Hip-Hop,3,../data/local/processed_mel/114265.npy,18587,Uncle Milk,17607,Route 9,29.988979591836735
114266,Hip-Hop,3,../data/local/processed_mel/114266.npy,18587,Uncle Milk,17607,Route 9,29.988979591836735
114268,Hip-Hop,3,../data/local/processed_mel/114268.npy,18587,Uncle Milk,17607,Route 9,29.988979591836735
114272,Hip-Hop,3,../data/local/processed_mel/114272.npy,18587,Uncle Milk,17607,Route 9,29.988979591836735
114274,Hip-Hop,3,../data/local/processed_mel/114274.npy,18587,Uncle Milk,17607,Route 9,29.988979591836735
114275,Hip-Hop,3,../data/local/processed_mel/114275.npy,18587,Uncle Milk,17607,Route 9,29.988979591836735
114289,Electronic,0,../data/local/processed_mel/114289.npy,19480,Track Jackit,17611,Building A New Chicago,29.976598639455784
114290,Electronic,0,../data/local/processed_mel/114290.npy,19480,Track Jackit,17611,Building A New Chicago,30.002721088435376
114291,Electronic,0,../data/local/processed_mel/114291.npy,19480,Track Jackit,17611,Building A New Chicago,30.002721088435376
114292,Electronic,0,../data/local/processed_mel/114292.npy,19480,Track Jackit,17611,Building A New Chicago,29.976598639455784
114293,Electronic,0,../data/local/processed_mel/114293.npy,19480,Track Jackit,17611,Building A New Chicago,30.002721088435376
114294,Electronic,0,../data/local/processed_mel/114294.npy,19480,Track Jackit,17611,Building A New Chicago,30.002721088435376
114295,Electronic,0,../data/local/processed_mel/114295.npy,19480,Track Jackit,17611,Building A New Chicago,30.002721088435376
114296,Electronic,0,../data/local/processed_mel/114296.npy,19480,Track Jackit,17611,Building A New Chicago,29.976598639455784
114297,Electronic,0,../data/local/processed_mel/114297.npy,19480,Track Jackit,17611,Building A New Chicago,30.002721088435376
114298,Electronic,0,../data/local/processed_mel/114298.npy,19480,Track Jackit,17611,Building A New Chicago,29.976598639455784
114371,Instrumental,4,../data/local/processed_mel/114371.npy,19495,Madoka,17627,Take a Walk,29.976598639455784
114372,Instrumental,4,../data/local/processed_mel/114372.npy,19495,Madoka,17627,Take a Walk,29.976598639455784
114373,Instrumental,4,../data/local/processed_mel/114373.npy,19495,Madoka,17627,Take a Walk,30.002721088435376
114374,Instrumental,4,../data/local/processed_mel/114374.npy,19495,Madoka,17627,Take a Walk,29.988979591836735
114375,Instrumental,4,../data/local/processed_mel/114375.npy,19495,Madoka,17627,Take a Walk,29.976598639455784
114384,Electronic,0,../data/local/processed_mel/114384.npy,19496,Quaro,17629,EP,29.976598639455784
114385,Electronic,0,../data/local/processed_mel/114385.npy,19496,Quaro,17629,EP,29.976598639455784
114386,Electronic,0,../data/local/processed_mel/114386.npy,19497,Quaro/Bruno Del Ben,17629,EP,29.976598639455784
114387,Electronic,0,../data/local/processed_mel/114387.npy,19496,Quaro,17629,EP,30.002721088435376
114388,Electronic,0,../data/local/processed_mel/114388.npy,19496,Quaro,17629,EP,30.002721088435376
114389,Electronic,0,../data/local/processed_mel/114389.npy,19496,Quaro,17629,EP,29.976598639455784
114390,Electronic,0,../data/local/processed_mel/114390.npy,19496,Quaro,17629,EP,29.976598639455784
114391,Electronic,0,../data/local/processed_mel/114391.npy,19496,Quaro,17629,EP,29.976598639455784
114392,Electronic,0,../data/local/processed_mel/114392.npy,19496,Quaro,17629,EP,30.002721088435376
114393,Electronic,0,../data/local/processed_mel/114393.npy,19496,Quaro,17629,EP,29.976598639455784
114395,Rock,7,../data/local/processed_mel/114395.npy,19498,Scott Holmes,17630,Colossal Stillness (2014),30.002721088435376
114396,Rock,7,../data/local/processed_mel/114396.npy,19498,Scott Holmes,17630,Colossal Stillness (2014),29.976598639455784
114397,Rock,7,../data/local/processed_mel/114397.npy,19498,Scott Holmes,17630,Colossal Stillness (2014),29.976598639455784
114398,Rock,7,../data/local/processed_mel/114398.npy,19498,Scott Holmes,17630,Colossal Stillness (2014),30.002721088435376
114399,Rock,7,../data/local/processed_mel/114399.npy,19498,Scott Holmes,17630,Colossal Stillness (2014),30.002721088435376
114400,Rock,7,../data/local/processed_mel/114400.npy,19498,Scott Holmes,17630,Colossal Stillness (2014),29.976598639455784
114401,Rock,7,../data/local/processed_mel/114401.npy,19498,Scott Holmes,17630,Colossal Stillness (2014),30.002721088435376
114402,Rock,7,../data/local/processed_mel/114402.npy,19498,Scott Holmes,17630,Colossal Stillness (2014),30.002721088435376
114403,Rock,7,../data/local/processed_mel/114403.npy,19498,Scott Holmes,17630,Colossal Stillness (2014),30.002721088435376
114404,Rock,7,../data/local/processed_mel/114404.npy,19498,Scott Holmes,17630,Colossal Stillness (2014),30.002721088435376
114405,Rock,7,../data/local/processed_mel/114405.npy,19498,Scott Holmes,17630,Colossal Stillness (2014),29.976598639455784
114406,Rock,7,../data/local/processed_mel/114406.npy,19498,Scott Holmes,17630,Colossal Stillness (2014),30.002721088435376
114408,Rock,7,../data/local/processed_mel/114408.npy,19498,Scott Holmes,17631,We Used To Paint Stars In The Sky (2012),29.976598639455784
114409,Rock,7,../data/local/processed_mel/114409.npy,19498,Scott Holmes,17631,We Used To Paint Stars In The Sky (2012),29.976598639455784
114410,Rock,7,../data/local/processed_mel/114410.npy,19498,Scott Holmes,17631,We Used To Paint Stars In The Sky (2012),30.002721088435376
114411,Rock,7,../data/local/processed_mel/114411.npy,19498,Scott Holmes,17631,We Used To Paint Stars In The Sky (2012),29.976598639455784
114412,Rock,7,../data/local/processed_mel/114412.npy,19498,Scott Holmes,17631,We Used To Paint Stars In The Sky (2012),29.976598639455784
114413,Rock,7,../data/local/processed_mel/114413.npy,19498,Scott Holmes,17631,We Used To Paint Stars In The Sky (2012),30.002721088435376
114414,Rock,7,../data/local/processed_mel/114414.npy,19498,Scott Holmes,17631,We Used To Paint Stars In The Sky (2012),29.976598639455784
114415,Rock,7,../data/local/processed_mel/114415.npy,19498,Scott Holmes,17631,We Used To Paint Stars In The Sky (2012),30.002721088435376
114416,Rock,7,../data/local/processed_mel/114416.npy,19498,Scott Holmes,17631,We Used To Paint Stars In The Sky (2012),29.976598639455784
114430,Rock,7,../data/local/processed_mel/114430.npy,8370,Patrick Lee,17633,Twelve Tusk Piano,29.976598639455784
114532,Instrumental,4,../data/local/processed_mel/114532.npy,19461,Blue Dot Sessions,17647,Diner Gothic,29.988979591836735
114533,Instrumental,4,../data/local/processed_mel/114533.npy,19461,Blue Dot Sessions,17647,Diner Gothic,29.988979591836735
114534,Instrumental,4,../data/local/processed_mel/114534.npy,19461,Blue Dot Sessions,17647,Diner Gothic,29.988979591836735
114535,Instrumental,4,../data/local/processed_mel/114535.npy,19461,Blue Dot Sessions,17647,Diner Gothic,29.988979591836735
114536,Instrumental,4,../data/local/processed_mel/114536.npy,19461,Blue Dot Sessions,17647,Diner Gothic,29.988979591836735
114538,Instrumental,4,../data/local/processed_mel/114538.npy,19461,Blue Dot Sessions,17648,Liquor Files,29.988979591836735
114539,Instrumental,4,../data/local/processed_mel/114539.npy,19461,Blue Dot Sessions,17648,Liquor Files,29.988979591836735
114541,Instrumental,4,../data/local/processed_mel/114541.npy,19461,Blue Dot Sessions,17648,Liquor Files,29.988979591836735
114544,Electronic,0,../data/local/processed_mel/114544.npy,6550,epsilon not,17649,dayvision,29.988979591836735
114545,Electronic,0,../data/local/processed_mel/114545.npy,6550,epsilon not,17649,dayvision,29.988979591836735
114556,Electronic,0,../data/local/processed_mel/114556.npy,6550,epsilon not,17649,dayvision,30.002721088435376
114558,Electronic,0,../data/local/processed_mel/114558.npy,6550,epsilon not,17649,dayvision,29.988979591836735
114559,Electronic,0,../data/local/processed_mel/114559.npy,6550,epsilon not,17649,dayvision,29.988979591836735
114879,International,5,../data/local/processed_mel/114879.npy,6345,Yale Women's Slavic Chorus,17711,Live at the 2015 Golden Fest,29.976598639455784
114880,International,5,../data/local/processed_mel/114880.npy,6345,Yale Women's Slavic Chorus,17711,Live at the 2015 Golden Fest,29.976598639455784
114884,International,5,../data/local/processed_mel/114884.npy,6345,Yale Women's Slavic Chorus,17711,Live at the 2015 Golden Fest,30.002721088435376
114936,International,5,../data/local/processed_mel/114936.npy,18030,Zingeray!,17717,Live at the 2015 Golden Fest,30.002721088435376
114937,International,5,../data/local/processed_mel/114937.npy,18030,Zingeray!,17717,Live at the 2015 Golden Fest,30.002721088435376
114938,International,5,../data/local/processed_mel/114938.npy,18030,Zingeray!,17717,Live at the 2015 Golden Fest,30.002721088435376
114939,International,5,../data/local/processed_mel/114939.npy,18030,Zingeray!,17717,Live at the 2015 Golden Fest,29.976598639455784
114940,International,5,../data/local/processed_mel/114940.npy,18030,Zingeray!,17717,Live at the 2015 Golden Fest,30.002721088435376
114941,International,5,../data/local/processed_mel/114941.npy,18030,Zingeray!,17717,Live at the 2015 Golden Fest,30.002721088435376
114942,International,5,../data/local/processed_mel/114942.npy,18030,Zingeray!,17717,Live at the 2015 Golden Fest,29.976598639455784
114943,International,5,../data/local/processed_mel/114943.npy,18030,Zingeray!,17717,Live at the 2015 Golden Fest,30.002721088435376
115125,Experimental,1,../data/local/processed_mel/115125.npy,19535,PC-ONE,17678,Wilderness,29.976598639455784
115262,International,5,../data/local/processed_mel/115262.npy,13021,Niva,17752,Live at the 2015 Golden Festival,30.002721088435376
115263,International,5,../data/local/processed_mel/115263.npy,13021,Niva,17752,Live at the 2015 Golden Festival,30.002721088435376
115267,International,5,../data/local/processed_mel/115267.npy,13021,Niva,17752,Live at the 2015 Golden Festival,29.976598639455784
115268,International,5,../data/local/processed_mel/115268.npy,13021,Niva,17752,Live at the 2015 Golden Festival,30.002721088435376
115269,International,5,../data/local/processed_mel/115269.npy,13021,Niva,17752,Live at the 2015 Golden Festival,30.002721088435376
115271,International,5,../data/local/processed_mel/115271.npy,18008,Catherine Foster Brass Band,17754,Live at the 2015 Golden Festival,30.002721088435376
115272,International,5,../data/local/processed_mel/115272.npy,18008,Catherine Foster Brass Band,17754,Live at the 2015 Golden Festival,30.002721088435376
115273,International,5,../data/local/processed_mel/115273.npy,18008,Catherine Foster Brass Band,17754,Live at the 2015 Golden Festival,29.976598639455784
115321,Electronic,0,../data/local/processed_mel/115321.npy,19453,Little Glass Men,17554,Spontaneous Album Sampler,29.976598639455784
115339,Electronic,0,../data/local/processed_mel/115339.npy,19453,Little Glass Men,17554,Spontaneous Album Sampler,29.976598639455784
115391,Electronic,0,../data/local/processed_mel/115391.npy,19626,505,17760,Relix (1996-2013),30.002721088435376
115392,Electronic,0,../data/local/processed_mel/115392.npy,19626,505,17760,Relix (1996-2013),30.002721088435376
115470,Instrumental,4,../data/local/processed_mel/115470.npy,19461,Blue Dot Sessions,17763,Farsical,29.988979591836735
115471,Instrumental,4,../data/local/processed_mel/115471.npy,19461,Blue Dot Sessions,17763,Farsical,29.988979591836735
115472,Instrumental,4,../data/local/processed_mel/115472.npy,19461,Blue Dot Sessions,17763,Farsical,29.988979591836735
115473,Instrumental,4,../data/local/processed_mel/115473.npy,19461,Blue Dot Sessions,17763,Farsical,29.988979591836735
115474,Instrumental,4,../data/local/processed_mel/115474.npy,19461,Blue Dot Sessions,17763,Farsical,29.988979591836735
115475,Instrumental,4,../data/local/processed_mel/115475.npy,19461,Blue Dot Sessions,17763,Farsical,29.988979591836735
115591,Experimental,1,../data/local/processed_mel/115591.npy,19535,PC-ONE,17678,Wilderness,30.002721088435376
115592,Experimental,1,../data/local/processed_mel/115592.npy,19671,How I Quit Crack,17772,Transitional Herbs,29.976598639455784
115597,Experimental,1,../data/local/processed_mel/115597.npy,19671,How I Quit Crack,17772,Transitional Herbs,29.976598639455784
115697,Electronic,0,../data/local/processed_mel/115697.npy,19677,Ultratech,17788,EPileptic,30.002721088435376
115698,Electronic,0,../data/local/processed_mel/115698.npy,19677,Ultratech,17788,EPileptic,30.002721088435376
115699,Electronic,0,../data/local/processed_mel/115699.npy,19677,Ultratech,17788,EPileptic,30.002721088435376
115700,Electronic,0,../data/local/processed_mel/115700.npy,19677,Ultratech,17788,EPileptic,29.976598639455784
115721,Electronic,0,../data/local/processed_mel/115721.npy,19679,Martin R.,17793,In Winter Colours,29.976598639455784
115722,Electronic,0,../data/local/processed_mel/115722.npy,19679,Martin R.,17793,In Winter Colours,30.002721088435376
115723,Electronic,0,../data/local/processed_mel/115723.npy,19679,Martin R.,17793,In Winter Colours,29.976598639455784
115724,Electronic,0,../data/local/processed_mel/115724.npy,19679,Martin R.,17793,In Winter Colours,29.976598639455784
115735,Rock,7,../data/local/processed_mel/115735.npy,16689,Still Pluto,17796,Rage,29.976598639455784
115761,Rock,7,../data/local/processed_mel/115761.npy,19691,Zoliborz,17801,Poincare Conjecture,30.002721088435376
115762,Rock,7,../data/local/processed_mel/115762.npy,19691,Zoliborz,17801,Poincare Conjecture,29.976598639455784
115764,Rock,7,../data/local/processed_mel/115764.npy,19691,Zoliborz,17801,Poincare Conjecture,30.002721088435376
115765,Rock,7,../data/local/processed_mel/115765.npy,19691,Zoliborz,17801,Poincare Conjecture,29.976598639455784
115766,Rock,7,../data/local/processed_mel/115766.npy,19691,Zoliborz,17801,Poincare Conjecture,30.002721088435376
115767,Instrumental,4,../data/local/processed_mel/115767.npy,19692,Jelsonic,17802,Various Moods,29.976598639455784
115768,Instrumental,4,../data/local/processed_mel/115768.npy,19692,Jelsonic,17802,Various Moods,30.002721088435376
115769,Instrumental,4,../data/local/processed_mel/115769.npy,19692,Jelsonic,17802,Various Moods,29.976598639455784
115771,Instrumental,4,../data/local/processed_mel/115771.npy,19692,Jelsonic,17802,Various Moods,29.976598639455784
115772,Instrumental,4,../data/local/processed_mel/115772.npy,19692,Jelsonic,17802,Various Moods,30.002721088435376
115773,Instrumental,4,../data/local/processed_mel/115773.npy,19692,Jelsonic,17802,Various Moods,29.976598639455784
115774,Instrumental,4,../data/local/processed_mel/115774.npy,19692,Jelsonic,17802,Various Moods,30.002721088435376
115775,Instrumental,4,../data/local/processed_mel/115775.npy,19692,Jelsonic,17802,Various Moods,29.976598639455784
115811,Electronic,0,../data/local/processed_mel/115811.npy,19696,sawsquarenoise,17806,RottenMage SpaceJacked OST,29.976598639455784
115812,Electronic,0,../data/local/processed_mel/115812.npy,19696,sawsquarenoise,17806,RottenMage SpaceJacked OST,30.002721088435376
115813,Electronic,0,../data/local/processed_mel/115813.npy,19696,sawsquarenoise,17806,RottenMage SpaceJacked OST,29.976598639455784
115814,Electronic,0,../data/local/processed_mel/115814.npy,19696,sawsquarenoise,17806,RottenMage SpaceJacked OST,29.976598639455784
115815,Electronic,0,../data/local/processed_mel/115815.npy,19696,sawsquarenoise,17806,RottenMage SpaceJacked OST,30.002721088435376
115816,Electronic,0,../data/local/processed_mel/115816.npy,19696,sawsquarenoise,17806,RottenMage SpaceJacked OST,29.976598639455784
115817,Experimental,1,../data/local/processed_mel/115817.npy,19535,PC-ONE,17678,Wilderness,29.976598639455784
115849,Experimental,1,../data/local/processed_mel/115849.npy,19259,Dead Peoples Records,17811,The Everyday,29.976598639455784
115850,Experimental,1,../data/local/processed_mel/115850.npy,19259,Dead Peoples Records,17811,The Everyday,29.976598639455784
115852,Experimental,1,../data/local/processed_mel/115852.npy,19259,Dead Peoples Records,17811,The Everyday,29.976598639455784
115888,Instrumental,4,../data/local/processed_mel/115888.npy,19461,Blue Dot Sessions,17818,Story Four,29.988979591836735
115891,Instrumental,4,../data/local/processed_mel/115891.npy,19461,Blue Dot Sessions,17818,Story Four,29.988979591836735
115892,Instrumental,4,../data/local/processed_mel/115892.npy,19461,Blue Dot Sessions,17818,Story Four,29.988979591836735
115922,Folk,2,../data/local/processed_mel/115922.npy,19710,Dj Dabadabakoski,17823,Roncheras,30.002721088435376
115923,Folk,2,../data/local/processed_mel/115923.npy,19382,Bit Laden,17823,Roncheras,29.976598639455784
115925,Folk,2,../data/local/processed_mel/115925.npy,19712,Síndrome Amok,17823,Roncheras,30.002721088435376
115927,Folk,2,../data/local/processed_mel/115927.npy,19714,Flor Braier,17824,Rio,30.002721088435376
115930,Folk,2,../data/local/processed_mel/115930.npy,19714,Flor Braier,17825,Pony feelings,30.002721088435376
115932,Folk,2,../data/local/processed_mel/115932.npy,19714,Flor Braier,17825,Pony feelings,30.002721088435376
115935,Folk,2,../data/local/processed_mel/115935.npy,19714,Flor Braier,17825,Pony feelings,30.002721088435376
115944,Folk,2,../data/local/processed_mel/115944.npy,19720,Myriam Gendron,17834,Live on New Shit,29.976598639455784
115948,Folk,2,../data/local/processed_mel/115948.npy,19720,Myriam Gendron,17834,Live on New Shit,30.002721088435376
116029,Electronic,0,../data/local/processed_mel/116029.npy,19731,T(h)ree,17846,Serpent's Moratorium,29.976598639455784
116068,Electronic,0,../data/local/processed_mel/116068.npy,19742,Jens East,17859,Daybreak,29.976598639455784
116098,Instrumental,4,../data/local/processed_mel/116098.npy,19461,Blue Dot Sessions,17873,Stingray,29.988979591836735
116099,Instrumental,4,../data/local/processed_mel/116099.npy,19461,Blue Dot Sessions,17873,Stingray,29.988979591836735
116101,Instrumental,4,../data/local/processed_mel/116101.npy,19461,Blue Dot Sessions,17873,Stingray,29.988979591836735
116116,Experimental,1,../data/local/processed_mel/116116.npy,19755,10ksqft Werehaus,17877,10ksqft Vol.1,29.976598639455784
116119,Experimental,1,../data/local/processed_mel/116119.npy,19755,10ksqft Werehaus,17877,10ksqft Vol.1,29.976598639455784
116235,Electronic,0,../data/local/processed_mel/116235.npy,19777,A.J.,17894,Iron Logic,29.976598639455784
116236,Electronic,0,../data/local/processed_mel/116236.npy,19778,Citofono,17894,Iron Logic,30.002721088435376
116237,Electronic,0,../data/local/processed_mel/116237.npy,19779,DJ Puffin,17894,Iron Logic,30.002721088435376
116239,Electronic,0,../data/local/processed_mel/116239.npy,7504,Radarsat-1,17894,Iron Logic,30.002721088435376
116241,Electronic,0,../data/local/processed_mel/116241.npy,4221,Smoked Meat Fax Machine,17894,Iron Logic,30.002721088435376
116242,Electronic,0,../data/local/processed_mel/116242.npy,19782,Synaptic,17894,Iron Logic,29.976598639455784
116243,Electronic,0,../data/local/processed_mel/116243.npy,7507,The Crayon Industry,17894,Iron Logic,29.976598639455784
116261,Experimental,1,../data/local/processed_mel/116261.npy,19755,10ksqft Werehaus,17877,10ksqft Vol.1,29.976598639455784
116344,Electronic,0,../data/local/processed_mel/116344.npy,19183,Csum,17910,Mnemotron,29.976598639455784
116345,Electronic,0,../data/local/processed_mel/116345.npy,19183,Csum,17910,Mnemotron,29.976598639455784
116372,Experimental,1,../data/local/processed_mel/116372.npy,16194,{AN} Eel,17913,Certain Vapors Cascade (Swamp Floor Mystery Wizards),30.002721088435376
116383,Experimental,1,../data/local/processed_mel/116383.npy,9289,Jaan Patterson,17914,Masters Remastered,30.002721088435376
116446,Folk,2,../data/local/processed_mel/116446.npy,19810,Montana Skies,17927,Free Downloads,30.002721088435376
116447,Folk,2,../data/local/processed_mel/116447.npy,19810,Montana Skies,17927,Free Downloads,30.002721088435376
116448,Folk,2,../data/local/processed_mel/116448.npy,19810,Montana Skies,17927,Free Downloads,29.976598639455784
116449,Folk,2,../data/local/processed_mel/116449.npy,19810,Montana Skies,17927,Free Downloads,30.002721088435376
116451,Folk,2,../data/local/processed_mel/116451.npy,19810,Montana Skies,17927,Free Downloads,29.976598639455784
116452,Folk,2,../data/local/processed_mel/116452.npy,19810,Montana Skies,17927,Free Downloads,30.002721088435376
116453,Folk,2,../data/local/processed_mel/116453.npy,19810,Montana Skies,17927,Free Downloads,29.976598639455784
116454,Folk,2,../data/local/processed_mel/116454.npy,19810,Montana Skies,17927,Free Downloads,29.976598639455784
116455,Folk,2,../data/local/processed_mel/116455.npy,19810,Montana Skies,17927,Free Downloads,29.976598639455784
116456,Folk,2,../data/local/processed_mel/116456.npy,19810,Montana Skies,17927,Free Downloads,30.002721088435376
116457,Folk,2,../data/local/processed_mel/116457.npy,19810,Montana Skies,17927,Free Downloads,29.976598639455784
116458,Folk,2,../data/local/processed_mel/116458.npy,19810,Montana Skies,17927,Free Downloads,29.976598639455784
116464,Experimental,1,../data/local/processed_mel/116464.npy,19382,Bit Laden,17929,PORN​-​OH​-​RAMA (EP3),30.002721088435376
116465,Experimental,1,../data/local/processed_mel/116465.npy,19382,Bit Laden,17929,PORN​-​OH​-​RAMA (EP3),29.976598639455784
116466,Instrumental,4,../data/local/processed_mel/116466.npy,19461,Blue Dot Sessions,17931,Macrame,29.988979591836735
116467,Instrumental,4,../data/local/processed_mel/116467.npy,19461,Blue Dot Sessions,17931,Macrame,29.988979591836735
116468,Instrumental,4,../data/local/processed_mel/116468.npy,19461,Blue Dot Sessions,17931,Macrame,29.988979591836735
116487,Instrumental,4,../data/local/processed_mel/116487.npy,19461,Blue Dot Sessions,17932,Grey River,29.988979591836735
116488,Instrumental,4,../data/local/processed_mel/116488.npy,19461,Blue Dot Sessions,17932,Grey River,29.988979591836735
116489,Instrumental,4,../data/local/processed_mel/116489.npy,19461,Blue Dot Sessions,17932,Grey River,29.988979591836735
116490,Instrumental,4,../data/local/processed_mel/116490.npy,19461,Blue Dot Sessions,17932,Grey River,29.988979591836735
116491,Instrumental,4,../data/local/processed_mel/116491.npy,19461,Blue Dot Sessions,17932,Grey River,29.988979591836735
116547,Rock,7,../data/local/processed_mel/116547.npy,7410,Andrew Howes,17942,The Great Bear,29.976598639455784
116549,Instrumental,4,../data/local/processed_mel/116549.npy,13255,Dexter Britain,17943,Charge Into 2015,29.976598639455784
116586,Experimental,1,../data/local/processed_mel/116586.npy,9289,Jaan Patterson,17914,Masters Remastered,29.976598639455784
116587,Experimental,1,../data/local/processed_mel/116587.npy,9289,Jaan Patterson,17914,Masters Remastered,30.002721088435376
116704,Folk,2,../data/local/processed_mel/116704.npy,14026,Howie Mitchell,17953,Recorded by Jean Ritchie in 1956,29.976598639455784
116706,Folk,2,../data/local/processed_mel/116706.npy,14026,Howie Mitchell,17953,Recorded by Jean Ritchie in 1956,30.002721088435376
116707,Folk,2,../data/local/processed_mel/116707.npy,14026,Howie Mitchell,17953,Recorded by Jean Ritchie in 1956,29.976598639455784
116709,Experimental,1,../data/local/processed_mel/116709.npy,9289,Jaan Patterson,17914,Masters Remastered,30.002721088435376
116733,Instrumental,4,../data/local/processed_mel/116733.npy,19461,Blue Dot Sessions,17958,The Nocturne,29.988979591836735
116735,Instrumental,4,../data/local/processed_mel/116735.npy,19461,Blue Dot Sessions,17958,The Nocturne,29.988979591836735
116736,Instrumental,4,../data/local/processed_mel/116736.npy,19461,Blue Dot Sessions,17958,The Nocturne,29.988979591836735
116753,Instrumental,4,../data/local/processed_mel/116753.npy,18876,Alex Mason,17962,Red Numbers,30.002721088435376
116755,Instrumental,4,../data/local/processed_mel/116755.npy,18876,Alex Mason,17962,Red Numbers,29.976598639455784
116756,Instrumental,4,../data/local/processed_mel/116756.npy,18876,Alex Mason,17962,Red Numbers,30.002721088435376
116757,Instrumental,4,../data/local/processed_mel/116757.npy,18876,Alex Mason,17962,Red Numbers,29.976598639455784
116758,Instrumental,4,../data/local/processed_mel/116758.npy,18876,Alex Mason,17962,Red Numbers,30.002721088435376
116759,Instrumental,4,../data/local/processed_mel/116759.npy,18876,Alex Mason,17962,Red Numbers,30.002721088435376
116760,Instrumental,4,../data/local/processed_mel/116760.npy,18876,Alex Mason,17962,Red Numbers,30.002721088435376
116833,Rock,7,../data/local/processed_mel/116833.npy,19836,King Vulture,17969,Sleeping at Trinity,29.976598639455784
116868,Instrumental,4,../data/local/processed_mel/116868.npy,19461,Blue Dot Sessions,17974,Ray Gun,29.988979591836735
116869,Instrumental,4,../data/local/processed_mel/116869.npy,19461,Blue Dot Sessions,17974,Ray Gun,29.988979591836735
116870,Instrumental,4,../data/local/processed_mel/116870.npy,19461,Blue Dot Sessions,17974,Ray Gun,29.988979591836735
116871,Instrumental,4,../data/local/processed_mel/116871.npy,19461,Blue Dot Sessions,17974,Ray Gun,29.988979591836735
116872,Folk,2,../data/local/processed_mel/116872.npy,19841,Itasca,17975,"Live on WFMU's Shrunken Planet with Jeffrey Davison - March 7, 2015",29.976598639455784
116873,Folk,2,../data/local/processed_mel/116873.npy,19841,Itasca,17975,"Live on WFMU's Shrunken Planet with Jeffrey Davison - March 7, 2015",30.002721088435376
116874,Folk,2,../data/local/processed_mel/116874.npy,19841,Itasca,17975,"Live on WFMU's Shrunken Planet with Jeffrey Davison - March 7, 2015",29.976598639455784
116876,Folk,2,../data/local/processed_mel/116876.npy,19841,Itasca,17975,"Live on WFMU's Shrunken Planet with Jeffrey Davison - March 7, 2015",30.002721088435376
116877,Electronic,0,../data/local/processed_mel/116877.npy,17198,Gumbel,17976,8-bit Love Machine,30.002721088435376
116878,Electronic,0,../data/local/processed_mel/116878.npy,17198,Gumbel,17976,8-bit Love Machine,30.002721088435376
116879,Electronic,0,../data/local/processed_mel/116879.npy,17198,Gumbel,17976,8-bit Love Machine,29.976598639455784
116880,Electronic,0,../data/local/processed_mel/116880.npy,17198,Gumbel,17976,8-bit Love Machine,30.002721088435376
116881,Electronic,0,../data/local/processed_mel/116881.npy,17198,Gumbel,17976,8-bit Love Machine,29.976598639455784
116882,Electronic,0,../data/local/processed_mel/116882.npy,17198,Gumbel,17976,8-bit Love Machine,29.976598639455784
116883,Folk,2,../data/local/processed_mel/116883.npy,19842,Joan Shelley,17977,"Live on WFMU's Shrunken Planet with Jeffrey Davison - February 28, 2015",30.002721088435376
117057,Experimental,1,../data/local/processed_mel/117057.npy,9289,Jaan Patterson,17914,Masters Remastered,29.976598639455784
117159,Instrumental,4,../data/local/processed_mel/117159.npy,19461,Blue Dot Sessions,18001,Reptile,29.988979591836735
117160,Instrumental,4,../data/local/processed_mel/117160.npy,19461,Blue Dot Sessions,18001,Reptile,29.988979591836735
117161,Instrumental,4,../data/local/processed_mel/117161.npy,19461,Blue Dot Sessions,18001,Reptile,29.988979591836735
117169,Instrumental,4,../data/local/processed_mel/117169.npy,19461,Blue Dot Sessions,18003,Origami,29.988979591836735
117170,Instrumental,4,../data/local/processed_mel/117170.npy,19461,Blue Dot Sessions,18003,Origami,29.988979591836735
117171,Instrumental,4,../data/local/processed_mel/117171.npy,19461,Blue Dot Sessions,18003,Origami,29.988979591836735
117172,Instrumental,4,../data/local/processed_mel/117172.npy,19461,Blue Dot Sessions,18003,Origami,29.988979591836735
117173,Instrumental,4,../data/local/processed_mel/117173.npy,19461,Blue Dot Sessions,18003,Origami,29.988979591836735
117287,Electronic,0,../data/local/processed_mel/117287.npy,13035,My brother Daniel,18019,Ponky,29.976598639455784
117288,Electronic,0,../data/local/processed_mel/117288.npy,13035,My brother Daniel,18019,Ponky,29.976598639455784
117450,Rock,7,../data/local/processed_mel/117450.npy,17344,Vitamin Pets,18036,Vitamin Pets Present: Drunk Driving PSA,29.988979591836735
117472,Pop,6,../data/local/processed_mel/117472.npy,6337,Attic Ted,18040,"3rd 7"" - 33rpm w/ small hole",30.002721088435376
117473,Pop,6,../data/local/processed_mel/117473.npy,6337,Attic Ted,18040,"3rd 7"" - 33rpm w/ small hole",29.976598639455784
117609,Instrumental,4,../data/local/processed_mel/117609.npy,19461,Blue Dot Sessions,18055,"Albany, NY",29.988979591836735
117610,Instrumental,4,../data/local/processed_mel/117610.npy,19461,Blue Dot Sessions,18055,"Albany, NY",29.988979591836735
117611,Instrumental,4,../data/local/processed_mel/117611.npy,19461,Blue Dot Sessions,18055,"Albany, NY",29.988979591836735
117612,Instrumental,4,../data/local/processed_mel/117612.npy,19461,Blue Dot Sessions,18055,"Albany, NY",29.988979591836735
117613,Instrumental,4,../data/local/processed_mel/117613.npy,19461,Blue Dot Sessions,18055,"Albany, NY",29.988979591836735
117614,Instrumental,4,../data/local/processed_mel/117614.npy,19461,Blue Dot Sessions,18055,"Albany, NY",29.988979591836735
117627,Folk,2,../data/local/processed_mel/117627.npy,19890,Julia K. Mars,18057,The Triangle EP,30.002721088435376
117628,Folk,2,../data/local/processed_mel/117628.npy,19890,Julia K. Mars,18057,The Triangle EP,30.002721088435376
117629,Folk,2,../data/local/processed_mel/117629.npy,19890,Julia K. Mars,18057,The Triangle EP,30.002721088435376
117630,Folk,2,../data/local/processed_mel/117630.npy,19890,Julia K. Mars,18057,The Triangle EP,29.976598639455784
117631,Folk,2,../data/local/processed_mel/117631.npy,19890,Julia K. Mars,18057,The Triangle EP,29.976598639455784
117632,Folk,2,../data/local/processed_mel/117632.npy,19890,Julia K. Mars,18057,The Triangle EP,29.976598639455784
117666,International,5,../data/local/processed_mel/117666.npy,19892,La Inédita,18062,"Live on WFMU's Transpacific Sound Paradise with Rob Weisberg: April 4, 2015",30.002721088435376
117667,International,5,../data/local/processed_mel/117667.npy,19892,La Inédita,18062,"Live on WFMU's Transpacific Sound Paradise with Rob Weisberg: April 4, 2015",30.002721088435376
117668,International,5,../data/local/processed_mel/117668.npy,19892,La Inédita,18062,"Live on WFMU's Transpacific Sound Paradise with Rob Weisberg: April 4, 2015",30.002721088435376
117669,International,5,../data/local/processed_mel/117669.npy,19892,La Inédita,18062,"Live on WFMU's Transpacific Sound Paradise with Rob Weisberg: April 4, 2015",29.976598639455784
117670,International,5,../data/local/processed_mel/117670.npy,19892,La Inédita,18062,"Live on WFMU's Transpacific Sound Paradise with Rob Weisberg: April 4, 2015",30.002721088435376
117846,Experimental,1,../data/local/processed_mel/117846.npy,19908,The Basic Income Earth Network and Ruben D'Hers,18090,Hobby,30.002721088435376
117944,International,5,../data/local/processed_mel/117944.npy,9939,mildtape,18100,Declaration of Love,29.976598639455784
117945,International,5,../data/local/processed_mel/117945.npy,6593,Buguinha Dub,18100,Declaration of Love,29.976598639455784
117946,International,5,../data/local/processed_mel/117946.npy,7198,Moolen,18100,Declaration of Love,29.976598639455784
117966,Experimental,1,../data/local/processed_mel/117966.npy,10500,Vladimír Hirsch,18105,Jaan Patterson and Friends - 'The Interviews' Vol.1,30.002721088435376
117970,Experimental,1,../data/local/processed_mel/117970.npy,10012,Jared C. Balogh,18105,Jaan Patterson and Friends - 'The Interviews' Vol.1,29.976598639455784
117991,Experimental,1,../data/local/processed_mel/117991.npy,17524,Ars Sonor,18106,Jaan Patterson and Friends - 'The Interviews' Vol.2,30.002721088435376
118000,Experimental,1,../data/local/processed_mel/118000.npy,16884,Juan Angel Italiano,18106,Jaan Patterson and Friends - 'The Interviews' Vol.2,30.002721088435376
118012,Experimental,1,../data/local/processed_mel/118012.npy,8466,suRRism,18106,Jaan Patterson and Friends - 'The Interviews' Vol.2,30.002721088435376
118058,Instrumental,4,../data/local/processed_mel/118058.npy,19461,Blue Dot Sessions,18110,Union Hall,29.988979591836735
118059,Instrumental,4,../data/local/processed_mel/118059.npy,19461,Blue Dot Sessions,18110,Union Hall,29.988979591836735
118060,Instrumental,4,../data/local/processed_mel/118060.npy,19461,Blue Dot Sessions,18110,Union Hall,29.988979591836735
118061,Instrumental,4,../data/local/processed_mel/118061.npy,19461,Blue Dot Sessions,18110,Union Hall,29.988979591836735
118062,Instrumental,4,../data/local/processed_mel/118062.npy,19461,Blue Dot Sessions,18110,Union Hall,29.988979591836735
118063,Instrumental,4,../data/local/processed_mel/118063.npy,19461,Blue Dot Sessions,18110,Union Hall,29.988979591836735
118068,Instrumental,4,../data/local/processed_mel/118068.npy,15891,Kosta T,18111,ОБХОД,30.002721088435376
118084,Experimental,1,../data/local/processed_mel/118084.npy,19535,PC-ONE,17678,Wilderness,29.976598639455784
118085,Experimental,1,../data/local/processed_mel/118085.npy,19535,PC-ONE,17678,Wilderness,29.976598639455784
118087,Experimental,1,../data/local/processed_mel/118087.npy,19535,PC-ONE,17678,Wilderness,29.976598639455784
118195,Experimental,1,../data/local/processed_mel/118195.npy,19535,PC-ONE,17678,Wilderness,30.002721088435376
118196,Experimental,1,../data/local/processed_mel/118196.npy,19535,PC-ONE,17678,Wilderness,29.976598639455784
118222,Experimental,1,../data/local/processed_mel/118222.npy,19535,PC-ONE,17678,Wilderness,29.976598639455784
118223,Experimental,1,../data/local/processed_mel/118223.npy,19535,PC-ONE,17678,Wilderness,29.976598639455784
118257,Experimental,1,../data/local/processed_mel/118257.npy,19996,compost haven,18128,icky vicky,30.002721088435376
118276,Experimental,1,../data/local/processed_mel/118276.npy,19535,PC-ONE,17678,Wilderness,29.976598639455784
118277,Experimental,1,../data/local/processed_mel/118277.npy,19535,PC-ONE,17678,Wilderness,29.976598639455784
118279,Rock,7,../data/local/processed_mel/118279.npy,13523,springtide,13316,Just Before April,30.002721088435376
118327,Rock,7,../data/local/processed_mel/118327.npy,20023,Tyranny is Tyranny,18136,The Rise of Disaster Capitalism,29.976598639455784
118384,Rock,7,../data/local/processed_mel/118384.npy,17344,Vitamin Pets,18142,Live at The Do Drop In,29.988979591836735
118478,Experimental,1,../data/local/processed_mel/118478.npy,20004,Ben Townsend,18152,I-XVIII,29.976598639455784
118484,Experimental,1,../data/local/processed_mel/118484.npy,20000,Dina Maccabee,18152,I-XVIII,29.976598639455784
118489,Experimental,1,../data/local/processed_mel/118489.npy,20040,Jesse Krakow,18152,I-XVIII,29.976598639455784
118496,Experimental,1,../data/local/processed_mel/118496.npy,20006,Dan Cantrell,18153,2-10,29.976598639455784
118498,Experimental,1,../data/local/processed_mel/118498.npy,20038,Isaac Silk and Tennessee Mowrey,18153,2-10,30.002721088435376
118499,Experimental,1,../data/local/processed_mel/118499.npy,20041,Jesse Olsen Bay,18153,2-10,30.002721088435376
118500,Experimental,1,../data/local/processed_mel/118500.npy,20002,Jonathan Zorn,18153,2-10,29.976598639455784
118502,Experimental,1,../data/local/processed_mel/118502.npy,20019,Michael Mellender,18153,2-10,29.976598639455784
118503,Experimental,1,../data/local/processed_mel/118503.npy,20009,Ron Shalom,18153,2-10,29.976598639455784
118504,Experimental,1,../data/local/processed_mel/118504.npy,20001,Toby Summerfield,18153,2-10,30.002721088435376
118507,Experimental,1,../data/local/processed_mel/118507.npy,20043,Mouzhan Yousefi Carton,18154,A-C,29.976598639455784
118569,Hip-Hop,3,../data/local/processed_mel/118569.npy,18872,Cheese N Pot-C,18159,Blue Bins,29.976598639455784
118618,Instrumental,4,../data/local/processed_mel/118618.npy,18673,Fabian Measures,19142,Hanami,29.976598639455784
118629,Electronic,0,../data/local/processed_mel/118629.npy,20059,Marrach with H. Stewart,18173,Night Unbound,29.976598639455784
118670,Folk,2,../data/local/processed_mel/118670.npy,20061,Red Trees,18178,Give Love (side A),29.976598639455784
118671,Folk,2,../data/local/processed_mel/118671.npy,20061,Red Trees,18178,Give Love (side A),29.976598639455784
118672,Folk,2,../data/local/processed_mel/118672.npy,20061,Red Trees,18178,Give Love (side A),29.976598639455784
118674,Folk,2,../data/local/processed_mel/118674.npy,20061,Red Trees,18178,Give Love (side A),29.976598639455784
118734,Electronic,0,../data/local/processed_mel/118734.npy,20083,Russell E. L. Butler,18185,Constructions,29.976598639455784
118735,Folk,2,../data/local/processed_mel/118735.npy,20084,The Golden Dawn,18186,Changes In Mind,29.976598639455784
118738,Folk,2,../data/local/processed_mel/118738.npy,20084,The Golden Dawn,18186,Changes In Mind,30.002721088435376
118739,Folk,2,../data/local/processed_mel/118739.npy,20084,The Golden Dawn,18186,Changes In Mind,30.002721088435376
118920,Electronic,0,../data/local/processed_mel/118920.npy,19453,Little Glass Men,17759,Debut E.P.,29.976598639455784
118921,Electronic,0,../data/local/processed_mel/118921.npy,19453,Little Glass Men,17759,Debut E.P.,30.002721088435376
118922,Electronic,0,../data/local/processed_mel/118922.npy,19453,Little Glass Men,17759,Debut E.P.,30.002721088435376
118923,Electronic,0,../data/local/processed_mel/118923.npy,19453,Little Glass Men,17759,Debut E.P.,29.976598639455784
118950,Instrumental,4,../data/local/processed_mel/118950.npy,20112,Igor Khabarov,18211,Be,29.988979591836735
118951,Instrumental,4,../data/local/processed_mel/118951.npy,20112,Igor Khabarov,18211,Be,29.988979591836735
118952,Instrumental,4,../data/local/processed_mel/118952.npy,20112,Igor Khabarov,18211,Be,29.988979591836735
118953,Instrumental,4,../data/local/processed_mel/118953.npy,20112,Igor Khabarov,18211,Be,29.988979591836735
118954,Instrumental,4,../data/local/processed_mel/118954.npy,20112,Igor Khabarov,18211,Be,29.988979591836735
118955,Instrumental,4,../data/local/processed_mel/118955.npy,20112,Igor Khabarov,18211,Be,29.988979591836735
118957,Experimental,1,../data/local/processed_mel/118957.npy,19268,ODOR BABY,18212,AVIATION CRAB ORCHESTRA (AN EPIC SAGA),30.002721088435376
118958,Experimental,1,../data/local/processed_mel/118958.npy,19268,ODOR BABY,18212,AVIATION CRAB ORCHESTRA (AN EPIC SAGA),30.002721088435376
118972,Experimental,1,../data/local/processed_mel/118972.npy,19268,ODOR BABY,18212,AVIATION CRAB ORCHESTRA (AN EPIC SAGA),29.976598639455784
118986,Experimental,1,../data/local/processed_mel/118986.npy,20114,Bagat,18218,Obsidian Sun,29.988979591836735
118987,Experimental,1,../data/local/processed_mel/118987.npy,20114,Bagat,18218,Obsidian Sun,29.988979591836735
118988,Experimental,1,../data/local/processed_mel/118988.npy,20114,Bagat,18218,Obsidian Sun,29.988979591836735
119025,Experimental,1,../data/local/processed_mel/119025.npy,1818,Change!,18223,Circle Of Ambient Friends,30.002721088435376
119026,Experimental,1,../data/local/processed_mel/119026.npy,1818,Change!,18223,Circle Of Ambient Friends,29.976598639455784
119027,Experimental,1,../data/local/processed_mel/119027.npy,1818,Change!,18223,Circle Of Ambient Friends,29.976598639455784
119063,Experimental,1,../data/local/processed_mel/119063.npy,1767,FortyOne,18229,Fortyfive,30.002721088435376
119086,Experimental,1,../data/local/processed_mel/119086.npy,1767,FortyOne,18229,Fortyfive,29.976598639455784
119095,Experimental,1,../data/local/processed_mel/119095.npy,1767,FortyOne,18229,Fortyfive,30.002721088435376
119097,Experimental,1,../data/local/processed_mel/119097.npy,1767,FortyOne,18229,Fortyfive,29.976598639455784
119118,Experimental,1,../data/local/processed_mel/119118.npy,1767,FortyOne,18230,Music That's Better Than It Sounds,30.002721088435376
119134,Experimental,1,../data/local/processed_mel/119134.npy,1767,FortyOne,18230,Music That's Better Than It Sounds,29.976598639455784
119187,Pop,6,../data/local/processed_mel/119187.npy,1929,Puyo Puyo,18236,Lullabots,30.002721088435376
119193,Pop,6,../data/local/processed_mel/119193.npy,1929,Puyo Puyo,18236,Lullabots,30.002721088435376
119257,Rock,7,../data/local/processed_mel/119257.npy,1810,The Wades,18241,Greatest Hits,30.002721088435376
119369,Experimental,1,../data/local/processed_mel/119369.npy,1885,Erick Gallun,18248,Sound Field Furrows,29.976598639455784
119379,Experimental,1,../data/local/processed_mel/119379.npy,1885,Erick Gallun,18248,Sound Field Furrows,30.002721088435376
119413,Experimental,1,../data/local/processed_mel/119413.npy,1786,Eddie The Rat,18251,Lip-Synching At Zero Gravity,29.976598639455784
119545,Experimental,1,../data/local/processed_mel/119545.npy,1813,Full Load of King,18256,FLOP,29.976598639455784
119569,Rock,7,../data/local/processed_mel/119569.npy,1824,Iron Metal,18259,Iron Metal I/Rock on the Hole,29.976598639455784
119571,Rock,7,../data/local/processed_mel/119571.npy,1824,Iron Metal,18259,Iron Metal I/Rock on the Hole,29.976598639455784
119574,Rock,7,../data/local/processed_mel/119574.npy,1824,Iron Metal,18259,Iron Metal I/Rock on the Hole,30.002721088435376
119575,Experimental,1,../data/local/processed_mel/119575.npy,1911,Nicholas Smith,18261,American Propagandhi,30.002721088435376
119578,Experimental,1,../data/local/processed_mel/119578.npy,1911,Nicholas Smith,18261,American Propagandhi,30.002721088435376
119579,Experimental,1,../data/local/processed_mel/119579.npy,1911,Nicholas Smith,18261,American Propagandhi,29.976598639455784
119580,Experimental,1,../data/local/processed_mel/119580.npy,1911,Nicholas Smith,18261,American Propagandhi,29.976598639455784
119582,Experimental,1,../data/local/processed_mel/119582.npy,1911,Nicholas Smith,18261,American Propagandhi,30.002721088435376
119583,Experimental,1,../data/local/processed_mel/119583.npy,1911,Nicholas Smith,18261,American Propagandhi,29.976598639455784
119715,Rock,7,../data/local/processed_mel/119715.npy,4925,Kraus,18271,Here Come the Recorders,30.002721088435376
119719,Folk,2,../data/local/processed_mel/119719.npy,14571,manuel gordiani,18274,Meu Caro Amigo,29.976598639455784
119725,Folk,2,../data/local/processed_mel/119725.npy,14571,manuel gordiani,18274,Meu Caro Amigo,29.976598639455784
119726,Folk,2,../data/local/processed_mel/119726.npy,14571,manuel gordiani,18274,Meu Caro Amigo,29.976598639455784
119727,Experimental,1,../data/local/processed_mel/119727.npy,20130,manuelgordiani.it - fabrizioab,18275,medianti,30.002721088435376
119893,Instrumental,4,../data/local/processed_mel/119893.npy,19461,Blue Dot Sessions,18298,Dolores,29.988979591836735
119894,Instrumental,4,../data/local/processed_mel/119894.npy,19461,Blue Dot Sessions,18298,Dolores,29.988979591836735
119895,Instrumental,4,../data/local/processed_mel/119895.npy,19461,Blue Dot Sessions,18298,Dolores,29.988979591836735
119896,Instrumental,4,../data/local/processed_mel/119896.npy,19461,Blue Dot Sessions,18298,Dolores,29.988979591836735
119897,Instrumental,4,../data/local/processed_mel/119897.npy,19461,Blue Dot Sessions,18298,Dolores,29.988979591836735
119898,Instrumental,4,../data/local/processed_mel/119898.npy,19461,Blue Dot Sessions,18299,Castro,29.988979591836735
119899,Instrumental,4,../data/local/processed_mel/119899.npy,19461,Blue Dot Sessions,18299,Castro,29.988979591836735
119900,Instrumental,4,../data/local/processed_mel/119900.npy,19461,Blue Dot Sessions,18299,Castro,29.988979591836735
119901,Instrumental,4,../data/local/processed_mel/119901.npy,19461,Blue Dot Sessions,18299,Castro,29.988979591836735
119922,Rock,7,../data/local/processed_mel/119922.npy,13523,springtide,13316,Just Before April,30.002721088435376
119938,Hip-Hop,3,../data/local/processed_mel/119938.npy,20153,J Mano,18304,"Life, Rhymes, Showtime EP",29.976598639455784
119939,Hip-Hop,3,../data/local/processed_mel/119939.npy,20153,J Mano,18304,"Life, Rhymes, Showtime EP",29.976598639455784
119940,Hip-Hop,3,../data/local/processed_mel/119940.npy,20153,J Mano,18304,"Life, Rhymes, Showtime EP",29.976598639455784
119941,Hip-Hop,3,../data/local/processed_mel/119941.npy,20153,J Mano,18304,"Life, Rhymes, Showtime EP",30.002721088435376
119942,Hip-Hop,3,../data/local/processed_mel/119942.npy,20153,J Mano,18304,"Life, Rhymes, Showtime EP",30.002721088435376
119979,Hip-Hop,3,../data/local/processed_mel/119979.npy,18872,Cheese N Pot-C,18312,Hey You Guys,29.976598639455784
119985,Hip-Hop,3,../data/local/processed_mel/119985.npy,20156,Cassette Tape Bandits,18314,Rapper Exchange Program,30.002721088435376
119988,Hip-Hop,3,../data/local/processed_mel/119988.npy,20156,Cassette Tape Bandits,18314,Rapper Exchange Program,30.002721088435376
119991,Hip-Hop,3,../data/local/processed_mel/119991.npy,20156,Cassette Tape Bandits,18314,Rapper Exchange Program,30.002721088435376
119992,Hip-Hop,3,../data/local/processed_mel/119992.npy,20156,Cassette Tape Bandits,18314,Rapper Exchange Program,29.976598639455784
119993,Hip-Hop,3,../data/local/processed_mel/119993.npy,20156,Cassette Tape Bandits,18314,Rapper Exchange Program,30.002721088435376
119994,Hip-Hop,3,../data/local/processed_mel/119994.npy,20156,Cassette Tape Bandits,18314,Rapper Exchange Program,30.002721088435376
120105,Pop,6,../data/local/processed_mel/120105.npy,1916,Lanark,18320,Comfort Cake,29.976598639455784
120109,Pop,6,../data/local/processed_mel/120109.npy,16763,Coconut Monkeyrocket,18320,Comfort Cake,29.976598639455784
120111,Pop,6,../data/local/processed_mel/120111.npy,20182,Erick Gallun & Chris Stecker (Brain Science),18320,Comfort Cake,30.002721088435376
120112,Pop,6,../data/local/processed_mel/120112.npy,1864,Inzah,18320,Comfort Cake,30.002721088435376
120150,Experimental,1,../data/local/processed_mel/120150.npy,20188,The Slate Pipe Banjo Draggers,18322,Auld Lang Syne,29.976598639455784
120160,Experimental,1,../data/local/processed_mel/120160.npy,20196,The Holiday Squad,18322,Auld Lang Syne,29.976598639455784
120161,Experimental,1,../data/local/processed_mel/120161.npy,20197,Bros II,18322,Auld Lang Syne,30.002721088435376
120171,Experimental,1,../data/local/processed_mel/120171.npy,19591,mr_melvis,18322,Auld Lang Syne,29.976598639455784
120172,Folk,2,../data/local/processed_mel/120172.npy,20203,Hope For Agoldensummer,18323,"Live on WFMU Shrunken Planet with Jeffrey Davison: May 16, 2015",29.976598639455784
120177,Folk,2,../data/local/processed_mel/120177.npy,20203,Hope For Agoldensummer,18323,"Live on WFMU Shrunken Planet with Jeffrey Davison: May 16, 2015",29.976598639455784
120178,Folk,2,../data/local/processed_mel/120178.npy,20203,Hope For Agoldensummer,18323,"Live on WFMU Shrunken Planet with Jeffrey Davison: May 16, 2015",30.002721088435376
120179,Pop,6,../data/local/processed_mel/120179.npy,2005,Messer Chups,18324,Swingin' Singles,29.976598639455784
120183,Pop,6,../data/local/processed_mel/120183.npy,2007,Math and Physics Club,18324,Swingin' Singles,30.002721088435376
120184,Pop,6,../data/local/processed_mel/120184.npy,2008,Lee Rosevere,18324,Swingin' Singles,30.002721088435376
120188,Pop,6,../data/local/processed_mel/120188.npy,2011,Kim & Buran,18324,Swingin' Singles,30.002721088435376
120189,Pop,6,../data/local/processed_mel/120189.npy,1819,Chenard Walcker,18324,Swingin' Singles,30.002721088435376
120194,Pop,6,../data/local/processed_mel/120194.npy,2005,Messer Chups,18324,Swingin' Singles,29.976598639455784
120196,Pop,6,../data/local/processed_mel/120196.npy,1767,FortyOne,18324,Swingin' Singles,29.976598639455784
120199,Pop,6,../data/local/processed_mel/120199.npy,2008,Lee Rosevere,18324,Swingin' Singles,29.976598639455784
120200,Pop,6,../data/local/processed_mel/120200.npy,2005,Messer Chups,18324,Swingin' Singles,29.976598639455784
120203,Pop,6,../data/local/processed_mel/120203.npy,2011,Kim & Buran,18324,Swingin' Singles,29.976598639455784
120207,Pop,6,../data/local/processed_mel/120207.npy,1764,The Apartment,18324,Swingin' Singles,30.002721088435376
120208,Pop,6,../data/local/processed_mel/120208.npy,1767,FortyOne,18324,Swingin' Singles,29.976598639455784
120296,Instrumental,4,../data/local/processed_mel/120296.npy,20205,Cory Gray,18328,Carcrashlander Instrumentals,29.976598639455784
120297,Instrumental,4,../data/local/processed_mel/120297.npy,20205,Cory Gray,18328,Carcrashlander Instrumentals,29.988979591836735
120298,Instrumental,4,../data/local/processed_mel/120298.npy,20205,Cory Gray,18328,Carcrashlander Instrumentals,29.988979591836735
120299,Instrumental,4,../data/local/processed_mel/120299.npy,20205,Cory Gray,18328,Carcrashlander Instrumentals,29.976598639455784
120300,Instrumental,4,../data/local/processed_mel/120300.npy,20205,Cory Gray,18328,Carcrashlander Instrumentals,30.002721088435376
120302,Instrumental,4,../data/local/processed_mel/120302.npy,20205,Cory Gray,18328,Carcrashlander Instrumentals,30.002721088435376
120303,Instrumental,4,../data/local/processed_mel/120303.npy,20205,Cory Gray,18328,Carcrashlander Instrumentals,29.976598639455784
120304,Instrumental,4,../data/local/processed_mel/120304.npy,20205,Cory Gray,18328,Carcrashlander Instrumentals,29.988979591836735
120305,Instrumental,4,../data/local/processed_mel/120305.npy,20205,Cory Gray,18328,Carcrashlander Instrumentals,29.988979591836735
120306,Instrumental,4,../data/local/processed_mel/120306.npy,20205,Cory Gray,18328,Carcrashlander Instrumentals,29.976598639455784
120307,Instrumental,4,../data/local/processed_mel/120307.npy,20205,Cory Gray,18328,Carcrashlander Instrumentals,30.002721088435376
120308,Instrumental,4,../data/local/processed_mel/120308.npy,20205,Cory Gray,18328,Carcrashlander Instrumentals,29.976598639455784
120309,Instrumental,4,../data/local/processed_mel/120309.npy,20205,Cory Gray,18328,Carcrashlander Instrumentals,30.002721088435376
120310,Instrumental,4,../data/local/processed_mel/120310.npy,20205,Cory Gray,18328,Carcrashlander Instrumentals,29.988979591836735
120312,Instrumental,4,../data/local/processed_mel/120312.npy,20205,Cory Gray,18328,Carcrashlander Instrumentals,29.988979591836735
120313,Instrumental,4,../data/local/processed_mel/120313.npy,20205,Cory Gray,18328,Carcrashlander Instrumentals,30.002721088435376
120314,Instrumental,4,../data/local/processed_mel/120314.npy,20205,Cory Gray,18328,Carcrashlander Instrumentals,30.002721088435376
120315,Instrumental,4,../data/local/processed_mel/120315.npy,20205,Cory Gray,18328,Carcrashlander Instrumentals,30.002721088435376
120316,Instrumental,4,../data/local/processed_mel/120316.npy,20205,Cory Gray,18328,Carcrashlander Instrumentals,30.002721088435376
120317,Instrumental,4,../data/local/processed_mel/120317.npy,20205,Cory Gray,18328,Carcrashlander Instrumentals,30.002721088435376
120318,Instrumental,4,../data/local/processed_mel/120318.npy,20205,Cory Gray,18328,Carcrashlander Instrumentals,29.976598639455784
120319,Instrumental,4,../data/local/processed_mel/120319.npy,20205,Cory Gray,18328,Carcrashlander Instrumentals,30.002721088435376
120320,Instrumental,4,../data/local/processed_mel/120320.npy,20205,Cory Gray,18328,Carcrashlander Instrumentals,30.002721088435376
120321,Instrumental,4,../data/local/processed_mel/120321.npy,20205,Cory Gray,18328,Carcrashlander Instrumentals,29.976598639455784
120322,Instrumental,4,../data/local/processed_mel/120322.npy,20205,Cory Gray,18328,Carcrashlander Instrumentals,29.988979591836735
120323,Instrumental,4,../data/local/processed_mel/120323.npy,20205,Cory Gray,18328,Carcrashlander Instrumentals,30.002721088435376
120324,Instrumental,4,../data/local/processed_mel/120324.npy,20205,Cory Gray,18328,Carcrashlander Instrumentals,30.002721088435376
120325,Instrumental,4,../data/local/processed_mel/120325.npy,20205,Cory Gray,18328,Carcrashlander Instrumentals,29.976598639455784
120326,Instrumental,4,../data/local/processed_mel/120326.npy,20205,Cory Gray,18328,Carcrashlander Instrumentals,29.976598639455784
120327,Instrumental,4,../data/local/processed_mel/120327.npy,20205,Cory Gray,18328,Carcrashlander Instrumentals,29.976598639455784
120328,Instrumental,4,../data/local/processed_mel/120328.npy,20205,Cory Gray,18328,Carcrashlander Instrumentals,29.976598639455784
120329,Instrumental,4,../data/local/processed_mel/120329.npy,20205,Cory Gray,18328,Carcrashlander Instrumentals,29.976598639455784
120330,Instrumental,4,../data/local/processed_mel/120330.npy,20205,Cory Gray,18328,Carcrashlander Instrumentals,29.988979591836735
120331,Instrumental,4,../data/local/processed_mel/120331.npy,20205,Cory Gray,18328,Carcrashlander Instrumentals,29.976598639455784
120332,Instrumental,4,../data/local/processed_mel/120332.npy,20205,Cory Gray,18328,Carcrashlander Instrumentals,29.988979591836735
120333,Instrumental,4,../data/local/processed_mel/120333.npy,20205,Cory Gray,18328,Carcrashlander Instrumentals,29.988979591836735
120462,Electronic,0,../data/local/processed_mel/120462.npy,20146,SPCZ,18348,BLISS,30.002721088435376
120466,Electronic,0,../data/local/processed_mel/120466.npy,20146,SPCZ,18348,BLISS,30.002721088435376
120467,Electronic,0,../data/local/processed_mel/120467.npy,20146,SPCZ,18349,SPACE NIGHT EP,29.976598639455784
120468,Electronic,0,../data/local/processed_mel/120468.npy,20146,SPCZ,18349,SPACE NIGHT EP,29.976598639455784
120469,Electronic,0,../data/local/processed_mel/120469.npy,20146,SPCZ,18349,SPACE NIGHT EP,30.002721088435376
120470,Electronic,0,../data/local/processed_mel/120470.npy,20146,SPCZ,18349,SPACE NIGHT EP,30.002721088435376
120471,Electronic,0,../data/local/processed_mel/120471.npy,20146,SPCZ,18349,SPACE NIGHT EP,29.976598639455784
120504,Instrumental,4,../data/local/processed_mel/120504.npy,20208,Nick Davies,18343,Research Park,29.976598639455784
120769,Instrumental,4,../data/local/processed_mel/120769.npy,20273,Aaron Mist,18373,Unnecessary City,29.976598639455784
120770,Instrumental,4,../data/local/processed_mel/120770.npy,20273,Aaron Mist,18373,Unnecessary City,29.976598639455784
120771,Instrumental,4,../data/local/processed_mel/120771.npy,20273,Aaron Mist,18373,Unnecessary City,30.002721088435376
120772,Instrumental,4,../data/local/processed_mel/120772.npy,20273,Aaron Mist,18373,Unnecessary City,29.976598639455784
120773,Instrumental,4,../data/local/processed_mel/120773.npy,20273,Aaron Mist,18373,Unnecessary City,30.002721088435376
120774,Instrumental,4,../data/local/processed_mel/120774.npy,20273,Aaron Mist,18373,Unnecessary City,30.002721088435376
120775,Instrumental,4,../data/local/processed_mel/120775.npy,20273,Aaron Mist,18373,Unnecessary City,30.002721088435376
120776,Instrumental,4,../data/local/processed_mel/120776.npy,20273,Aaron Mist,18373,Unnecessary City,29.976598639455784
120777,Instrumental,4,../data/local/processed_mel/120777.npy,20273,Aaron Mist,18373,Unnecessary City,30.002721088435376
120778,Instrumental,4,../data/local/processed_mel/120778.npy,20273,Aaron Mist,18373,Unnecessary City,29.976598639455784
121251,Rock,7,../data/local/processed_mel/121251.npy,20289,Guerra de Cerdos,18407,Y Te Sacaran Los Ojos,29.976598639455784
121256,Rock,7,../data/local/processed_mel/121256.npy,14795,King Capisce,18408,"The Future Cannot Be Born Yet, It Is Waiting For The Past To Die",30.002721088435376
121257,Rock,7,../data/local/processed_mel/121257.npy,14795,King Capisce,18408,"The Future Cannot Be Born Yet, It Is Waiting For The Past To Die",29.976598639455784
121273,Experimental,1,../data/local/processed_mel/121273.npy,20292,Talugung,18411,Multiplying Dead Ends,29.976598639455784
121288,Experimental,1,../data/local/processed_mel/121288.npy,20097,Running Point,18413,The Mic'd Time​-​Scene,29.976598639455784
121312,Hip-Hop,3,../data/local/processed_mel/121312.npy,20304,Coin Locker Kid,18416,The Lars Demos,29.976598639455784
121313,Hip-Hop,3,../data/local/processed_mel/121313.npy,20304,Coin Locker Kid,18416,The Lars Demos,30.002721088435376
121314,Hip-Hop,3,../data/local/processed_mel/121314.npy,20304,Coin Locker Kid,18416,The Lars Demos,29.976598639455784
121315,Hip-Hop,3,../data/local/processed_mel/121315.npy,20304,Coin Locker Kid,18416,The Lars Demos,29.976598639455784
121316,Hip-Hop,3,../data/local/processed_mel/121316.npy,20304,Coin Locker Kid,18416,The Lars Demos,30.002721088435376
121317,Hip-Hop,3,../data/local/processed_mel/121317.npy,20304,Coin Locker Kid,18416,The Lars Demos,30.002721088435376
121318,Hip-Hop,3,../data/local/processed_mel/121318.npy,20304,Coin Locker Kid,18416,The Lars Demos,29.976598639455784
121319,Hip-Hop,3,../data/local/processed_mel/121319.npy,20304,Coin Locker Kid,18416,The Lars Demos,30.002721088435376
121320,Hip-Hop,3,../data/local/processed_mel/121320.npy,20304,Coin Locker Kid,18416,The Lars Demos,29.976598639455784
121321,Hip-Hop,3,../data/local/processed_mel/121321.npy,20304,Coin Locker Kid,18416,The Lars Demos,29.976598639455784
121322,Hip-Hop,3,../data/local/processed_mel/121322.npy,20304,Coin Locker Kid,18416,The Lars Demos,29.976598639455784
121323,Hip-Hop,3,../data/local/processed_mel/121323.npy,20304,Coin Locker Kid,18416,The Lars Demos,30.002721088435376
121346,Experimental,1,../data/local/processed_mel/121346.npy,19268,ODOR BABY,18212,AVIATION CRAB ORCHESTRA (AN EPIC SAGA),29.976598639455784
121366,Experimental,1,../data/local/processed_mel/121366.npy,20308,YANSR & CCC,18420,Futuro Primitivo,29.976598639455784
121449,Electronic,0,../data/local/processed_mel/121449.npy,20274,Dan Lizard,18433,Dance 2 The Music EP,29.976598639455784
121450,Electronic,0,../data/local/processed_mel/121450.npy,20274,Dan Lizard,18433,Dance 2 The Music EP,29.976598639455784
121451,Electronic,0,../data/local/processed_mel/121451.npy,20274,Dan Lizard,18433,Dance 2 The Music EP,29.976598639455784
121452,Electronic,0,../data/local/processed_mel/121452.npy,20274,Dan Lizard,18433,Dance 2 The Music EP,30.002721088435376
121453,Electronic,0,../data/local/processed_mel/121453.npy,20274,Dan Lizard,18433,Dance 2 The Music EP,30.002721088435376
121454,Electronic,0,../data/local/processed_mel/121454.npy,20274,Dan Lizard,18433,Dance 2 The Music EP,29.976598639455784
121472,Instrumental,4,../data/local/processed_mel/121472.npy,20315,Satellite Ensemble,18437,Emergence,29.988979591836735
121473,Instrumental,4,../data/local/processed_mel/121473.npy,20315,Satellite Ensemble,18437,Emergence,29.988979591836735
121474,Instrumental,4,../data/local/processed_mel/121474.npy,20315,Satellite Ensemble,18437,Emergence,29.988979591836735
121475,Instrumental,4,../data/local/processed_mel/121475.npy,20315,Satellite Ensemble,18437,Emergence,29.988979591836735
121570,Rock,7,../data/local/processed_mel/121570.npy,14419,Spider Bags,18447,"Live on WFMU with Todd-o-phonic Todd: June 13, 2015",30.002721088435376
121589,Pop,6,../data/local/processed_mel/121589.npy,20325,Kurt Baker,18449,"Live on WFMU's Three Chord Monte with Joe Belock: June 15, 2015",30.002721088435376
121590,Pop,6,../data/local/processed_mel/121590.npy,20325,Kurt Baker,18449,"Live on WFMU's Three Chord Monte with Joe Belock: June 15, 2015",29.976598639455784
121591,Pop,6,../data/local/processed_mel/121591.npy,20325,Kurt Baker,18449,"Live on WFMU's Three Chord Monte with Joe Belock: June 15, 2015",30.002721088435376
121592,Pop,6,../data/local/processed_mel/121592.npy,20325,Kurt Baker,18449,"Live on WFMU's Three Chord Monte with Joe Belock: June 15, 2015",30.002721088435376
121593,Pop,6,../data/local/processed_mel/121593.npy,20325,Kurt Baker,18449,"Live on WFMU's Three Chord Monte with Joe Belock: June 15, 2015",30.002721088435376
121594,Pop,6,../data/local/processed_mel/121594.npy,20325,Kurt Baker,18449,"Live on WFMU's Three Chord Monte with Joe Belock: June 15, 2015",29.976598639455784
121734,Pop,6,../data/local/processed_mel/121734.npy,20335,Frozen Houses,18467,Frozen Houses EP,29.976598639455784
121735,Pop,6,../data/local/processed_mel/121735.npy,20335,Frozen Houses,18467,Frozen Houses EP,29.976598639455784
121736,Pop,6,../data/local/processed_mel/121736.npy,20335,Frozen Houses,18467,Frozen Houses EP,30.002721088435376
121737,Pop,6,../data/local/processed_mel/121737.npy,20335,Frozen Houses,18467,Frozen Houses EP,30.002721088435376
121738,Pop,6,../data/local/processed_mel/121738.npy,20335,Frozen Houses,18467,Frozen Houses EP,29.976598639455784
121739,Pop,6,../data/local/processed_mel/121739.npy,20335,Frozen Houses,18467,Frozen Houses EP,29.976598639455784
121740,Pop,6,../data/local/processed_mel/121740.npy,20335,Frozen Houses,18467,Frozen Houses EP,29.976598639455784
121813,Rock,7,../data/local/processed_mel/121813.npy,20354,Argument Clinic,18477,I'm Sorry! This Is Abuse!,30.002721088435376
121866,Rock,7,../data/local/processed_mel/121866.npy,20359,The Britemores,18484,"Live on WFMU's Three Chord Monte with Joe Belock - June 22, 2015",29.976598639455784
121867,Rock,7,../data/local/processed_mel/121867.npy,20359,The Britemores,18484,"Live on WFMU's Three Chord Monte with Joe Belock - June 22, 2015",29.976598639455784
121869,Rock,7,../data/local/processed_mel/121869.npy,20359,The Britemores,18484,"Live on WFMU's Three Chord Monte with Joe Belock - June 22, 2015",30.002721088435376
121976,Experimental,1,../data/local/processed_mel/121976.npy,20370,Zatan,18495,A Tribute to the Passing Of Christopher Lee & Ornette Coleman,29.976598639455784
121985,Experimental,1,../data/local/processed_mel/121985.npy,20377,Faster,18495,A Tribute to the Passing Of Christopher Lee & Ornette Coleman,29.976598639455784
121987,Experimental,1,../data/local/processed_mel/121987.npy,20379,Matt Riggen Quintet,18495,A Tribute to the Passing Of Christopher Lee & Ornette Coleman,30.002721088435376
122001,Experimental,1,../data/local/processed_mel/122001.npy,20389,Dimmer Twins,18495,A Tribute to the Passing Of Christopher Lee & Ornette Coleman,29.976598639455784
122003,Experimental,1,../data/local/processed_mel/122003.npy,20390,Bret Harold Hart,18495,A Tribute to the Passing Of Christopher Lee & Ornette Coleman,29.976598639455784
122004,Experimental,1,../data/local/processed_mel/122004.npy,20391,Christopher Petkus,18495,A Tribute to the Passing Of Christopher Lee & Ornette Coleman,30.002721088435376
122066,Rock,7,../data/local/processed_mel/122066.npy,13262,Jahzzar,18501,Message,29.988979591836735
122077,Rock,7,../data/local/processed_mel/122077.npy,13262,Jahzzar,18501,Message,29.988979591836735
122079,Rock,7,../data/local/processed_mel/122079.npy,13262,Jahzzar,18501,Message,29.988979591836735
122080,Rock,7,../data/local/processed_mel/122080.npy,13262,Jahzzar,18501,Message,29.988979591836735
122081,Rock,7,../data/local/processed_mel/122081.npy,13262,Jahzzar,18501,Message,29.988979591836735
122082,Rock,7,../data/local/processed_mel/122082.npy,13262,Jahzzar,18501,Message,29.988979591836735
122083,Rock,7,../data/local/processed_mel/122083.npy,13262,Jahzzar,18501,Message,29.988979591836735
122084,Rock,7,../data/local/processed_mel/122084.npy,13262,Jahzzar,18501,Message,29.988979591836735
122085,Rock,7,../data/local/processed_mel/122085.npy,13262,Jahzzar,18501,Message,29.988979591836735
122086,Rock,7,../data/local/processed_mel/122086.npy,13262,Jahzzar,18501,Message,29.988979591836735
122087,Rock,7,../data/local/processed_mel/122087.npy,13262,Jahzzar,18501,Message,29.988979591836735
122088,Rock,7,../data/local/processed_mel/122088.npy,13262,Jahzzar,18501,Message,29.988979591836735
122132,Experimental,1,../data/local/processed_mel/122132.npy,20421,J. Karl Bogartte & Jaan Patterson,18507,Ergo Protagonists,30.002721088435376
122153,Experimental,1,../data/local/processed_mel/122153.npy,8466,suRRism,18507,Ergo Protagonists,30.002721088435376
122166,Experimental,1,../data/local/processed_mel/122166.npy,20441,"Binary Slim, John Juan & Jaan Patterson",18507,Ergo Protagonists,30.002721088435376
122190,Rock,7,../data/local/processed_mel/122190.npy,17344,Vitamin Pets,18510,Horse Helpers of the High Country,29.976598639455784
122199,Experimental,1,../data/local/processed_mel/122199.npy,20445,Alas de Mosca,18512,Nudo de Cables en la Garganta,30.002721088435376
122201,Experimental,1,../data/local/processed_mel/122201.npy,20445,Alas de Mosca,18512,Nudo de Cables en la Garganta,29.976598639455784
122204,Experimental,1,../data/local/processed_mel/122204.npy,20445,Alas de Mosca,18512,Nudo de Cables en la Garganta,29.976598639455784
122247,Experimental,1,../data/local/processed_mel/122247.npy,19268,ODOR BABY,18212,AVIATION CRAB ORCHESTRA (AN EPIC SAGA),29.976598639455784
122261,Experimental,1,../data/local/processed_mel/122261.npy,20452,CXLVIII,18519,CXLVIII EP,29.976598639455784
122395,Rock,7,../data/local/processed_mel/122395.npy,20481,Gorilla Chief,18530,"Live on WFMU's Three Chord Monte with Joe Belock - June 29, 2015",29.976598639455784
122397,Rock,7,../data/local/processed_mel/122397.npy,20481,Gorilla Chief,18530,"Live on WFMU's Three Chord Monte with Joe Belock - June 29, 2015",30.002721088435376
122398,Rock,7,../data/local/processed_mel/122398.npy,20481,Gorilla Chief,18530,"Live on WFMU's Three Chord Monte with Joe Belock - June 29, 2015",29.976598639455784
122399,Rock,7,../data/local/processed_mel/122399.npy,20481,Gorilla Chief,18530,"Live on WFMU's Three Chord Monte with Joe Belock - June 29, 2015",30.002721088435376
122400,Rock,7,../data/local/processed_mel/122400.npy,20481,Gorilla Chief,18530,"Live on WFMU's Three Chord Monte with Joe Belock - June 29, 2015",30.002721088435376
122472,Rock,7,../data/local/processed_mel/122472.npy,16692,Eric & Magill,18540,In This Light,30.002721088435376
122473,Pop,6,../data/local/processed_mel/122473.npy,20487,Alessandro Coronas/Laura Mura,18541,La bèl pop (fifth anniversary compilation),29.976598639455784
122474,Pop,6,../data/local/processed_mel/122474.npy,10469,Plusplus,18541,La bèl pop (fifth anniversary compilation),30.002721088435376
122475,Pop,6,../data/local/processed_mel/122475.npy,20488,Summerfugl,18541,La bèl pop (fifth anniversary compilation),29.976598639455784
122498,Pop,6,../data/local/processed_mel/122498.npy,19494,Madoka Ogitani,18541,La bèl pop (fifth anniversary compilation),30.002721088435376
122499,Pop,6,../data/local/processed_mel/122499.npy,11409,N-qia,18541,La bèl pop (fifth anniversary compilation),30.002721088435376
122500,Pop,6,../data/local/processed_mel/122500.npy,8064,Elisa Luu,18541,La bèl pop (fifth anniversary compilation),30.002721088435376
122503,Pop,6,../data/local/processed_mel/122503.npy,20503,Neeva feat Carol,18541,La bèl pop (fifth anniversary compilation),29.976598639455784
122504,Pop,6,../data/local/processed_mel/122504.npy,20504,Frank Wilke/Andrè Darius,18541,La bèl pop (fifth anniversary compilation),29.976598639455784
122533,Pop,6,../data/local/processed_mel/122533.npy,8065,Di Bos,18541,La bèl pop (fifth anniversary compilation),30.002721088435376
122534,Pop,6,../data/local/processed_mel/122534.npy,11887,Adriano Orru,18541,La bèl pop (fifth anniversary compilation),30.002721088435376
122578,Pop,6,../data/local/processed_mel/122578.npy,10066,Medo's Little Trap,18541,La bèl pop (fifth anniversary compilation),30.002721088435376
122579,Pop,6,../data/local/processed_mel/122579.npy,8066,Menion,18541,La bèl pop (fifth anniversary compilation),29.976598639455784
122620,Rock,7,../data/local/processed_mel/122620.npy,20518,Monk Parker,18564,"Live on WFMU's 100% Whatever with Mary Wing - July 12, 2015",30.002721088435376
122621,Instrumental,4,../data/local/processed_mel/122621.npy,20519,Doctor Turtle,18565,Jonah's Message for New York,29.976598639455784
122622,Instrumental,4,../data/local/processed_mel/122622.npy,20519,Doctor Turtle,18565,Jonah's Message for New York,29.988979591836735
122623,Instrumental,4,../data/local/processed_mel/122623.npy,20519,Doctor Turtle,18565,Jonah's Message for New York,29.976598639455784
122624,Instrumental,4,../data/local/processed_mel/122624.npy,20521,A Ninja Slob Drew Me,18566,Free Sampler,29.976598639455784
122625,Instrumental,4,../data/local/processed_mel/122625.npy,20521,A Ninja Slob Drew Me,18566,Free Sampler,30.002721088435376
122626,Instrumental,4,../data/local/processed_mel/122626.npy,20521,A Ninja Slob Drew Me,18566,Free Sampler,29.976598639455784
122627,Instrumental,4,../data/local/processed_mel/122627.npy,20521,A Ninja Slob Drew Me,18566,Free Sampler,29.976598639455784
122628,Instrumental,4,../data/local/processed_mel/122628.npy,20521,A Ninja Slob Drew Me,18566,Free Sampler,29.976598639455784
122630,Instrumental,4,../data/local/processed_mel/122630.npy,20521,A Ninja Slob Drew Me,18566,Free Sampler,29.976598639455784
122631,Instrumental,4,../data/local/processed_mel/122631.npy,20521,A Ninja Slob Drew Me,18566,Free Sampler,30.002721088435376
122632,Instrumental,4,../data/local/processed_mel/122632.npy,20521,A Ninja Slob Drew Me,18566,Free Sampler,29.976598639455784
122633,Instrumental,4,../data/local/processed_mel/122633.npy,20521,A Ninja Slob Drew Me,18566,Free Sampler,29.976598639455784
122634,Instrumental,4,../data/local/processed_mel/122634.npy,20521,A Ninja Slob Drew Me,18566,Free Sampler,29.976598639455784
122635,Instrumental,4,../data/local/processed_mel/122635.npy,20521,A Ninja Slob Drew Me,18566,Free Sampler,29.976598639455784
122644,Instrumental,4,../data/local/processed_mel/122644.npy,20108,Josh Spacek,18567,"Young, Tough, Terrible",29.976598639455784
122645,Instrumental,4,../data/local/processed_mel/122645.npy,20108,Josh Spacek,18567,"Young, Tough, Terrible",29.976598639455784
122646,Instrumental,4,../data/local/processed_mel/122646.npy,20108,Josh Spacek,18567,"Young, Tough, Terrible",30.002721088435376
122647,Instrumental,4,../data/local/processed_mel/122647.npy,20108,Josh Spacek,18567,"Young, Tough, Terrible",30.002721088435376
122648,Instrumental,4,../data/local/processed_mel/122648.npy,20108,Josh Spacek,18567,"Young, Tough, Terrible",29.976598639455784
122649,Instrumental,4,../data/local/processed_mel/122649.npy,20108,Josh Spacek,18567,"Young, Tough, Terrible",29.976598639455784
122650,Instrumental,4,../data/local/processed_mel/122650.npy,20108,Josh Spacek,18567,"Young, Tough, Terrible",29.976598639455784
122651,Instrumental,4,../data/local/processed_mel/122651.npy,20108,Josh Spacek,18567,"Young, Tough, Terrible",29.976598639455784
122654,Instrumental,4,../data/local/processed_mel/122654.npy,20108,Josh Spacek,18567,"Young, Tough, Terrible",29.976598639455784
122671,Instrumental,4,../data/local/processed_mel/122671.npy,19189,P C III,18552,"Ad Astra, Vol. 2",30.002721088435376
122673,Instrumental,4,../data/local/processed_mel/122673.npy,19189,P C III,18552,"Ad Astra, Vol. 2",29.976598639455784
122675,Instrumental,4,../data/local/processed_mel/122675.npy,19189,P C III,18552,"Ad Astra, Vol. 2",30.002721088435376
122683,Rock,7,../data/local/processed_mel/122683.npy,17997,Salmo,18570,Kaos O Labo (Piece of Wood),29.976598639455784
122685,Rock,7,../data/local/processed_mel/122685.npy,17997,Salmo,18570,Kaos O Labo (Piece of Wood),29.976598639455784
122686,Rock,7,../data/local/processed_mel/122686.npy,17997,Salmo,18570,Kaos O Labo (Piece of Wood),30.002721088435376
122798,Pop,6,../data/local/processed_mel/122798.npy,20544,The Carnys,18584,Stranger in the Ringer,30.002721088435376
122799,Pop,6,../data/local/processed_mel/122799.npy,20544,The Carnys,18584,Stranger in the Ringer,30.002721088435376
122800,Pop,6,../data/local/processed_mel/122800.npy,20544,The Carnys,18584,Stranger in the Ringer,30.002721088435376
122803,Pop,6,../data/local/processed_mel/122803.npy,20544,The Carnys,18584,Stranger in the Ringer,29.976598639455784
122804,Pop,6,../data/local/processed_mel/122804.npy,20544,The Carnys,18584,Stranger in the Ringer,30.002721088435376
122805,Pop,6,../data/local/processed_mel/122805.npy,20544,The Carnys,18584,Stranger in the Ringer,29.976598639455784
122806,Pop,6,../data/local/processed_mel/122806.npy,20544,The Carnys,18584,Stranger in the Ringer,30.002721088435376
122807,Pop,6,../data/local/processed_mel/122807.npy,20544,The Carnys,18584,Stranger in the Ringer,30.002721088435376
122808,Pop,6,../data/local/processed_mel/122808.npy,20544,The Carnys,18584,Stranger in the Ringer,30.002721088435376
122809,Pop,6,../data/local/processed_mel/122809.npy,20544,The Carnys,18584,Stranger in the Ringer,29.976598639455784
122810,Pop,6,../data/local/processed_mel/122810.npy,20544,The Carnys,18584,Stranger in the Ringer,30.002721088435376
122901,International,5,../data/local/processed_mel/122901.npy,20560,Hicham Chahidi,18597,Arabikom,29.976598639455784
122910,Experimental,1,../data/local/processed_mel/122910.npy,19268,ODOR BABY,18212,AVIATION CRAB ORCHESTRA (AN EPIC SAGA),30.002721088435376
122911,Rock,7,../data/local/processed_mel/122911.npy,13428,Disappears,18601,Live at Primavera Sound 2015,29.988979591836735
122932,Folk,2,../data/local/processed_mel/122932.npy,447,Eszter Balint,18604,"Live on WFMU with Irene Trudel: July 14, 2015",29.976598639455784
122934,Folk,2,../data/local/processed_mel/122934.npy,447,Eszter Balint,18604,"Live on WFMU with Irene Trudel: July 14, 2015",29.976598639455784
122935,Folk,2,../data/local/processed_mel/122935.npy,447,Eszter Balint,18604,"Live on WFMU with Irene Trudel: July 14, 2015",29.976598639455784
122936,Folk,2,../data/local/processed_mel/122936.npy,447,Eszter Balint,18604,"Live on WFMU with Irene Trudel: July 14, 2015",29.976598639455784
122959,Experimental,1,../data/local/processed_mel/122959.npy,18141,Third Mind Movement,18608,Ups and Downs,29.976598639455784
122999,Electronic,0,../data/local/processed_mel/122999.npy,19102,Anima,18613,Convalescence,30.002721088435376
123000,Electronic,0,../data/local/processed_mel/123000.npy,19102,Anima,18613,Convalescence,29.976598639455784
123001,Electronic,0,../data/local/processed_mel/123001.npy,19102,Anima,18613,Convalescence,29.976598639455784
123002,Electronic,0,../data/local/processed_mel/123002.npy,19102,Anima,18613,Convalescence,30.002721088435376
123003,Electronic,0,../data/local/processed_mel/123003.npy,19102,Anima,18613,Convalescence,29.976598639455784
123004,Electronic,0,../data/local/processed_mel/123004.npy,19102,Anima,18613,Convalescence,29.976598639455784
123094,Folk,2,../data/local/processed_mel/123094.npy,20585,Joanna Sternberg,18627,"Live on WFMU's Shrunken Planet with Jeffrey Davison - July 11, 2015",30.002721088435376
123096,Folk,2,../data/local/processed_mel/123096.npy,20585,Joanna Sternberg,18627,"Live on WFMU's Shrunken Planet with Jeffrey Davison - July 11, 2015",30.002721088435376
123097,Folk,2,../data/local/processed_mel/123097.npy,20585,Joanna Sternberg,18627,"Live on WFMU's Shrunken Planet with Jeffrey Davison - July 11, 2015",30.002721088435376
123099,Folk,2,../data/local/processed_mel/123099.npy,20585,Joanna Sternberg,18627,"Live on WFMU's Shrunken Planet with Jeffrey Davison - July 11, 2015",29.976598639455784
123147,Hip-Hop,3,../data/local/processed_mel/123147.npy,20589,K3N,18634,One Million Ways,29.976598639455784
123273,Rock,7,../data/local/processed_mel/123273.npy,20629,Son Altesse Furieuse,18647,Impertinences,30.002721088435376
123278,Rock,7,../data/local/processed_mel/123278.npy,18191,STYPTIC,18648,Raw Live,29.976598639455784
123333,Experimental,1,../data/local/processed_mel/123333.npy,20635,Zena,18655,Straight World,30.002721088435376
123342,Experimental,1,../data/local/processed_mel/123342.npy,20635,Zena,18655,Straight World,29.976598639455784
123427,Rock,7,../data/local/processed_mel/123427.npy,19172,Ex Hex,18668,Live at Primavera Sound 2015,29.976598639455784
123438,Hip-Hop,3,../data/local/processed_mel/123438.npy,20648,The Dread,18671,The Dread - FMA Sampler,29.976598639455784
123439,Hip-Hop,3,../data/local/processed_mel/123439.npy,20648,The Dread,18671,The Dread - FMA Sampler,30.002721088435376
123440,Hip-Hop,3,../data/local/processed_mel/123440.npy,20648,The Dread,18671,The Dread - FMA Sampler,30.002721088435376
123441,Hip-Hop,3,../data/local/processed_mel/123441.npy,20648,The Dread,18671,The Dread - FMA Sampler,30.002721088435376
123442,Hip-Hop,3,../data/local/processed_mel/123442.npy,20648,The Dread,18671,The Dread - FMA Sampler,30.002721088435376
123458,Instrumental,4,../data/local/processed_mel/123458.npy,19283,Ian Alex Mac,18674,Gauge Demo Tapes 1997-1998,29.976598639455784
123461,Instrumental,4,../data/local/processed_mel/123461.npy,19283,Ian Alex Mac,18674,Gauge Demo Tapes 1997-1998,29.976598639455784
123467,Instrumental,4,../data/local/processed_mel/123467.npy,19283,Ian Alex Mac,18674,Gauge Demo Tapes 1997-1998,29.976598639455784
123468,Instrumental,4,../data/local/processed_mel/123468.npy,19283,Ian Alex Mac,18674,Gauge Demo Tapes 1997-1998,30.002721088435376
123474,Rock,7,../data/local/processed_mel/123474.npy,20653,Dropout Patrol,18673,Live in Potsdam,29.976598639455784
123484,Instrumental,4,../data/local/processed_mel/123484.npy,20655,Andrew Seistrup,18676,Chapter One,29.976598639455784
123485,Instrumental,4,../data/local/processed_mel/123485.npy,20655,Andrew Seistrup,18676,Chapter One,29.976598639455784
123486,Instrumental,4,../data/local/processed_mel/123486.npy,20655,Andrew Seistrup,18676,Chapter One,29.976598639455784
123487,Instrumental,4,../data/local/processed_mel/123487.npy,20655,Andrew Seistrup,18676,Chapter One,29.976598639455784
123488,Instrumental,4,../data/local/processed_mel/123488.npy,20655,Andrew Seistrup,18676,Chapter One,30.002721088435376
123504,Electronic,0,../data/local/processed_mel/123504.npy,20658,Dragão Inkomodo,18679,Pocket Boy,30.002721088435376
123505,Electronic,0,../data/local/processed_mel/123505.npy,6225,Bit Shifter,18679,Pocket Boy,29.976598639455784
123506,Electronic,0,../data/local/processed_mel/123506.npy,20659,Irisu Syndrome,18679,Pocket Boy,29.976598639455784
123509,Pop,6,../data/local/processed_mel/123509.npy,20061,Red Trees,18541,La bèl pop (fifth anniversary compilation),29.976598639455784
123523,Instrumental,4,../data/local/processed_mel/123523.npy,20655,Andrew Seistrup,18682,Here At Last,29.976598639455784
123614,Hip-Hop,3,../data/local/processed_mel/123614.npy,20156,Cassette Tape Bandits,18701,The Shonen Sporks EP,30.002721088435376
123641,Hip-Hop,3,../data/local/processed_mel/123641.npy,3593,Tha Silent Partner,18705,SIX ONNA 7 (Part 3.5),29.976598639455784
123645,Hip-Hop,3,../data/local/processed_mel/123645.npy,3593,Tha Silent Partner,18705,SIX ONNA 7 (Part 3.5),29.976598639455784
123647,Hip-Hop,3,../data/local/processed_mel/123647.npy,14456,C-Doc,18706,SIX ONNA 7 (Part 1),29.976598639455784
123760,Instrumental,4,../data/local/processed_mel/123760.npy,20678,Hawkin,18726,Woods,29.988979591836735
123761,Instrumental,4,../data/local/processed_mel/123761.npy,20678,Hawkin,18727,Thoughts On Weeks,30.002721088435376
123762,Instrumental,4,../data/local/processed_mel/123762.npy,20678,Hawkin,18727,Thoughts On Weeks,30.002721088435376
123763,Instrumental,4,../data/local/processed_mel/123763.npy,20678,Hawkin,18727,Thoughts On Weeks,29.976598639455784
123764,Instrumental,4,../data/local/processed_mel/123764.npy,20678,Hawkin,18727,Thoughts On Weeks,30.002721088435376
123821,Rock,7,../data/local/processed_mel/123821.npy,20693,E A Terra Nunca Me Pareceu Tão Distante,18736,Vazio,29.976598639455784
123825,Rock,7,../data/local/processed_mel/123825.npy,20691,Mesmerists,18734,Left songs,29.976598639455784
123832,Rock,7,../data/local/processed_mel/123832.npy,20691,Mesmerists,18734,Left songs,30.002721088435376
123834,Rock,7,../data/local/processed_mel/123834.npy,20691,Mesmerists,18734,Left songs,30.002721088435376
123835,Rock,7,../data/local/processed_mel/123835.npy,20691,Mesmerists,18734,Left songs,29.976598639455784
123866,Rock,7,../data/local/processed_mel/123866.npy,20697,The Barreracudas,18740,"Live on WFMU with Todd-o-phonic Todd: Aug 15, 2015",30.002721088435376
123867,Rock,7,../data/local/processed_mel/123867.npy,20697,The Barreracudas,18740,"Live on WFMU with Todd-o-phonic Todd: Aug 15, 2015",29.976598639455784
123868,Rock,7,../data/local/processed_mel/123868.npy,20697,The Barreracudas,18740,"Live on WFMU with Todd-o-phonic Todd: Aug 15, 2015",30.002721088435376
123899,Folk,2,../data/local/processed_mel/123899.npy,20702,Rachel Mason,18743,"Live at WFMU on Scott Williams Show, 7/20/2015",29.976598639455784
123932,Electronic,0,../data/local/processed_mel/123932.npy,20706,Taseh,18748,Dekotora,29.976598639455784
123933,Electronic,0,../data/local/processed_mel/123933.npy,20706,Taseh,18748,Dekotora,29.976598639455784
123934,Electronic,0,../data/local/processed_mel/123934.npy,20706,Taseh,18748,Dekotora,29.976598639455784
123935,Electronic,0,../data/local/processed_mel/123935.npy,20706,Taseh,18748,Dekotora,30.002721088435376
123936,Electronic,0,../data/local/processed_mel/123936.npy,20706,Taseh,18748,Dekotora,30.002721088435376
123937,Electronic,0,../data/local/processed_mel/123937.npy,20706,Taseh,18748,Dekotora,29.976598639455784
123938,Electronic,0,../data/local/processed_mel/123938.npy,20706,Taseh,18748,Dekotora,29.976598639455784
123964,Hip-Hop,3,../data/local/processed_mel/123964.npy,20707,BenJamin Banger,18752,#JustBecause,29.976598639455784
123965,Hip-Hop,3,../data/local/processed_mel/123965.npy,20707,BenJamin Banger,18752,#JustBecause,30.002721088435376
123966,Hip-Hop,3,../data/local/processed_mel/123966.npy,20707,BenJamin Banger,18752,#JustBecause,30.002721088435376
123968,Hip-Hop,3,../data/local/processed_mel/123968.npy,20707,BenJamin Banger,18752,#JustBecause,29.976598639455784
123969,Hip-Hop,3,../data/local/processed_mel/123969.npy,20707,BenJamin Banger,18752,#JustBecause,30.002721088435376
123970,Hip-Hop,3,../data/local/processed_mel/123970.npy,20707,BenJamin Banger,18752,#JustBecause,30.002721088435376
123971,Hip-Hop,3,../data/local/processed_mel/123971.npy,20707,BenJamin Banger,18752,#JustBecause,29.976598639455784
123972,Hip-Hop,3,../data/local/processed_mel/123972.npy,20707,BenJamin Banger,18752,#JustBecause,30.002721088435376
123973,Hip-Hop,3,../data/local/processed_mel/123973.npy,20707,BenJamin Banger,18752,#JustBecause,29.976598639455784
123974,Hip-Hop,3,../data/local/processed_mel/123974.npy,20707,BenJamin Banger,18752,#JustBecause,29.976598639455784
123975,Hip-Hop,3,../data/local/processed_mel/123975.npy,20707,BenJamin Banger,18752,#JustBecause,29.976598639455784
123976,Hip-Hop,3,../data/local/processed_mel/123976.npy,20707,BenJamin Banger,18752,#JustBecause,29.976598639455784
123977,Hip-Hop,3,../data/local/processed_mel/123977.npy,20707,BenJamin Banger,18752,#JustBecause,29.976598639455784
123978,Hip-Hop,3,../data/local/processed_mel/123978.npy,20707,BenJamin Banger,18752,#JustBecause,29.976598639455784
123979,Hip-Hop,3,../data/local/processed_mel/123979.npy,20707,BenJamin Banger,18752,#JustBecause,30.002721088435376
123980,Hip-Hop,3,../data/local/processed_mel/123980.npy,20707,BenJamin Banger,18752,#JustBecause,30.002721088435376
123981,Hip-Hop,3,../data/local/processed_mel/123981.npy,20709,"The Polish Ambassador, Mr. Lif, Ayla Nereo",18754,Terra Bella,30.002721088435376
123986,Hip-Hop,3,../data/local/processed_mel/123986.npy,20709,"The Polish Ambassador, Mr. Lif, Ayla Nereo",18754,Terra Bella,29.976598639455784
124154,Experimental,1,../data/local/processed_mel/124154.npy,15891,Kosta T,18582,ALLBIOM,30.002721088435376
124175,Instrumental,4,../data/local/processed_mel/124175.npy,19692,Jelsonic,18776,Various Moods II,29.976598639455784
124176,Instrumental,4,../data/local/processed_mel/124176.npy,19692,Jelsonic,18776,Various Moods II,29.976598639455784
124177,Instrumental,4,../data/local/processed_mel/124177.npy,19692,Jelsonic,18776,Various Moods II,30.002721088435376
124178,Instrumental,4,../data/local/processed_mel/124178.npy,19692,Jelsonic,18776,Various Moods II,29.976598639455784
124179,Instrumental,4,../data/local/processed_mel/124179.npy,19692,Jelsonic,18776,Various Moods II,29.976598639455784
124180,Instrumental,4,../data/local/processed_mel/124180.npy,19692,Jelsonic,18776,Various Moods II,30.002721088435376
124181,Instrumental,4,../data/local/processed_mel/124181.npy,19692,Jelsonic,18776,Various Moods II,29.976598639455784
124183,Instrumental,4,../data/local/processed_mel/124183.npy,19692,Jelsonic,18776,Various Moods II,29.976598639455784
124231,Experimental,1,../data/local/processed_mel/124231.npy,19268,ODOR BABY,18212,AVIATION CRAB ORCHESTRA (AN EPIC SAGA),29.976598639455784
124409,Experimental,1,../data/local/processed_mel/124409.npy,11912,Furchick,18804,"Live on Blurred and Obscured with Jonathan Herweg, 8/23/2015",30.002721088435376
124411,Experimental,1,../data/local/processed_mel/124411.npy,11912,Furchick,18804,"Live on Blurred and Obscured with Jonathan Herweg, 8/23/2015",30.002721088435376
124424,Folk,2,../data/local/processed_mel/124424.npy,20779,Bob Bannister,18806,"Live at WFMU's Monty Hall for Airborne Event with Dan Bodah, 11/2/2014",29.976598639455784
124425,Folk,2,../data/local/processed_mel/124425.npy,20779,Bob Bannister,18806,"Live at WFMU's Monty Hall for Airborne Event with Dan Bodah, 11/2/2014",30.002721088435376
124426,Folk,2,../data/local/processed_mel/124426.npy,20779,Bob Bannister,18806,"Live at WFMU's Monty Hall for Airborne Event with Dan Bodah, 11/2/2014",30.002721088435376
124460,Rock,7,../data/local/processed_mel/124460.npy,20739,Clean,18812,"Live on Champ Sound with DJ Guy on WFMU, 6/29/2015",30.002721088435376
124461,Rock,7,../data/local/processed_mel/124461.npy,20739,Clean,18812,"Live on Champ Sound with DJ Guy on WFMU, 6/29/2015",29.976598639455784
124470,Rock,7,../data/local/processed_mel/124470.npy,20782,Natural Causes,18813,"Live on WFMU's Three Chord Monte with Joe Belock, 8/31/15",30.002721088435376
124474,Pop,6,../data/local/processed_mel/124474.npy,6337,Attic Ted,18815,Hemogoblin,29.976598639455784
124477,Pop,6,../data/local/processed_mel/124477.npy,6337,Attic Ted,18815,Hemogoblin,29.976598639455784
124479,Pop,6,../data/local/processed_mel/124479.npy,6337,Attic Ted,18815,Hemogoblin,29.976598639455784
124480,Pop,6,../data/local/processed_mel/124480.npy,6337,Attic Ted,18815,Hemogoblin,29.976598639455784
124481,Pop,6,../data/local/processed_mel/124481.npy,6337,Attic Ted,18815,Hemogoblin,29.976598639455784
124482,Pop,6,../data/local/processed_mel/124482.npy,6337,Attic Ted,18815,Hemogoblin,30.002721088435376
124483,Pop,6,../data/local/processed_mel/124483.npy,6337,Attic Ted,18815,Hemogoblin,29.976598639455784
124484,Pop,6,../data/local/processed_mel/124484.npy,6337,Attic Ted,18815,Hemogoblin,29.976598639455784
124485,Pop,6,../data/local/processed_mel/124485.npy,6337,Attic Ted,18815,Hemogoblin,30.002721088435376
124509,Experimental,1,../data/local/processed_mel/124509.npy,7417,Josef Nadek,18819,Kråch,29.976598639455784
124554,Electronic,0,../data/local/processed_mel/124554.npy,19014,Uno Datwangi,18829,In Sequence,29.976598639455784
124555,Electronic,0,../data/local/processed_mel/124555.npy,19014,Uno Datwangi,18829,In Sequence,30.002721088435376
124702,Hip-Hop,3,../data/local/processed_mel/124702.npy,11979,K. Sparks,18850,Super Senior,30.002721088435376
124752,Electronic,0,../data/local/processed_mel/124752.npy,6243,Damscray,18854,Shikomizue,30.002721088435376
124753,Electronic,0,../data/local/processed_mel/124753.npy,20808,IM140,18854,Shikomizue,30.002721088435376
124754,Electronic,0,../data/local/processed_mel/124754.npy,20809,Maartez,18854,Shikomizue,29.976598639455784
124755,Electronic,0,../data/local/processed_mel/124755.npy,20810,Gritt,18854,Shikomizue,29.976598639455784
124756,Electronic,0,../data/local/processed_mel/124756.npy,20811,Indikings,18854,Shikomizue,29.976598639455784
124870,Experimental,1,../data/local/processed_mel/124870.npy,20820,Ross Oldenburg,18866,Experiments 2009-2011,29.976598639455784
124872,Instrumental,4,../data/local/processed_mel/124872.npy,20760,Sergey Cheremisinov,18867,Sea & Night,30.002721088435376
124873,Instrumental,4,../data/local/processed_mel/124873.npy,20760,Sergey Cheremisinov,18867,Sea & Night,30.002721088435376
124874,Instrumental,4,../data/local/processed_mel/124874.npy,20760,Sergey Cheremisinov,18867,Sea & Night,29.976598639455784
124875,Instrumental,4,../data/local/processed_mel/124875.npy,20760,Sergey Cheremisinov,18867,Sea & Night,30.002721088435376
124876,Instrumental,4,../data/local/processed_mel/124876.npy,20760,Sergey Cheremisinov,18867,Sea & Night,29.976598639455784
124877,Instrumental,4,../data/local/processed_mel/124877.npy,20760,Sergey Cheremisinov,18867,Sea & Night,29.976598639455784
124912,Electronic,0,../data/local/processed_mel/124912.npy,20826,Six Umbrellas,18874,The Psychedelic And,30.002721088435376
124913,Electronic,0,../data/local/processed_mel/124913.npy,20826,Six Umbrellas,18874,The Psychedelic And,29.976598639455784
124915,Electronic,0,../data/local/processed_mel/124915.npy,20826,Six Umbrellas,18874,The Psychedelic And,29.976598639455784
124916,Electronic,0,../data/local/processed_mel/124916.npy,20826,Six Umbrellas,18874,The Psychedelic And,29.976598639455784
124917,Electronic,0,../data/local/processed_mel/124917.npy,20826,Six Umbrellas,18874,The Psychedelic And,30.002721088435376
124918,Electronic,0,../data/local/processed_mel/124918.npy,20826,Six Umbrellas,18874,The Psychedelic And,29.976598639455784
124971,Experimental,1,../data/local/processed_mel/124971.npy,19268,ODOR BABY,18212,AVIATION CRAB ORCHESTRA (AN EPIC SAGA),29.976598639455784
124992,Rock,7,../data/local/processed_mel/124992.npy,12676,Let Me Crazy,18891,Eponymosity,29.976598639455784
124996,Rock,7,../data/local/processed_mel/124996.npy,12676,Let Me Crazy,18891,Eponymosity,29.976598639455784
125001,Rock,7,../data/local/processed_mel/125001.npy,12676,Let Me Crazy,18891,Eponymosity,29.976598639455784
125002,Rock,7,../data/local/processed_mel/125002.npy,12676,Let Me Crazy,18891,Eponymosity,29.976598639455784
125003,Rock,7,../data/local/processed_mel/125003.npy,12676,Let Me Crazy,18891,Eponymosity,29.976598639455784
125004,Rock,7,../data/local/processed_mel/125004.npy,12676,Let Me Crazy,18891,Eponymosity,29.976598639455784
125182,Folk,2,../data/local/processed_mel/125182.npy,9765,Derek Clegg,18930,Loose Fur - The Best of Derek Clegg,29.976598639455784
125183,Folk,2,../data/local/processed_mel/125183.npy,9765,Derek Clegg,18930,Loose Fur - The Best of Derek Clegg,29.976598639455784
125185,Folk,2,../data/local/processed_mel/125185.npy,9765,Derek Clegg,18930,Loose Fur - The Best of Derek Clegg,29.976598639455784
125186,Folk,2,../data/local/processed_mel/125186.npy,9765,Derek Clegg,18930,Loose Fur - The Best of Derek Clegg,29.976598639455784
125187,Folk,2,../data/local/processed_mel/125187.npy,9765,Derek Clegg,18930,Loose Fur - The Best of Derek Clegg,30.002721088435376
125188,Folk,2,../data/local/processed_mel/125188.npy,9765,Derek Clegg,18930,Loose Fur - The Best of Derek Clegg,30.002721088435376
125189,Folk,2,../data/local/processed_mel/125189.npy,9765,Derek Clegg,18930,Loose Fur - The Best of Derek Clegg,29.976598639455784
125190,Folk,2,../data/local/processed_mel/125190.npy,9765,Derek Clegg,18930,Loose Fur - The Best of Derek Clegg,29.976598639455784
125191,Folk,2,../data/local/processed_mel/125191.npy,9765,Derek Clegg,18930,Loose Fur - The Best of Derek Clegg,29.976598639455784
125192,Folk,2,../data/local/processed_mel/125192.npy,9765,Derek Clegg,18930,Loose Fur - The Best of Derek Clegg,30.002721088435376
125193,Folk,2,../data/local/processed_mel/125193.npy,9765,Derek Clegg,18930,Loose Fur - The Best of Derek Clegg,29.976598639455784
125194,Folk,2,../data/local/processed_mel/125194.npy,9765,Derek Clegg,18930,Loose Fur - The Best of Derek Clegg,29.976598639455784
125195,Folk,2,../data/local/processed_mel/125195.npy,9765,Derek Clegg,18930,Loose Fur - The Best of Derek Clegg,30.002721088435376
125196,Folk,2,../data/local/processed_mel/125196.npy,9765,Derek Clegg,18930,Loose Fur - The Best of Derek Clegg,30.002721088435376
125286,Electronic,0,../data/local/processed_mel/125286.npy,14211,Redmann,18949,Best Bytes Volume 3,30.002721088435376
125287,Electronic,0,../data/local/processed_mel/125287.npy,20864,Pitchcraft,18949,Best Bytes Volume 3,29.976598639455784
125288,Electronic,0,../data/local/processed_mel/125288.npy,14212,Phish Funk,18949,Best Bytes Volume 3,29.976598639455784
125289,Electronic,0,../data/local/processed_mel/125289.npy,13826,Psychadelik Pedestrian,18949,Best Bytes Volume 3,29.976598639455784
125291,Electronic,0,../data/local/processed_mel/125291.npy,14215,Beat Doctor,18949,Best Bytes Volume 3,29.976598639455784
125293,Electronic,0,../data/local/processed_mel/125293.npy,13826,Psychadelik Pedestrian,18949,Best Bytes Volume 3,29.976598639455784
125298,Electronic,0,../data/local/processed_mel/125298.npy,13826,Psychadelik Pedestrian,18949,Best Bytes Volume 3,30.002721088435376
125299,Electronic,0,../data/local/processed_mel/125299.npy,14215,Beat Doctor,18949,Best Bytes Volume 3,29.976598639455784
125312,International,5,../data/local/processed_mel/125312.npy,639,Dengue Fever,18951,"Live on WFMU with Gaylord Fields, 9/20/2015",30.002721088435376
125313,International,5,../data/local/processed_mel/125313.npy,639,Dengue Fever,18951,"Live on WFMU with Gaylord Fields, 9/20/2015",29.976598639455784
125314,International,5,../data/local/processed_mel/125314.npy,639,Dengue Fever,18951,"Live on WFMU with Gaylord Fields, 9/20/2015",29.976598639455784
125315,Electronic,0,../data/local/processed_mel/125315.npy,20869,JVS,18949,Best Bytes Volume 3,30.002721088435376
125333,Experimental,1,../data/local/processed_mel/125333.npy,19219,Martin Rach,18956,Trash Piano,30.002721088435376
125337,Experimental,1,../data/local/processed_mel/125337.npy,19219,Martin Rach,18956,Trash Piano,30.002721088435376
125375,Pop,6,../data/local/processed_mel/125375.npy,6337,Attic Ted,18959,the ATTIC TEDland suite,30.002721088435376
125377,Pop,6,../data/local/processed_mel/125377.npy,6337,Attic Ted,18959,the ATTIC TEDland suite,29.976598639455784
125432,Rock,7,../data/local/processed_mel/125432.npy,20902,The Pandoras,18965,"Live at WFMU's Monty Hall: Sep 13, 2015",29.988979591836735
125551,Rock,7,../data/local/processed_mel/125551.npy,20913,Marylin-Rambo,18978,Qu'est ce que tu fais pour les balances,30.002721088435376
125612,Instrumental,4,../data/local/processed_mel/125612.npy,19461,Blue Dot Sessions,18984,Quincy,30.002721088435376
125614,Instrumental,4,../data/local/processed_mel/125614.npy,19461,Blue Dot Sessions,18984,Quincy,29.976598639455784
125616,Instrumental,4,../data/local/processed_mel/125616.npy,19461,Blue Dot Sessions,18984,Quincy,30.002721088435376
125617,Instrumental,4,../data/local/processed_mel/125617.npy,19461,Blue Dot Sessions,18985,Caruthersville,29.976598639455784
125618,Instrumental,4,../data/local/processed_mel/125618.npy,19461,Blue Dot Sessions,18985,Caruthersville,30.002721088435376
125620,Instrumental,4,../data/local/processed_mel/125620.npy,19461,Blue Dot Sessions,18985,Caruthersville,29.976598639455784
125621,Instrumental,4,../data/local/processed_mel/125621.npy,19461,Blue Dot Sessions,18985,Caruthersville,29.976598639455784
125622,Instrumental,4,../data/local/processed_mel/125622.npy,19461,Blue Dot Sessions,18985,Caruthersville,30.002721088435376
125657,Instrumental,4,../data/local/processed_mel/125657.npy,19461,Blue Dot Sessions,18995,Demalion,29.988979591836735
125659,Instrumental,4,../data/local/processed_mel/125659.npy,19461,Blue Dot Sessions,18995,Demalion,29.988979591836735
125680,Instrumental,4,../data/local/processed_mel/125680.npy,19461,Blue Dot Sessions,18999,Codebreaker,30.002721088435376
125681,Instrumental,4,../data/local/processed_mel/125681.npy,19461,Blue Dot Sessions,18999,Codebreaker,30.002721088435376
125721,Pop,6,../data/local/processed_mel/125721.npy,20941,Babe Parade,19004,Lush,29.976598639455784
125722,Pop,6,../data/local/processed_mel/125722.npy,20941,Babe Parade,19004,Lush,30.002721088435376
125723,Pop,6,../data/local/processed_mel/125723.npy,20941,Babe Parade,19004,Lush,30.002721088435376
125774,Rock,7,../data/local/processed_mel/125774.npy,17172,Atlantic Thrills,19015,"Live on WFMU's Three Chord Monty with Joe Belock: Sep 7, 2015",29.976598639455784
125776,Rock,7,../data/local/processed_mel/125776.npy,17172,Atlantic Thrills,19015,"Live on WFMU's Three Chord Monty with Joe Belock: Sep 7, 2015",29.976598639455784
125777,Rock,7,../data/local/processed_mel/125777.npy,17172,Atlantic Thrills,19015,"Live on WFMU's Three Chord Monty with Joe Belock: Sep 7, 2015",29.976598639455784
125778,Rock,7,../data/local/processed_mel/125778.npy,17172,Atlantic Thrills,19015,"Live on WFMU's Three Chord Monty with Joe Belock: Sep 7, 2015",29.976598639455784
125779,Rock,7,../data/local/processed_mel/125779.npy,17172,Atlantic Thrills,19015,"Live on WFMU's Three Chord Monty with Joe Belock: Sep 7, 2015",30.002721088435376
125809,Instrumental,4,../data/local/processed_mel/125809.npy,19461,Blue Dot Sessions,19028,Dorica,29.976598639455784
125812,Instrumental,4,../data/local/processed_mel/125812.npy,19461,Blue Dot Sessions,19028,Dorica,29.976598639455784
125813,Instrumental,4,../data/local/processed_mel/125813.npy,19461,Blue Dot Sessions,19028,Dorica,29.976598639455784
125814,Instrumental,4,../data/local/processed_mel/125814.npy,19461,Blue Dot Sessions,19028,Dorica,29.976598639455784
125815,Instrumental,4,../data/local/processed_mel/125815.npy,19461,Blue Dot Sessions,19029,Intent,29.988979591836735
125816,Instrumental,4,../data/local/processed_mel/125816.npy,19461,Blue Dot Sessions,19029,Intent,29.988979591836735
125817,Instrumental,4,../data/local/processed_mel/125817.npy,19461,Blue Dot Sessions,19029,Intent,29.988979591836735
125818,Instrumental,4,../data/local/processed_mel/125818.npy,19461,Blue Dot Sessions,19029,Intent,29.988979591836735
125819,Instrumental,4,../data/local/processed_mel/125819.npy,19461,Blue Dot Sessions,19029,Intent,29.988979591836735
125820,Instrumental,4,../data/local/processed_mel/125820.npy,19461,Blue Dot Sessions,19029,Intent,29.988979591836735
125821,Instrumental,4,../data/local/processed_mel/125821.npy,19461,Blue Dot Sessions,19029,Intent,29.988979591836735
125822,Instrumental,4,../data/local/processed_mel/125822.npy,19461,Blue Dot Sessions,19029,Intent,29.988979591836735
125823,Instrumental,4,../data/local/processed_mel/125823.npy,19461,Blue Dot Sessions,19030,Towboat,29.988979591836735
125824,Instrumental,4,../data/local/processed_mel/125824.npy,19461,Blue Dot Sessions,19030,Towboat,29.988979591836735
125825,Instrumental,4,../data/local/processed_mel/125825.npy,19461,Blue Dot Sessions,19030,Towboat,29.988979591836735
125826,Instrumental,4,../data/local/processed_mel/125826.npy,19461,Blue Dot Sessions,19030,Towboat,29.988979591836735
125827,Instrumental,4,../data/local/processed_mel/125827.npy,19461,Blue Dot Sessions,19030,Towboat,29.988979591836735
126014,Instrumental,4,../data/local/processed_mel/126014.npy,19461,Blue Dot Sessions,19042,Pecan Grove,30.002721088435376
126015,Instrumental,4,../data/local/processed_mel/126015.npy,19461,Blue Dot Sessions,19042,Pecan Grove,29.976598639455784
126016,Instrumental,4,../data/local/processed_mel/126016.npy,19461,Blue Dot Sessions,19042,Pecan Grove,30.002721088435376
126017,Instrumental,4,../data/local/processed_mel/126017.npy,19461,Blue Dot Sessions,19042,Pecan Grove,30.002721088435376
126018,Instrumental,4,../data/local/processed_mel/126018.npy,19461,Blue Dot Sessions,19042,Pecan Grove,30.002721088435376
126047,Rock,7,../data/local/processed_mel/126047.npy,20865,Neutral Fixation,18950,"Live on WFMU's Infinite Distortion, 10/15/2015",30.002721088435376
126055,Experimental,1,../data/local/processed_mel/126055.npy,20955,Dolores Catherino,19045,Temporal Parallax,30.002721088435376
126102,Pop,6,../data/local/processed_mel/126102.npy,20968,No Lala,19059,No Lala,29.976598639455784
126103,Pop,6,../data/local/processed_mel/126103.npy,20968,No Lala,19059,No Lala,30.002721088435376
126104,Pop,6,../data/local/processed_mel/126104.npy,20968,No Lala,19059,No Lala,30.002721088435376
126105,Pop,6,../data/local/processed_mel/126105.npy,20968,No Lala,19059,No Lala,29.976598639455784
126180,Instrumental,4,../data/local/processed_mel/126180.npy,20971,Joao Picoito,19064,Omission,29.976598639455784
126181,Instrumental,4,../data/local/processed_mel/126181.npy,20971,Joao Picoito,19064,Omission,29.976598639455784
126182,Instrumental,4,../data/local/processed_mel/126182.npy,20971,Joao Picoito,19064,Omission,29.976598639455784
126183,Instrumental,4,../data/local/processed_mel/126183.npy,20971,Joao Picoito,19064,Omission,30.002721088435376
126185,Instrumental,4,../data/local/processed_mel/126185.npy,20971,Joao Picoito,19064,Omission,29.976598639455784
126186,Instrumental,4,../data/local/processed_mel/126186.npy,20971,Joao Picoito,19064,Omission,30.002721088435376
126187,Instrumental,4,../data/local/processed_mel/126187.npy,20971,Joao Picoito,19064,Omission,30.002721088435376
126188,Instrumental,4,../data/local/processed_mel/126188.npy,20971,Joao Picoito,19064,Omission,30.002721088435376
126189,Instrumental,4,../data/local/processed_mel/126189.npy,20971,Joao Picoito,19064,Omission,30.002721088435376
126214,Instrumental,4,../data/local/processed_mel/126214.npy,19461,Blue Dot Sessions,19078,Pacha Faro,29.976598639455784
126215,Instrumental,4,../data/local/processed_mel/126215.npy,19461,Blue Dot Sessions,19078,Pacha Faro,30.002721088435376
126216,Instrumental,4,../data/local/processed_mel/126216.npy,19461,Blue Dot Sessions,19078,Pacha Faro,30.002721088435376
126217,Instrumental,4,../data/local/processed_mel/126217.npy,19461,Blue Dot Sessions,19078,Pacha Faro,29.976598639455784
126218,Instrumental,4,../data/local/processed_mel/126218.npy,19461,Blue Dot Sessions,19078,Pacha Faro,30.002721088435376
126219,Instrumental,4,../data/local/processed_mel/126219.npy,19461,Blue Dot Sessions,19078,Pacha Faro,29.976598639455784
126220,Instrumental,4,../data/local/processed_mel/126220.npy,19461,Blue Dot Sessions,19078,Pacha Faro,29.976598639455784
126221,Experimental,1,../data/local/processed_mel/126221.npy,20977,Ø+yn + GMC,19072,Popolus Ajeno,29.976598639455784
126223,Experimental,1,../data/local/processed_mel/126223.npy,20977,Ø+yn + GMC,19072,Popolus Ajeno,30.002721088435376
126224,Experimental,1,../data/local/processed_mel/126224.npy,20977,Ø+yn + GMC,19072,Popolus Ajeno,29.976598639455784
126225,Experimental,1,../data/local/processed_mel/126225.npy,20977,Ø+yn + GMC,19072,Popolus Ajeno,29.976598639455784
126226,Experimental,1,../data/local/processed_mel/126226.npy,20977,Ø+yn + GMC,19072,Popolus Ajeno,29.976598639455784
126227,Experimental,1,../data/local/processed_mel/126227.npy,20977,Ø+yn + GMC,19072,Popolus Ajeno,29.976598639455784
126229,Instrumental,4,../data/local/processed_mel/126229.npy,19461,Blue Dot Sessions,19079,Textiles,30.002721088435376
126230,Instrumental,4,../data/local/processed_mel/126230.npy,19461,Blue Dot Sessions,19079,Textiles,29.976598639455784
126231,Instrumental,4,../data/local/processed_mel/126231.npy,19461,Blue Dot Sessions,19079,Textiles,29.976598639455784
126232,Instrumental,4,../data/local/processed_mel/126232.npy,19461,Blue Dot Sessions,19079,Textiles,29.976598639455784
126233,Instrumental,4,../data/local/processed_mel/126233.npy,19461,Blue Dot Sessions,19079,Textiles,30.002721088435376
126234,Instrumental,4,../data/local/processed_mel/126234.npy,19461,Blue Dot Sessions,19079,Textiles,29.976598639455784
126276,Instrumental,4,../data/local/processed_mel/126276.npy,19461,Blue Dot Sessions,19087,Textile Caramb,29.976598639455784
126283,Instrumental,4,../data/local/processed_mel/126283.npy,19461,Blue Dot Sessions,19087,Textile Caramb,30.002721088435376
126289,Instrumental,4,../data/local/processed_mel/126289.npy,19461,Blue Dot Sessions,19087,Textile Caramb,30.002721088435376
126290,Instrumental,4,../data/local/processed_mel/126290.npy,19461,Blue Dot Sessions,19087,Textile Caramb,30.002721088435376
126291,Instrumental,4,../data/local/processed_mel/126291.npy,19461,Blue Dot Sessions,19087,Textile Caramb,30.002721088435376
126294,Rock,7,../data/local/processed_mel/126294.npy,20985,Andy G. Cohen,19088,Layers (EP),29.976598639455784
126295,Rock,7,../data/local/processed_mel/126295.npy,20985,Andy G. Cohen,19088,Layers (EP),30.002721088435376
126297,Rock,7,../data/local/processed_mel/126297.npy,20985,Andy G. Cohen,19088,Layers (EP),29.976598639455784
126300,Rock,7,../data/local/processed_mel/126300.npy,20985,Andy G. Cohen,19088,Layers (EP),29.976598639455784
126316,Instrumental,4,../data/local/processed_mel/126316.npy,20987,Janneh,19089,In Acoustics,29.988979591836735
126317,Instrumental,4,../data/local/processed_mel/126317.npy,20987,Janneh,19089,In Acoustics,29.988979591836735
126318,Instrumental,4,../data/local/processed_mel/126318.npy,20987,Janneh,19089,In Acoustics,29.988979591836735
126319,Instrumental,4,../data/local/processed_mel/126319.npy,20987,Janneh,19089,In Acoustics,29.988979591836735
126320,Instrumental,4,../data/local/processed_mel/126320.npy,20987,Janneh,19089,In Acoustics,29.988979591836735
126321,Instrumental,4,../data/local/processed_mel/126321.npy,20987,Janneh,19089,In Acoustics,29.988979591836735
126354,Pop,6,../data/local/processed_mel/126354.npy,20992,Boonesboro,19095,New Eyes,29.976598639455784
126357,Pop,6,../data/local/processed_mel/126357.npy,20992,Boonesboro,19095,New Eyes,30.002721088435376
126362,Pop,6,../data/local/processed_mel/126362.npy,20992,Boonesboro,19095,New Eyes,29.976598639455784
126398,Pop,6,../data/local/processed_mel/126398.npy,20995,Shy Kids,19102,Lofty !,30.002721088435376
126400,Pop,6,../data/local/processed_mel/126400.npy,20995,Shy Kids,19102,Lofty !,30.002721088435376
126401,Pop,6,../data/local/processed_mel/126401.npy,20995,Shy Kids,19102,Lofty !,30.002721088435376
126402,Pop,6,../data/local/processed_mel/126402.npy,20995,Shy Kids,19102,Lofty !,30.002721088435376
126403,Pop,6,../data/local/processed_mel/126403.npy,20995,Shy Kids,19102,Lofty !,30.002721088435376
126404,Pop,6,../data/local/processed_mel/126404.npy,20995,Shy Kids,19102,Lofty !,29.976598639455784
126405,Pop,6,../data/local/processed_mel/126405.npy,20995,Shy Kids,19102,Lofty !,29.976598639455784
126406,Pop,6,../data/local/processed_mel/126406.npy,20995,Shy Kids,19102,Lofty !,30.002721088435376
126407,Pop,6,../data/local/processed_mel/126407.npy,20995,Shy Kids,19102,Lofty !,30.002721088435376
126408,Instrumental,4,../data/local/processed_mel/126408.npy,19461,Blue Dot Sessions,19105,Ray Catcher,30.002721088435376
126409,Instrumental,4,../data/local/processed_mel/126409.npy,19461,Blue Dot Sessions,19105,Ray Catcher,29.976598639455784
126410,Instrumental,4,../data/local/processed_mel/126410.npy,19461,Blue Dot Sessions,19105,Ray Catcher,30.002721088435376
126411,Instrumental,4,../data/local/processed_mel/126411.npy,19461,Blue Dot Sessions,19105,Ray Catcher,30.002721088435376
126412,Instrumental,4,../data/local/processed_mel/126412.npy,19461,Blue Dot Sessions,19105,Ray Catcher,30.002721088435376
126413,Instrumental,4,../data/local/processed_mel/126413.npy,19461,Blue Dot Sessions,19105,Ray Catcher,30.002721088435376
126414,Instrumental,4,../data/local/processed_mel/126414.npy,19461,Blue Dot Sessions,19106,Tyrano,29.976598639455784
126415,Instrumental,4,../data/local/processed_mel/126415.npy,19461,Blue Dot Sessions,19106,Tyrano,30.002721088435376
126416,Instrumental,4,../data/local/processed_mel/126416.npy,19461,Blue Dot Sessions,19106,Tyrano,30.002721088435376
126417,Instrumental,4,../data/local/processed_mel/126417.npy,19461,Blue Dot Sessions,19106,Tyrano,30.002721088435376
126425,Pop,6,../data/local/processed_mel/126425.npy,20999,Shy and the Fight,19109,First the bird fell,29.976598639455784
126426,Pop,6,../data/local/processed_mel/126426.npy,20999,Shy and the Fight,19109,First the bird fell,29.976598639455784
126427,Pop,6,../data/local/processed_mel/126427.npy,20999,Shy and the Fight,19109,First the bird fell,29.976598639455784
126428,Pop,6,../data/local/processed_mel/126428.npy,20999,Shy and the Fight,19109,First the bird fell,29.976598639455784
126429,Pop,6,../data/local/processed_mel/126429.npy,20999,Shy and the Fight,19109,First the bird fell,29.976598639455784
126430,Pop,6,../data/local/processed_mel/126430.npy,20999,Shy and the Fight,19109,First the bird fell,29.976598639455784
126431,Pop,6,../data/local/processed_mel/126431.npy,20999,Shy and the Fight,19109,First the bird fell,30.002721088435376
126455,Folk,2,../data/local/processed_mel/126455.npy,21001,The John Barry Conception,19113,Ballyhack pitzer,29.976598639455784
126489,Folk,2,../data/local/processed_mel/126489.npy,21002,Nate Maingard,19117,The Wild land,30.002721088435376
126490,Folk,2,../data/local/processed_mel/126490.npy,21002,Nate Maingard,19117,The Wild land,29.976598639455784
126491,Folk,2,../data/local/processed_mel/126491.npy,21002,Nate Maingard,19117,The Wild land,30.002721088435376
126505,Experimental,1,../data/local/processed_mel/126505.npy,15896,Anthony Donovan,19119,An Appreciation,29.976598639455784
126508,Experimental,1,../data/local/processed_mel/126508.npy,21006,Hectic Head,19119,An Appreciation,29.976598639455784
126510,Experimental,1,../data/local/processed_mel/126510.npy,5994,Lezet,19119,An Appreciation,29.976598639455784
126512,Experimental,1,../data/local/processed_mel/126512.npy,21009,Ophed,19119,An Appreciation,30.002721088435376
126519,Experimental,1,../data/local/processed_mel/126519.npy,21014,Autumna X Triage,19119,An Appreciation,29.976598639455784
126520,Experimental,1,../data/local/processed_mel/126520.npy,10012,Jared C. Balogh,19119,An Appreciation,30.002721088435376
126521,Experimental,1,../data/local/processed_mel/126521.npy,21015,L o W & CROCODILE TEARS,19119,An Appreciation,29.976598639455784
126522,Experimental,1,../data/local/processed_mel/126522.npy,9289,Jaan Patterson,19119,An Appreciation,29.976598639455784
126598,Rock,7,../data/local/processed_mel/126598.npy,21022,Skyjelly,19132,Boston Hassle Listening Party / Podcast - Skyjelly,29.988979591836735
126600,Experimental,1,../data/local/processed_mel/126600.npy,16066,Fields Ohio,19133,H I N T E R L A N D,30.002721088435376
126601,Experimental,1,../data/local/processed_mel/126601.npy,16066,Fields Ohio,19133,H I N T E R L A N D,29.976598639455784
126602,Experimental,1,../data/local/processed_mel/126602.npy,16066,Fields Ohio,19133,H I N T E R L A N D,29.976598639455784
126603,Experimental,1,../data/local/processed_mel/126603.npy,16066,Fields Ohio,19133,H I N T E R L A N D,29.976598639455784
126605,Experimental,1,../data/local/processed_mel/126605.npy,16066,Fields Ohio,19133,H I N T E R L A N D,29.976598639455784
126606,Experimental,1,../data/local/processed_mel/126606.npy,16066,Fields Ohio,19133,H I N T E R L A N D,30.002721088435376
126607,Experimental,1,../data/local/processed_mel/126607.npy,16066,Fields Ohio,19133,H I N T E R L A N D,30.002721088435376
126608,Experimental,1,../data/local/processed_mel/126608.npy,16066,Fields Ohio,19133,H I N T E R L A N D,29.976598639455784
126646,Instrumental,4,../data/local/processed_mel/126646.npy,18673,Fabian Measures,19142,Hanami,29.988979591836735
126666,Rock,7,../data/local/processed_mel/126666.npy,21027,Sleep Out,19146,Not Even Dust,30.002721088435376
126667,Rock,7,../data/local/processed_mel/126667.npy,21027,Sleep Out,19146,Not Even Dust,30.002721088435376
126668,Rock,7,../data/local/processed_mel/126668.npy,21027,Sleep Out,19146,Not Even Dust,29.976598639455784
126669,Rock,7,../data/local/processed_mel/126669.npy,21027,Sleep Out,19146,Not Even Dust,30.002721088435376
126670,Rock,7,../data/local/processed_mel/126670.npy,21027,Sleep Out,19146,Not Even Dust,30.002721088435376
126671,Rock,7,../data/local/processed_mel/126671.npy,21027,Sleep Out,19146,Not Even Dust,30.002721088435376
126672,Rock,7,../data/local/processed_mel/126672.npy,21027,Sleep Out,19146,Not Even Dust,29.976598639455784
126673,Rock,7,../data/local/processed_mel/126673.npy,21027,Sleep Out,19146,Not Even Dust,29.976598639455784
126674,Rock,7,../data/local/processed_mel/126674.npy,21027,Sleep Out,19146,Not Even Dust,30.002721088435376
126675,Rock,7,../data/local/processed_mel/126675.npy,21027,Sleep Out,19146,Not Even Dust,30.002721088435376
126676,Rock,7,../data/local/processed_mel/126676.npy,21027,Sleep Out,19146,Not Even Dust,30.002721088435376
126716,Instrumental,4,../data/local/processed_mel/126716.npy,19461,Blue Dot Sessions,19151,Feathers,29.976598639455784
126717,Instrumental,4,../data/local/processed_mel/126717.npy,19461,Blue Dot Sessions,19151,Feathers,29.976598639455784
126718,Instrumental,4,../data/local/processed_mel/126718.npy,19461,Blue Dot Sessions,19151,Feathers,29.976598639455784
126719,Instrumental,4,../data/local/processed_mel/126719.npy,19461,Blue Dot Sessions,19151,Feathers,30.002721088435376
126720,Instrumental,4,../data/local/processed_mel/126720.npy,19461,Blue Dot Sessions,19151,Feathers,29.976598639455784
126743,Folk,2,../data/local/processed_mel/126743.npy,9765,Derek Clegg,19156,End Of Something,29.976598639455784
126746,Folk,2,../data/local/processed_mel/126746.npy,9765,Derek Clegg,19156,End Of Something,30.002721088435376
126747,Folk,2,../data/local/processed_mel/126747.npy,9765,Derek Clegg,19156,End Of Something,30.002721088435376
126748,Folk,2,../data/local/processed_mel/126748.npy,9765,Derek Clegg,19156,End Of Something,30.002721088435376
126749,Folk,2,../data/local/processed_mel/126749.npy,9765,Derek Clegg,19156,End Of Something,29.976598639455784
126778,Folk,2,../data/local/processed_mel/126778.npy,21033,Connie Acher & Jelly,19166,Live on WFMU's Busy Doing Nothing with Charlie: 17 July 2000,29.976598639455784
126781,Folk,2,../data/local/processed_mel/126781.npy,21033,Connie Acher & Jelly,19166,Live on WFMU's Busy Doing Nothing with Charlie: 17 July 2000,29.976598639455784
126782,Folk,2,../data/local/processed_mel/126782.npy,21033,Connie Acher & Jelly,19166,Live on WFMU's Busy Doing Nothing with Charlie: 17 July 2000,29.976598639455784
126786,Folk,2,../data/local/processed_mel/126786.npy,21035,Connie Acher & Blind Drunk John,19167,Live on WFMU's Busy Doing Nothing with Charlie: 10 June 2002,30.002721088435376
126789,Folk,2,../data/local/processed_mel/126789.npy,21035,Connie Acher & Blind Drunk John,19167,Live on WFMU's Busy Doing Nothing with Charlie: 10 June 2002,29.976598639455784
126790,Folk,2,../data/local/processed_mel/126790.npy,21035,Connie Acher & Blind Drunk John,19167,Live on WFMU's Busy Doing Nothing with Charlie: 10 June 2002,30.002721088435376
126882,Instrumental,4,../data/local/processed_mel/126882.npy,19461,Blue Dot Sessions,19180,Aeronaut,29.976598639455784
126883,Instrumental,4,../data/local/processed_mel/126883.npy,19461,Blue Dot Sessions,19180,Aeronaut,30.002721088435376
126884,Instrumental,4,../data/local/processed_mel/126884.npy,19461,Blue Dot Sessions,19180,Aeronaut,30.002721088435376
126885,Instrumental,4,../data/local/processed_mel/126885.npy,19461,Blue Dot Sessions,19180,Aeronaut,29.976598639455784
126886,Instrumental,4,../data/local/processed_mel/126886.npy,19461,Blue Dot Sessions,19180,Aeronaut,30.002721088435376
126887,Instrumental,4,../data/local/processed_mel/126887.npy,19461,Blue Dot Sessions,19180,Aeronaut,29.976598639455784
126899,Electronic,0,../data/local/processed_mel/126899.npy,20146,SPCZ,19182,Elektra,29.976598639455784
126900,Electronic,0,../data/local/processed_mel/126900.npy,20146,SPCZ,19182,Elektra,30.002721088435376
126944,Rock,7,../data/local/processed_mel/126944.npy,21046,The Degs,19190,Here They Come,29.976598639455784
126979,Folk,2,../data/local/processed_mel/126979.npy,17769,Vio/Mire,19194,Maine songs,29.976598639455784
127036,Instrumental,4,../data/local/processed_mel/127036.npy,21060,Cousin Silas / Black Hill,19203,Bridges of the South,30.002721088435376
127037,Instrumental,4,../data/local/processed_mel/127037.npy,21060,Cousin Silas / Black Hill,19203,Bridges of the South,30.002721088435376
127062,Folk,2,../data/local/processed_mel/127062.npy,15216,Robin Mitchell,19206,Dust,30.002721088435376
127066,Folk,2,../data/local/processed_mel/127066.npy,15216,Robin Mitchell,19206,Dust,30.002721088435376
127155,Experimental,1,../data/local/processed_mel/127155.npy,13517,SHOMOMOSE,19217,[EPV_180] BLACK,29.976598639455784
127159,Electronic,0,../data/local/processed_mel/127159.npy,21063,Argon,19218,Old Contrasts,29.976598639455784
127190,Folk,2,../data/local/processed_mel/127190.npy,21068,Stærosaurus,19226,Alt er vigtigt,30.002721088435376
127191,Folk,2,../data/local/processed_mel/127191.npy,21068,Stærosaurus,19226,Alt er vigtigt,30.002721088435376
127192,Folk,2,../data/local/processed_mel/127192.npy,21068,Stærosaurus,19226,Alt er vigtigt,30.002721088435376
127193,Folk,2,../data/local/processed_mel/127193.npy,21068,Stærosaurus,19226,Alt er vigtigt,29.976598639455784
127194,Folk,2,../data/local/processed_mel/127194.npy,21068,Stærosaurus,19226,Alt er vigtigt,29.976598639455784
127203,Pop,6,../data/local/processed_mel/127203.npy,21070,Shwa Losben,19228,Get to Know Shwa,29.976598639455784
127204,Pop,6,../data/local/processed_mel/127204.npy,21070,Shwa Losben,19228,Get to Know Shwa,29.976598639455784
127205,Pop,6,../data/local/processed_mel/127205.npy,21070,Shwa Losben,19228,Get to Know Shwa,29.976598639455784
127206,Pop,6,../data/local/processed_mel/127206.npy,21070,Shwa Losben,19228,Get to Know Shwa,29.976598639455784
127207,Instrumental,4,../data/local/processed_mel/127207.npy,21071,Satori Ensemble,19229,Scintillations,30.002721088435376
127208,Instrumental,4,../data/local/processed_mel/127208.npy,21071,Satori Ensemble,19229,Scintillations,30.002721088435376
127209,Instrumental,4,../data/local/processed_mel/127209.npy,21071,Satori Ensemble,19229,Scintillations,29.976598639455784
127210,Instrumental,4,../data/local/processed_mel/127210.npy,21071,Satori Ensemble,19229,Scintillations,29.976598639455784
127211,Instrumental,4,../data/local/processed_mel/127211.npy,21071,Satori Ensemble,19229,Scintillations,29.976598639455784
127212,Instrumental,4,../data/local/processed_mel/127212.npy,21071,Satori Ensemble,19229,Scintillations,29.976598639455784
127263,Electronic,0,../data/local/processed_mel/127263.npy,19696,sawsquarenoise,17806,RottenMage SpaceJacked OST,30.002721088435376
127265,Folk,2,../data/local/processed_mel/127265.npy,21076,Katy Kirby,19241,3,29.976598639455784
127266,Folk,2,../data/local/processed_mel/127266.npy,21076,Katy Kirby,19241,3,30.002721088435376
127267,Folk,2,../data/local/processed_mel/127267.npy,21076,Katy Kirby,19241,3,29.976598639455784
127268,Pop,6,../data/local/processed_mel/127268.npy,21077,Hissing Fauna,19242,Hissing fauna,29.976598639455784
127269,Pop,6,../data/local/processed_mel/127269.npy,21077,Hissing Fauna,19242,Hissing fauna,29.976598639455784
127271,Pop,6,../data/local/processed_mel/127271.npy,21077,Hissing Fauna,19242,Hissing fauna,29.976598639455784
127273,Pop,6,../data/local/processed_mel/127273.npy,21077,Hissing Fauna,19242,Hissing fauna,30.002721088435376
127274,Pop,6,../data/local/processed_mel/127274.npy,21077,Hissing Fauna,19242,Hissing fauna,29.976598639455784
127275,Pop,6,../data/local/processed_mel/127275.npy,21077,Hissing Fauna,19242,Hissing fauna,29.976598639455784
127276,Pop,6,../data/local/processed_mel/127276.npy,21077,Hissing Fauna,19242,Hissing fauna,30.002721088435376
127277,Pop,6,../data/local/processed_mel/127277.npy,21078,Myndra,19243,Songs From Your Collarbone,29.976598639455784
127278,Pop,6,../data/local/processed_mel/127278.npy,21078,Myndra,19243,Songs From Your Collarbone,29.976598639455784
127279,Pop,6,../data/local/processed_mel/127279.npy,21078,Myndra,19243,Songs From Your Collarbone,30.002721088435376
127280,Pop,6,../data/local/processed_mel/127280.npy,21078,Myndra,19243,Songs From Your Collarbone,29.976598639455784
127281,Pop,6,../data/local/processed_mel/127281.npy,21078,Myndra,19243,Songs From Your Collarbone,29.976598639455784
127285,Pop,6,../data/local/processed_mel/127285.npy,21078,Myndra,19243,Songs From Your Collarbone,29.976598639455784
127286,Pop,6,../data/local/processed_mel/127286.npy,21078,Myndra,19243,Songs From Your Collarbone,30.002721088435376
127287,Pop,6,../data/local/processed_mel/127287.npy,21078,Myndra,19243,Songs From Your Collarbone,29.976598639455784
127288,Pop,6,../data/local/processed_mel/127288.npy,21078,Myndra,19243,Songs From Your Collarbone,29.976598639455784
127289,Pop,6,../data/local/processed_mel/127289.npy,21078,Myndra,19243,Songs From Your Collarbone,30.002721088435376
127290,Pop,6,../data/local/processed_mel/127290.npy,21078,Myndra,19243,Songs From Your Collarbone,30.002721088435376
127294,Pop,6,../data/local/processed_mel/127294.npy,21081,"Oh Yeah, the Future",19245,New brave face,29.976598639455784
127295,Pop,6,../data/local/processed_mel/127295.npy,21081,"Oh Yeah, the Future",19245,New brave face,30.002721088435376
127296,Pop,6,../data/local/processed_mel/127296.npy,21081,"Oh Yeah, the Future",19245,New brave face,30.002721088435376
127297,Pop,6,../data/local/processed_mel/127297.npy,21081,"Oh Yeah, the Future",19245,New brave face,29.976598639455784
127298,Pop,6,../data/local/processed_mel/127298.npy,21081,"Oh Yeah, the Future",19245,New brave face,30.002721088435376
127299,Pop,6,../data/local/processed_mel/127299.npy,21081,"Oh Yeah, the Future",19245,New brave face,30.002721088435376
127300,Pop,6,../data/local/processed_mel/127300.npy,21081,"Oh Yeah, the Future",19245,New brave face,29.976598639455784
127301,Pop,6,../data/local/processed_mel/127301.npy,21081,"Oh Yeah, the Future",19245,New brave face,29.976598639455784
127302,Pop,6,../data/local/processed_mel/127302.npy,21081,"Oh Yeah, the Future",19245,New brave face,29.976598639455784
127303,Pop,6,../data/local/processed_mel/127303.npy,21081,"Oh Yeah, the Future",19245,New brave face,30.002721088435376
127339,Rock,7,../data/local/processed_mel/127339.npy,7410,Andrew Howes,19251,Nine Stones Close,29.976598639455784
127343,Electronic,0,../data/local/processed_mel/127343.npy,13966,Lately Kind of Yeah,19252,Veldt,30.002721088435376
127349,Electronic,0,../data/local/processed_mel/127349.npy,13966,Lately Kind of Yeah,19252,Veldt,30.002721088435376
127350,Electronic,0,../data/local/processed_mel/127350.npy,13966,Lately Kind of Yeah,19252,Veldt,29.976598639455784
127356,International,5,../data/local/processed_mel/127356.npy,21089,Teddy Brown,19254,"Live at Monty Hall with Jeff Sarge of Reggae Schoolroom, 10/03/2015",29.976598639455784
127357,International,5,../data/local/processed_mel/127357.npy,21089,Teddy Brown,19254,"Live at Monty Hall with Jeff Sarge of Reggae Schoolroom, 10/03/2015",30.002721088435376
127358,International,5,../data/local/processed_mel/127358.npy,21090,Colin Ska Johnson,19255,"Live at Monty Hall with Jeff Sarge of Reggae Schoolroom, 10/03/2015",30.002721088435376
127359,International,5,../data/local/processed_mel/127359.npy,21090,Colin Ska Johnson,19255,"Live at Monty Hall with Jeff Sarge of Reggae Schoolroom, 10/03/2015",29.976598639455784
127360,International,5,../data/local/processed_mel/127360.npy,21090,Colin Ska Johnson,19255,"Live at Monty Hall with Jeff Sarge of Reggae Schoolroom, 10/03/2015",30.002721088435376
127402,Experimental,1,../data/local/processed_mel/127402.npy,21092,chicago_word_brigade & brass-lines,19262,Deutsch Amerikanische Freundschaft,29.988979591836735
127422,Experimental,1,../data/local/processed_mel/127422.npy,21093,Mal Occhio,19266,Mal Occhio,29.976598639455784
127469,Experimental,1,../data/local/processed_mel/127469.npy,16239,HighWay17,19273,Going Backwards to the Garden of Plastic Fruits,30.002721088435376
127494,Instrumental,4,../data/local/processed_mel/127494.npy,19461,Blue Dot Sessions,19279,Darby,30.002721088435376
127495,Instrumental,4,../data/local/processed_mel/127495.npy,19461,Blue Dot Sessions,19279,Darby,30.002721088435376
127496,Instrumental,4,../data/local/processed_mel/127496.npy,19461,Blue Dot Sessions,19279,Darby,29.976598639455784
127497,Instrumental,4,../data/local/processed_mel/127497.npy,19461,Blue Dot Sessions,19279,Darby,29.976598639455784
127498,Instrumental,4,../data/local/processed_mel/127498.npy,19461,Blue Dot Sessions,19279,Darby,30.002721088435376
127499,Instrumental,4,../data/local/processed_mel/127499.npy,19461,Blue Dot Sessions,19279,Darby,29.976598639455784
127620,Pop,6,../data/local/processed_mel/127620.npy,9061,Music for Rabbits,19288,Music for Rabbits,29.976598639455784
127623,Pop,6,../data/local/processed_mel/127623.npy,9061,Music for Rabbits,19288,Music for Rabbits,29.976598639455784
127648,Instrumental,4,../data/local/processed_mel/127648.npy,19461,Blue Dot Sessions,19290,Simple Machines,30.002721088435376
127660,Instrumental,4,../data/local/processed_mel/127660.npy,19461,Blue Dot Sessions,19290,Simple Machines,30.002721088435376
127661,Instrumental,4,../data/local/processed_mel/127661.npy,19461,Blue Dot Sessions,19290,Simple Machines,29.976598639455784
127662,Instrumental,4,../data/local/processed_mel/127662.npy,19461,Blue Dot Sessions,19290,Simple Machines,29.976598639455784
127663,Instrumental,4,../data/local/processed_mel/127663.npy,19461,Blue Dot Sessions,19290,Simple Machines,29.976598639455784
127720,Rock,7,../data/local/processed_mel/127720.npy,21113,Mellow Harsher,19297,"Live on WFMU's Infinite Distortion: Nov 9, 2015",29.988979591836735
127722,Folk,2,../data/local/processed_mel/127722.npy,21114,Andreas Woiger,19299,First EP - Unplugged,29.976598639455784
127726,Folk,2,../data/local/processed_mel/127726.npy,21114,Andreas Woiger,19299,First EP - Unplugged,30.002721088435376
127798,Experimental,1,../data/local/processed_mel/127798.npy,19268,ODOR BABY,19307,NUL FUXGEBEN,29.976598639455784
127804,Electronic,0,../data/local/processed_mel/127804.npy,13826,Psychadelik Pedestrian,19308,Fifteen,29.976598639455784
127806,Electronic,0,../data/local/processed_mel/127806.npy,13826,Psychadelik Pedestrian,19308,Fifteen,29.976598639455784
127878,Experimental,1,../data/local/processed_mel/127878.npy,7661,Razen,19317,Endrhymes,29.988979591836735
127908,Pop,6,../data/local/processed_mel/127908.npy,21124,Gingerlys,19324,"Live on WFMU's Hello Children with Faye: Nov 15, 2015",29.976598639455784
127909,Pop,6,../data/local/processed_mel/127909.npy,21124,Gingerlys,19324,"Live on WFMU's Hello Children with Faye: Nov 15, 2015",29.976598639455784
127910,Pop,6,../data/local/processed_mel/127910.npy,21124,Gingerlys,19324,"Live on WFMU's Hello Children with Faye: Nov 15, 2015",29.976598639455784
127911,Pop,6,../data/local/processed_mel/127911.npy,21124,Gingerlys,19324,"Live on WFMU's Hello Children with Faye: Nov 15, 2015",29.976598639455784
127912,Pop,6,../data/local/processed_mel/127912.npy,21124,Gingerlys,19324,"Live on WFMU's Hello Children with Faye: Nov 15, 2015",29.976598639455784
127913,Pop,6,../data/local/processed_mel/127913.npy,21124,Gingerlys,19324,"Live on WFMU's Hello Children with Faye: Nov 15, 2015",30.002721088435376
127914,Pop,6,../data/local/processed_mel/127914.npy,21124,Gingerlys,19324,"Live on WFMU's Hello Children with Faye: Nov 15, 2015",30.002721088435376
127915,Pop,6,../data/local/processed_mel/127915.npy,21124,Gingerlys,19324,"Live on WFMU's Hello Children with Faye: Nov 15, 2015",30.002721088435376
127916,Folk,2,../data/local/processed_mel/127916.npy,21125,Stephen Chopek,19325,"Live on WFMU with Therese: Nov 2, 2015",30.002721088435376
127996,Instrumental,4,../data/local/processed_mel/127996.npy,20760,Sergey Cheremisinov,19334,Forgotten Stars,30.002721088435376
128443,Hip-Hop,3,../data/local/processed_mel/128443.npy,21147,Mitchmatic,19381,netBloc Vol. 47: Grooves For The Sentient,30.002721088435376
128448,Rock,7,../data/local/processed_mel/128448.npy,5911,Lorenzo's Music,19381,netBloc Vol. 47: Grooves For The Sentient,30.002721088435376
128469,Instrumental,4,../data/local/processed_mel/128469.npy,19461,Blue Dot Sessions,19384,Delray,29.976598639455784
128470,Instrumental,4,../data/local/processed_mel/128470.npy,19461,Blue Dot Sessions,19384,Delray,29.976598639455784
128471,Instrumental,4,../data/local/processed_mel/128471.npy,19461,Blue Dot Sessions,19384,Delray,29.976598639455784
128472,Instrumental,4,../data/local/processed_mel/128472.npy,19461,Blue Dot Sessions,19384,Delray,29.976598639455784
128473,Instrumental,4,../data/local/processed_mel/128473.npy,19461,Blue Dot Sessions,19384,Delray,30.002721088435376
128476,Pop,6,../data/local/processed_mel/128476.npy,21151,cellardoor,19386,netBloc Vol. 48: Still…,29.976598639455784
128477,Pop,6,../data/local/processed_mel/128477.npy,8018,Emerald Park,19386,netBloc Vol. 48: Still…,29.988979591836735
128482,Pop,6,../data/local/processed_mel/128482.npy,21153,Solar Estates,19386,netBloc Vol. 48: Still…,29.988979591836735
128494,Hip-Hop,3,../data/local/processed_mel/128494.npy,17125,Ant The Symbol,19387,netBloc Vol. 49: Music For The Civilized / War For The Mad Men,29.976598639455784
128500,Folk,2,../data/local/processed_mel/128500.npy,10341,Mr. & Mrs. Smith,19387,netBloc Vol. 49: Music For The Civilized / War For The Mad Men,30.002721088435376
128504,Rock,7,../data/local/processed_mel/128504.npy,20688,Zebra,19387,netBloc Vol. 49: Music For The Civilized / War For The Mad Men,30.002721088435376
128619,Instrumental,4,../data/local/processed_mel/128619.npy,19056,Cloudjumper,19395,Far Sky EP,30.002721088435376
128666,Hip-Hop,3,../data/local/processed_mel/128666.npy,17125,Ant The Symbol,19401,We Can Talk About That (Featuring Johnny Ciggs),29.976598639455784
128668,Hip-Hop,3,../data/local/processed_mel/128668.npy,17125,Ant The Symbol,19401,We Can Talk About That (Featuring Johnny Ciggs),30.002721088435376
128699,Rock,7,../data/local/processed_mel/128699.npy,21046,The Degs,19407,Could It Be So Hard,30.002721088435376
128709,Rock,7,../data/local/processed_mel/128709.npy,21203,The Crypts!,19412,Discover Science,29.976598639455784
128710,Rock,7,../data/local/processed_mel/128710.npy,21203,The Crypts!,19412,Discover Science,29.976598639455784
128711,Rock,7,../data/local/processed_mel/128711.npy,21203,The Crypts!,19412,Discover Science,29.976598639455784
128799,Experimental,1,../data/local/processed_mel/128799.npy,9294,RPM Orchestra,19425,Canary,29.988979591836735
128811,Instrumental,4,../data/local/processed_mel/128811.npy,19461,Blue Dot Sessions,19427,Plaster,30.002721088435376
128812,Instrumental,4,../data/local/processed_mel/128812.npy,19461,Blue Dot Sessions,19427,Plaster,29.976598639455784
128813,Instrumental,4,../data/local/processed_mel/128813.npy,19461,Blue Dot Sessions,19427,Plaster,30.002721088435376
128814,Instrumental,4,../data/local/processed_mel/128814.npy,19461,Blue Dot Sessions,19427,Plaster,30.002721088435376
128815,Instrumental,4,../data/local/processed_mel/128815.npy,19461,Blue Dot Sessions,19427,Plaster,29.976598639455784
128816,Instrumental,4,../data/local/processed_mel/128816.npy,13830,krackatoa,19428,The Big out there,29.976598639455784
128825,Experimental,1,../data/local/processed_mel/128825.npy,5994,Lezet,19430,Distorted Voice Recordings,30.002721088435376
128827,Experimental,1,../data/local/processed_mel/128827.npy,5994,Lezet,19430,Distorted Voice Recordings,29.976598639455784
128828,Experimental,1,../data/local/processed_mel/128828.npy,5994,Lezet,19430,Distorted Voice Recordings,29.976598639455784
128835,Experimental,1,../data/local/processed_mel/128835.npy,9289,Jaan Patterson,19432,Music for Shadows,29.976598639455784
128845,Experimental,1,../data/local/processed_mel/128845.npy,9289,Jaan Patterson,19432,Music for Shadows,30.002721088435376
128927,Hip-Hop,3,../data/local/processed_mel/128927.npy,17125,Ant The Symbol,19441,Tempus Fugit,29.976598639455784
128992,Experimental,1,../data/local/processed_mel/128992.npy,21255,moody alien,19456,from RE- to CO- and inbetween,29.976598639455784
129039,Instrumental,4,../data/local/processed_mel/129039.npy,19461,Blue Dot Sessions,19466,Arc and Crescent,30.002721088435376
129040,Instrumental,4,../data/local/processed_mel/129040.npy,19461,Blue Dot Sessions,19466,Arc and Crescent,29.976598639455784
129042,Instrumental,4,../data/local/processed_mel/129042.npy,19461,Blue Dot Sessions,19466,Arc and Crescent,30.002721088435376
129043,Instrumental,4,../data/local/processed_mel/129043.npy,19461,Blue Dot Sessions,19466,Arc and Crescent,29.976598639455784
129044,Instrumental,4,../data/local/processed_mel/129044.npy,19461,Blue Dot Sessions,19466,Arc and Crescent,30.002721088435376
129046,Rock,7,../data/local/processed_mel/129046.npy,21266,One Watt Of Love,19464,Jimmie's Got One Watt Of Love,30.002721088435376
129184,Instrumental,4,../data/local/processed_mel/129184.npy,19461,Blue Dot Sessions,19487,The Contessa,30.002721088435376
129185,Instrumental,4,../data/local/processed_mel/129185.npy,19461,Blue Dot Sessions,19487,The Contessa,30.002721088435376
129186,Instrumental,4,../data/local/processed_mel/129186.npy,19461,Blue Dot Sessions,19487,The Contessa,29.976598639455784
129187,Instrumental,4,../data/local/processed_mel/129187.npy,19461,Blue Dot Sessions,19487,The Contessa,30.002721088435376
129188,Instrumental,4,../data/local/processed_mel/129188.npy,19461,Blue Dot Sessions,19487,The Contessa,29.976598639455784
129189,Instrumental,4,../data/local/processed_mel/129189.npy,19461,Blue Dot Sessions,19487,The Contessa,30.002721088435376
129190,Instrumental,4,../data/local/processed_mel/129190.npy,19461,Blue Dot Sessions,19487,The Contessa,30.002721088435376
129268,Rock,7,../data/local/processed_mel/129268.npy,21287,The IMG,19494,Kaleidoscope,29.976598639455784
129362,Pop,6,../data/local/processed_mel/129362.npy,21291,Lonely Kid Quentin Ensemble,19501,Artiste à vendre,29.976598639455784
129372,Pop,6,../data/local/processed_mel/129372.npy,21291,Lonely Kid Quentin Ensemble,19501,Artiste à vendre,29.976598639455784
129374,Pop,6,../data/local/processed_mel/129374.npy,21291,Lonely Kid Quentin Ensemble,19501,Artiste à vendre,30.002721088435376
129375,Pop,6,../data/local/processed_mel/129375.npy,21291,Lonely Kid Quentin Ensemble,19501,Artiste à vendre,30.002721088435376
129391,Pop,6,../data/local/processed_mel/129391.npy,21296,A la Mode,19507,A la mode,30.002721088435376
129392,Pop,6,../data/local/processed_mel/129392.npy,21296,A la Mode,19507,A la mode,29.976598639455784
129393,Pop,6,../data/local/processed_mel/129393.npy,21296,A la Mode,19507,A la mode,29.976598639455784
129395,International,5,../data/local/processed_mel/129395.npy,21297,Jerry Harris,19509,"Live at Monty Hall with Jeff Sarge of Reggae Schoolroom, 10/03/2015",30.002721088435376
129396,International,5,../data/local/processed_mel/129396.npy,21297,Jerry Harris,19509,"Live at Monty Hall with Jeff Sarge of Reggae Schoolroom, 10/03/2015",30.002721088435376
129397,International,5,../data/local/processed_mel/129397.npy,21297,Jerry Harris,19509,"Live at Monty Hall with Jeff Sarge of Reggae Schoolroom, 10/03/2015",29.976598639455784
129398,International,5,../data/local/processed_mel/129398.npy,21297,Jerry Harris,19509,"Live at Monty Hall with Jeff Sarge of Reggae Schoolroom, 10/03/2015",29.988979591836735
129399,Rock,7,../data/local/processed_mel/129399.npy,20985,Andy G. Cohen,19248,Through The Lens,29.976598639455784
129400,International,5,../data/local/processed_mel/129400.npy,21299,Trevor Flowers and Iheka-Chama,19510,"Live at Monty Hall with Jeff Sarge of Reggae Schoolroom, 10/03/2015",30.002721088435376
129401,International,5,../data/local/processed_mel/129401.npy,21299,Trevor Flowers and Iheka-Chama,19510,"Live at Monty Hall with Jeff Sarge of Reggae Schoolroom, 10/03/2015",29.976598639455784
129402,International,5,../data/local/processed_mel/129402.npy,21299,Trevor Flowers and Iheka-Chama,19510,"Live at Monty Hall with Jeff Sarge of Reggae Schoolroom, 10/03/2015",30.002721088435376
129403,International,5,../data/local/processed_mel/129403.npy,21299,Trevor Flowers and Iheka-Chama,19510,"Live at Monty Hall with Jeff Sarge of Reggae Schoolroom, 10/03/2015",29.976598639455784
129404,International,5,../data/local/processed_mel/129404.npy,21299,Trevor Flowers and Iheka-Chama,19510,"Live at Monty Hall with Jeff Sarge of Reggae Schoolroom, 10/03/2015",30.002721088435376
129405,International,5,../data/local/processed_mel/129405.npy,21299,Trevor Flowers and Iheka-Chama,19510,"Live at Monty Hall with Jeff Sarge of Reggae Schoolroom, 10/03/2015",30.002721088435376
129406,International,5,../data/local/processed_mel/129406.npy,21299,Trevor Flowers and Iheka-Chama,19510,"Live at Monty Hall with Jeff Sarge of Reggae Schoolroom, 10/03/2015",29.976598639455784
129407,International,5,../data/local/processed_mel/129407.npy,21299,Trevor Flowers and Iheka-Chama,19510,"Live at Monty Hall with Jeff Sarge of Reggae Schoolroom, 10/03/2015",30.002721088435376
129439,Folk,2,../data/local/processed_mel/129439.npy,21300,Bridget St John,19517,"Live at WFMU's Monty Hall: Oct 18, 2015",29.988979591836735
129442,Folk,2,../data/local/processed_mel/129442.npy,21300,Bridget St John,19517,"Live at WFMU's Monty Hall: Oct 18, 2015",29.988979591836735
129444,Folk,2,../data/local/processed_mel/129444.npy,21300,Bridget St John,19517,"Live at WFMU's Monty Hall: Oct 18, 2015",29.988979591836735
129620,Experimental,1,../data/local/processed_mel/129620.npy,21360,Joan's Diary,19531,Spettro Records Volume 2 - Decline,29.988979591836735
129624,Experimental,1,../data/local/processed_mel/129624.npy,21362,Ralph Brown,19531,Spettro Records Volume 2 - Decline,29.988979591836735
129674,Hip-Hop,3,../data/local/processed_mel/129674.npy,17125,Ant The Symbol,19541,The True Black (Featuring The Honorable Sleaze),30.002721088435376
129675,Hip-Hop,3,../data/local/processed_mel/129675.npy,17125,Ant The Symbol,19541,The True Black (Featuring The Honorable Sleaze),29.976598639455784
129683,Folk,2,../data/local/processed_mel/129683.npy,9765,Derek Clegg,19543,Lightning In A Bottle,29.976598639455784
129694,Folk,2,../data/local/processed_mel/129694.npy,9765,Derek Clegg,19543,Lightning In A Bottle,30.002721088435376
129695,Folk,2,../data/local/processed_mel/129695.npy,9765,Derek Clegg,19543,Lightning In A Bottle,29.976598639455784
129696,Folk,2,../data/local/processed_mel/129696.npy,9765,Derek Clegg,19543,Lightning In A Bottle,30.002721088435376
129806,Hip-Hop,3,../data/local/processed_mel/129806.npy,21393,Captive Portal,19557,Bloke Sitting EP,29.976598639455784
129807,Hip-Hop,3,../data/local/processed_mel/129807.npy,21393,Captive Portal,19557,Bloke Sitting EP,29.976598639455784
129808,Hip-Hop,3,../data/local/processed_mel/129808.npy,21393,Captive Portal,19557,Bloke Sitting EP,30.002721088435376
129816,International,5,../data/local/processed_mel/129816.npy,21399,Les Vilians Chicots,19562,"HONK! NYC at Monty Hall with Rob Weisberg, 10/15/2015",29.988979591836735
129874,International,5,../data/local/processed_mel/129874.npy,21420,Tzelalot,19574,Labyrinth,29.976598639455784
129875,International,5,../data/local/processed_mel/129875.npy,21420,Tzelalot,19574,Labyrinth,29.976598639455784
129876,International,5,../data/local/processed_mel/129876.npy,21420,Tzelalot,19574,Labyrinth,30.002721088435376
129879,International,5,../data/local/processed_mel/129879.npy,21420,Tzelalot,19574,Labyrinth,30.002721088435376
129880,International,5,../data/local/processed_mel/129880.npy,21420,Tzelalot,19574,Labyrinth,29.976598639455784
129882,International,5,../data/local/processed_mel/129882.npy,21420,Tzelalot,19574,Labyrinth,30.002721088435376
129883,International,5,../data/local/processed_mel/129883.npy,21420,Tzelalot,19574,Labyrinth,29.976598639455784
129884,International,5,../data/local/processed_mel/129884.npy,21420,Tzelalot,19574,Labyrinth,30.002721088435376
129885,International,5,../data/local/processed_mel/129885.npy,21420,Tzelalot,19574,Labyrinth,29.976598639455784
129886,International,5,../data/local/processed_mel/129886.npy,21420,Tzelalot,19574,Labyrinth,30.002721088435376
129887,International,5,../data/local/processed_mel/129887.npy,21420,Tzelalot,19574,Labyrinth,29.976598639455784
129889,International,5,../data/local/processed_mel/129889.npy,21420,Tzelalot,19574,Labyrinth,29.976598639455784
129904,Hip-Hop,3,../data/local/processed_mel/129904.npy,21421,Dollar Boyz,19576,Welcome To Chi-Raq,30.002721088435376
129910,Hip-Hop,3,../data/local/processed_mel/129910.npy,21421,Dollar Boyz,19576,Welcome To Chi-Raq,29.976598639455784
129914,Hip-Hop,3,../data/local/processed_mel/129914.npy,21421,Dollar Boyz,19576,Welcome To Chi-Raq,29.976598639455784
129915,Hip-Hop,3,../data/local/processed_mel/129915.npy,21421,Dollar Boyz,19576,Welcome To Chi-Raq,30.002721088435376
129918,Hip-Hop,3,../data/local/processed_mel/129918.npy,21421,Dollar Boyz,19576,Welcome To Chi-Raq,29.976598639455784
129919,Hip-Hop,3,../data/local/processed_mel/129919.npy,21421,Dollar Boyz,19576,Welcome To Chi-Raq,30.002721088435376
129920,Hip-Hop,3,../data/local/processed_mel/129920.npy,21421,Dollar Boyz,19576,Welcome To Chi-Raq,29.976598639455784
129922,International,5,../data/local/processed_mel/129922.npy,21423,Radio Jarocho and Zenen Zeferino Huervo,19578,"Live at WFMU on Transpacific Sound Paradise with Rob Weisberg, 10/26/2015",29.988979591836735
129923,International,5,../data/local/processed_mel/129923.npy,21423,Radio Jarocho and Zenen Zeferino Huervo,19578,"Live at WFMU on Transpacific Sound Paradise with Rob Weisberg, 10/26/2015",29.988979591836735
129924,International,5,../data/local/processed_mel/129924.npy,21423,Radio Jarocho and Zenen Zeferino Huervo,19578,"Live at WFMU on Transpacific Sound Paradise with Rob Weisberg, 10/26/2015",29.988979591836735
129925,International,5,../data/local/processed_mel/129925.npy,21423,Radio Jarocho and Zenen Zeferino Huervo,19578,"Live at WFMU on Transpacific Sound Paradise with Rob Weisberg, 10/26/2015",29.988979591836735
129926,International,5,../data/local/processed_mel/129926.npy,21423,Radio Jarocho and Zenen Zeferino Huervo,19578,"Live at WFMU on Transpacific Sound Paradise with Rob Weisberg, 10/26/2015",29.988979591836735
129927,International,5,../data/local/processed_mel/129927.npy,21423,Radio Jarocho and Zenen Zeferino Huervo,19578,"Live at WFMU on Transpacific Sound Paradise with Rob Weisberg, 10/26/2015",29.988979591836735
129962,Rock,7,../data/local/processed_mel/129962.npy,19164,Pipe Choir,19582,Pipe Choir,29.976598639455784
129968,Rock,7,../data/local/processed_mel/129968.npy,19164,Pipe Choir,19582,Pipe Choir,29.976598639455784
129969,Rock,7,../data/local/processed_mel/129969.npy,19164,Pipe Choir,19582,Pipe Choir,30.002721088435376
129970,Rock,7,../data/local/processed_mel/129970.npy,19164,Pipe Choir,19582,Pipe Choir,30.002721088435376
129972,Rock,7,../data/local/processed_mel/129972.npy,19164,Pipe Choir,19582,Pipe Choir,30.002721088435376
129973,Rock,7,../data/local/processed_mel/129973.npy,19164,Pipe Choir,19582,Pipe Choir,29.976598639455784
129997,Rock,7,../data/local/processed_mel/129997.npy,13523,springtide,13316,Just Before April,29.976598639455784
130016,Rock,7,../data/local/processed_mel/130016.npy,19198,Camden,19591,Camden,29.976598639455784
130084,Rock,7,../data/local/processed_mel/130084.npy,21447,Terry & Louie,19601,"Live on WFMU's Burn It Down with Nate K - October 25, 2015",29.988979591836735
130129,Electronic,0,../data/local/processed_mel/130129.npy,21456,Michett,19605,Palettes,29.976598639455784
130130,Electronic,0,../data/local/processed_mel/130130.npy,21456,Michett,19605,Palettes,29.976598639455784
130131,Electronic,0,../data/local/processed_mel/130131.npy,21456,Michett,19605,Palettes,30.002721088435376
130132,Electronic,0,../data/local/processed_mel/130132.npy,21456,Michett,19605,Palettes,29.976598639455784
130133,Electronic,0,../data/local/processed_mel/130133.npy,21456,Michett,19605,Palettes,29.976598639455784
130134,Electronic,0,../data/local/processed_mel/130134.npy,21456,Michett,19605,Palettes,30.002721088435376
130135,Electronic,0,../data/local/processed_mel/130135.npy,21456,Michett,19605,Palettes,29.976598639455784
130136,Electronic,0,../data/local/processed_mel/130136.npy,21456,Michett,19605,Palettes,30.002721088435376
130137,Electronic,0,../data/local/processed_mel/130137.npy,21456,Michett,19605,Palettes,29.976598639455784
130168,Hip-Hop,3,../data/local/processed_mel/130168.npy,18872,Cheese N Pot-C,19607,Funky Motion,29.976598639455784
130170,Hip-Hop,3,../data/local/processed_mel/130170.npy,18872,Cheese N Pot-C,19607,Funky Motion,29.976598639455784
130218,Hip-Hop,3,../data/local/processed_mel/130218.npy,21484,OpVious,19610,Changes,29.976598639455784
130265,Pop,6,../data/local/processed_mel/130265.npy,19390,Rockit Maxx,19617,Show the Way,29.976598639455784
130347,Folk,2,../data/local/processed_mel/130347.npy,21491,Goddess,19628,"Live on WFMU with Irene Trudel, 9/15/2015",29.988979591836735
130349,Folk,2,../data/local/processed_mel/130349.npy,21491,Goddess,19628,"Live on WFMU with Irene Trudel, 9/15/2015",29.988979591836735
130367,Pop,6,../data/local/processed_mel/130367.npy,21497,TransFX,19633,"Live on WFMU's Champ Sound with DJ Guy: Nov 16, 2015",30.002721088435376
130368,Pop,6,../data/local/processed_mel/130368.npy,21497,TransFX,19633,"Live on WFMU's Champ Sound with DJ Guy: Nov 16, 2015",29.976598639455784
130369,Pop,6,../data/local/processed_mel/130369.npy,21497,TransFX,19633,"Live on WFMU's Champ Sound with DJ Guy: Nov 16, 2015",29.976598639455784
130370,Pop,6,../data/local/processed_mel/130370.npy,21497,TransFX,19633,"Live on WFMU's Champ Sound with DJ Guy: Nov 16, 2015",30.002721088435376
130371,Pop,6,../data/local/processed_mel/130371.npy,21497,TransFX,19633,"Live on WFMU's Champ Sound with DJ Guy: Nov 16, 2015",30.002721088435376
130372,Pop,6,../data/local/processed_mel/130372.npy,21497,TransFX,19633,"Live on WFMU's Champ Sound with DJ Guy: Nov 16, 2015",29.976598639455784
130440,Hip-Hop,3,../data/local/processed_mel/130440.npy,21503,Pot-C,19640,Baldest N Fattest XE,30.002721088435376
130454,Hip-Hop,3,../data/local/processed_mel/130454.npy,21503,Pot-C,19640,Baldest N Fattest XE,29.976598639455784
130456,Hip-Hop,3,../data/local/processed_mel/130456.npy,21503,Pot-C,19640,Baldest N Fattest XE,29.976598639455784
130650,Hip-Hop,3,../data/local/processed_mel/130650.npy,18872,Cheese N Pot-C,19674,Dallas 2 Tha Palace,29.976598639455784
130667,Folk,2,../data/local/processed_mel/130667.npy,1233,Six Organs of Admittance,19677,"Live on WFMU's Imaginary Radio with Chris M, 11/12/2015",29.988979591836735
130682,Rock,7,../data/local/processed_mel/130682.npy,19741,The Zombie Dandies,19679,Halloween Again,29.976598639455784
130683,Rock,7,../data/local/processed_mel/130683.npy,19741,The Zombie Dandies,19680,The Friendly Monster Shop,29.976598639455784
130689,Rock,7,../data/local/processed_mel/130689.npy,21524,Cryosyncopy,19678,Culmination 3: The Dark Path,30.002721088435376
130691,Rock,7,../data/local/processed_mel/130691.npy,21524,Cryosyncopy,19678,Culmination 3: The Dark Path,30.002721088435376
130692,Rock,7,../data/local/processed_mel/130692.npy,21524,Cryosyncopy,19678,Culmination 3: The Dark Path,30.002721088435376
130693,Rock,7,../data/local/processed_mel/130693.npy,21524,Cryosyncopy,19678,Culmination 3: The Dark Path,30.002721088435376
130709,Hip-Hop,3,../data/local/processed_mel/130709.npy,21509,Jimmy & The Threats,19682,Picking Fights & Blowing Kisses,30.002721088435376
130710,Hip-Hop,3,../data/local/processed_mel/130710.npy,21509,Jimmy & The Threats,19682,Picking Fights & Blowing Kisses,30.002721088435376
130711,Hip-Hop,3,../data/local/processed_mel/130711.npy,21509,Jimmy & The Threats,19682,Picking Fights & Blowing Kisses,29.976598639455784
130758,Folk,2,../data/local/processed_mel/130758.npy,9441,Keijo,19688,WHNZ​:​68​:​TDNGHT,29.976598639455784
130920,Electronic,0,../data/local/processed_mel/130920.npy,21535,mathgrant,19711,30s30d: A Month's Worth of Composing,30.002721088435376
130921,Electronic,0,../data/local/processed_mel/130921.npy,21535,mathgrant,19711,30s30d: A Month's Worth of Composing,29.976598639455784
130922,Electronic,0,../data/local/processed_mel/130922.npy,21535,mathgrant,19711,30s30d: A Month's Worth of Composing,30.002721088435376
130923,Electronic,0,../data/local/processed_mel/130923.npy,21535,mathgrant,19711,30s30d: A Month's Worth of Composing,29.976598639455784
130929,Instrumental,4,../data/local/processed_mel/130929.npy,19461,Blue Dot Sessions,19716,Sketchbook,30.002721088435376
130930,Instrumental,4,../data/local/processed_mel/130930.npy,19461,Blue Dot Sessions,19716,Sketchbook,30.002721088435376
130931,Instrumental,4,../data/local/processed_mel/130931.npy,19461,Blue Dot Sessions,19716,Sketchbook,30.002721088435376
130932,Instrumental,4,../data/local/processed_mel/130932.npy,19461,Blue Dot Sessions,19716,Sketchbook,30.002721088435376
130933,Instrumental,4,../data/local/processed_mel/130933.npy,19461,Blue Dot Sessions,19716,Sketchbook,29.976598639455784
130934,Instrumental,4,../data/local/processed_mel/130934.npy,19461,Blue Dot Sessions,19716,Sketchbook,30.002721088435376
130937,Folk,2,../data/local/processed_mel/130937.npy,21538,La Cantine Boga,19720,La Cantine Boga,30.002721088435376
130940,Folk,2,../data/local/processed_mel/130940.npy,21538,La Cantine Boga,19720,La Cantine Boga,30.002721088435376
130944,Folk,2,../data/local/processed_mel/130944.npy,21538,La Cantine Boga,19720,La Cantine Boga,30.002721088435376
130945,Folk,2,../data/local/processed_mel/130945.npy,21539,Albin Andersson,19721,It Never Happened,29.976598639455784
130948,Folk,2,../data/local/processed_mel/130948.npy,21539,Albin Andersson,19721,It Never Happened,29.976598639455784
130950,Folk,2,../data/local/processed_mel/130950.npy,21539,Albin Andersson,19721,It Never Happened,30.002721088435376
130951,Folk,2,../data/local/processed_mel/130951.npy,21539,Albin Andersson,19721,It Never Happened,30.002721088435376
130952,Folk,2,../data/local/processed_mel/130952.npy,21539,Albin Andersson,19721,It Never Happened,30.002721088435376
130953,Folk,2,../data/local/processed_mel/130953.npy,21539,Albin Andersson,19721,It Never Happened,29.976598639455784
130954,Folk,2,../data/local/processed_mel/130954.npy,21539,Albin Andersson,19721,It Never Happened,29.976598639455784
130955,Folk,2,../data/local/processed_mel/130955.npy,21539,Albin Andersson,19721,It Never Happened,30.002721088435376
130956,Folk,2,../data/local/processed_mel/130956.npy,21540,Martha Rose,19722,Behind our eyes,30.002721088435376
130963,Folk,2,../data/local/processed_mel/130963.npy,21540,Martha Rose,19722,Behind our eyes,29.976598639455784
130964,Folk,2,../data/local/processed_mel/130964.npy,21540,Martha Rose,19722,Behind our eyes,30.002721088435376
130986,Experimental,1,../data/local/processed_mel/130986.npy,9289,Jaan Patterson,19726,"Doctor, what has Cesuacantho to do with this?",29.976598639455784
130988,Instrumental,4,../data/local/processed_mel/130988.npy,19461,Blue Dot Sessions,19727,Lathe,30.002721088435376
130989,Instrumental,4,../data/local/processed_mel/130989.npy,19461,Blue Dot Sessions,19727,Lathe,30.002721088435376
130990,Instrumental,4,../data/local/processed_mel/130990.npy,19461,Blue Dot Sessions,19727,Lathe,29.976598639455784
130991,Instrumental,4,../data/local/processed_mel/130991.npy,19461,Blue Dot Sessions,19727,Lathe,30.002721088435376
130992,Instrumental,4,../data/local/processed_mel/130992.npy,19461,Blue Dot Sessions,19727,Lathe,30.002721088435376
130993,Instrumental,4,../data/local/processed_mel/130993.npy,19461,Blue Dot Sessions,19727,Lathe,29.976598639455784
131016,Hip-Hop,3,../data/local/processed_mel/131016.npy,21503,Pot-C,19733,Homemade Raps,29.976598639455784
131019,Hip-Hop,3,../data/local/processed_mel/131019.npy,21503,Pot-C,19733,Homemade Raps,29.976598639455784
131020,Hip-Hop,3,../data/local/processed_mel/131020.npy,21503,Pot-C,19733,Homemade Raps,30.002721088435376
131021,Hip-Hop,3,../data/local/processed_mel/131021.npy,21503,Pot-C,19733,Homemade Raps,29.976598639455784
131024,Experimental,1,../data/local/processed_mel/131024.npy,11502,Eric Boros & Fritz Welch,19735,Live In Gateshead,29.976598639455784
131166,Rock,7,../data/local/processed_mel/131166.npy,21203,The Crypts!,19756,Live in Richmond: All the Hits...All the Misses,30.002721088435376
131292,Rock,7,../data/local/processed_mel/131292.npy,13523,springtide,13316,Just Before April,30.002721088435376
131323,Instrumental,4,../data/local/processed_mel/131323.npy,19461,Blue Dot Sessions,19779,Rayling,30.002721088435376
131324,Instrumental,4,../data/local/processed_mel/131324.npy,19461,Blue Dot Sessions,19779,Rayling,30.002721088435376
131325,Instrumental,4,../data/local/processed_mel/131325.npy,19461,Blue Dot Sessions,19779,Rayling,30.002721088435376
131326,Instrumental,4,../data/local/processed_mel/131326.npy,19461,Blue Dot Sessions,19779,Rayling,29.976598639455784
131327,Instrumental,4,../data/local/processed_mel/131327.npy,19461,Blue Dot Sessions,19779,Rayling,29.976598639455784
131385,Experimental,1,../data/local/processed_mel/131385.npy,19268,ODOR BABY,17347,AMERICAN STANDARD,29.976598639455784
131422,Hip-Hop,3,../data/local/processed_mel/131422.npy,18872,Cheese N Pot-C,19793,The Raps Well,29.976598639455784
131425,Hip-Hop,3,../data/local/processed_mel/131425.npy,18872,Cheese N Pot-C,19793,The Raps Well,30.002721088435376
131426,Hip-Hop,3,../data/local/processed_mel/131426.npy,18872,Cheese N Pot-C,19793,The Raps Well,29.976598639455784
131436,Pop,6,../data/local/processed_mel/131436.npy,21568,Mom Jeans,19796,Chub Rub,29.988979591836735
131439,Pop,6,../data/local/processed_mel/131439.npy,21568,Mom Jeans,19796,Chub Rub,29.988979591836735
131444,Pop,6,../data/local/processed_mel/131444.npy,21568,Mom Jeans,19796,Chub Rub,29.988979591836735
131446,Pop,6,../data/local/processed_mel/131446.npy,21568,Mom Jeans,19796,Chub Rub,29.988979591836735
131448,Pop,6,../data/local/processed_mel/131448.npy,21568,Mom Jeans,19796,Chub Rub,29.988979591836735
131449,Pop,6,../data/local/processed_mel/131449.npy,21568,Mom Jeans,19796,Chub Rub,29.988979591836735
131451,Pop,6,../data/local/processed_mel/131451.npy,21568,Mom Jeans,19796,Chub Rub,29.988979591836735
131452,Pop,6,../data/local/processed_mel/131452.npy,21568,Mom Jeans,19796,Chub Rub,29.988979591836735
131453,Pop,6,../data/local/processed_mel/131453.npy,21568,Mom Jeans,19796,Chub Rub,29.988979591836735
131454,Pop,6,../data/local/processed_mel/131454.npy,21568,Mom Jeans,19796,Chub Rub,29.988979591836735
131536,Rock,7,../data/local/processed_mel/131536.npy,21578,Cheap Talk,19813,Split EP Rubanisko / Cheap Talk,29.976598639455784
131552,Rock,7,../data/local/processed_mel/131552.npy,21464,Your Marginally Talented Photographer Girlfriend,19818,Emily,29.988979591836735
131553,Rock,7,../data/local/processed_mel/131553.npy,21464,Your Marginally Talented Photographer Girlfriend,19818,Emily,29.988979591836735
131554,Rock,7,../data/local/processed_mel/131554.npy,21464,Your Marginally Talented Photographer Girlfriend,19818,Emily,29.988979591836735
131567,Experimental,1,../data/local/processed_mel/131567.npy,21316,Massaccesi,19819,When I Was Young It Was All About The Music,30.002721088435376
131624,Experimental,1,../data/local/processed_mel/131624.npy,19268,ODOR BABY,18212,AVIATION CRAB ORCHESTRA (AN EPIC SAGA),29.976598639455784
131656,Rock,7,../data/local/processed_mel/131656.npy,21587,The Flamin' Groovies,19831,"Live at WFMU's Monty Hall: Sat Nov 21, 2015",29.976598639455784
131657,Rock,7,../data/local/processed_mel/131657.npy,21587,The Flamin' Groovies,19831,"Live at WFMU's Monty Hall: Sat Nov 21, 2015",29.976598639455784
131658,Rock,7,../data/local/processed_mel/131658.npy,21587,The Flamin' Groovies,19831,"Live at WFMU's Monty Hall: Sat Nov 21, 2015",29.976598639455784
131764,Pop,6,../data/local/processed_mel/131764.npy,21598,Microscopes,19851,Points of Interest,29.976598639455784
131767,Pop,6,../data/local/processed_mel/131767.npy,21598,Microscopes,19851,Points of Interest,29.976598639455784
131770,Pop,6,../data/local/processed_mel/131770.npy,21598,Microscopes,19851,Points of Interest,29.976598639455784
131771,Pop,6,../data/local/processed_mel/131771.npy,21598,Microscopes,19851,Points of Interest,30.002721088435376
131772,Pop,6,../data/local/processed_mel/131772.npy,21598,Microscopes,19851,Points of Interest,29.976598639455784
131773,Pop,6,../data/local/processed_mel/131773.npy,21598,Microscopes,19851,Points of Interest,30.002721088435376
131774,Pop,6,../data/local/processed_mel/131774.npy,21598,Microscopes,19851,Points of Interest,29.976598639455784
131787,Instrumental,4,../data/local/processed_mel/131787.npy,19685,Pranavibes,19855,Explorations,29.976598639455784
131789,Instrumental,4,../data/local/processed_mel/131789.npy,19685,Pranavibes,19855,Explorations,30.002721088435376
131791,Instrumental,4,../data/local/processed_mel/131791.npy,19685,Pranavibes,19855,Explorations,29.976598639455784
131792,Instrumental,4,../data/local/processed_mel/131792.npy,19685,Pranavibes,19855,Explorations,30.002721088435376
131794,Instrumental,4,../data/local/processed_mel/131794.npy,19685,Pranavibes,19855,Explorations,30.002721088435376
131795,Instrumental,4,../data/local/processed_mel/131795.npy,19685,Pranavibes,19855,Explorations,30.002721088435376
131796,Instrumental,4,../data/local/processed_mel/131796.npy,19685,Pranavibes,19855,Explorations,29.976598639455784
131797,Instrumental,4,../data/local/processed_mel/131797.npy,19685,Pranavibes,19855,Explorations,29.976598639455784
131837,Instrumental,4,../data/local/processed_mel/131837.npy,18673,Fabian Measures,19143,Singles Album,29.988979591836735
131897,Folk,2,../data/local/processed_mel/131897.npy,21616,David Szesztay,19867,Acoustic Guitar,29.976598639455784
131899,Folk,2,../data/local/processed_mel/131899.npy,21616,David Szesztay,19867,Acoustic Guitar,29.976598639455784
131900,Folk,2,../data/local/processed_mel/131900.npy,21616,David Szesztay,19867,Acoustic Guitar,30.002721088435376
131901,Folk,2,../data/local/processed_mel/131901.npy,21616,David Szesztay,19867,Acoustic Guitar,30.002721088435376
131902,Folk,2,../data/local/processed_mel/131902.npy,21616,David Szesztay,19867,Acoustic Guitar,29.976598639455784
131903,Folk,2,../data/local/processed_mel/131903.npy,21616,David Szesztay,19867,Acoustic Guitar,30.002721088435376
131904,Folk,2,../data/local/processed_mel/131904.npy,21616,David Szesztay,19867,Acoustic Guitar,30.002721088435376
131911,Instrumental,4,../data/local/processed_mel/131911.npy,21616,David Szesztay,19869,Cinematic,29.976598639455784
131912,Instrumental,4,../data/local/processed_mel/131912.npy,21616,David Szesztay,19869,Cinematic,30.002721088435376
131913,Instrumental,4,../data/local/processed_mel/131913.npy,21616,David Szesztay,19869,Cinematic,30.002721088435376
131914,Instrumental,4,../data/local/processed_mel/131914.npy,21616,David Szesztay,19869,Cinematic,29.976598639455784
131917,Instrumental,4,../data/local/processed_mel/131917.npy,21616,David Szesztay,19869,Cinematic,29.976598639455784
131918,Instrumental,4,../data/local/processed_mel/131918.npy,21616,David Szesztay,19869,Cinematic,29.976598639455784
131919,Instrumental,4,../data/local/processed_mel/131919.npy,21616,David Szesztay,19869,Cinematic,29.976598639455784
131922,Instrumental,4,../data/local/processed_mel/131922.npy,21616,David Szesztay,19869,Cinematic,30.002721088435376
131923,Instrumental,4,../data/local/processed_mel/131923.npy,21616,David Szesztay,19869,Cinematic,29.976598639455784
131924,Instrumental,4,../data/local/processed_mel/131924.npy,21616,David Szesztay,19869,Cinematic,29.976598639455784
131925,Instrumental,4,../data/local/processed_mel/131925.npy,21616,David Szesztay,19869,Cinematic,29.976598639455784
131938,International,5,../data/local/processed_mel/131938.npy,21620,Choban Elektrik,19874,Live at Golden Festival 2016,29.988979591836735
131939,International,5,../data/local/processed_mel/131939.npy,21620,Choban Elektrik,19874,Live at Golden Festival 2016,29.988979591836735
131940,International,5,../data/local/processed_mel/131940.npy,21620,Choban Elektrik,19874,Live at Golden Festival 2016,29.988979591836735
131941,International,5,../data/local/processed_mel/131941.npy,21620,Choban Elektrik,19874,Live at Golden Festival 2016,29.988979591836735
131942,International,5,../data/local/processed_mel/131942.npy,21620,Choban Elektrik,19874,Live at Golden Festival 2016,29.988979591836735
131950,International,5,../data/local/processed_mel/131950.npy,6345,Yale Women's Slavic Chorus,19875,Live at the 2016 Golden Festival,29.988979591836735
131951,International,5,../data/local/processed_mel/131951.npy,6345,Yale Women's Slavic Chorus,19875,Live at the 2016 Golden Festival,29.988979591836735
131952,International,5,../data/local/processed_mel/131952.npy,6345,Yale Women's Slavic Chorus,19875,Live at the 2016 Golden Festival,29.988979591836735
131953,International,5,../data/local/processed_mel/131953.npy,6345,Yale Women's Slavic Chorus,19875,Live at the 2016 Golden Festival,29.988979591836735
131980,Instrumental,4,../data/local/processed_mel/131980.npy,21628,Zé Trigueiros,19880,Bear With Me,29.976598639455784
131982,Instrumental,4,../data/local/processed_mel/131982.npy,21628,Zé Trigueiros,19880,Bear With Me,30.002721088435376
131983,Instrumental,4,../data/local/processed_mel/131983.npy,21628,Zé Trigueiros,19880,Bear With Me,29.976598639455784
131984,Instrumental,4,../data/local/processed_mel/131984.npy,21628,Zé Trigueiros,19880,Bear With Me,29.976598639455784
131985,Instrumental,4,../data/local/processed_mel/131985.npy,21628,Zé Trigueiros,19880,Bear With Me,29.976598639455784
131986,Instrumental,4,../data/local/processed_mel/131986.npy,21628,Zé Trigueiros,19880,Bear With Me,30.002721088435376
132019,Experimental,1,../data/local/processed_mel/132019.npy,21630,Yoghurt For Breakfast,19886,Bad Music,29.976598639455784
132040,Folk,2,../data/local/processed_mel/132040.npy,21634,Eddi Front,19890,"Live on WFMU with Irwin Chusid, 1/27/2016",29.976598639455784
132041,Folk,2,../data/local/processed_mel/132041.npy,21634,Eddi Front,19890,"Live on WFMU with Irwin Chusid, 1/27/2016",29.976598639455784
132042,Folk,2,../data/local/processed_mel/132042.npy,21634,Eddi Front,19890,"Live on WFMU with Irwin Chusid, 1/27/2016",29.976598639455784
132045,Folk,2,../data/local/processed_mel/132045.npy,21634,Eddi Front,19890,"Live on WFMU with Irwin Chusid, 1/27/2016",30.002721088435376
132118,Hip-Hop,3,../data/local/processed_mel/132118.npy,21645,Humble,19900,netBloc Vol. 50: superSonic,29.976598639455784
132122,Pop,6,../data/local/processed_mel/132122.npy,21648,Starcardigan,19900,netBloc Vol. 50: superSonic,29.976598639455784
132134,Electronic,0,../data/local/processed_mel/132134.npy,19696,sawsquarenoise,17806,RottenMage SpaceJacked OST,29.976598639455784
132138,Electronic,0,../data/local/processed_mel/132138.npy,19696,sawsquarenoise,17806,RottenMage SpaceJacked OST,30.002721088435376
132139,International,5,../data/local/processed_mel/132139.npy,11103,Gogofski,19903,Live at the 2016 Golden Festival,29.988979591836735
132140,International,5,../data/local/processed_mel/132140.npy,11103,Gogofski,19903,Live at the 2016 Golden Festival,29.988979591836735
132141,International,5,../data/local/processed_mel/132141.npy,11103,Gogofski,19903,Live at the 2016 Golden Festival,29.988979591836735
132142,International,5,../data/local/processed_mel/132142.npy,11103,Gogofski,19903,Live at the 2016 Golden Festival,29.988979591836735
132272,Experimental,1,../data/local/processed_mel/132272.npy,21677,The Golden Path,19930,The Golden Path,30.002721088435376
132420,Electronic,0,../data/local/processed_mel/132420.npy,19696,sawsquarenoise,17806,RottenMage SpaceJacked OST,29.976598639455784
132424,Experimental,1,../data/local/processed_mel/132424.npy,21688,Cock ESP w/Art Pratten,19950,Macska Leves,30.002721088435376
132434,Experimental,1,../data/local/processed_mel/132434.npy,21697,Tea Man With Tea Gum,19950,Macska Leves,29.976598639455784
132436,Experimental,1,../data/local/processed_mel/132436.npy,21699,Urbanoxfailure,19950,Macska Leves,29.976598639455784
132561,Instrumental,4,../data/local/processed_mel/132561.npy,21707,The Holy Innocents,19963,Upsidedown Cross Soundtrack,30.002721088435376
132566,Instrumental,4,../data/local/processed_mel/132566.npy,21714,Craig Mileski,19963,Upsidedown Cross Soundtrack,29.976598639455784
132567,Instrumental,4,../data/local/processed_mel/132567.npy,13228,William Hellfire,19963,Upsidedown Cross Soundtrack,29.988979591836735
132568,Instrumental,4,../data/local/processed_mel/132568.npy,13325,Tyrannosaurus Dracula,19963,Upsidedown Cross Soundtrack,29.976598639455784
132675,Instrumental,4,../data/local/processed_mel/132675.npy,19799,Future Sauce,19976,Son of Soundtracks,29.976598639455784
132677,Instrumental,4,../data/local/processed_mel/132677.npy,19799,Future Sauce,19976,Son of Soundtracks,29.976598639455784
132678,Instrumental,4,../data/local/processed_mel/132678.npy,19799,Future Sauce,19976,Son of Soundtracks,29.976598639455784
132679,Instrumental,4,../data/local/processed_mel/132679.npy,19799,Future Sauce,19976,Son of Soundtracks,29.976598639455784
132773,Electronic,0,../data/local/processed_mel/132773.npy,16727,Poor Alexei,19982,Music For Headphones,29.976598639455784
132774,Electronic,0,../data/local/processed_mel/132774.npy,16727,Poor Alexei,19982,Music For Headphones,30.002721088435376
132775,Electronic,0,../data/local/processed_mel/132775.npy,16727,Poor Alexei,19982,Music For Headphones,29.976598639455784
132778,Pop,6,../data/local/processed_mel/132778.npy,12953,Gardenella,19984,self titled cassette,29.988979591836735
132779,Pop,6,../data/local/processed_mel/132779.npy,12953,Gardenella,19984,self titled cassette,29.988979591836735
132781,Pop,6,../data/local/processed_mel/132781.npy,12953,Gardenella,19984,self titled cassette,29.988979591836735
132784,Pop,6,../data/local/processed_mel/132784.npy,12953,Gardenella,19984,self titled cassette,29.988979591836735
132786,Pop,6,../data/local/processed_mel/132786.npy,12953,Gardenella,19984,self titled cassette,29.988979591836735
132787,Pop,6,../data/local/processed_mel/132787.npy,12953,Gardenella,19984,self titled cassette,29.988979591836735
132788,Pop,6,../data/local/processed_mel/132788.npy,12953,Gardenella,19984,self titled cassette,29.988979591836735
132789,Pop,6,../data/local/processed_mel/132789.npy,12953,Gardenella,19984,self titled cassette,29.988979591836735
132790,Pop,6,../data/local/processed_mel/132790.npy,12953,Gardenella,19984,self titled cassette,29.988979591836735
132791,Pop,6,../data/local/processed_mel/132791.npy,12953,Gardenella,19984,self titled cassette,29.988979591836735
132792,Pop,6,../data/local/processed_mel/132792.npy,12953,Gardenella,19984,self titled cassette,29.988979591836735
132793,Pop,6,../data/local/processed_mel/132793.npy,12953,Gardenella,19984,self titled cassette,29.988979591836735
132794,Pop,6,../data/local/processed_mel/132794.npy,12953,Gardenella,19984,self titled cassette,29.988979591836735
132795,Pop,6,../data/local/processed_mel/132795.npy,12953,Gardenella,19984,self titled cassette,29.988979591836735
132914,Rock,7,../data/local/processed_mel/132914.npy,21754,Release The Long Ships,20004,Wilderness,29.976598639455784
132954,Hip-Hop,3,../data/local/processed_mel/132954.npy,21462,Cockmasta Flex,20011,Bros B4 Hoes,29.988979591836735
132961,Hip-Hop,3,../data/local/processed_mel/132961.npy,21462,Cockmasta Flex,20011,Bros B4 Hoes,29.988979591836735
132962,Hip-Hop,3,../data/local/processed_mel/132962.npy,21462,Cockmasta Flex,20011,Bros B4 Hoes,29.988979591836735
132963,Hip-Hop,3,../data/local/processed_mel/132963.npy,21462,Cockmasta Flex,20011,Bros B4 Hoes,29.988979591836735
132964,Hip-Hop,3,../data/local/processed_mel/132964.npy,21462,Cockmasta Flex,20011,Bros B4 Hoes,29.988979591836735
132965,Hip-Hop,3,../data/local/processed_mel/132965.npy,21462,Cockmasta Flex,20011,Bros B4 Hoes,29.988979591836735
133015,Electronic,0,../data/local/processed_mel/133015.npy,20146,SPCZ,20018,Foundation,30.002721088435376
133016,Electronic,0,../data/local/processed_mel/133016.npy,20146,SPCZ,20018,Foundation,30.002721088435376
133019,Electronic,0,../data/local/processed_mel/133019.npy,20146,SPCZ,20018,Foundation,30.002721088435376
133020,Electronic,0,../data/local/processed_mel/133020.npy,20146,SPCZ,20018,Foundation,30.002721088435376
133022,Electronic,0,../data/local/processed_mel/133022.npy,20146,SPCZ,20018,Foundation,30.002721088435376
133023,Electronic,0,../data/local/processed_mel/133023.npy,20146,SPCZ,20018,Foundation,30.002721088435376
133024,Electronic,0,../data/local/processed_mel/133024.npy,20146,SPCZ,20018,Foundation,29.976598639455784
133025,Electronic,0,../data/local/processed_mel/133025.npy,20146,SPCZ,20018,Foundation,30.002721088435376
133026,Electronic,0,../data/local/processed_mel/133026.npy,20146,SPCZ,20018,Foundation,29.976598639455784
133027,Electronic,0,../data/local/processed_mel/133027.npy,20146,SPCZ,20018,Foundation,29.976598639455784
133028,Electronic,0,../data/local/processed_mel/133028.npy,20146,SPCZ,20018,Foundation,30.002721088435376
133029,Electronic,0,../data/local/processed_mel/133029.npy,20146,SPCZ,20018,Foundation,29.976598639455784
133272,Rock,7,../data/local/processed_mel/133272.npy,21772,Movie Theater,20043,Love Letter,30.002721088435376
133273,Rock,7,../data/local/processed_mel/133273.npy,21772,Movie Theater,20043,Love Letter,30.002721088435376
133274,Rock,7,../data/local/processed_mel/133274.npy,21772,Movie Theater,20043,Love Letter,29.976598639455784
133275,Rock,7,../data/local/processed_mel/133275.npy,21772,Movie Theater,20043,Love Letter,29.976598639455784
133276,Rock,7,../data/local/processed_mel/133276.npy,21772,Movie Theater,20043,Love Letter,30.002721088435376
133293,Experimental,1,../data/local/processed_mel/133293.npy,16194,{AN} Eel,20046,Classwar Karaoke - 0033 Survey,29.976598639455784
133294,Experimental,1,../data/local/processed_mel/133294.npy,14843,AG Davis,20046,Classwar Karaoke - 0033 Survey,30.002721088435376
133332,Experimental,1,../data/local/processed_mel/133332.npy,7617,Zilmrah,20046,Classwar Karaoke - 0033 Survey,29.988979591836735
133333,Experimental,1,../data/local/processed_mel/133333.npy,21798,Ziurmuzik and Nick Endee Ocitned,20046,Classwar Karaoke - 0033 Survey,30.002721088435376
133479,Rock,7,../data/local/processed_mel/133479.npy,21806,Fanny Kaplan,20061,Plastilin,29.976598639455784
133535,Instrumental,4,../data/local/processed_mel/133535.npy,21616,David Szesztay,20069,Atmospheric Electric Guitar,30.002721088435376
133537,Instrumental,4,../data/local/processed_mel/133537.npy,21616,David Szesztay,20069,Atmospheric Electric Guitar,29.976598639455784
133538,Instrumental,4,../data/local/processed_mel/133538.npy,21616,David Szesztay,20069,Atmospheric Electric Guitar,29.976598639455784
133544,Instrumental,4,../data/local/processed_mel/133544.npy,21616,David Szesztay,20069,Atmospheric Electric Guitar,30.002721088435376
133545,Instrumental,4,../data/local/processed_mel/133545.npy,21616,David Szesztay,20069,Atmospheric Electric Guitar,30.002721088435376
133546,Instrumental,4,../data/local/processed_mel/133546.npy,21616,David Szesztay,20069,Atmospheric Electric Guitar,29.976598639455784
133551,Instrumental,4,../data/local/processed_mel/133551.npy,21616,David Szesztay,20069,Atmospheric Electric Guitar,30.002721088435376
133553,Instrumental,4,../data/local/processed_mel/133553.npy,21616,David Szesztay,20069,Atmospheric Electric Guitar,30.002721088435376
133560,Instrumental,4,../data/local/processed_mel/133560.npy,21616,David Szesztay,20069,Atmospheric Electric Guitar,29.976598639455784
133561,Instrumental,4,../data/local/processed_mel/133561.npy,21616,David Szesztay,20069,Atmospheric Electric Guitar,29.976598639455784
133562,Instrumental,4,../data/local/processed_mel/133562.npy,21616,David Szesztay,20069,Atmospheric Electric Guitar,29.976598639455784
133563,Instrumental,4,../data/local/processed_mel/133563.npy,21616,David Szesztay,20069,Atmospheric Electric Guitar,30.002721088435376
133564,Instrumental,4,../data/local/processed_mel/133564.npy,21616,David Szesztay,20069,Atmospheric Electric Guitar,30.002721088435376
133567,Instrumental,4,../data/local/processed_mel/133567.npy,21616,David Szesztay,20069,Atmospheric Electric Guitar,30.002721088435376
133571,Instrumental,4,../data/local/processed_mel/133571.npy,21616,David Szesztay,20069,Atmospheric Electric Guitar,30.002721088435376
133572,Instrumental,4,../data/local/processed_mel/133572.npy,21616,David Szesztay,20069,Atmospheric Electric Guitar,29.976598639455784
133573,Instrumental,4,../data/local/processed_mel/133573.npy,21616,David Szesztay,20069,Atmospheric Electric Guitar,30.002721088435376
133574,Instrumental,4,../data/local/processed_mel/133574.npy,21616,David Szesztay,20069,Atmospheric Electric Guitar,30.002721088435376
133576,Instrumental,4,../data/local/processed_mel/133576.npy,21616,David Szesztay,20069,Atmospheric Electric Guitar,30.002721088435376
133579,Instrumental,4,../data/local/processed_mel/133579.npy,21616,David Szesztay,20069,Atmospheric Electric Guitar,30.002721088435376
133580,Instrumental,4,../data/local/processed_mel/133580.npy,21616,David Szesztay,20069,Atmospheric Electric Guitar,30.002721088435376
133632,Rock,7,../data/local/processed_mel/133632.npy,21812,EZTV,20074,"Live at WFMU's Monty Hall, 12/5/2015",29.988979591836735
133638,Folk,2,../data/local/processed_mel/133638.npy,21814,Bonnie 'Prince' Billy,20076,"Live on WFMU's Imaginary Radio with Chris M, 2/11/2016",29.988979591836735
133639,Folk,2,../data/local/processed_mel/133639.npy,21814,Bonnie 'Prince' Billy,20076,"Live on WFMU's Imaginary Radio with Chris M, 2/11/2016",29.988979591836735
133729,Rock,7,../data/local/processed_mel/133729.npy,8781,the silence industry,20089,The Hidden Album,29.976598639455784
133731,Rock,7,../data/local/processed_mel/133731.npy,8781,the silence industry,20089,The Hidden Album,29.976598639455784
133770,Experimental,1,../data/local/processed_mel/133770.npy,19268,ODOR BABY,18212,AVIATION CRAB ORCHESTRA (AN EPIC SAGA),30.002721088435376
133788,Folk,2,../data/local/processed_mel/133788.npy,11346,David Rovics,20099,The Other Side,30.002721088435376
133793,Folk,2,../data/local/processed_mel/133793.npy,11346,David Rovics,20099,The Other Side,29.976598639455784
133798,Folk,2,../data/local/processed_mel/133798.npy,11346,David Rovics,20099,The Other Side,30.002721088435376
133802,Folk,2,../data/local/processed_mel/133802.npy,11346,David Rovics,20099,The Other Side,30.002721088435376
133803,Folk,2,../data/local/processed_mel/133803.npy,11346,David Rovics,20099,The Other Side,30.002721088435376
133833,Rock,7,../data/local/processed_mel/133833.npy,21843,gunctrl,20103,Spare Succulence,30.002721088435376
133835,International,5,../data/local/processed_mel/133835.npy,21844,Nimisha Shankar,20104,Golden Chants from India,29.988979591836735
133836,International,5,../data/local/processed_mel/133836.npy,21844,Nimisha Shankar,20104,Golden Chants from India,29.988979591836735
133837,International,5,../data/local/processed_mel/133837.npy,21844,Nimisha Shankar,20104,Golden Chants from India,29.988979591836735
133838,International,5,../data/local/processed_mel/133838.npy,21844,Nimisha Shankar,20104,Golden Chants from India,29.988979591836735
133916,Experimental,1,../data/local/processed_mel/133916.npy,21851,FUNSHINE BEAR / ODOR BABY,19406,GET KILLING,30.002721088435376
133942,Instrumental,4,../data/local/processed_mel/133942.npy,21597,Raul Diaz Palomar,20120,Maqbara,29.976598639455784
133943,Instrumental,4,../data/local/processed_mel/133943.npy,21597,Raul Diaz Palomar,20120,Maqbara,29.976598639455784
133967,Instrumental,4,../data/local/processed_mel/133967.npy,21858,Marcos H. Bolanos,20124,Unchained Melodies Vol.1,29.976598639455784
133968,Instrumental,4,../data/local/processed_mel/133968.npy,21858,Marcos H. Bolanos,20124,Unchained Melodies Vol.1,29.976598639455784
133969,Instrumental,4,../data/local/processed_mel/133969.npy,21858,Marcos H. Bolanos,20124,Unchained Melodies Vol.1,29.976598639455784
133970,Instrumental,4,../data/local/processed_mel/133970.npy,21858,Marcos H. Bolanos,20124,Unchained Melodies Vol.1,30.002721088435376
133971,Instrumental,4,../data/local/processed_mel/133971.npy,21858,Marcos H. Bolanos,20124,Unchained Melodies Vol.1,30.002721088435376
133972,Instrumental,4,../data/local/processed_mel/133972.npy,21858,Marcos H. Bolanos,20124,Unchained Melodies Vol.1,29.976598639455784
133973,Instrumental,4,../data/local/processed_mel/133973.npy,21858,Marcos H. Bolanos,20124,Unchained Melodies Vol.1,29.976598639455784
133974,Instrumental,4,../data/local/processed_mel/133974.npy,21858,Marcos H. Bolanos,20124,Unchained Melodies Vol.1,29.976598639455784
133975,Instrumental,4,../data/local/processed_mel/133975.npy,21858,Marcos H. Bolanos,20124,Unchained Melodies Vol.1,29.976598639455784
133976,Instrumental,4,../data/local/processed_mel/133976.npy,21858,Marcos H. Bolanos,20124,Unchained Melodies Vol.1,29.976598639455784
133977,Instrumental,4,../data/local/processed_mel/133977.npy,21858,Marcos H. Bolanos,20124,Unchained Melodies Vol.1,30.002721088435376
133978,Instrumental,4,../data/local/processed_mel/133978.npy,21858,Marcos H. Bolanos,20124,Unchained Melodies Vol.1,30.002721088435376
134034,Rock,7,../data/local/processed_mel/134034.npy,17145,The Spectacular Fantastic,20132,Circling The Sun,29.976598639455784
134052,Electronic,0,../data/local/processed_mel/134052.npy,13262,Jahzzar,20134,DCCD,29.988979591836735
134053,Electronic,0,../data/local/processed_mel/134053.npy,13262,Jahzzar,20134,DCCD,29.988979591836735
134054,Electronic,0,../data/local/processed_mel/134054.npy,13262,Jahzzar,20134,DCCD,29.988979591836735
134073,Folk,2,../data/local/processed_mel/134073.npy,21863,Windmill,20138,A story of an old woman,29.976598639455784
134077,Folk,2,../data/local/processed_mel/134077.npy,21863,Windmill,20138,A story of an old woman,29.976598639455784
134084,Folk,2,../data/local/processed_mel/134084.npy,21863,Windmill,20138,A story of an old woman,30.002721088435376
134094,Experimental,1,../data/local/processed_mel/134094.npy,21867,dj balli and his,20142,Live @ TPO - Homework Festival - Bologna - Italy - 19 May 2012,30.002721088435376
134359,Electronic,0,../data/local/processed_mel/134359.npy,17198,Gumbel,20177,A Dying Paradise,30.002721088435376
134384,Pop,6,../data/local/processed_mel/134384.npy,19498,Scott Holmes,20183,Music for TV & Film Vol. 1,30.002721088435376
134385,Pop,6,../data/local/processed_mel/134385.npy,19498,Scott Holmes,20183,Music for TV & Film Vol. 1,29.976598639455784
134388,Pop,6,../data/local/processed_mel/134388.npy,19498,Scott Holmes,20183,Music for TV & Film Vol. 1,29.976598639455784
134389,Pop,6,../data/local/processed_mel/134389.npy,19498,Scott Holmes,20183,Music for TV & Film Vol. 1,30.002721088435376
134446,Electronic,0,../data/local/processed_mel/134446.npy,21886,Grav,20190,Dark Days EP,30.002721088435376
134447,Electronic,0,../data/local/processed_mel/134447.npy,21886,Grav,20190,Dark Days EP,29.976598639455784
134448,Electronic,0,../data/local/processed_mel/134448.npy,21886,Grav,20190,Dark Days EP,29.976598639455784
134509,Hip-Hop,3,../data/local/processed_mel/134509.npy,21888,Donnie Ozone,20192,Get Paid (Mouth Beat Mix) (Featuring DJ Phazer),30.002721088435376
134510,Hip-Hop,3,../data/local/processed_mel/134510.npy,21888,Donnie Ozone,20192,Get Paid (Mouth Beat Mix) (Featuring DJ Phazer),29.976598639455784
134580,Instrumental,4,../data/local/processed_mel/134580.npy,20760,Sergey Cheremisinov,20201,Northern City's Secret,30.002721088435376
134586,Instrumental,4,../data/local/processed_mel/134586.npy,20760,Sergey Cheremisinov,20201,Northern City's Secret,29.976598639455784
134594,Rock,7,../data/local/processed_mel/134594.npy,21895,Purling Hiss (Solo),20204,"Live at WFMU with Marty McSorley, 2/19/2016",29.976598639455784
134610,Hip-Hop,3,../data/local/processed_mel/134610.npy,21888,Donnie Ozone,20206,Roaches (Featuring Pot-C),30.002721088435376
134631,Experimental,1,../data/local/processed_mel/134631.npy,15412,"Ak'chamel, The Giver of Illness",15174,Pus Ch'en,29.976598639455784
134643,Experimental,1,../data/local/processed_mel/134643.npy,19268,ODOR BABY,18212,AVIATION CRAB ORCHESTRA (AN EPIC SAGA),30.002721088435376
134801,Electronic,0,../data/local/processed_mel/134801.npy,21533,Vir Nocturna,20234,Idea - Single,29.976598639455784
134823,Hip-Hop,3,../data/local/processed_mel/134823.npy,14456,C-Doc,20238,SIX ONNA 7,30.002721088435376
134824,Hip-Hop,3,../data/local/processed_mel/134824.npy,14456,C-Doc,20238,SIX ONNA 7,29.976598639455784
134825,Hip-Hop,3,../data/local/processed_mel/134825.npy,3593,Tha Silent Partner,20238,SIX ONNA 7,29.976598639455784
134826,Hip-Hop,3,../data/local/processed_mel/134826.npy,3593,Tha Silent Partner,20238,SIX ONNA 7,30.002721088435376
134827,Hip-Hop,3,../data/local/processed_mel/134827.npy,3593,Tha Silent Partner,20238,SIX ONNA 7,29.976598639455784
134918,International,5,../data/local/processed_mel/134918.npy,19607,"Turku, Nomads of the Silk Road",20262,Nomads of the Silk Road,30.002721088435376
134919,International,5,../data/local/processed_mel/134919.npy,19607,"Turku, Nomads of the Silk Road",20262,Nomads of the Silk Road,30.002721088435376
134922,International,5,../data/local/processed_mel/134922.npy,19607,"Turku, Nomads of the Silk Road",20262,Nomads of the Silk Road,29.976598639455784
134923,International,5,../data/local/processed_mel/134923.npy,19607,"Turku, Nomads of the Silk Road",20262,Nomads of the Silk Road,29.976598639455784
134928,International,5,../data/local/processed_mel/134928.npy,19607,"Turku, Nomads of the Silk Road",20263,Alleys of Istanbul,30.002721088435376
134929,International,5,../data/local/processed_mel/134929.npy,19607,"Turku, Nomads of the Silk Road",20263,Alleys of Istanbul,29.976598639455784
134930,International,5,../data/local/processed_mel/134930.npy,19607,"Turku, Nomads of the Silk Road",20263,Alleys of Istanbul,30.002721088435376
134931,International,5,../data/local/processed_mel/134931.npy,19607,"Turku, Nomads of the Silk Road",20263,Alleys of Istanbul,30.002721088435376
134932,International,5,../data/local/processed_mel/134932.npy,19607,"Turku, Nomads of the Silk Road",20263,Alleys of Istanbul,30.002721088435376
134933,International,5,../data/local/processed_mel/134933.npy,19607,"Turku, Nomads of the Silk Road",20263,Alleys of Istanbul,29.976598639455784
134934,International,5,../data/local/processed_mel/134934.npy,19607,"Turku, Nomads of the Silk Road",20263,Alleys of Istanbul,30.002721088435376
134935,International,5,../data/local/processed_mel/134935.npy,19607,"Turku, Nomads of the Silk Road",20263,Alleys of Istanbul,30.002721088435376
134936,International,5,../data/local/processed_mel/134936.npy,19607,"Turku, Nomads of the Silk Road",20263,Alleys of Istanbul,29.976598639455784
134937,International,5,../data/local/processed_mel/134937.npy,19607,"Turku, Nomads of the Silk Road",20263,Alleys of Istanbul,29.976598639455784
134938,International,5,../data/local/processed_mel/134938.npy,19607,"Turku, Nomads of the Silk Road",20263,Alleys of Istanbul,29.976598639455784
134939,International,5,../data/local/processed_mel/134939.npy,19607,"Turku, Nomads of the Silk Road",20263,Alleys of Istanbul,29.976598639455784
134940,International,5,../data/local/processed_mel/134940.npy,19607,"Turku, Nomads of the Silk Road",20263,Alleys of Istanbul,30.002721088435376
134941,International,5,../data/local/processed_mel/134941.npy,19607,"Turku, Nomads of the Silk Road",20263,Alleys of Istanbul,30.002721088435376
134942,International,5,../data/local/processed_mel/134942.npy,19607,"Turku, Nomads of the Silk Road",20263,Alleys of Istanbul,29.976598639455784
134943,International,5,../data/local/processed_mel/134943.npy,19607,"Turku, Nomads of the Silk Road",20262,Nomads of the Silk Road,29.976598639455784
134947,International,5,../data/local/processed_mel/134947.npy,19607,"Turku, Nomads of the Silk Road",20262,Nomads of the Silk Road,29.976598639455784
134948,International,5,../data/local/processed_mel/134948.npy,19607,"Turku, Nomads of the Silk Road",20262,Nomads of the Silk Road,30.002721088435376
134949,International,5,../data/local/processed_mel/134949.npy,19607,"Turku, Nomads of the Silk Road",20262,Nomads of the Silk Road,30.002721088435376
134950,International,5,../data/local/processed_mel/134950.npy,19607,"Turku, Nomads of the Silk Road",20262,Nomads of the Silk Road,30.002721088435376
134951,International,5,../data/local/processed_mel/134951.npy,19607,"Turku, Nomads of the Silk Road",20262,Nomads of the Silk Road,29.976598639455784
134952,International,5,../data/local/processed_mel/134952.npy,19607,"Turku, Nomads of the Silk Road",20262,Nomads of the Silk Road,29.976598639455784
134956,International,5,../data/local/processed_mel/134956.npy,19607,"Turku, Nomads of the Silk Road",20264,Özlem,30.002721088435376
134959,International,5,../data/local/processed_mel/134959.npy,19607,"Turku, Nomads of the Silk Road",20264,Özlem,30.002721088435376
134962,International,5,../data/local/processed_mel/134962.npy,19607,"Turku, Nomads of the Silk Road",20264,Özlem,29.976598639455784
134979,Folk,2,../data/local/processed_mel/134979.npy,21934,talons',20268,Growing up,30.002721088435376
134981,Folk,2,../data/local/processed_mel/134981.npy,21934,talons',20268,Growing up,29.976598639455784
135010,Folk,2,../data/local/processed_mel/135010.npy,21937,Jackson Grimm,20274,The Airtime sessions,29.976598639455784
135028,Folk,2,../data/local/processed_mel/135028.npy,21940,Anga,20277,Des premiers mots jusqu'aux plus gros,29.976598639455784
135039,Folk,2,../data/local/processed_mel/135039.npy,21940,Anga,20278,La Grande Lessive,29.976598639455784
135043,Folk,2,../data/local/processed_mel/135043.npy,21940,Anga,20278,La Grande Lessive,30.002721088435376
135044,Folk,2,../data/local/processed_mel/135044.npy,21940,Anga,20278,La Grande Lessive,29.976598639455784
135054,Experimental,1,../data/local/processed_mel/135054.npy,20635,Zena,20261,Look Away,30.002721088435376
135089,Experimental,1,../data/local/processed_mel/135089.npy,21941,Akpatok,20283,"Two Winters, Two Springs",29.976598639455784
135091,Experimental,1,../data/local/processed_mel/135091.npy,21941,Akpatok,20283,"Two Winters, Two Springs",29.976598639455784
135092,Experimental,1,../data/local/processed_mel/135092.npy,21941,Akpatok,20283,"Two Winters, Two Springs",29.976598639455784
135363,Rock,7,../data/local/processed_mel/135363.npy,21958,Lamprey,20311,The Greener Grass,30.002721088435376
135364,Rock,7,../data/local/processed_mel/135364.npy,21958,Lamprey,20311,The Greener Grass,29.976598639455784
135365,Rock,7,../data/local/processed_mel/135365.npy,21958,Lamprey,20311,The Greener Grass,30.002721088435376
135368,Rock,7,../data/local/processed_mel/135368.npy,21958,Lamprey,20311,The Greener Grass,29.976598639455784
135369,Rock,7,../data/local/processed_mel/135369.npy,21958,Lamprey,20311,The Greener Grass,29.976598639455784
135370,Rock,7,../data/local/processed_mel/135370.npy,21958,Lamprey,20311,The Greener Grass,30.002721088435376
135371,Rock,7,../data/local/processed_mel/135371.npy,21958,Lamprey,20311,The Greener Grass,29.976598639455784
135372,Rock,7,../data/local/processed_mel/135372.npy,21958,Lamprey,20311,The Greener Grass,30.002721088435376
135373,Rock,7,../data/local/processed_mel/135373.npy,21958,Lamprey,20311,The Greener Grass,29.976598639455784
135374,Rock,7,../data/local/processed_mel/135374.npy,21958,Lamprey,20311,The Greener Grass,30.002721088435376
135375,Rock,7,../data/local/processed_mel/135375.npy,21958,Lamprey,20311,The Greener Grass,30.002721088435376
135986,Electronic,0,../data/local/processed_mel/135986.npy,22001,Marquice Turner,20425,Soft Dreams,29.976598639455784
135989,Electronic,0,../data/local/processed_mel/135989.npy,22001,Marquice Turner,20425,Soft Dreams,30.002721088435376
135990,Electronic,0,../data/local/processed_mel/135990.npy,22001,Marquice Turner,20425,Soft Dreams,29.976598639455784
136091,Rock,7,../data/local/processed_mel/136091.npy,22020,Tacocat,20445,"Live at WFMU on Todd-O-Phonic Todd's Show, 4/16/2016",29.988979591836735
136094,Rock,7,../data/local/processed_mel/136094.npy,22020,Tacocat,20445,"Live at WFMU on Todd-O-Phonic Todd's Show, 4/16/2016",29.988979591836735
136134,Folk,2,../data/local/processed_mel/136134.npy,22027,Philippa Dowding and Allister Thompson,20453,Fifth Season,30.002721088435376
136137,Folk,2,../data/local/processed_mel/136137.npy,22027,Philippa Dowding and Allister Thompson,20453,Fifth Season,30.002721088435376
136138,Folk,2,../data/local/processed_mel/136138.npy,22027,Philippa Dowding and Allister Thompson,20453,Fifth Season,29.976598639455784
136275,Rock,7,../data/local/processed_mel/136275.npy,4368,Holmes,20468,"Live at the WFMU Kill The Holidays Party, 1/9/2016",29.988979591836735
136320,Electronic,0,../data/local/processed_mel/136320.npy,22007,D SMILEZ,20474,Sweet Sound's,30.002721088435376
136321,Electronic,0,../data/local/processed_mel/136321.npy,22007,D SMILEZ,20474,Sweet Sound's,29.976598639455784
136322,Electronic,0,../data/local/processed_mel/136322.npy,22007,D SMILEZ,20474,Sweet Sound's,29.976598639455784
136323,Electronic,0,../data/local/processed_mel/136323.npy,22007,D SMILEZ,20474,Sweet Sound's,29.976598639455784
136324,Electronic,0,../data/local/processed_mel/136324.npy,22007,D SMILEZ,20474,Sweet Sound's,29.976598639455784
136331,Instrumental,4,../data/local/processed_mel/136331.npy,16852,Kai Engel,20478,ICD-10,29.976598639455784
136404,Rock,7,../data/local/processed_mel/136404.npy,22051,Castles in the Sky,20488,Whispers are Hollow Points,30.002721088435376
136424,Electronic,0,../data/local/processed_mel/136424.npy,22007,D SMILEZ,20474,Sweet Sound's,29.976598639455784
136449,Hip-Hop,3,../data/local/processed_mel/136449.npy,22055,McKinley Dixon,20499,netBloc Vol. 51: Embark!,29.976598639455784
136465,Hip-Hop,3,../data/local/processed_mel/136465.npy,14456,C-Doc,20500,TheEnsuranceTrap b/w Underground Press,29.976598639455784
136466,Hip-Hop,3,../data/local/processed_mel/136466.npy,14456,C-Doc,20500,TheEnsuranceTrap b/w Underground Press,30.002721088435376
136467,Hip-Hop,3,../data/local/processed_mel/136467.npy,14456,C-Doc,20500,TheEnsuranceTrap b/w Underground Press,29.976598639455784
136468,Hip-Hop,3,../data/local/processed_mel/136468.npy,14456,C-Doc,20500,TheEnsuranceTrap b/w Underground Press,29.976598639455784
136469,Hip-Hop,3,../data/local/processed_mel/136469.npy,14456,C-Doc,20500,TheEnsuranceTrap b/w Underground Press,29.976598639455784
136705,Rock,7,../data/local/processed_mel/136705.npy,22091,Tojamura 7,20532,Surfing EP,29.976598639455784
136706,Rock,7,../data/local/processed_mel/136706.npy,22091,Tojamura 7,20532,Surfing EP,29.976598639455784
136707,Rock,7,../data/local/processed_mel/136707.npy,22091,Tojamura 7,20532,Surfing EP,29.976598639455784
136708,Rock,7,../data/local/processed_mel/136708.npy,22091,Tojamura 7,20532,Surfing EP,29.976598639455784
136709,Rock,7,../data/local/processed_mel/136709.npy,22091,Tojamura 7,20532,Surfing EP,29.976598639455784
136928,Experimental,1,../data/local/processed_mel/136928.npy,21345,Resonancedj,20559,Killer Instinct,29.976598639455784
136994,International,5,../data/local/processed_mel/136994.npy,359,Hayvanlar Alemi,20570,Hayvanlar Alemi & Shhjjjjjjj,30.002721088435376
136995,International,5,../data/local/processed_mel/136995.npy,22114,Shhjjjjjjj,20570,Hayvanlar Alemi & Shhjjjjjjj,30.002721088435376
137054,Electronic,0,../data/local/processed_mel/137054.npy,22121,S-B-J,20581,Singles,29.976598639455784
137151,Electronic,0,../data/local/processed_mel/137151.npy,19056,Cloudjumper,20592,Memories of Snow,30.002721088435376
137152,Electronic,0,../data/local/processed_mel/137152.npy,19056,Cloudjumper,20592,Memories of Snow,29.976598639455784
137166,Instrumental,4,../data/local/processed_mel/137166.npy,17524,Ars Sonor,20595,In Search of Home,29.976598639455784
137167,Instrumental,4,../data/local/processed_mel/137167.npy,17524,Ars Sonor,20595,In Search of Home,30.002721088435376
137168,Instrumental,4,../data/local/processed_mel/137168.npy,17524,Ars Sonor,20595,In Search of Home,30.002721088435376
137169,Instrumental,4,../data/local/processed_mel/137169.npy,17524,Ars Sonor,20595,In Search of Home,29.976598639455784
137170,Instrumental,4,../data/local/processed_mel/137170.npy,17524,Ars Sonor,20595,In Search of Home,30.002721088435376
137171,Instrumental,4,../data/local/processed_mel/137171.npy,17524,Ars Sonor,20595,In Search of Home,30.002721088435376
137172,Instrumental,4,../data/local/processed_mel/137172.npy,17524,Ars Sonor,20595,In Search of Home,29.976598639455784
137173,Instrumental,4,../data/local/processed_mel/137173.npy,17524,Ars Sonor,20595,In Search of Home,30.002721088435376
137174,Instrumental,4,../data/local/processed_mel/137174.npy,17524,Ars Sonor,20595,In Search of Home,29.976598639455784
137175,Instrumental,4,../data/local/processed_mel/137175.npy,17524,Ars Sonor,20595,In Search of Home,29.976598639455784
137176,Instrumental,4,../data/local/processed_mel/137176.npy,17524,Ars Sonor,20595,In Search of Home,30.002721088435376
137211,Rock,7,../data/local/processed_mel/137211.npy,22128,Punk Rock Opera,20599,"Punk Rock Opera, Vol. I",29.976598639455784
137212,Rock,7,../data/local/processed_mel/137212.npy,22128,Punk Rock Opera,20599,"Punk Rock Opera, Vol. I",29.976598639455784
137213,Rock,7,../data/local/processed_mel/137213.npy,22128,Punk Rock Opera,20599,"Punk Rock Opera, Vol. I",30.002721088435376
137214,Rock,7,../data/local/processed_mel/137214.npy,22128,Punk Rock Opera,20599,"Punk Rock Opera, Vol. I",29.976598639455784
137356,Rock,7,../data/local/processed_mel/137356.npy,22152,Urban Predator,20629,NAMAEWANAINAMAEGANAI,29.976598639455784
137417,Rock,7,../data/local/processed_mel/137417.npy,22156,Monkey Mind,20639,The Garden,30.002721088435376
137418,Rock,7,../data/local/processed_mel/137418.npy,22156,Monkey Mind,20639,The Garden,30.002721088435376
137419,Rock,7,../data/local/processed_mel/137419.npy,22156,Monkey Mind,20639,The Garden,29.976598639455784
137423,Rock,7,../data/local/processed_mel/137423.npy,22156,Monkey Mind,20639,The Garden,29.976598639455784
137424,Rock,7,../data/local/processed_mel/137424.npy,22156,Monkey Mind,20639,The Garden,30.002721088435376
137425,Rock,7,../data/local/processed_mel/137425.npy,22156,Monkey Mind,20639,The Garden,29.976598639455784
137426,Rock,7,../data/local/processed_mel/137426.npy,22156,Monkey Mind,20639,The Garden,29.976598639455784
137462,Electronic,0,../data/local/processed_mel/137462.npy,22127,beat.dowsing,20645,washed.out,29.976598639455784
137463,Electronic,0,../data/local/processed_mel/137463.npy,22127,beat.dowsing,20645,washed.out,30.002721088435376
137484,Experimental,1,../data/local/processed_mel/137484.npy,10530,Zreen Toyz,20650,Mental Fragments,29.976598639455784
137500,Experimental,1,../data/local/processed_mel/137500.npy,19268,ODOR BABY,20654,#chemtrailArtTrash,29.976598639455784
137551,Experimental,1,../data/local/processed_mel/137551.npy,22168,Tristan Horton,20660,Sonic Mmabolela 2014,29.988979591836735
137561,Experimental,1,../data/local/processed_mel/137561.npy,22176,Luca Forcucci,20661,Sonic Mmabolela 2015,30.002721088435376
137563,Experimental,1,../data/local/processed_mel/137563.npy,22177,Robert Kellough,20661,Sonic Mmabolela 2015,29.988979591836735
137567,Rock,7,../data/local/processed_mel/137567.npy,22158,Nattbussen,20648,Farewell (The Damaged One),30.002721088435376
137593,Rock,7,../data/local/processed_mel/137593.npy,22178,Dyslexic Fudgicle,20665,Dyslexic Fudgicle - 2015 Release,29.976598639455784
137740,Rock,7,../data/local/processed_mel/137740.npy,22193,Rye Coalition,20692,"Live at Monty Hall, 2/20/2016",29.988979591836735
137895,Hip-Hop,3,../data/local/processed_mel/137895.npy,14456,C-Doc,20720,DocSonic,30.002721088435376
137896,Hip-Hop,3,../data/local/processed_mel/137896.npy,14456,C-Doc,20720,DocSonic,29.976598639455784
137898,Hip-Hop,3,../data/local/processed_mel/137898.npy,14456,C-Doc,20720,DocSonic,29.976598639455784
137899,Hip-Hop,3,../data/local/processed_mel/137899.npy,14456,C-Doc,20720,DocSonic,29.976598639455784
137900,Hip-Hop,3,../data/local/processed_mel/137900.npy,14456,C-Doc,20720,DocSonic,29.976598639455784
137901,Hip-Hop,3,../data/local/processed_mel/137901.npy,14456,C-Doc,20720,DocSonic,30.002721088435376
137907,Folk,2,../data/local/processed_mel/137907.npy,22202,Matúš Novanský,20721,Live at Radio Bunker 8.5.2016,29.976598639455784
137935,Rock,7,../data/local/processed_mel/137935.npy,22207,Chafouin,20724,ça suffa comme çi,29.976598639455784
137990,Folk,2,../data/local/processed_mel/137990.npy,22211,Unique Comme Tout le Monde,20736,EP,30.002721088435376
137998,Rock,7,../data/local/processed_mel/137998.npy,22212,The Great Cold,20737,The Great Cold,29.976598639455784
138010,Rock,7,../data/local/processed_mel/138010.npy,22213,Jardin de la Croix,20740,187 Steps to cross the Universe,29.976598639455784
138015,Folk,2,../data/local/processed_mel/138015.npy,22216,Pierce,20742,Real faker,30.002721088435376
138016,Folk,2,../data/local/processed_mel/138016.npy,22216,Pierce,20742,Real faker,29.976598639455784
138017,Folk,2,../data/local/processed_mel/138017.npy,22216,Pierce,20742,Real faker,29.976598639455784
138038,Pop,6,../data/local/processed_mel/138038.npy,22220,Massage,20746,Lydia EP,30.002721088435376
138039,Pop,6,../data/local/processed_mel/138039.npy,22220,Massage,20746,Lydia EP,29.976598639455784
138040,Pop,6,../data/local/processed_mel/138040.npy,22220,Massage,20746,Lydia EP,29.976598639455784
138041,Pop,6,../data/local/processed_mel/138041.npy,22220,Massage,20746,Lydia EP,30.002721088435376
138053,Rock,7,../data/local/processed_mel/138053.npy,22221,Taulard,20747,Les abords du lycée,29.976598639455784
138062,Pop,6,../data/local/processed_mel/138062.npy,22223,Black Flamingo,20749,Winter sun,30.002721088435376
138063,Pop,6,../data/local/processed_mel/138063.npy,22223,Black Flamingo,20749,Winter sun,30.002721088435376
138064,Pop,6,../data/local/processed_mel/138064.npy,22223,Black Flamingo,20749,Winter sun,30.002721088435376
138065,Pop,6,../data/local/processed_mel/138065.npy,22223,Black Flamingo,20749,Winter sun,30.002721088435376
138066,Pop,6,../data/local/processed_mel/138066.npy,22223,Black Flamingo,20749,Winter sun,30.002721088435376
138067,Pop,6,../data/local/processed_mel/138067.npy,22223,Black Flamingo,20749,Winter sun,30.002721088435376
138068,Pop,6,../data/local/processed_mel/138068.npy,22223,Black Flamingo,20749,Winter sun,30.002721088435376
138069,Pop,6,../data/local/processed_mel/138069.npy,22223,Black Flamingo,20749,Winter sun,30.002721088435376
138070,Pop,6,../data/local/processed_mel/138070.npy,22223,Black Flamingo,20749,Winter sun,30.002721088435376
138071,Pop,6,../data/local/processed_mel/138071.npy,22223,Black Flamingo,20749,Winter sun,30.002721088435376
138207,Rock,7,../data/local/processed_mel/138207.npy,22229,23 And Beyond The Infinite,20770,Faces From The Ancient Gallery,29.976598639455784
138210,Rock,7,../data/local/processed_mel/138210.npy,22229,23 And Beyond The Infinite,20770,Faces From The Ancient Gallery,29.976598639455784
138211,Rock,7,../data/local/processed_mel/138211.npy,22229,23 And Beyond The Infinite,20770,Faces From The Ancient Gallery,29.976598639455784
138212,Hip-Hop,3,../data/local/processed_mel/138212.npy,14456,C-Doc,20771,Vintage b/w Freak Of Nature (Remixx),30.002721088435376
138213,Hip-Hop,3,../data/local/processed_mel/138213.npy,14456,C-Doc,20771,Vintage b/w Freak Of Nature (Remixx),29.976598639455784
138215,Hip-Hop,3,../data/local/processed_mel/138215.npy,14456,C-Doc,20771,Vintage b/w Freak Of Nature (Remixx),30.002721088435376
138216,Hip-Hop,3,../data/local/processed_mel/138216.npy,14456,C-Doc,20771,Vintage b/w Freak Of Nature (Remixx),29.976598639455784
138217,Hip-Hop,3,../data/local/processed_mel/138217.npy,14456,C-Doc,20771,Vintage b/w Freak Of Nature (Remixx),30.002721088435376
138218,Hip-Hop,3,../data/local/processed_mel/138218.npy,14456,C-Doc,20771,Vintage b/w Freak Of Nature (Remixx),29.976598639455784
138256,Experimental,1,../data/local/processed_mel/138256.npy,22231,Metek & Zreen Toyz,20778,A Complex Brain In Confused Adventures,30.002721088435376
138282,Rock,7,../data/local/processed_mel/138282.npy,22233,Death By Unga Bunga,20780,"Live on WFMU with Todd-o-phonic Todd - March 26, 2016",29.976598639455784
138306,Rock,7,../data/local/processed_mel/138306.npy,22239,Wahyas,20784,"Live on WFMU's Three Chord Monte with Joe Belock - April 25, 2016",30.002721088435376
138311,Rock,7,../data/local/processed_mel/138311.npy,22240,Big White,20786,"Live on WFMU's 100% Whatever with Mary Wing - May 1, 2016",30.002721088435376
138317,Rock,7,../data/local/processed_mel/138317.npy,22240,Big White,20786,"Live on WFMU's 100% Whatever with Mary Wing - May 1, 2016",30.002721088435376
138318,Rock,7,../data/local/processed_mel/138318.npy,22240,Big White,20786,"Live on WFMU's 100% Whatever with Mary Wing - May 1, 2016",29.976598639455784
138319,Rock,7,../data/local/processed_mel/138319.npy,22240,Big White,20786,"Live on WFMU's 100% Whatever with Mary Wing - May 1, 2016",29.976598639455784
138320,Rock,7,../data/local/processed_mel/138320.npy,22240,Big White,20786,"Live on WFMU's 100% Whatever with Mary Wing - May 1, 2016",30.002721088435376
138355,Rock,7,../data/local/processed_mel/138355.npy,21314,Cervo,20792,( Second ) EP,30.002721088435376
138406,Folk,2,../data/local/processed_mel/138406.npy,9765,Derek Clegg,20800,Left Side From My Right,29.976598639455784
138410,Folk,2,../data/local/processed_mel/138410.npy,9765,Derek Clegg,20800,Left Side From My Right,29.976598639455784
138413,Folk,2,../data/local/processed_mel/138413.npy,9765,Derek Clegg,20800,Left Side From My Right,29.976598639455784
138414,Folk,2,../data/local/processed_mel/138414.npy,9765,Derek Clegg,20800,Left Side From My Right,29.976598639455784
138415,Folk,2,../data/local/processed_mel/138415.npy,9765,Derek Clegg,20800,Left Side From My Right,30.002721088435376
138416,Folk,2,../data/local/processed_mel/138416.npy,9765,Derek Clegg,20800,Left Side From My Right,30.002721088435376
138578,Electronic,0,../data/local/processed_mel/138578.npy,21157,harmonic defiance,20821,Language of Light,29.976598639455784
138579,Electronic,0,../data/local/processed_mel/138579.npy,21157,harmonic defiance,20821,Language of Light,30.002721088435376
138580,Electronic,0,../data/local/processed_mel/138580.npy,21157,harmonic defiance,20821,Language of Light,29.976598639455784
138581,Electronic,0,../data/local/processed_mel/138581.npy,21157,harmonic defiance,20821,Language of Light,30.002721088435376
139003,Instrumental,4,../data/local/processed_mel/139003.npy,16852,Kai Engel,20884,Chapter Three / Warm,29.976598639455784
139043,Pop,6,../data/local/processed_mel/139043.npy,19390,Rockit Maxx,20891,Be Electric,29.976598639455784
139110,Folk,2,../data/local/processed_mel/139110.npy,22312,Anthony Pasquarosa,20900,"Live on WFMU with Jeff Conklin, 5/9/2016",29.988979591836735
139112,Folk,2,../data/local/processed_mel/139112.npy,22312,Anthony Pasquarosa,20900,"Live on WFMU with Jeff Conklin, 5/9/2016",29.976598639455784
139117,Rock,7,../data/local/processed_mel/139117.npy,22313,Shana Falana,20902,"Live at WFMU on 100% Whatever with Mary Wing, 5/15/2016",29.976598639455784
139123,Rock,7,../data/local/processed_mel/139123.npy,22313,Shana Falana,20902,"Live at WFMU on 100% Whatever with Mary Wing, 5/15/2016",29.976598639455784
139226,Electronic,0,../data/local/processed_mel/139226.npy,21394,Mike B. Fort,20927,That's me,29.976598639455784
139329,Experimental,1,../data/local/processed_mel/139329.npy,20515,dadala,20951,The Ides of March,29.976598639455784
139330,Experimental,1,../data/local/processed_mel/139330.npy,20515,dadala,20951,The Ides of March,30.002721088435376
139461,Rock,7,../data/local/processed_mel/139461.npy,22355,Dlina Volny,20978,Neizmerima EP,30.002721088435376
139485,Instrumental,4,../data/local/processed_mel/139485.npy,15220,Bisamråtta,20983,Bisamråtta,29.976598639455784
139491,Instrumental,4,../data/local/processed_mel/139491.npy,15220,Bisamråtta,20983,Bisamråtta,29.976598639455784
139520,Folk,2,../data/local/processed_mel/139520.npy,19841,Itasca,20985,"Live at WFMU on The Avant Ghetto with Jeff Conklin, 5/30/2016",30.002721088435376
139521,Folk,2,../data/local/processed_mel/139521.npy,19841,Itasca,20985,"Live at WFMU on The Avant Ghetto with Jeff Conklin, 5/30/2016",30.002721088435376
139522,Folk,2,../data/local/processed_mel/139522.npy,19841,Itasca,20985,"Live at WFMU on The Avant Ghetto with Jeff Conklin, 5/30/2016",30.002721088435376
139523,Folk,2,../data/local/processed_mel/139523.npy,19841,Itasca,20985,"Live at WFMU on The Avant Ghetto with Jeff Conklin, 5/30/2016",30.002721088435376
139524,Folk,2,../data/local/processed_mel/139524.npy,19841,Itasca,20985,"Live at WFMU on The Avant Ghetto with Jeff Conklin, 5/30/2016",30.002721088435376
139532,Instrumental,4,../data/local/processed_mel/139532.npy,22370,Dave Nelson,20988,"Live at WFMU on This Is The Modern World with Trouble, 5/31/2016",29.976598639455784
139534,Instrumental,4,../data/local/processed_mel/139534.npy,22370,Dave Nelson,20988,"Live at WFMU on This Is The Modern World with Trouble, 5/31/2016",30.002721088435376
139536,Instrumental,4,../data/local/processed_mel/139536.npy,22370,Dave Nelson,20988,"Live at WFMU on This Is The Modern World with Trouble, 5/31/2016",30.002721088435376
139537,Instrumental,4,../data/local/processed_mel/139537.npy,22370,Dave Nelson,20988,"Live at WFMU on This Is The Modern World with Trouble, 5/31/2016",29.976598639455784
139637,Experimental,1,../data/local/processed_mel/139637.npy,6077,aboombong,21002,aphronesis: improvisations and interludes; music for repaired piano,30.002721088435376
139638,Experimental,1,../data/local/processed_mel/139638.npy,6077,aboombong,21002,aphronesis: improvisations and interludes; music for repaired piano,29.976598639455784
139663,Experimental,1,../data/local/processed_mel/139663.npy,19268,ODOR BABY,18212,AVIATION CRAB ORCHESTRA (AN EPIC SAGA),29.976598639455784
139681,Experimental,1,../data/local/processed_mel/139681.npy,22381,Miquel Parera & Computer,21010,nxI2016-06-23_23_57_37,29.976598639455784
139687,Experimental,1,../data/local/processed_mel/139687.npy,22381,Miquel Parera & Computer,21011,nxI2016-06-30_04_56_08,29.976598639455784
139688,Experimental,1,../data/local/processed_mel/139688.npy,22381,Miquel Parera & Computer,21011,nxI2016-06-30_04_56_08,29.976598639455784
139769,Rock,7,../data/local/processed_mel/139769.npy,22388,Otaké,21031,Tous Coupables,29.976598639455784
139770,Rock,7,../data/local/processed_mel/139770.npy,22388,Otaké,21031,Tous Coupables,29.976598639455784
139771,Instrumental,4,../data/local/processed_mel/139771.npy,22389,Evgeny Teilor,21032,Appearances,29.976598639455784
139772,Instrumental,4,../data/local/processed_mel/139772.npy,22389,Evgeny Teilor,21032,Appearances,29.976598639455784
139773,Instrumental,4,../data/local/processed_mel/139773.npy,22389,Evgeny Teilor,21032,Appearances,30.002721088435376
139774,Instrumental,4,../data/local/processed_mel/139774.npy,22389,Evgeny Teilor,21032,Appearances,30.002721088435376
139775,Instrumental,4,../data/local/processed_mel/139775.npy,22389,Evgeny Teilor,21032,Appearances,30.002721088435376
139776,Instrumental,4,../data/local/processed_mel/139776.npy,22389,Evgeny Teilor,21032,Appearances,29.976598639455784
139777,Instrumental,4,../data/local/processed_mel/139777.npy,22389,Evgeny Teilor,21032,Appearances,29.976598639455784
139804,Experimental,1,../data/local/processed_mel/139804.npy,22159,ODORBABY,18212,AVIATION CRAB ORCHESTRA (AN EPIC SAGA),30.002721088435376
139862,Experimental,1,../data/local/processed_mel/139862.npy,22395,TippWerk,21045,"Live at WFMU on The Flour Hour with DJ Large Margin, 5/19/2016",29.988979591836735
139876,Experimental,1,../data/local/processed_mel/139876.npy,22381,Miquel Parera & Computer,21048,nxI2016-07-08_05_04_18,30.002721088435376
139954,Electronic,0,../data/local/processed_mel/139954.npy,22405,E T I L E,21064,Our Imaginary Friend,30.002721088435376
139990,Electronic,0,../data/local/processed_mel/139990.npy,21345,Resonancedj,21068,Experimentalism,30.002721088435376
139991,Electronic,0,../data/local/processed_mel/139991.npy,21345,Resonancedj,21068,Experimentalism,30.002721088435376
139992,Electronic,0,../data/local/processed_mel/139992.npy,21345,Resonancedj,21068,Experimentalism,29.976598639455784
139993,Electronic,0,../data/local/processed_mel/139993.npy,21345,Resonancedj,21068,Experimentalism,30.002721088435376
139994,Electronic,0,../data/local/processed_mel/139994.npy,21345,Resonancedj,21068,Experimentalism,30.002721088435376
139995,Electronic,0,../data/local/processed_mel/139995.npy,21345,Resonancedj,21068,Experimentalism,30.002721088435376
140134,Electronic,0,../data/local/processed_mel/140134.npy,22429,Remain,21088,Acid / Alert (Remixes),29.976598639455784
140135,Electronic,0,../data/local/processed_mel/140135.npy,22429,Remain,21088,Acid / Alert (Remixes),30.002721088435376
140258,Electronic,0,../data/local/processed_mel/140258.npy,22431,Illusory Scapes,21095,Figments Of My Wishes,29.976598639455784
140259,Electronic,0,../data/local/processed_mel/140259.npy,22431,Illusory Scapes,21095,Figments Of My Wishes,30.002721088435376
140260,Electronic,0,../data/local/processed_mel/140260.npy,22431,Illusory Scapes,21095,Figments Of My Wishes,29.976598639455784
140261,Electronic,0,../data/local/processed_mel/140261.npy,22431,Illusory Scapes,21095,Figments Of My Wishes,29.976598639455784
140262,Electronic,0,../data/local/processed_mel/140262.npy,22431,Illusory Scapes,21095,Figments Of My Wishes,30.002721088435376
140263,Electronic,0,../data/local/processed_mel/140263.npy,22431,Illusory Scapes,21095,Figments Of My Wishes,30.002721088435376
140266,Experimental,1,../data/local/processed_mel/140266.npy,19425,Jorge Mario Zuleta,13438,Coco,29.976598639455784
140316,Experimental,1,../data/local/processed_mel/140316.npy,22381,Miquel Parera & Computer,21107,nxI2016-07-12_00_20_40,29.976598639455784
140344,Electronic,0,../data/local/processed_mel/140344.npy,22467,Seclorance,21112,Canin,30.002721088435376
140421,Rock,7,../data/local/processed_mel/140421.npy,22477,Rom-Comm,21128,Astronaut [Single],30.002721088435376
140564,Electronic,0,../data/local/processed_mel/140564.npy,3717,transient,21141,wonky bypass,29.988979591836735
140565,Electronic,0,../data/local/processed_mel/140565.npy,3717,transient,21141,wonky bypass,29.988979591836735
140566,Electronic,0,../data/local/processed_mel/140566.npy,3717,transient,21141,wonky bypass,29.976598639455784
140576,Rock,7,../data/local/processed_mel/140576.npy,11827,Ed Schrader's Music Beat,21147,AS220 Foo Fest 2016 Sampler,30.002721088435376
140584,International,5,../data/local/processed_mel/140584.npy,22492,Sidy Maiga,21147,AS220 Foo Fest 2016 Sampler,30.002721088435376
140788,Folk,2,../data/local/processed_mel/140788.npy,10154,NaDa BaBa,21171,The Real,29.976598639455784
140789,Folk,2,../data/local/processed_mel/140789.npy,10154,NaDa BaBa,21171,The Real,30.002721088435376
140790,Folk,2,../data/local/processed_mel/140790.npy,10154,NaDa BaBa,21171,The Real,30.002721088435376
140791,Folk,2,../data/local/processed_mel/140791.npy,10154,NaDa BaBa,21171,The Real,30.002721088435376
140794,Folk,2,../data/local/processed_mel/140794.npy,10154,NaDa BaBa,21171,The Real,30.002721088435376
140871,Folk,2,../data/local/processed_mel/140871.npy,22523,Sylvie Simmons,21188,"Live on WFMU with Irwin Chusid, 6/22/2016",29.988979591836735
140872,Folk,2,../data/local/processed_mel/140872.npy,22523,Sylvie Simmons,21188,"Live on WFMU with Irwin Chusid, 6/22/2016",29.988979591836735
140873,Folk,2,../data/local/processed_mel/140873.npy,22523,Sylvie Simmons,21188,"Live on WFMU with Irwin Chusid, 6/22/2016",29.988979591836735
140874,Folk,2,../data/local/processed_mel/140874.npy,22523,Sylvie Simmons,21188,"Live on WFMU with Irwin Chusid, 6/22/2016",29.988979591836735
140875,Folk,2,../data/local/processed_mel/140875.npy,22523,Sylvie Simmons,21188,"Live on WFMU with Irwin Chusid, 6/22/2016",29.988979591836735
141074,Instrumental,4,../data/local/processed_mel/141074.npy,20985,Andy G. Cohen,21144,MUL / DIV,30.002721088435376
141137,Instrumental,4,../data/local/processed_mel/141137.npy,22533,Michael Brückner,21223,The Giant Illusion (A Compilation),29.976598639455784
141139,Instrumental,4,../data/local/processed_mel/141139.npy,22533,Michael Brückner,21223,The Giant Illusion (A Compilation),30.002721088435376
141141,Instrumental,4,../data/local/processed_mel/141141.npy,22533,Michael Brückner,21223,The Giant Illusion (A Compilation),29.976598639455784
141143,Instrumental,4,../data/local/processed_mel/141143.npy,22533,Michael Brückner,21223,The Giant Illusion (A Compilation),29.976598639455784
141144,Instrumental,4,../data/local/processed_mel/141144.npy,20985,Andy G. Cohen,21144,MUL / DIV,30.002721088435376
141164,Hip-Hop,3,../data/local/processed_mel/141164.npy,8691,godmanwho,7414,Big Whoop,30.002721088435376
141166,Hip-Hop,3,../data/local/processed_mel/141166.npy,8691,godmanwho,7414,Big Whoop,30.002721088435376
141167,Hip-Hop,3,../data/local/processed_mel/141167.npy,8691,godmanwho,7414,Big Whoop,29.976598639455784
141168,Hip-Hop,3,../data/local/processed_mel/141168.npy,8691,godmanwho,7414,Big Whoop,29.976598639455784
141173,Rock,7,../data/local/processed_mel/141173.npy,22535,Corazones service,21225,Ensayo,29.988979591836735
141179,Pop,6,../data/local/processed_mel/141179.npy,22538,Simple CUT,21227,Stay,30.002721088435376
141180,Pop,6,../data/local/processed_mel/141180.npy,22538,Simple CUT,21227,Stay,29.976598639455784
141181,Pop,6,../data/local/processed_mel/141181.npy,22538,Simple CUT,21227,Stay,29.976598639455784
141182,Pop,6,../data/local/processed_mel/141182.npy,22538,Simple CUT,21227,Stay,30.002721088435376
141264,Experimental,1,../data/local/processed_mel/141264.npy,22159,ODORBABY,18212,AVIATION CRAB ORCHESTRA (AN EPIC SAGA),29.976598639455784
141282,Instrumental,4,../data/local/processed_mel/141282.npy,22551,Kevin Hartnell,21242,CC BY-SA 4.0,30.002721088435376
141283,Instrumental,4,../data/local/processed_mel/141283.npy,22551,Kevin Hartnell,21242,CC BY-SA 4.0,29.976598639455784
141284,Instrumental,4,../data/local/processed_mel/141284.npy,22551,Kevin Hartnell,21242,CC BY-SA 4.0,29.976598639455784
141285,Instrumental,4,../data/local/processed_mel/141285.npy,22551,Kevin Hartnell,21242,CC BY-SA 4.0,29.976598639455784
141286,Instrumental,4,../data/local/processed_mel/141286.npy,22551,Kevin Hartnell,21242,CC BY-SA 4.0,30.002721088435376
141287,Instrumental,4,../data/local/processed_mel/141287.npy,22551,Kevin Hartnell,21242,CC BY-SA 4.0,29.976598639455784
141288,Instrumental,4,../data/local/processed_mel/141288.npy,22551,Kevin Hartnell,21242,CC BY-SA 4.0,30.002721088435376
141289,Instrumental,4,../data/local/processed_mel/141289.npy,22551,Kevin Hartnell,21242,CC BY-SA 4.0,30.002721088435376
141290,Instrumental,4,../data/local/processed_mel/141290.npy,22551,Kevin Hartnell,21242,CC BY-SA 4.0,30.002721088435376
141291,Instrumental,4,../data/local/processed_mel/141291.npy,22551,Kevin Hartnell,21242,CC BY-SA 4.0,29.976598639455784
141292,Instrumental,4,../data/local/processed_mel/141292.npy,22551,Kevin Hartnell,21242,CC BY-SA 4.0,30.002721088435376
141293,Instrumental,4,../data/local/processed_mel/141293.npy,22551,Kevin Hartnell,21242,CC BY-SA 4.0,29.976598639455784
141295,Instrumental,4,../data/local/processed_mel/141295.npy,22551,Kevin Hartnell,21242,CC BY-SA 4.0,29.976598639455784
141296,Instrumental,4,../data/local/processed_mel/141296.npy,22551,Kevin Hartnell,21242,CC BY-SA 4.0,29.976598639455784
141297,Instrumental,4,../data/local/processed_mel/141297.npy,22551,Kevin Hartnell,21242,CC BY-SA 4.0,29.976598639455784
141299,Instrumental,4,../data/local/processed_mel/141299.npy,22551,Kevin Hartnell,21242,CC BY-SA 4.0,29.976598639455784
141300,Instrumental,4,../data/local/processed_mel/141300.npy,22551,Kevin Hartnell,21242,CC BY-SA 4.0,29.976598639455784
141303,Instrumental,4,../data/local/processed_mel/141303.npy,22551,Kevin Hartnell,21242,CC BY-SA 4.0,30.002721088435376
141304,Hip-Hop,3,../data/local/processed_mel/141304.npy,22552,Jules,21243,Gone,30.002721088435376
141310,Electronic,0,../data/local/processed_mel/141310.npy,19742,Jens East,21247,Memories,29.976598639455784
141375,Hip-Hop,3,../data/local/processed_mel/141375.npy,22006,K.I.R.K,21253,T.H.e.Y,29.976598639455784
141561,Hip-Hop,3,../data/local/processed_mel/141561.npy,22568,Yshwa,21277,Thank.God.It's.Friday,29.976598639455784
141562,Hip-Hop,3,../data/local/processed_mel/141562.npy,22568,Yshwa,21277,Thank.God.It's.Friday,29.976598639455784
141564,Hip-Hop,3,../data/local/processed_mel/141564.npy,22568,Yshwa,21277,Thank.God.It's.Friday,29.976598639455784
141566,Hip-Hop,3,../data/local/processed_mel/141566.npy,22568,Yshwa,21277,Thank.God.It's.Friday,30.002721088435376
141567,Hip-Hop,3,../data/local/processed_mel/141567.npy,22568,Yshwa,21277,Thank.God.It's.Friday,29.976598639455784
141568,Hip-Hop,3,../data/local/processed_mel/141568.npy,22568,Yshwa,21277,Thank.God.It's.Friday,30.002721088435376
141569,Hip-Hop,3,../data/local/processed_mel/141569.npy,22568,Yshwa,21277,Thank.God.It's.Friday,29.976598639455784
141590,International,5,../data/local/processed_mel/141590.npy,5798,Mikuś,21284,Dub Mirror,29.976598639455784
141591,International,5,../data/local/processed_mel/141591.npy,5798,Mikuś,21284,Dub Mirror,30.002721088435376
141592,International,5,../data/local/processed_mel/141592.npy,5798,Mikuś,21284,Dub Mirror,29.976598639455784
141593,International,5,../data/local/processed_mel/141593.npy,5798,Mikuś,21284,Dub Mirror,29.976598639455784
141594,International,5,../data/local/processed_mel/141594.npy,5798,Mikuś,21284,Dub Mirror,29.976598639455784
141873,Electronic,0,../data/local/processed_mel/141873.npy,22429,Remain,21295,Remain,29.976598639455784
141874,Electronic,0,../data/local/processed_mel/141874.npy,22429,Remain,21295,Remain,29.976598639455784
141875,Electronic,0,../data/local/processed_mel/141875.npy,22429,Remain,21295,Remain,29.976598639455784
141876,Instrumental,4,../data/local/processed_mel/141876.npy,20985,Andy G. Cohen,21144,MUL / DIV,30.002721088435376
141894,Rock,7,../data/local/processed_mel/141894.npy,22586,Gorevenge,21299,Split (with Gorevenge),30.002721088435376
141901,Pop,6,../data/local/processed_mel/141901.npy,22090,We Is Shore Dedicated,21306,Rainbo Donuts,29.976598639455784
141902,Pop,6,../data/local/processed_mel/141902.npy,22090,We Is Shore Dedicated,21306,Rainbo Donuts,29.976598639455784
141903,Pop,6,../data/local/processed_mel/141903.npy,22090,We Is Shore Dedicated,21306,Rainbo Donuts,30.002721088435376
141972,Experimental,1,../data/local/processed_mel/141972.npy,22591,Sgntronics,21318,Awaiting Silence,29.976598639455784
142078,Electronic,0,../data/local/processed_mel/142078.npy,21394,Mike B. Fort,21330,OOOTHERSIDE,29.976598639455784
142079,Electronic,0,../data/local/processed_mel/142079.npy,21394,Mike B. Fort,21330,OOOTHERSIDE,30.002721088435376
142080,Electronic,0,../data/local/processed_mel/142080.npy,21394,Mike B. Fort,21330,OOOTHERSIDE,30.002721088435376
142081,Electronic,0,../data/local/processed_mel/142081.npy,21394,Mike B. Fort,21330,OOOTHERSIDE,29.976598639455784
142082,Hip-Hop,3,../data/local/processed_mel/142082.npy,19803,SK,18166,Double Diamonds,29.988979591836735
142083,Hip-Hop,3,../data/local/processed_mel/142083.npy,19803,SK,18166,Double Diamonds,29.976598639455784
142084,Hip-Hop,3,../data/local/processed_mel/142084.npy,19803,SK,18166,Double Diamonds,29.988979591836735
142085,Hip-Hop,3,../data/local/processed_mel/142085.npy,19803,SK,18166,Double Diamonds,29.976598639455784
142086,Hip-Hop,3,../data/local/processed_mel/142086.npy,19803,SK,18166,Double Diamonds,29.976598639455784
142087,Hip-Hop,3,../data/local/processed_mel/142087.npy,19803,SK,18166,Double Diamonds,29.988979591836735
142088,Hip-Hop,3,../data/local/processed_mel/142088.npy,19803,SK,18166,Double Diamonds,30.002721088435376
142089,Hip-Hop,3,../data/local/processed_mel/142089.npy,19803,SK,18166,Double Diamonds,29.988979591836735
142091,Hip-Hop,3,../data/local/processed_mel/142091.npy,19803,SK,18166,Double Diamonds,29.976598639455784
142092,Hip-Hop,3,../data/local/processed_mel/142092.npy,19803,SK,18166,Double Diamonds,29.988979591836735
142093,Hip-Hop,3,../data/local/processed_mel/142093.npy,19803,SK,18166,Double Diamonds,30.002721088435376
142128,Rock,7,../data/local/processed_mel/142128.npy,14462,1-800-Band,21341,"Live on WFMU's Evan ""Funk"" Davies Show - June 8, 2016",30.002721088435376
142129,Folk,2,../data/local/processed_mel/142129.npy,22602,Brigid Mae Power,21342,"Live on WFMU's Surface Noise with Joe McGasko - July 25, 2016",29.976598639455784
142132,Folk,2,../data/local/processed_mel/142132.npy,22602,Brigid Mae Power,21342,"Live on WFMU's Surface Noise with Joe McGasko - July 25, 2016",29.976598639455784
142133,Folk,2,../data/local/processed_mel/142133.npy,22602,Brigid Mae Power,21342,"Live on WFMU's Surface Noise with Joe McGasko - July 25, 2016",30.002721088435376
142381,Instrumental,4,../data/local/processed_mel/142381.npy,22667,Edgardo Moreno,21377,Point 0,29.976598639455784
142402,Rock,7,../data/local/processed_mel/142402.npy,22668,Sioum,21380,"I Am Mortal, But Was Fiend",29.976598639455784
142418,Rock,7,../data/local/processed_mel/142418.npy,22672,Tomydeepestago,21383,Nero,29.976598639455784
142511,Rock,7,../data/local/processed_mel/142511.npy,22677,Miët,21394,Cryptids,29.976598639455784
142516,Folk,2,../data/local/processed_mel/142516.npy,22678,Jacket Thor,21396,In our blisters EP,30.002721088435376
142517,Folk,2,../data/local/processed_mel/142517.npy,22678,Jacket Thor,21396,In our blisters EP,29.976598639455784
142519,Folk,2,../data/local/processed_mel/142519.npy,22678,Jacket Thor,21396,In our blisters EP,30.002721088435376
142528,Folk,2,../data/local/processed_mel/142528.npy,22679,The Bribe and the Mockery,21399,Reason Will Prevail,29.976598639455784
142529,Folk,2,../data/local/processed_mel/142529.npy,22679,The Bribe and the Mockery,21399,Reason Will Prevail,29.976598639455784
142530,Folk,2,../data/local/processed_mel/142530.npy,22679,The Bribe and the Mockery,21399,Reason Will Prevail,29.976598639455784
142531,Folk,2,../data/local/processed_mel/142531.npy,22679,The Bribe and the Mockery,21399,Reason Will Prevail,30.002721088435376
142532,Folk,2,../data/local/processed_mel/142532.npy,22679,The Bribe and the Mockery,21399,Reason Will Prevail,29.976598639455784
142549,Pop,6,../data/local/processed_mel/142549.npy,22682,Rony Friedman,21402,First transition,29.976598639455784
142550,Pop,6,../data/local/processed_mel/142550.npy,22682,Rony Friedman,21402,First transition,29.976598639455784
142551,Pop,6,../data/local/processed_mel/142551.npy,22682,Rony Friedman,21402,First transition,30.002721088435376
142552,Pop,6,../data/local/processed_mel/142552.npy,22682,Rony Friedman,21402,First transition,30.002721088435376
142553,Pop,6,../data/local/processed_mel/142553.npy,22682,Rony Friedman,21402,First transition,30.002721088435376
142564,International,5,../data/local/processed_mel/142564.npy,22684,GOYMAMBA,21404,Impact,29.976598639455784
142565,International,5,../data/local/processed_mel/142565.npy,22684,GOYMAMBA,21404,Impact,30.002721088435376
142566,International,5,../data/local/processed_mel/142566.npy,22684,GOYMAMBA,21404,Impact,29.976598639455784
142567,International,5,../data/local/processed_mel/142567.npy,22684,GOYMAMBA,21404,Impact,30.002721088435376
142568,International,5,../data/local/processed_mel/142568.npy,22684,GOYMAMBA,21404,Impact,29.976598639455784
142569,International,5,../data/local/processed_mel/142569.npy,22684,GOYMAMBA,21404,Impact,29.976598639455784
142570,International,5,../data/local/processed_mel/142570.npy,22684,GOYMAMBA,21404,Impact,29.976598639455784
142571,International,5,../data/local/processed_mel/142571.npy,22684,GOYMAMBA,21404,Impact,29.976598639455784
142572,International,5,../data/local/processed_mel/142572.npy,22684,GOYMAMBA,21404,Impact,29.976598639455784
142573,International,5,../data/local/processed_mel/142573.npy,22684,GOYMAMBA,21404,Impact,29.976598639455784
142574,International,5,../data/local/processed_mel/142574.npy,22685,La Flor del Otro,21405,Utopïa,30.002721088435376
142575,International,5,../data/local/processed_mel/142575.npy,22685,La Flor del Otro,21405,Utopïa,30.002721088435376
142576,International,5,../data/local/processed_mel/142576.npy,22685,La Flor del Otro,21405,Utopïa,29.976598639455784
142577,International,5,../data/local/processed_mel/142577.npy,22686,Free Soul School Switzerland,21407,Across the Horizon,29.976598639455784
142579,International,5,../data/local/processed_mel/142579.npy,22686,Free Soul School Switzerland,21407,Across the Horizon,30.002721088435376
142666,Hip-Hop,3,../data/local/processed_mel/142666.npy,22688,J1*,21430,The Longest Short Ends,30.002721088435376
142668,Hip-Hop,3,../data/local/processed_mel/142668.npy,22688,J1*,21430,The Longest Short Ends,29.976598639455784
142669,Hip-Hop,3,../data/local/processed_mel/142669.npy,22688,J1*,21430,The Longest Short Ends,30.002721088435376
142670,Hip-Hop,3,../data/local/processed_mel/142670.npy,22688,J1*,21430,The Longest Short Ends,29.976598639455784
142671,Hip-Hop,3,../data/local/processed_mel/142671.npy,22688,J1*,21430,The Longest Short Ends,29.976598639455784
142672,Hip-Hop,3,../data/local/processed_mel/142672.npy,22688,J1*,21430,The Longest Short Ends,29.976598639455784
143039,Experimental,1,../data/local/processed_mel/143039.npy,22772,Salome Lego Playset - Susanna Laterza - Kenji Siratori,21462,Sabaku No Genkai,29.976598639455784
143046,Electronic,0,../data/local/processed_mel/143046.npy,22774,Mystery Mammal,21463,Wonders Of Modern Technology,29.976598639455784
143055,Electronic,0,../data/local/processed_mel/143055.npy,22774,Mystery Mammal,21463,Wonders Of Modern Technology,30.002721088435376
143056,Electronic,0,../data/local/processed_mel/143056.npy,22774,Mystery Mammal,21463,Wonders Of Modern Technology,29.976598639455784
143057,Electronic,0,../data/local/processed_mel/143057.npy,22774,Mystery Mammal,21463,Wonders Of Modern Technology,30.002721088435376
143058,Electronic,0,../data/local/processed_mel/143058.npy,22774,Mystery Mammal,21463,Wonders Of Modern Technology,29.976598639455784
143059,Electronic,0,../data/local/processed_mel/143059.npy,22774,Mystery Mammal,21463,Wonders Of Modern Technology,29.976598639455784
143060,Electronic,0,../data/local/processed_mel/143060.npy,22774,Mystery Mammal,21463,Wonders Of Modern Technology,30.002721088435376
143061,Electronic,0,../data/local/processed_mel/143061.npy,22774,Mystery Mammal,21463,Wonders Of Modern Technology,29.976598639455784
143095,Rock,7,../data/local/processed_mel/143095.npy,12802,Twin Guns,21467,"Live on WFMU's Three Chord Monte with Joe Belock - May 30, 2016",29.976598639455784
143097,Rock,7,../data/local/processed_mel/143097.npy,12802,Twin Guns,21467,"Live on WFMU's Three Chord Monte with Joe Belock - May 30, 2016",30.002721088435376
143098,Rock,7,../data/local/processed_mel/143098.npy,12802,Twin Guns,21467,"Live on WFMU's Three Chord Monte with Joe Belock - May 30, 2016",30.002721088435376
143099,Rock,7,../data/local/processed_mel/143099.npy,12802,Twin Guns,21467,"Live on WFMU's Three Chord Monte with Joe Belock - May 30, 2016",30.002721088435376
143106,Rock,7,../data/local/processed_mel/143106.npy,22780,The Nude Party,21471,"Live on WFMU's Three Chord Monte with Joe Belock - December 21, 2015",30.002721088435376
143214,Rock,7,../data/local/processed_mel/143214.npy,22790,The Invasion,21489,The Invasion,30.002721088435376
143215,Rock,7,../data/local/processed_mel/143215.npy,22790,The Invasion,21489,The Invasion,29.976598639455784
143216,Rock,7,../data/local/processed_mel/143216.npy,22790,The Invasion,21489,The Invasion,29.976598639455784
143217,Rock,7,../data/local/processed_mel/143217.npy,22790,The Invasion,21489,The Invasion,29.976598639455784
143218,Rock,7,../data/local/processed_mel/143218.npy,22790,The Invasion,21489,The Invasion,30.002721088435376
143219,Rock,7,../data/local/processed_mel/143219.npy,22790,The Invasion,21489,The Invasion,29.976598639455784
143220,Rock,7,../data/local/processed_mel/143220.npy,22790,The Invasion,21489,The Invasion,30.002721088435376
143221,Rock,7,../data/local/processed_mel/143221.npy,22790,The Invasion,21489,The Invasion,30.002721088435376
143237,Pop,6,../data/local/processed_mel/143237.npy,22090,We Is Shore Dedicated,21306,Rainbo Donuts,30.002721088435376
143290,Hip-Hop,3,../data/local/processed_mel/143290.npy,22552,Jules,21505,Keep it Real,29.976598639455784
143318,Rock,7,../data/local/processed_mel/143318.npy,21127,Tri-Tachyon,21509,The Spellbreaker EP,30.002721088435376
143319,Rock,7,../data/local/processed_mel/143319.npy,21127,Tri-Tachyon,21509,The Spellbreaker EP,29.976598639455784
143532,Electronic,0,../data/local/processed_mel/143532.npy,22127,beat.dowsing,21531,sydney ep,30.002721088435376
143989,Rock,7,../data/local/processed_mel/143989.npy,22963,Hurry Up,21553,"Live on WFMU's The Evan ""Funk"" Davies Show - August 17, 2016",29.976598639455784
143995,Rock,7,../data/local/processed_mel/143995.npy,22963,Hurry Up,21553,"Live on WFMU's The Evan ""Funk"" Davies Show - August 17, 2016",30.002721088435376
144170,Hip-Hop,3,../data/local/processed_mel/144170.npy,14543,J-K,21557,Sorriso Parvo,30.002721088435376
144171,Hip-Hop,3,../data/local/processed_mel/144171.npy,14543,J-K,21557,Sorriso Parvo,29.976598639455784
144172,Hip-Hop,3,../data/local/processed_mel/144172.npy,14543,J-K,21557,Sorriso Parvo,30.002721088435376
144173,Hip-Hop,3,../data/local/processed_mel/144173.npy,14543,J-K,21557,Sorriso Parvo,30.002721088435376
144179,Hip-Hop,3,../data/local/processed_mel/144179.npy,22809,Pulso,21558,"Gillettes, Papéis e Outros Objectos Cortantes",30.002721088435376
144180,Hip-Hop,3,../data/local/processed_mel/144180.npy,22809,Pulso,21558,"Gillettes, Papéis e Outros Objectos Cortantes",30.002721088435376
144181,Hip-Hop,3,../data/local/processed_mel/144181.npy,22809,Pulso,21558,"Gillettes, Papéis e Outros Objectos Cortantes",29.976598639455784
144182,Hip-Hop,3,../data/local/processed_mel/144182.npy,22809,Pulso,21558,"Gillettes, Papéis e Outros Objectos Cortantes",30.002721088435376
144423,Electronic,0,../data/local/processed_mel/144423.npy,22990,Angel Garcia,21578,Happy Jambo,29.976598639455784
144424,Electronic,0,../data/local/processed_mel/144424.npy,22981,MegaHast3r,21578,Happy Jambo,30.002721088435376
144465,Folk,2,../data/local/processed_mel/144465.npy,3475,Nick Jaina,21583,Brutal Lives (Instrumentals),30.002721088435376
144466,Folk,2,../data/local/processed_mel/144466.npy,3475,Nick Jaina,21583,Brutal Lives (Instrumentals),29.976598639455784
144467,Folk,2,../data/local/processed_mel/144467.npy,3475,Nick Jaina,21583,Brutal Lives (Instrumentals),29.976598639455784
144468,Folk,2,../data/local/processed_mel/144468.npy,3475,Nick Jaina,21583,Brutal Lives (Instrumentals),29.976598639455784
144469,Folk,2,../data/local/processed_mel/144469.npy,3475,Nick Jaina,21583,Brutal Lives (Instrumentals),30.002721088435376
144470,Folk,2,../data/local/processed_mel/144470.npy,3475,Nick Jaina,21583,Brutal Lives (Instrumentals),30.002721088435376
144471,Folk,2,../data/local/processed_mel/144471.npy,3475,Nick Jaina,21583,Brutal Lives (Instrumentals),30.002721088435376
144472,Folk,2,../data/local/processed_mel/144472.npy,3475,Nick Jaina,21583,Brutal Lives (Instrumentals),29.976598639455784
144473,Folk,2,../data/local/processed_mel/144473.npy,3475,Nick Jaina,21583,Brutal Lives (Instrumentals),30.002721088435376
144474,Folk,2,../data/local/processed_mel/144474.npy,3475,Nick Jaina,21583,Brutal Lives (Instrumentals),29.976598639455784
144475,Folk,2,../data/local/processed_mel/144475.npy,3475,Nick Jaina,21583,Brutal Lives (Instrumentals),29.976598639455784
144476,Folk,2,../data/local/processed_mel/144476.npy,3475,Nick Jaina,21583,Brutal Lives (Instrumentals),29.976598639455784
144477,Folk,2,../data/local/processed_mel/144477.npy,3475,Nick Jaina,21583,Brutal Lives (Instrumentals),29.976598639455784
144487,Experimental,1,../data/local/processed_mel/144487.npy,22994,Dave Keifer,21585,Howdy Persephone,30.002721088435376
144492,Experimental,1,../data/local/processed_mel/144492.npy,22994,Dave Keifer,21585,Howdy Persephone,29.976598639455784
144542,Folk,2,../data/local/processed_mel/144542.npy,17780,Wildlight,21592,The Tide (Acoustic),29.976598639455784
144543,Folk,2,../data/local/processed_mel/144543.npy,17780,Wildlight,21592,The Tide (Acoustic),29.976598639455784
144544,Folk,2,../data/local/processed_mel/144544.npy,17780,Wildlight,21592,The Tide (Acoustic),29.976598639455784
144545,Folk,2,../data/local/processed_mel/144545.npy,17780,Wildlight,21592,The Tide (Acoustic),29.976598639455784
144546,Folk,2,../data/local/processed_mel/144546.npy,17780,Wildlight,21592,The Tide (Acoustic),30.002721088435376
144547,Folk,2,../data/local/processed_mel/144547.npy,17780,Wildlight,21592,The Tide (Acoustic),30.002721088435376
144548,Folk,2,../data/local/processed_mel/144548.npy,17780,Wildlight,21592,The Tide (Acoustic),29.976598639455784
144549,Folk,2,../data/local/processed_mel/144549.npy,17780,Wildlight,21592,The Tide (Acoustic),29.976598639455784
144550,Folk,2,../data/local/processed_mel/144550.npy,17780,Wildlight,21592,The Tide (Acoustic),29.976598639455784
144551,Folk,2,../data/local/processed_mel/144551.npy,17780,Wildlight,21592,The Tide (Acoustic),30.002721088435376
144552,Folk,2,../data/local/processed_mel/144552.npy,17780,Wildlight,21592,The Tide (Acoustic),30.002721088435376
144587,Pop,6,../data/local/processed_mel/144587.npy,22090,We Is Shore Dedicated,21306,Rainbo Donuts,30.002721088435376
144733,Electronic,0,../data/local/processed_mel/144733.npy,23056,milky-chu,21611,Carnival For Edelweiss’s Ensemble,29.976598639455784
144740,Hip-Hop,3,../data/local/processed_mel/144740.npy,21888,Donnie Ozone,21613,Mind On The Music (Featuring Pot-C & SKOL),30.002721088435376
144741,Hip-Hop,3,../data/local/processed_mel/144741.npy,21888,Donnie Ozone,21613,Mind On The Music (Featuring Pot-C & SKOL),29.976598639455784
144809,Experimental,1,../data/local/processed_mel/144809.npy,15891,Kosta T,18582,ALLBIOM,30.002721088435376
144810,Experimental,1,../data/local/processed_mel/144810.npy,15891,Kosta T,18582,ALLBIOM,30.002721088435376
144933,Pop,6,../data/local/processed_mel/144933.npy,23102,Maxwell Powers,21626,"Fridays, Volume 1",29.976598639455784
144934,Pop,6,../data/local/processed_mel/144934.npy,23102,Maxwell Powers,21626,"Fridays, Volume 1",29.976598639455784
144935,Pop,6,../data/local/processed_mel/144935.npy,23102,Maxwell Powers,21626,"Fridays, Volume 1",30.002721088435376
144936,Pop,6,../data/local/processed_mel/144936.npy,23102,Maxwell Powers,21626,"Fridays, Volume 1",29.976598639455784
144937,Pop,6,../data/local/processed_mel/144937.npy,23102,Maxwell Powers,21626,"Fridays, Volume 1",29.976598639455784
144938,Pop,6,../data/local/processed_mel/144938.npy,23102,Maxwell Powers,21626,"Fridays, Volume 1",29.976598639455784
144939,Pop,6,../data/local/processed_mel/144939.npy,23102,Maxwell Powers,21626,"Fridays, Volume 1",30.002721088435376
144940,Pop,6,../data/local/processed_mel/144940.npy,23102,Maxwell Powers,21626,"Fridays, Volume 1",29.976598639455784
144941,Pop,6,../data/local/processed_mel/144941.npy,23102,Maxwell Powers,21626,"Fridays, Volume 1",30.002721088435376
144942,Pop,6,../data/local/processed_mel/144942.npy,23102,Maxwell Powers,21626,"Fridays, Volume 1",29.976598639455784
144943,Pop,6,../data/local/processed_mel/144943.npy,23102,Maxwell Powers,21626,"Fridays, Volume 1",30.002721088435376
144944,Pop,6,../data/local/processed_mel/144944.npy,23102,Maxwell Powers,21626,"Fridays, Volume 1",30.002721088435376
144945,Pop,6,../data/local/processed_mel/144945.npy,23102,Maxwell Powers,21626,"Fridays, Volume 1",30.002721088435376
144946,Pop,6,../data/local/processed_mel/144946.npy,23102,Maxwell Powers,21626,"Fridays, Volume 1",30.002721088435376
145002,Folk,2,../data/local/processed_mel/145002.npy,23106,Finn Anderson,21638,Uncharted Lands EP,29.976598639455784
145003,Folk,2,../data/local/processed_mel/145003.npy,23106,Finn Anderson,21638,Uncharted Lands EP,29.976598639455784
145004,Folk,2,../data/local/processed_mel/145004.npy,23106,Finn Anderson,21638,Uncharted Lands EP,29.976598639455784
145005,Folk,2,../data/local/processed_mel/145005.npy,23106,Finn Anderson,21638,Uncharted Lands EP,29.976598639455784
145020,Rock,7,../data/local/processed_mel/145020.npy,23111,Little Ozzy & J. E. Frey,21642,The Darkness Thou Canst Not Dispel,29.976598639455784
145027,Rock,7,../data/local/processed_mel/145027.npy,23111,Little Ozzy & J. E. Frey,21642,The Darkness Thou Canst Not Dispel,29.976598639455784
145041,Electronic,0,../data/local/processed_mel/145041.npy,21061,Oelek,21644,Kaas EP,29.976598639455784
145042,Electronic,0,../data/local/processed_mel/145042.npy,9680,Richard Jonas,21644,Kaas EP,30.002721088435376
145043,Experimental,1,../data/local/processed_mel/145043.npy,11234,Hermit,21645,Rock'n'Roll Hara-Kiri,29.976598639455784
145058,Experimental,1,../data/local/processed_mel/145058.npy,23113,Ersatz,21649,Ersatz/Noggin Split,30.002721088435376
145059,Experimental,1,../data/local/processed_mel/145059.npy,23114,Noggin,21649,Ersatz/Noggin Split,30.002721088435376
145074,Experimental,1,../data/local/processed_mel/145074.npy,23116,Coits,21654,The Medium Is The Message,29.976598639455784
145183,Instrumental,4,../data/local/processed_mel/145183.npy,23139,Robert Switzer,21672,Caligari: An Exquisite Corpse,29.976598639455784
145189,Instrumental,4,../data/local/processed_mel/145189.npy,23144,Steve Burnett,21672,Caligari: An Exquisite Corpse,29.976598639455784
145199,Rock,7,../data/local/processed_mel/145199.npy,23145,Conduit,21673,"Live at WFMU on What Was Music? with Marcel M, 10/19/16",29.976598639455784
145241,Rock,7,../data/local/processed_mel/145241.npy,23151,Vukovar,21684,The Three Shades,30.002721088435376
145257,Rock,7,../data/local/processed_mel/145257.npy,23152,Lonely Punk,21687,Instrumentals EP,29.976598639455784
145258,Rock,7,../data/local/processed_mel/145258.npy,23152,Lonely Punk,21687,Instrumentals EP,29.976598639455784
145259,Rock,7,../data/local/processed_mel/145259.npy,23152,Lonely Punk,21687,Instrumentals EP,29.976598639455784
145260,Rock,7,../data/local/processed_mel/145260.npy,23152,Lonely Punk,21687,Instrumentals EP,29.976598639455784
145431,Instrumental,4,../data/local/processed_mel/145431.npy,18673,Fabian Measures,19143,Singles Album,30.002721088435376
145432,Instrumental,4,../data/local/processed_mel/145432.npy,18673,Fabian Measures,19143,Singles Album,29.976598639455784
145462,Electronic,0,../data/local/processed_mel/145462.npy,17524,Ars Sonor,21735,Tabea,29.976598639455784
145464,Electronic,0,../data/local/processed_mel/145464.npy,17524,Ars Sonor,21735,Tabea,30.002721088435376
145550,Folk,2,../data/local/processed_mel/145550.npy,23195,This Mess is Mine,21746,Sign The Drafts EP,29.976598639455784
145551,Folk,2,../data/local/processed_mel/145551.npy,23195,This Mess is Mine,21746,Sign The Drafts EP,29.976598639455784
145552,Folk,2,../data/local/processed_mel/145552.npy,23195,This Mess is Mine,21746,Sign The Drafts EP,30.002721088435376
145553,Folk,2,../data/local/processed_mel/145553.npy,23195,This Mess is Mine,21746,Sign The Drafts EP,29.976598639455784
145554,Folk,2,../data/local/processed_mel/145554.npy,23195,This Mess is Mine,21746,Sign The Drafts EP,29.976598639455784
145555,Folk,2,../data/local/processed_mel/145555.npy,23195,This Mess is Mine,21746,Sign The Drafts EP,30.002721088435376
145556,Folk,2,../data/local/processed_mel/145556.npy,23195,This Mess is Mine,21746,Sign The Drafts EP,29.976598639455784
145606,Rock,7,../data/local/processed_mel/145606.npy,23197,North Cape Lights,21754,North Cape Lights EP,29.976598639455784
145607,Rock,7,../data/local/processed_mel/145607.npy,23198,The One They Fear,21755,Silence Is Consent EP,30.002721088435376
145608,Rock,7,../data/local/processed_mel/145608.npy,23198,The One They Fear,21755,Silence Is Consent EP,29.976598639455784
145609,Rock,7,../data/local/processed_mel/145609.npy,23198,The One They Fear,21755,Silence Is Consent EP,30.002721088435376
145610,Rock,7,../data/local/processed_mel/145610.npy,23198,The One They Fear,21755,Silence Is Consent EP,29.976598639455784
145645,Electronic,0,../data/local/processed_mel/145645.npy,23200,Trip.Logic,21761,Here and Now,30.002721088435376
145646,Electronic,0,../data/local/processed_mel/145646.npy,23200,Trip.Logic,21761,Here and Now,30.002721088435376
145653,Pop,6,../data/local/processed_mel/145653.npy,22090,We Is Shore Dedicated,21306,Rainbo Donuts,30.002721088435376
145702,Pop,6,../data/local/processed_mel/145702.npy,23102,Maxwell Powers,21771,Saturday,29.976598639455784
145703,Pop,6,../data/local/processed_mel/145703.npy,23102,Maxwell Powers,21771,Saturday,30.002721088435376
145704,Pop,6,../data/local/processed_mel/145704.npy,23102,Maxwell Powers,21771,Saturday,30.002721088435376
145705,Pop,6,../data/local/processed_mel/145705.npy,23102,Maxwell Powers,21771,Saturday,29.976598639455784
145706,Pop,6,../data/local/processed_mel/145706.npy,23102,Maxwell Powers,21771,Saturday,30.002721088435376
145707,Pop,6,../data/local/processed_mel/145707.npy,23102,Maxwell Powers,21772,Godspeed,29.976598639455784
145708,Pop,6,../data/local/processed_mel/145708.npy,23102,Maxwell Powers,21772,Godspeed,29.976598639455784
145709,Pop,6,../data/local/processed_mel/145709.npy,23102,Maxwell Powers,21772,Godspeed,30.002721088435376
145710,Pop,6,../data/local/processed_mel/145710.npy,23102,Maxwell Powers,21772,Godspeed,30.002721088435376
145711,Pop,6,../data/local/processed_mel/145711.npy,23102,Maxwell Powers,21772,Godspeed,29.976598639455784
145724,Hip-Hop,3,../data/local/processed_mel/145724.npy,13450,LOWdown,21773,soBELOW (THE groundZERO SINGLES 2006-2016),30.002721088435376
145727,Hip-Hop,3,../data/local/processed_mel/145727.npy,13450,LOWdown,21773,soBELOW (THE groundZERO SINGLES 2006-2016),29.976598639455784
145728,Hip-Hop,3,../data/local/processed_mel/145728.npy,13450,LOWdown,21773,soBELOW (THE groundZERO SINGLES 2006-2016),29.976598639455784
145729,Hip-Hop,3,../data/local/processed_mel/145729.npy,13450,LOWdown,21773,soBELOW (THE groundZERO SINGLES 2006-2016),29.976598639455784
145730,Hip-Hop,3,../data/local/processed_mel/145730.npy,13450,LOWdown,21773,soBELOW (THE groundZERO SINGLES 2006-2016),30.002721088435376
145741,Hip-Hop,3,../data/local/processed_mel/145741.npy,18872,Cheese N Pot-C,21775,TA2MI Presents: Cheese N Pot-C,29.976598639455784
145742,Hip-Hop,3,../data/local/processed_mel/145742.npy,18872,Cheese N Pot-C,21775,TA2MI Presents: Cheese N Pot-C,30.002721088435376
145743,Hip-Hop,3,../data/local/processed_mel/145743.npy,18872,Cheese N Pot-C,21775,TA2MI Presents: Cheese N Pot-C,30.002721088435376
145744,Hip-Hop,3,../data/local/processed_mel/145744.npy,18872,Cheese N Pot-C,21775,TA2MI Presents: Cheese N Pot-C,29.976598639455784
145745,Hip-Hop,3,../data/local/processed_mel/145745.npy,18872,Cheese N Pot-C,21775,TA2MI Presents: Cheese N Pot-C,29.976598639455784
145746,Hip-Hop,3,../data/local/processed_mel/145746.npy,18872,Cheese N Pot-C,21775,TA2MI Presents: Cheese N Pot-C,29.976598639455784
145752,Electronic,0,../data/local/processed_mel/145752.npy,20146,SPCZ,21777,Vespidae,30.002721088435376
145754,Electronic,0,../data/local/processed_mel/145754.npy,20146,SPCZ,21777,Vespidae,29.976598639455784
145755,Electronic,0,../data/local/processed_mel/145755.npy,20146,SPCZ,21777,Vespidae,29.976598639455784
145756,Electronic,0,../data/local/processed_mel/145756.npy,20146,SPCZ,21777,Vespidae,29.976598639455784
145757,Electronic,0,../data/local/processed_mel/145757.npy,20146,SPCZ,21777,Vespidae,30.002721088435376
145758,Electronic,0,../data/local/processed_mel/145758.npy,20146,SPCZ,21777,Vespidae,30.002721088435376
145759,Electronic,0,../data/local/processed_mel/145759.npy,20146,SPCZ,21777,Vespidae,29.976598639455784
145760,Electronic,0,../data/local/processed_mel/145760.npy,20146,SPCZ,21777,Vespidae,30.002721088435376
145761,Electronic,0,../data/local/processed_mel/145761.npy,20146,SPCZ,21777,Vespidae,29.976598639455784
145780,Rock,7,../data/local/processed_mel/145780.npy,23203,The Jeanies,21781,"Live at WFMU on The Evan ""Funk"" Davies Show, 10/19/2016",29.988979591836735
145783,Rock,7,../data/local/processed_mel/145783.npy,23203,The Jeanies,21781,"Live at WFMU on The Evan ""Funk"" Davies Show, 10/19/2016",29.988979591836735
145917,Electronic,0,../data/local/processed_mel/145917.npy,23219,H-LR,21808,End of the Line,29.976598639455784
145918,Electronic,0,../data/local/processed_mel/145918.npy,23219,H-LR,21808,End of the Line,30.002721088435376
146017,Instrumental,4,../data/local/processed_mel/146017.npy,23246,Ars Sonor & Malga Kubiak,21824,Raoul Wallenbergs Ömhet (En Hjälte Eller En Spion?),30.002721088435376
146018,Instrumental,4,../data/local/processed_mel/146018.npy,23246,Ars Sonor & Malga Kubiak,21824,Raoul Wallenbergs Ömhet (En Hjälte Eller En Spion?),29.976598639455784
146019,Instrumental,4,../data/local/processed_mel/146019.npy,23246,Ars Sonor & Malga Kubiak,21824,Raoul Wallenbergs Ömhet (En Hjälte Eller En Spion?),30.002721088435376
146020,Instrumental,4,../data/local/processed_mel/146020.npy,23246,Ars Sonor & Malga Kubiak,21824,Raoul Wallenbergs Ömhet (En Hjälte Eller En Spion?),29.976598639455784
146070,Experimental,1,../data/local/processed_mel/146070.npy,23258,OOZING MEAT,21832,"The ""424 Tracks"" Cassette",29.976598639455784
146147,Hip-Hop,3,../data/local/processed_mel/146147.npy,23260,A-Grav Lab,21837,Spacewalkers EP,29.976598639455784
146148,Hip-Hop,3,../data/local/processed_mel/146148.npy,23260,A-Grav Lab,21837,Spacewalkers EP,29.976598639455784
146149,Hip-Hop,3,../data/local/processed_mel/146149.npy,23260,A-Grav Lab,21837,Spacewalkers EP,30.002721088435376
146150,Hip-Hop,3,../data/local/processed_mel/146150.npy,23260,A-Grav Lab,21837,Spacewalkers EP,29.976598639455784
146151,Hip-Hop,3,../data/local/processed_mel/146151.npy,23260,A-Grav Lab,21837,Spacewalkers EP,29.976598639455784
146152,Hip-Hop,3,../data/local/processed_mel/146152.npy,23260,A-Grav Lab,21837,Spacewalkers EP,29.976598639455784
146153,Hip-Hop,3,../data/local/processed_mel/146153.npy,23260,A-Grav Lab,21837,Spacewalkers EP,30.002721088435376
146458,Electronic,0,../data/local/processed_mel/146458.npy,22985,Langax,21859,Indopacific,29.976598639455784
146478,Rock,7,../data/local/processed_mel/146478.npy,23325,Norwegian Blue Records,21861,Sampler 2016,30.002721088435376
146481,Rock,7,../data/local/processed_mel/146481.npy,23325,Norwegian Blue Records,21861,Sampler 2016,29.976598639455784
146482,Rock,7,../data/local/processed_mel/146482.npy,23325,Norwegian Blue Records,21861,Sampler 2016,29.976598639455784
146483,Rock,7,../data/local/processed_mel/146483.npy,23325,Norwegian Blue Records,21861,Sampler 2016,29.976598639455784
146639,Folk,2,../data/local/processed_mel/146639.npy,22010,Aglow Hollow,21879,Trends in Death and Humidity,30.002721088435376
146681,Hip-Hop,3,../data/local/processed_mel/146681.npy,3593,Tha Silent Partner,21895,TSP’s Day In The Cosmos,29.976598639455784
146683,Hip-Hop,3,../data/local/processed_mel/146683.npy,3593,Tha Silent Partner,21895,TSP’s Day In The Cosmos,29.976598639455784
146685,Hip-Hop,3,../data/local/processed_mel/146685.npy,3593,Tha Silent Partner,21895,TSP’s Day In The Cosmos,29.976598639455784
146687,Hip-Hop,3,../data/local/processed_mel/146687.npy,23348,Regenerated Headpiece,21896,"Souvenirs, Novelties & Party Tricks XE",29.976598639455784
146689,Hip-Hop,3,../data/local/processed_mel/146689.npy,23348,Regenerated Headpiece,21896,"Souvenirs, Novelties & Party Tricks XE",29.976598639455784
146713,Hip-Hop,3,../data/local/processed_mel/146713.npy,23348,Regenerated Headpiece,21896,"Souvenirs, Novelties & Party Tricks XE",29.976598639455784
146716,Hip-Hop,3,../data/local/processed_mel/146716.npy,23349,ILLUS & ICBM,21896,"Souvenirs, Novelties & Party Tricks XE",30.002721088435376
146724,Hip-Hop,3,../data/local/processed_mel/146724.npy,23348,Regenerated Headpiece,21896,"Souvenirs, Novelties & Party Tricks XE",29.976598639455784
146725,Hip-Hop,3,../data/local/processed_mel/146725.npy,23348,Regenerated Headpiece,21896,"Souvenirs, Novelties & Party Tricks XE",29.976598639455784
146726,Hip-Hop,3,../data/local/processed_mel/146726.npy,23348,Regenerated Headpiece,21896,"Souvenirs, Novelties & Party Tricks XE",29.976598639455784
146727,Hip-Hop,3,../data/local/processed_mel/146727.npy,23348,Regenerated Headpiece,21896,"Souvenirs, Novelties & Party Tricks XE",29.976598639455784
146961,Folk,2,../data/local/processed_mel/146961.npy,9765,Derek Clegg,21916,Derek Clegg,29.976598639455784
146968,Folk,2,../data/local/processed_mel/146968.npy,9765,Derek Clegg,21916,Derek Clegg,29.976598639455784
146969,Folk,2,../data/local/processed_mel/146969.npy,9765,Derek Clegg,21916,Derek Clegg,30.002721088435376
146970,Folk,2,../data/local/processed_mel/146970.npy,9765,Derek Clegg,21916,Derek Clegg,30.002721088435376
147059,Experimental,1,../data/local/processed_mel/147059.npy,9564,Audio K,10189,In My House,29.976598639455784
147085,Experimental,1,../data/local/processed_mel/147085.npy,2008,Lee Rosevere,21937,A Ukulele For Christmas,29.976598639455784
147086,Experimental,1,../data/local/processed_mel/147086.npy,2008,Lee Rosevere,21937,A Ukulele For Christmas,29.976598639455784
147087,Experimental,1,../data/local/processed_mel/147087.npy,18272,Jeremy Allingham,21940,Bring Those Presents to Me!,29.976598639455784
147126,Instrumental,4,../data/local/processed_mel/147126.npy,23212,Hyson,21790,Soundtrack for the Weary Vol. I,30.002721088435376
147191,Electronic,0,../data/local/processed_mel/147191.npy,6933,Pocketmaster,21955,#010010,29.976598639455784
147265,Hip-Hop,3,../data/local/processed_mel/147265.npy,22006,K.I.R.K,21966,Lost In Tranzitionz,29.976598639455784
147267,Hip-Hop,3,../data/local/processed_mel/147267.npy,22006,K.I.R.K,21966,Lost In Tranzitionz,30.002721088435376
147268,Hip-Hop,3,../data/local/processed_mel/147268.npy,22006,K.I.R.K,21966,Lost In Tranzitionz,29.976598639455784
147269,Hip-Hop,3,../data/local/processed_mel/147269.npy,22006,K.I.R.K,21966,Lost In Tranzitionz,29.976598639455784
147295,Folk,2,../data/local/processed_mel/147295.npy,22050,Greg Atkinson,21973,Meadows and Fords,29.976598639455784
147309,Instrumental,4,../data/local/processed_mel/147309.npy,23212,Hyson,21790,Soundtrack for the Weary Vol. I,29.976598639455784
147409,Rock,7,../data/local/processed_mel/147409.npy,19740,The Zombie Dandies,21982,Dandy's Little Monsters,29.976598639455784
147412,Rock,7,../data/local/processed_mel/147412.npy,19740,The Zombie Dandies,21982,Dandy's Little Monsters,30.002721088435376
147413,Rock,7,../data/local/processed_mel/147413.npy,19740,The Zombie Dandies,21982,Dandy's Little Monsters,29.976598639455784
147780,Electronic,0,../data/local/processed_mel/147780.npy,23485,Creo,22022,Dimension,30.002721088435376
147815,Electronic,0,../data/local/processed_mel/147815.npy,19443,Bauchamp,22027,Danse contemporaine librairie,29.976598639455784
147886,Hip-Hop,3,../data/local/processed_mel/147886.npy,17695,Deadly Combo,22046,The Vault,30.002721088435376
147956,Rock,7,../data/local/processed_mel/147956.npy,21705,Portrayal,22055,To the Black Sea,30.002721088435376
148066,International,5,../data/local/processed_mel/148066.npy,23531,Red Star Martyrs,22077,Red Star Martyrs,30.002721088435376
148070,International,5,../data/local/processed_mel/148070.npy,23531,Red Star Martyrs,22077,Red Star Martyrs,29.976598639455784
148074,International,5,../data/local/processed_mel/148074.npy,23531,Red Star Martyrs,22077,Red Star Martyrs,29.976598639455784
148075,International,5,../data/local/processed_mel/148075.npy,23531,Red Star Martyrs,22077,Red Star Martyrs,29.976598639455784
148076,International,5,../data/local/processed_mel/148076.npy,23531,Red Star Martyrs,22077,Red Star Martyrs,29.976598639455784
148077,International,5,../data/local/processed_mel/148077.npy,23531,Red Star Martyrs,22077,Red Star Martyrs,29.976598639455784
148078,International,5,../data/local/processed_mel/148078.npy,23531,Red Star Martyrs,22077,Red Star Martyrs,29.976598639455784
148079,International,5,../data/local/processed_mel/148079.npy,23531,Red Star Martyrs,22077,Red Star Martyrs,29.976598639455784
148099,Experimental,1,../data/local/processed_mel/148099.npy,23407,L.D.I.,21954,La máis,30.002721088435376
148112,Instrumental,4,../data/local/processed_mel/148112.npy,23539,Ryan Cullinane,22086,Beat-driven Production Music,30.002721088435376
148113,Instrumental,4,../data/local/processed_mel/148113.npy,23539,Ryan Cullinane,22086,Beat-driven Production Music,29.976598639455784
148114,Instrumental,4,../data/local/processed_mel/148114.npy,23539,Ryan Cullinane,22086,Beat-driven Production Music,30.002721088435376
148120,Instrumental,4,../data/local/processed_mel/148120.npy,23539,Ryan Cullinane,22086,Beat-driven Production Music,30.002721088435376
148121,Instrumental,4,../data/local/processed_mel/148121.npy,23539,Ryan Cullinane,22086,Beat-driven Production Music,29.976598639455784
148124,Instrumental,4,../data/local/processed_mel/148124.npy,23539,Ryan Cullinane,22086,Beat-driven Production Music,29.976598639455784
148130,Instrumental,4,../data/local/processed_mel/148130.npy,23539,Ryan Cullinane,22086,Beat-driven Production Music,30.002721088435376
148131,Instrumental,4,../data/local/processed_mel/148131.npy,23539,Ryan Cullinane,22086,Beat-driven Production Music,29.976598639455784
148132,Instrumental,4,../data/local/processed_mel/148132.npy,23539,Ryan Cullinane,22086,Beat-driven Production Music,29.976598639455784
148133,Instrumental,4,../data/local/processed_mel/148133.npy,23539,Ryan Cullinane,22086,Beat-driven Production Music,30.002721088435376
148168,Experimental,1,../data/local/processed_mel/148168.npy,3426,Prince Rama,22092,"Live At Monty Hall, 8/18/2016",29.988979591836735
148246,Rock,7,../data/local/processed_mel/148246.npy,1228,Silver Apples,22103,"Live at Monty Hall, 11/5/2016",29.988979591836735
148285,Pop,6,../data/local/processed_mel/148285.npy,23544,LoveyDove,22108,"Live at WFMU on 100% Whatever with Mary Wing, 11/20/2016",29.976598639455784
148286,Pop,6,../data/local/processed_mel/148286.npy,23544,LoveyDove,22108,"Live at WFMU on 100% Whatever with Mary Wing, 11/20/2016",29.976598639455784
148287,Pop,6,../data/local/processed_mel/148287.npy,23544,LoveyDove,22108,"Live at WFMU on 100% Whatever with Mary Wing, 11/20/2016",29.976598639455784
148288,Pop,6,../data/local/processed_mel/148288.npy,23544,LoveyDove,22108,"Live at WFMU on 100% Whatever with Mary Wing, 11/20/2016",29.976598639455784
148289,Pop,6,../data/local/processed_mel/148289.npy,23544,LoveyDove,22108,"Live at WFMU on 100% Whatever with Mary Wing, 11/20/2016",30.002721088435376
148290,Pop,6,../data/local/processed_mel/148290.npy,23544,LoveyDove,22108,"Live at WFMU on 100% Whatever with Mary Wing, 11/20/2016",29.976598639455784
148302,Experimental,1,../data/local/processed_mel/148302.npy,23551,Nicolas Carras,22110,La P'tite Maison,29.976598639455784
148305,Experimental,1,../data/local/processed_mel/148305.npy,23553,Philippe Lamy,22110,La P'tite Maison,29.976598639455784
148439,Electronic,0,../data/local/processed_mel/148439.npy,22985,Langax,22131,Netlabel Day 2016 Soisloscerdos Compilation,29.976598639455784
148441,Electronic,0,../data/local/processed_mel/148441.npy,22990,Angel Garcia,22131,Netlabel Day 2016 Soisloscerdos Compilation,29.976598639455784
148443,Electronic,0,../data/local/processed_mel/148443.npy,22984,No Human,22131,Netlabel Day 2016 Soisloscerdos Compilation,30.002721088435376
148444,Electronic,0,../data/local/processed_mel/148444.npy,22981,MegaHast3r,22131,Netlabel Day 2016 Soisloscerdos Compilation,30.002721088435376
148510,Pop,6,../data/local/processed_mel/148510.npy,17076,Carroll,22145,As Far As Gardens Go,30.002721088435376
148513,Pop,6,../data/local/processed_mel/148513.npy,17076,Carroll,22145,As Far As Gardens Go,30.002721088435376
148514,Pop,6,../data/local/processed_mel/148514.npy,17076,Carroll,22145,As Far As Gardens Go,29.976598639455784
148516,Pop,6,../data/local/processed_mel/148516.npy,17076,Carroll,22145,As Far As Gardens Go,29.976598639455784
148517,Pop,6,../data/local/processed_mel/148517.npy,17076,Carroll,22145,As Far As Gardens Go,29.976598639455784
148518,Pop,6,../data/local/processed_mel/148518.npy,17076,Carroll,22145,As Far As Gardens Go,29.976598639455784
148519,Pop,6,../data/local/processed_mel/148519.npy,17076,Carroll,22145,As Far As Gardens Go,29.976598639455784
148532,Folk,2,../data/local/processed_mel/148532.npy,23596,Cityzens Were Here,22146,Cityzens Were Here,30.002721088435376
148535,Folk,2,../data/local/processed_mel/148535.npy,23596,Cityzens Were Here,22146,Cityzens Were Here,29.976598639455784
148536,Rock,7,../data/local/processed_mel/148536.npy,20693,E A Terra Nunca Me Pareceu Tão Distante,22147,Medo de Morrer | Medo de Tentar,29.976598639455784
148537,Rock,7,../data/local/processed_mel/148537.npy,20693,E A Terra Nunca Me Pareceu Tão Distante,22147,Medo de Morrer | Medo de Tentar,29.976598639455784
148584,Pop,6,../data/local/processed_mel/148584.npy,23601,Le Manque,22154,Ratages et confettis,30.002721088435376
148585,Pop,6,../data/local/processed_mel/148585.npy,23601,Le Manque,22154,Ratages et confettis,30.002721088435376
148586,Pop,6,../data/local/processed_mel/148586.npy,23601,Le Manque,22154,Ratages et confettis,29.976598639455784
148587,Pop,6,../data/local/processed_mel/148587.npy,23601,Le Manque,22154,Ratages et confettis,29.976598639455784
148602,Folk,2,../data/local/processed_mel/148602.npy,23604,Sea Offs,22157,Sea the blind,29.976598639455784
148603,Folk,2,../data/local/processed_mel/148603.npy,23604,Sea Offs,22157,Sea the blind,30.002721088435376
148604,Folk,2,../data/local/processed_mel/148604.npy,23604,Sea Offs,22157,Sea the blind,29.976598639455784
148605,Folk,2,../data/local/processed_mel/148605.npy,23604,Sea Offs,22157,Sea the blind,30.002721088435376
148773,Electronic,0,../data/local/processed_mel/148773.npy,22774,Mystery Mammal,22173,Bulkhead,29.976598639455784
149075,Pop,6,../data/local/processed_mel/149075.npy,23647,Sam Coomes,22212,"Live at WFMU with John Allen, 10/12/2016",30.002721088435376
149078,Pop,6,../data/local/processed_mel/149078.npy,23647,Sam Coomes,22212,"Live at WFMU with John Allen, 10/12/2016",30.002721088435376
149082,Pop,6,../data/local/processed_mel/149082.npy,23647,Sam Coomes,22212,"Live at WFMU with John Allen, 10/12/2016",29.976598639455784
149083,Pop,6,../data/local/processed_mel/149083.npy,23647,Sam Coomes,22212,"Live at WFMU with John Allen, 10/12/2016",30.002721088435376
149099,Pop,6,../data/local/processed_mel/149099.npy,23648,Coco Morier,22214,"Live at WFMU for Sophisticated Boom Boom with Sheila B, 7/22/2016",30.002721088435376
149100,Pop,6,../data/local/processed_mel/149100.npy,23648,Coco Morier,22214,"Live at WFMU for Sophisticated Boom Boom with Sheila B, 7/22/2016",29.976598639455784
149101,Pop,6,../data/local/processed_mel/149101.npy,23648,Coco Morier,22214,"Live at WFMU for Sophisticated Boom Boom with Sheila B, 7/22/2016",30.002721088435376
149102,Pop,6,../data/local/processed_mel/149102.npy,23648,Coco Morier,22214,"Live at WFMU for Sophisticated Boom Boom with Sheila B, 7/22/2016",29.976598639455784
149103,Pop,6,../data/local/processed_mel/149103.npy,23648,Coco Morier,22214,"Live at WFMU for Sophisticated Boom Boom with Sheila B, 7/22/2016",29.976598639455784
149118,Hip-Hop,3,../data/local/processed_mel/149118.npy,11979,K. Sparks,22221,The Blue Tape,30.002721088435376
149124,Hip-Hop,3,../data/local/processed_mel/149124.npy,11979,K. Sparks,22221,The Blue Tape,30.002721088435376
149138,Hip-Hop,3,../data/local/processed_mel/149138.npy,11979,K. Sparks,22221,The Blue Tape,30.002721088435376
149139,Instrumental,4,../data/local/processed_mel/149139.npy,19461,Blue Dot Sessions,19180,Aeronaut,30.002721088435376
149140,Instrumental,4,../data/local/processed_mel/149140.npy,19461,Blue Dot Sessions,19180,Aeronaut,29.976598639455784
149141,Instrumental,4,../data/local/processed_mel/149141.npy,19461,Blue Dot Sessions,19180,Aeronaut,30.002721088435376
149142,Instrumental,4,../data/local/processed_mel/149142.npy,19461,Blue Dot Sessions,19180,Aeronaut,29.976598639455784
149143,Instrumental,4,../data/local/processed_mel/149143.npy,19461,Blue Dot Sessions,19180,Aeronaut,29.976598639455784
149185,Electronic,0,../data/local/processed_mel/149185.npy,21394,Mike B. Fort,22232,Touch You,29.976598639455784
149369,Hip-Hop,3,../data/local/processed_mel/149369.npy,22006,K.I.R.K,22272,"School Days, Future, N Past",29.976598639455784
149370,Hip-Hop,3,../data/local/processed_mel/149370.npy,22006,K.I.R.K,22272,"School Days, Future, N Past",30.002721088435376
149416,Rock,7,../data/local/processed_mel/149416.npy,22128,Punk Rock Opera,22277,Nerve Damage,29.976598639455784
149417,Rock,7,../data/local/processed_mel/149417.npy,22128,Punk Rock Opera,22277,Nerve Damage,30.002721088435376
149422,Experimental,1,../data/local/processed_mel/149422.npy,15261,Kathleen Martin,22278,Dummkopf Drumpf's Kampf (pf-pf-pf!),30.002721088435376
149488,Rock,7,../data/local/processed_mel/149488.npy,23674,Autumn Interlude,22293,Lost Paradise,30.002721088435376
149523,Rock,7,../data/local/processed_mel/149523.npy,23676,Dee Zee,22299,C3 and the Juhla Journey,30.002721088435376
149687,Hip-Hop,3,../data/local/processed_mel/149687.npy,11979,K. Sparks,10174,Diagnosis: Success,29.976598639455784
149689,Hip-Hop,3,../data/local/processed_mel/149689.npy,11979,K. Sparks,10174,Diagnosis: Success,29.976598639455784
149690,Hip-Hop,3,../data/local/processed_mel/149690.npy,11979,K. Sparks,10174,Diagnosis: Success,29.976598639455784
149700,Electronic,0,../data/local/processed_mel/149700.npy,23707,Sro,22328,Sro Alive,29.976598639455784
149701,Electronic,0,../data/local/processed_mel/149701.npy,23707,Sro,22328,Sro Alive,29.976598639455784
149712,Instrumental,4,../data/local/processed_mel/149712.npy,22430,Fatal Injection,22333,P.S.I. (Different),30.002721088435376
149714,Instrumental,4,../data/local/processed_mel/149714.npy,22430,Fatal Injection,22333,P.S.I. (Different),30.002721088435376
149727,Instrumental,4,../data/local/processed_mel/149727.npy,22014,Wayne Kinos,22332,Dark November,29.976598639455784
149750,Pop,6,../data/local/processed_mel/149750.npy,23711,Manuel Duval,22336,Manuel Duval & le Dr Samary,29.976598639455784
149775,Experimental,1,../data/local/processed_mel/149775.npy,23714,Controlled Insanity,22342,Into the Pit,30.002721088435376
149776,Experimental,1,../data/local/processed_mel/149776.npy,23714,Controlled Insanity,22342,Into the Pit,30.002721088435376
149777,Experimental,1,../data/local/processed_mel/149777.npy,23714,Controlled Insanity,22342,Into the Pit,30.002721088435376
149778,Experimental,1,../data/local/processed_mel/149778.npy,23714,Controlled Insanity,22342,Into the Pit,30.002721088435376
149842,Experimental,1,../data/local/processed_mel/149842.npy,23711,Manuel Duval,22348,Split Draache / Manuel Duval,29.988979591836735
149951,Hip-Hop,3,../data/local/processed_mel/149951.npy,11979,K. Sparks,22221,The Blue Tape,30.002721088435376
149953,Hip-Hop,3,../data/local/processed_mel/149953.npy,11979,K. Sparks,22221,The Blue Tape,30.002721088435376
150062,Folk,2,../data/local/processed_mel/150062.npy,23106,Finn Anderson,22379,Night & Day,30.002721088435376
150063,Folk,2,../data/local/processed_mel/150063.npy,23106,Finn Anderson,22379,Night & Day,29.976598639455784
150064,Folk,2,../data/local/processed_mel/150064.npy,23106,Finn Anderson,22379,Night & Day,29.976598639455784
150073,International,5,../data/local/processed_mel/150073.npy,14155,DubRaJah,22380,Reprise,30.002721088435376
150078,International,5,../data/local/processed_mel/150078.npy,14155,DubRaJah,22380,Reprise,29.976598639455784
150079,International,5,../data/local/processed_mel/150079.npy,14155,DubRaJah,22380,Reprise,30.002721088435376
150080,International,5,../data/local/processed_mel/150080.npy,14155,DubRaJah,22380,Reprise,29.976598639455784
150265,Instrumental,4,../data/local/processed_mel/150265.npy,23212,Hyson,22402,Soundtrack for the Weary Vol. II,29.976598639455784
150266,Instrumental,4,../data/local/processed_mel/150266.npy,23212,Hyson,22402,Soundtrack for the Weary Vol. II,30.002721088435376
150267,Instrumental,4,../data/local/processed_mel/150267.npy,23212,Hyson,22402,Soundtrack for the Weary Vol. II,29.976598639455784
150268,Instrumental,4,../data/local/processed_mel/150268.npy,23212,Hyson,22402,Soundtrack for the Weary Vol. II,29.976598639455784
151404,Electronic,0,../data/local/processed_mel/151404.npy,23880,Alyiann,22542,Journey,30.002721088435376
152103,International,5,../data/local/processed_mel/152103.npy,23946,Panda Dub,22613,Psychotic Symphony,30.002721088435376
152253,International,5,../data/local/processed_mel/152253.npy,23946,Panda Dub,22620,Lost ship,29.976598639455784
152254,International,5,../data/local/processed_mel/152254.npy,23946,Panda Dub,22620,Lost ship,29.976598639455784
152258,International,5,../data/local/processed_mel/152258.npy,23946,Panda Dub,22620,Lost ship,30.002721088435376
152261,International,5,../data/local/processed_mel/152261.npy,23946,Panda Dub,22620,Lost ship,30.002721088435376
152262,International,5,../data/local/processed_mel/152262.npy,23946,Panda Dub,22620,Lost ship,30.002721088435376
152324,Pop,6,../data/local/processed_mel/152324.npy,20335,Frozen Houses,22627,Greenhouse On Mars,30.002721088435376
152418,International,5,../data/local/processed_mel/152418.npy,13021,Niva,22638,Live at the 2017 Golden Festival,30.002721088435376
152425,International,5,../data/local/processed_mel/152425.npy,24081,Peter Lyster,22639,Live at the 2017 Golden Festival,30.002721088435376
152480,Instrumental,4,../data/local/processed_mel/152480.npy,20985,Andy G. Cohen,21144,MUL / DIV,30.002721088435376
152543,Hip-Hop,3,../data/local/processed_mel/152543.npy,22568,Yshwa,22645,Melody Ln.,30.002721088435376
152545,Hip-Hop,3,../data/local/processed_mel/152545.npy,22568,Yshwa,22645,Melody Ln.,29.976598639455784
152568,Instrumental,4,../data/local/processed_mel/152568.npy,24088,Siddhartha,22647,Freedom,30.002721088435376
152569,Instrumental,4,../data/local/processed_mel/152569.npy,24088,Siddhartha,22647,Freedom,29.976598639455784
152570,Instrumental,4,../data/local/processed_mel/152570.npy,24088,Siddhartha,22647,Freedom,29.976598639455784
153337,Hip-Hop,3,../data/local/processed_mel/153337.npy,24202,DRVN,22712,DRVN,30.002721088435376
153383,Pop,6,../data/local/processed_mel/153383.npy,24208,Trotski Nautique,22717,Steppe By Steppe,30.002721088435376
153452,Pop,6,../data/local/processed_mel/153452.npy,24208,Trotski Nautique,22717,Steppe By Steppe,29.976598639455784
153946,Folk,2,../data/local/processed_mel/153946.npy,24223,Robert Farmer,22749,Seeds Beneath the Snow,30.002721088435376
153955,Pop,6,../data/local/processed_mel/153955.npy,22090,We Is Shore Dedicated,21306,Rainbo Donuts,29.976598639455784
153956,Pop,6,../data/local/processed_mel/153956.npy,22090,We Is Shore Dedicated,21306,Rainbo Donuts,30.002721088435376
154413,Pop,6,../data/local/processed_mel/154413.npy,24252,Tasseomancy,22789,"Live at WFMU for Dark Night of the Soul wtih Julie, 2/3/2017",30.002721088435376
154414,Pop,6,../data/local/processed_mel/154414.npy,24252,Tasseomancy,22789,"Live at WFMU for Dark Night of the Soul wtih Julie, 2/3/2017",29.976598639455784
155066,Hip-Hop,3,../data/local/processed_mel/155066.npy,22573,JBlanked,22899,Horizon,29.976598639455784
